company_slug,board_slug,board_url,monitor_type,monitor_config
0x,0x-ashby,https://jobs.ashbyhq.com/0x,ashby,"{""token"": ""0x""}"
1-800-contacts,1-800-contacts-greenhouse,https://job-boards.greenhouse.io/1800contacts,greenhouse,"{""token"": ""1800contacts""}"
100ms,100ms-pinpoint,https://100ms.pinpointhq.com,pinpoint,"{""slug"": ""100ms""}"
10a-labs,10a-labs-greenhouse,https://job-boards.greenhouse.io/10alabs,greenhouse,"{""token"": ""10alabs""}"
10x-genomics,10x-genomics-greenhouse,https://job-boards.greenhouse.io/10xgenomics,greenhouse,"{""token"": ""10xgenomics""}"
11-bit-studios,11-bit-studios-careers,https://11bitstudios.recruitee.com/,recruitee,"{""slug"": ""11bitstudios"", ""api_base"": ""https://11bitstudios.recruitee.com""}"
11x,11x-careers-gem,https://jobs.gem.com/11x-ai,gem,"{""token"": ""11x-ai""}"
12twenty,12twenty-greenhouse,https://job-boards.greenhouse.io/12twenty,greenhouse,"{""token"": ""12twenty""}"
15five,15five-lever,https://jobs.lever.co/15five,lever,"{""token"": ""15five""}"
1mind,1mind-ashby,https://jobs.ashbyhq.com/1mind,ashby,"{""token"": ""1mind""}"
1password,1password-ashby,https://jobs.ashbyhq.com/1password,ashby,"{""token"": ""1password""}"
1x,1x-recruitee,https://1x.recruitee.com,recruitee,"{""token"": ""1x""}"
2020-companies,2020-companies-careers,https://2020companies.wd1.myworkdayjobs.com/external_careers,workday,
2k,2k-greenhouse,https://job-boards.greenhouse.io/2k,greenhouse,"{""token"": ""2k""}"
30mpc,30mpc-ashby,https://jobs.ashbyhq.com/30mpc,ashby,"{""token"": ""30mpc""}"
3b-pharmaceuticals,3b-pharmaceuticals-careers,https://3b-pharma.com/careers/,inline,"{""render"": false, ""steps"": [{""tag"": ""p"", ""attr"": ""class=toggler"", ""text"": ""("", ""field"": ""title""}, {""tag"": ""p"", ""field"": ""description"", ""html"": true, ""stop_count"": 20}], ""defaults"": {""locations"": [""Berlin, DE""]}}"
3cloud,3cloud-greenhouse,https://job-boards.greenhouse.io/3cloud,greenhouse,"{""token"": ""3cloud""}"
3m,3m-careers,https://3m.wd1.myworkdayjobs.com/search,workday,
3red-partners,3red-partners-greenhouse,https://job-boards.greenhouse.io/3redpartners,greenhouse,"{""token"": ""3redpartners""}"
66degrees,66degrees-greenhouse,https://job-boards.greenhouse.io/66degrees,greenhouse,"{""token"": ""66degrees""}"
6sense,6sense-greenhouse,https://job-boards.greenhouse.io/6sense,greenhouse,"{""token"": ""6sense""}"
7shifts,7shifts-greenhouse,https://job-boards.greenhouse.io/7shifts,greenhouse,"{""token"": ""7shifts""}"
8am,8am-greenhouse,https://job-boards.greenhouse.io/affinipay1,greenhouse,"{""token"": ""affinipay1""}"
8fleet-inc,8fleet-inc-ashby,https://jobs.ashbyhq.com/8fleet-inc,ashby,"{""token"": ""8fleet-inc""}"
9-mothers,9-mothers-ashby,https://jobs.ashbyhq.com/9-mothers,ashby,"{""token"": ""9-mothers""}"
a-lign-external,a-lign-external-greenhouse,https://job-boards.greenhouse.io/align,greenhouse,"{""token"": ""align""}"
a-team,a-team-ashby,https://jobs.ashbyhq.com/a-team,ashby,"{""token"": ""a-team""}"
a-thinking-ape,a-thinking-ape-greenhouse,https://job-boards.greenhouse.io/athinkingape,greenhouse,"{""token"": ""athinkingape""}"
a11,a11-greenhouse,https://job-boards.greenhouse.io/projectaservicesgmbhcokg,greenhouse,"{""token"": ""projectaservicesgmbhcokg""}"
a16z,a16z-greenhouse,https://job-boards.greenhouse.io/a16z,greenhouse,"{""token"": ""a16z""}"
a24,a24-greenhouse,https://job-boards.greenhouse.io/a24,greenhouse,"{""token"": ""a24""}"
ab-inbev-growth-group,ab-inbev-growth-group-greenhouse,https://job-boards.greenhouse.io/abinbev,greenhouse,"{""token"": ""abinbev""}"
abacum,abacum-ashby,https://jobs.ashbyhq.com/abacum,ashby,"{""token"": ""abacum""}"
abacus-insights,abacus-insights-greenhouse,https://job-boards.greenhouse.io/abacusinsights,greenhouse,"{""token"": ""abacusinsights""}"
abb,abb-emobility,https://careers.abb-emobility.com/search/,rss,"{""preset"": ""successfactors"", ""feed_url"": ""https://careers.abb-emobility.com/googlefeed.xml"", ""variant"": ""feed""}"
abb,abb-foedisch,https://www.foedisch.de/karriere/,inline,"{""item_boundary_tag"": ""h2"", ""preserve_single_location"": true, ""require_zero_proof"": true, ""steps"": [{""tag"": ""h2"", ""field"": ""title""}, {""tag"": ""p"", ""field"": ""description"", ""html"": true, ""stop"": ""Wir empfehlen gute Bewerber""}], ""defaults_by_title"": {""Servicetechniker (m/w/d) im Au\u00dfendienst (Standort Markranst\u00e4dt oder Bad Schwartau)"": {""locations"": [""Markranst\u00e4dt, Germany"", ""Bad Schwartau, Germany""]}, ""Kalibrieringenieur (m/w/d)"": {""locations"": [""Markranst\u00e4dt, Germany""]}, ""Mechatroniker (m/w/d)"": {""locations"": [""Markranst\u00e4dt, Germany""]}, ""Projektingenieur (m/w/d)"": {""locations"": [""Markranst\u00e4dt, Germany""]}}}"
abb,abb-sensorfact,https://jobs.ashbyhq.com/sensorfact,ashby,"{""token"": ""sensorfact""}"
abb,abb-workday,https://abb.wd3.myworkdayjobs.com/External_Career_Page,workday,
abbott,abbott-careers,https://abbott.wd5.myworkdayjobs.com/abbottcareers,workday,
abbyy,abbyy-greenhouse,https://job-boards.greenhouse.io/abbyy,greenhouse,"{""token"": ""abbyy""}"
abcellera,abcellera-greenhouse,https://job-boards.greenhouse.io/abcellera,greenhouse,"{""token"": ""abcellera""}"
abercrombie,abercrombie-careers,https://abercrombie.wd108.myworkdayjobs.com/anf,workday,"{""split_facet"": ""timeType""}"
abilitypath,abilitypath-greenhouse,https://job-boards.greenhouse.io/abilitypath,greenhouse,"{""token"": ""abilitypath""}"
ably-uk,ably-uk-greenhouse,https://job-boards.greenhouse.io/ably30,greenhouse,"{""token"": ""ably30""}"
abm,abm-able,https://jobs.lever.co/ableserve,lever,"{""token"": ""ableserve""}"
abm,abm-careers,https://eiqg.fa.us2.oraclecloud.com/hcmUI/CandidateExperience/en/sites/CX_1,oracle_hcm,
abm,abm-quality-uptime,https://workforcenow.adp.com/mascsr/default/mdf/recruitment/recruitment.html?ccId=19000101_000001&cid=01ab0a1f-f230-4968-bc60-122d853cb61d&lang=en_US&type=MP,adp,"{""cid"": ""01ab0a1f-f230-4968-bc60-122d853cb61d"", ""cc_id"": ""19000101_000001"", ""locale"": ""en_US""}"
abnormal,abnormal-greenhouse,https://job-boards.greenhouse.io/abnormalsecurity,greenhouse,"{""token"": ""abnormalsecurity""}"
abound,abound-ashby,https://jobs.ashbyhq.com/abound,ashby,"{""token"": ""abound""}"
abridge,abridge-careers,https://jobs.ashbyhq.com/Abridge,ashby,
absci,absci-greenhouse,https://job-boards.greenhouse.io/absci,greenhouse,"{""token"": ""absci""}"
academia,academia-ashby,https://jobs.ashbyhq.com/academia,ashby,"{""token"": ""academia""}"
academy-sports-outdoors,academy-sports-outdoors-careers,https://academy.wd1.myworkdayjobs.com/careers,workday,
acadia-pharmaceuticals-inc,acadia-pharmaceuticals-inc-greenhouse,https://job-boards.greenhouse.io/acadiapharmaceuticals,greenhouse,"{""token"": ""acadiapharmaceuticals""}"
accel-schools,accel-schools-greenhouse,https://job-boards.greenhouse.io/accelschools,greenhouse,"{""token"": ""accelschools""}"
accela,accela-greenhouse,https://job-boards.greenhouse.io/accela,greenhouse,"{""token"": ""accela""}"
acceleration-partners,acceleration-partners-greenhouse,https://job-boards.greenhouse.io/accelerationpartners,greenhouse,"{""token"": ""accelerationpartners""}"
accelercomm,accelercomm-pinpoint,https://accelercomm.pinpointhq.com/en,pinpoint,"{""slug"": ""accelercomm""}"
accenture,accenture-careers,https://accenture.wd103.myworkdayjobs.com/accenturecareers,workday,"{""company"": ""accenture"", ""wd_instance"": ""wd103"", ""site"": ""AccentureCareers""}"
accenture-federal-services,accenture-federal-services-greenhouse,https://job-boards.greenhouse.io/accenturefederalservices,greenhouse,"{""token"": ""accenturefederalservices""}"
accenture-federal-services-careers-marketplace,accenture-federal-services-careers-marketplace-greenhouse,https://job-boards.greenhouse.io/afscareersmarketplace,greenhouse,"{""token"": ""afscareersmarketplace""}"
access-healthcare-associates,access-healthcare-associates-greenhouse,https://job-boards.greenhouse.io/accesshealthca,greenhouse,"{""token"": ""accesshealthca""}"
accesso,accesso-greenhouse,https://job-boards.greenhouse.io/accesso,greenhouse,"{""token"": ""accesso""}"
accor,accor-d-edge,https://careers.d-edge.com/jobs,rss,"{""preset"": ""teamtailor"", ""feed_url"": ""https://careers.d-edge.com/jobs.rss""}"
accor,accor-wojo,https://www.welcometothejungle.com/fr/companies/wojo/jobs,welcometothejungle,"{""slug"": ""wojo"", ""locale"": ""fr"", ""organization_slug"": ""nextdoor""}"
accord,accord-ashby,https://jobs.ashbyhq.com/accord,ashby,"{""token"": ""accord""}"
accrue,accrue-greenhouse,https://job-boards.greenhouse.io/accrue,greenhouse,"{""token"": ""accrue""}"
accuray,accuray-global,https://accuray.wd5.myworkdayjobs.com/External,workday,"{""company"": ""accuray"", ""wd_instance"": ""wd5"", ""site"": ""External""}"
accuweather-careers,accuweather-careers-greenhouse,https://job-boards.greenhouse.io/accuweather,greenhouse,"{""token"": ""accuweather""}"
aci-learning,aci-learning-greenhouse,https://job-boards.greenhouse.io/acilearning,greenhouse,"{""token"": ""acilearning""}"
aclu-internships,aclu-internships-greenhouse,https://job-boards.greenhouse.io/acluinternships,greenhouse,"{""token"": ""acluinternships""}"
aclu-national-office,aclu-national-office-greenhouse,https://job-boards.greenhouse.io/aclu,greenhouse,"{""token"": ""aclu""}"
aclu-of-new-jersey,aclu-of-new-jersey-greenhouse,https://job-boards.greenhouse.io/aclunj,greenhouse,"{""token"": ""aclunj""}"
acne-studios,acne-studios-jobylon,https://cdn.jobylon.com/jobs/companies/2631/embed/v2/?page_size=1000,jobylon,"{""company_id"": ""2631""}"
acommerce,acommerce-greenhouse,https://job-boards.greenhouse.io/acommerce,greenhouse,"{""token"": ""acommerce""}"
acorns,acorns-ashby,https://jobs.ashbyhq.com/acorns,ashby,"{""token"": ""acorns""}"
acosta-group,acosta-group-careers,https://eczy.fa.us2.oraclecloud.com/hcmUI/CandidateExperience/en/sites/CX_1,oracle_hcm,"{""page_shortfall_tolerance"": 1, ""total_count_tolerance"": 1}"
acquia,acquia-greenhouse,https://job-boards.greenhouse.io/acquia,greenhouse,"{""token"": ""acquia""}"
acquisition,acquisition-ashby,https://jobs.ashbyhq.com/acquisition,ashby,"{""token"": ""acquisition""}"
acrisure,acrisure-cyber-services,https://job-boards.greenhouse.io/acsjobs,greenhouse,"{""token"":""acsjobs""}"
acrisure-innovation,acrisure-innovation-greenhouse,https://job-boards.greenhouse.io/acrisureinnovation,greenhouse,"{""token"": ""acrisureinnovation""}"
acronis,acronis-careers-jobs,https://www.acronis.com/en/careers/jobs/,workday,"{""company"": ""acronis"", ""wd_instance"": ""wd502"", ""site"": ""acronis_careers""}"
activecampaign,activecampaign-lever,https://jobs.lever.co/activecampaign,lever,"{""token"": ""activecampaign""}"
acumen,acumen-greenhouse,https://job-boards.greenhouse.io/acumen,greenhouse,"{""token"": ""acumen""}"
acurus-solutions-private-limited,acurus-solutions-private-limited-greenhouse,https://job-boards.greenhouse.io/acurussolutions,greenhouse,"{""token"": ""acurussolutions""}"
ada,ada-greenhouse,https://job-boards.greenhouse.io/ada18,greenhouse,"{""token"": ""ada18""}"
ada-health-gmbh,ada-health-gmbh-greenhouse,https://job-boards.greenhouse.io/adahealth,greenhouse,"{""token"": ""adahealth""}"
adani-group,adani-group-careers,https://eibd.fa.em2.oraclecloud.com/hcmUI/CandidateExperience/en/sites/CX_1/jobs,oracle_hcm,
adani-group,adani-group-careers-airports,https://eibd.fa.em2.oraclecloud.com/hcmUI/CandidateExperience/en/sites/CX_2009/requisitions,oracle_hcm,
adani-group,adani-group-careers-datacenter,https://eibd.fa.em2.oraclecloud.com/hcmUI/CandidateExperience/en/sites/CX_2001/requisitions,oracle_hcm,
adani-group,adani-group-careers-defence,https://eibd.fa.em2.oraclecloud.com/hcmUI/CandidateExperience/en/sites/CX_2015/requisitions,oracle_hcm,
adani-group,adani-group-careers-digital,https://eibd.fa.em2.oraclecloud.com/hcmUI/CandidateExperience/en/sites/CX_2003/jobs,oracle_hcm,
adani-group,adani-group-careers-enterprise,https://eibd.fa.em2.oraclecloud.com/hcmUI/CandidateExperience/en/sites/CX_4001/jobs,oracle_hcm,
adani-group,adani-group-careers-gas,https://eibd.fa.em2.oraclecloud.com/hcmUI/CandidateExperience/en/sites/CX_2005/requisitions,oracle_hcm,
adani-group,adani-group-careers-green-energy,https://eibd.fa.em2.oraclecloud.com/hcmUI/CandidateExperience/en/sites/CX_2027/requisitions,oracle_hcm,
adani-group,adani-group-careers-infra,https://eibd.fa.em2.oraclecloud.com/hcmUI/CandidateExperience/en/sites/CX_2029/requisitions,oracle_hcm,
adani-group,adani-group-careers-ports,https://eibd.fa.em2.oraclecloud.com/hcmUI/CandidateExperience/en/sites/CX_2021/requisitions,oracle_hcm,
adani-group,adani-group-careers-power-td,https://eibd.fa.em2.oraclecloud.com/hcmUI/CandidateExperience/en/sites/CX_2023/requisitions,oracle_hcm,
adani-group,adani-group-careers-realestate,https://eibd.fa.em2.oraclecloud.com/hcmUI/CandidateExperience/en/sites/CX_2025/requisitions,oracle_hcm,
adani-group,adani-group-careers-resources,https://eibd.fa.em2.oraclecloud.com/hcmUI/CandidateExperience/en/sites/CX_1001/requisitions,oracle_hcm,
adani-group,adani-group-careers-solar,https://eibd.fa.em2.oraclecloud.com/hcmUI/CandidateExperience/en/sites/CX_2033/requisitions,oracle_hcm,
adani-group,adani-group-careers-thermal,https://eibd.fa.em2.oraclecloud.com/hcmUI/CandidateExperience/en/sites/CX_3003/requisitions,oracle_hcm,
adapt,adapt-ashby,https://jobs.ashbyhq.com/adapt,ashby,"{""token"": ""adapt""}"
adaption-labs,adaption-labs-careers,https://jobs.ashbyhq.com/adaption,ashby,"{""token"": ""adaption""}"
adaptive,adaptive-ashby,https://jobs.ashbyhq.com/adaptive,ashby,"{""token"": ""adaptive""}"
adaptive-security,adaptive-security-careers,https://jobs.ashbyhq.com/adaptivesecurity,ashby,"{""token"": ""adaptivesecurity""}"
adarga,adarga-careers,https://adarga.recruitee.com/,recruitee,"{""slug"": ""adarga""}"
adc-therapeutics,adc-therapeutics-paylocity,https://recruiting.paylocity.com/recruiting/jobs/All/8759d8d9-b6f5-49b5-b817-f3c4f69a25ed/ADC-Therapeutics-America-Inc,paylocity,
addepar,addepar-greenhouse,https://job-boards.greenhouse.io/addepar1,greenhouse,"{""token"": ""addepar1""}"
addi,addi-ashby,https://jobs.ashbyhq.com/addi,ashby,"{""token"": ""addi""}"
adf-international,adf-international-greenhouse,https://job-boards.greenhouse.io/adfinternational,greenhouse,"{""token"": ""adfinternational""}"
adidas,adidas-global,https://jobs.adidas-group.com/search/,rss,"{""preset"": ""successfactors"", ""feed_url"": ""https://jobs.adidas-group.com/googlefeed.xml"", ""variant"": ""feed""}"
adjust,adjust-greenhouse,https://job-boards.greenhouse.io/adjustjobs,greenhouse,"{""token"": ""adjustjobs""}"
admatis,admatis-careers,https://admatis.com/career/,inline,"{""steps"": [{""tag"": ""h4"", ""field"": ""title""}, {""tag"": ""p"", ""field"": ""description"", ""html"": true, ""stop_tag"": ""h4""}], ""defaults"": {""locations"": [""Miskolc, Hungary""]}}"
adobe,adobe-careers,https://adobe.wd5.myworkdayjobs.com/external_experienced,workday,
adonis,adonis-ashby,https://jobs.ashbyhq.com/adonis,ashby,"{""token"": ""adonis""}"
adswerve-inc,adswerve-inc-greenhouse,https://job-boards.greenhouse.io/adswerveinc,greenhouse,"{""token"": ""adswerveinc""}"
adt,adt-careers,https://fa-erqb-saasfaprod1.fa.ocs.oraclecloud.com/hcmUI/CandidateExperience/en/sites/CX_1,oracle_hcm,
advance-auto-parts,advance-auto-parts-careers,https://advanceauto.wd5.myworkdayjobs.com/advanceexternalcareers,workday,
advanced-space,advanced-space-greenhouse,https://job-boards.greenhouse.io/advancedspace,greenhouse,"{""token"": ""advancedspace""}"
adventhealth,adventhealth-careers,https://adventhealth.wd12.myworkdayjobs.com/ah_external_career_site,workday,"{""company"": ""adventhealth"", ""wd_instance"": ""wd12"", ""site"": ""AH_External_Career_Site""}"
advocate-health,advocate-health-careers,https://aah.wd5.myworkdayjobs.com/external,workday,
adyen,adyen-careers,https://job-boards.greenhouse.io/adyen,greenhouse,"{""token"": ""adyen""}"
ae-studio,ae-studio-greenhouse,https://job-boards.greenhouse.io/aestudio,greenhouse,"{""token"": ""aestudio""}"
aechelon-technology,aechelon-technology-greenhouse,https://job-boards.greenhouse.io/aechelontechnology,greenhouse,"{""token"": ""aechelontechnology""}"
aeo,aeo-careers,https://hcml.fa.us2.oraclecloud.com/hcmUI/CandidateExperience/en/sites/AEO-Careers/jobs,oracle_hcm,"{""page_shortfall_tolerance"": 5, ""total_count_tolerance"": 5}"
aerospike,aerospike-greenhouse,https://job-boards.greenhouse.io/aerospike,greenhouse,"{""token"": ""aerospike""}"
aerovect,aerovect-ashby,https://jobs.ashbyhq.com/aerovect,ashby,"{""token"": ""aerovect""}"
aeva-inc,aeva-inc-lever,https://jobs.lever.co/aeva,lever,"{""token"": ""aeva""}"
aevex,aevex-greenhouse,https://job-boards.greenhouse.io/aevexaerospace,greenhouse,"{""token"": ""aevexaerospace""}"
affect,affect-greenhouse,https://job-boards.greenhouse.io/joinaffect,greenhouse,"{""token"": ""joinaffect""}"
affinidi,affinidi-greenhouse,https://job-boards.greenhouse.io/affinidi,greenhouse,"{""token"": ""affinidi""}"
affirm,affirm-greenhouse,https://job-boards.greenhouse.io/affirm,greenhouse,"{""token"": ""affirm""}"
affirmedrx-pbc,affirmedrx-pbc-greenhouse,https://job-boards.greenhouse.io/affirmedrxpbc,greenhouse,"{""token"": ""affirmedrxpbc""}"
afresh,afresh-greenhouse,https://job-boards.greenhouse.io/afresh,greenhouse,"{""token"": ""afresh""}"
age-bold,age-bold-greenhouse,https://job-boards.greenhouse.io/agebold,greenhouse,"{""token"": ""agebold""}"
age-solutions,age-solutions-greenhouse,https://job-boards.greenhouse.io/agecareers,greenhouse,"{""token"": ""agecareers""}"
agecare,agecare-careers,https://agecare.wd10.myworkdayjobs.com/AgeCare_Careers_External,workday,
agent,agent-ashby,https://jobs.ashbyhq.com/agent,ashby,"{""token"": ""agent""}"
agicap,agicap-lever,https://jobs.lever.co/agicap,lever,"{""token"": ""agicap""}"
agicap,agicap-recruitee,https://agicap.recruitee.com,recruitee,"{""token"": ""agicap""}"
agilisys,agilisys-greenhouse,https://job-boards.greenhouse.io/agilisys,greenhouse,"{""token"": ""agilisys""}"
agility-robotics,agility-robotics-greenhouse,https://job-boards.greenhouse.io/agilityrobotics,greenhouse,"{""token"": ""agilityrobotics""}"
agiloft,agiloft-lever,https://jobs.lever.co/agiloft,lever,"{""token"": ""agiloft""}"
agoda,agoda-greenhouse,https://job-boards.greenhouse.io/agoda,greenhouse,"{""token"": ""agoda""}"
agomab,agomab-pinpoint,https://agomab.pinpointhq.com/,pinpoint,"{""slug"": ""agomab""}"
agwest-farm-credit,agwest-farm-credit-greenhouse,https://job-boards.greenhouse.io/agwestfarmcredit,greenhouse,"{""token"": ""agwestfarmcredit""}"
ai-squared,ai-squared-greenhouse,https://job-boards.greenhouse.io/aisquared,greenhouse,"{""token"": ""aisquared""}"
ai2,ai2-careers,https://job-boards.greenhouse.io/thealleninstitute,greenhouse,"{""token"": ""thealleninstitute""}"
aift,aift-greenhouse,https://job-boards.greenhouse.io/aift,greenhouse,"{""token"": ""aift""}"
aig,aig-global,https://aig.wd1.myworkdayjobs.com/aig,workday,"{""company"": ""aig"", ""wd_instance"": ""wd1"", ""site"": ""aig""}"
aig,aig-japan-graduates,https://www-510.aig.co.jp/home/careers/grads/employment,inline,"{""render"": false, ""fetch_urls"": [{""url"": ""https://www-510.aig.co.jp/home/careers/grads/employment"", ""headers"": {""User-Agent"": ""Mozilla/5.0 (Windows NT 10.0; Win64; x64) AppleWebKit/537.36 Chrome/124.0.0.0 Safari/537.36""}}], ""fetch_contains"": ""2027年卒"", ""steps"": [{""tag"": ""h4"", ""text"": ""部門"", ""offset"": 1, ""field"": ""title""}, {""tag"": ""p""}, {""tag"": ""p"", ""field"": ""description"", ""html"": true}], ""defaults"": {""employment_type"": ""full_time""}, ""defaults_by_title"": {""保険金支払担当"": {""locations"": [""Japan""]}, ""代理店営業担当"": {""locations"": [""Japan""]}, ""商品開発 / 企画推進 / アンダーライティング"": {""locations"": [""Tokyo, Japan""]}}}"
aig,aig-japan-ica,https://www.aig.co.jp/sonpo/recruit/ica/data,inline,"{""fetch_contains"": ""企画営業（法人対象の損害保険営業）"", ""steps"": [{""text"": ""職種"", ""offset"": 1, ""field"": ""title"", ""regex"": ""^(企画営業（法人対象の損害保険営業）)""}, {""text"": ""仕事内容""}, {""tag"": ""p"", ""field"": ""description"", ""html"": true, ""stop"": ""資格""}], ""defaults"": {""locations"": [""Japan""], ""employment_type"": ""full_time""}}"
aig,aig-japan-partners,https://aigpartners.aig.co.jp/company/recruitment,inline,"{""fetch_contains"": ""ビジネスサポートリプレゼンタティブ"", ""steps"": [{""tag"": ""h2"", ""attr"": ""id=my-"", ""field"": ""title""}, {""text"": ""仕事内容"", ""offset"": 1, ""field"": ""description"", ""html"": true, ""stop"": ""資格""}], ""defaults"": {""employment_type"": ""full_time""}, ""defaults_by_title"": {""リスクアドバイザー（営業社員）"": {""locations"": [""Japan""]}, ""ビジネスサポートリプレゼンタティブ （事務社員）"": {""locations"": [""Toyama, Japan""]}}}"
aignostics,aignostics-careers,https://aignostics.teamtailor.com/jobs,rss,"{""preset"": ""teamtailor"", ""feed_url"": ""https://aignostics.teamtailor.com/jobs.rss""}"
aikido-security,aikido-security-careers,https://aikidosecurity.recruitee.com,recruitee,"{""slug"": ""aikidosecurity"", ""api_base"": ""https://aikidosecurity.recruitee.com""}"
aim,aim-ashby,https://jobs.ashbyhq.com/aim,ashby,"{""token"": ""aim""}"
aios,aios-ashby,https://jobs.ashbyhq.com/aios,ashby,"{""token"": ""aios""}"
air-liquide,air-liquide-careers,https://airliquidehr.wd3.myworkdayjobs.com/en-US/AirLiquideExternalCareer,workday,"{""company"": ""airliquidehr"", ""wd_instance"": ""wd3"", ""site"": ""AirLiquideExternalCareer"", ""all_sites"": false}"
air-space-intelligence,air-space-intelligence-careers,https://jobs.ashbyhq.com/airspace-intelligence.com,ashby,"{""token"": ""airspace-intelligence.com""}"
aira,aira-global,https://career.airahome.com/jobs,rss,"{""preset"": ""teamtailor"", ""feed_url"": ""https://career.airahome.com/jobs.rss""}"
airbnb,airbnb-careers,https://boards-api.greenhouse.io/v1/boards/airbnb/jobs,greenhouse,
airbus,airbus-careers-workday,https://ag.wd3.myworkdayjobs.com/en-US/Airbus,workday,"{""company"": ""ag"", ""wd_instance"": ""wd3"", ""site"": ""Airbus""}"
airbyte,airbyte-ashby,https://jobs.ashbyhq.com/airbyte,ashby,"{""token"": ""airbyte""}"
aircall,aircall-careers,https://jobs.lever.co/aircall,lever,"{""token"": ""aircall""}"
airforestry,airforestry-teamtailor,https://careers.airforestry.com/jobs,rss,"{""preset"": ""teamtailor"", ""feed_url"": ""https://careers.airforestry.com/jobs.rss""}"
airgarage,airgarage-ashby,https://jobs.ashbyhq.com/airgarage,ashby,"{""token"": ""airgarage""}"
airia,airia-greenhouse,https://job-boards.greenhouse.io/airia,greenhouse,"{""token"": ""airia""}"
airnxt,airnxt-ashby,https://jobs.ashbyhq.com/airnxt,ashby,"{""token"": ""airnxt""}"
airship,airship-greenhouse,https://job-boards.greenhouse.io/airship,greenhouse,"{""token"": ""airship""}"
airslate,airslate-careers,https://jobs.lever.co/airslate,lever,"{""token"": ""airslate""}"
airspace,airspace-greenhouse,https://job-boards.greenhouse.io/airspace,greenhouse,"{""token"": ""airspace""}"
airtable,airtable-greenhouse,https://job-boards.greenhouse.io/airtable,greenhouse,"{""token"": ""airtable""}"
airtrunk,airtrunk-greenhouse,https://job-boards.greenhouse.io/airtrunk,greenhouse,"{""token"": ""airtrunk""}"
aisle,aisle-ashby,https://jobs.ashbyhq.com/aisle,ashby,"{""token"": ""aisle""}"
aizer-health,aizer-health-greenhouse,https://job-boards.greenhouse.io/aizerhealth,greenhouse,"{""token"": ""aizerhealth""}"
ajax,ajax-ashby,https://jobs.ashbyhq.com/ajax,ashby,"{""token"": ""ajax""}"
ajax-systems,ajax-systems-lever,https://jobs.lever.co/ajax,lever,"{""token"": ""ajax""}"
akasa,akasa-careers,https://jobs.ashbyhq.com/akasa,ashby,"{""token"": ""akasa""}"
aker-systems,aker-systems-greenhouse,https://job-boards.greenhouse.io/akersystems,greenhouse,"{""token"": ""akersystems""}"
akido,akido-greenhouse,https://job-boards.greenhouse.io/akidolabs,greenhouse,"{""token"": ""akidolabs""}"
akko,akko-greenhouse,https://job-boards.greenhouse.io/akko,greenhouse,"{""token"": ""akko""}"
aktos,aktos-greenhouse,https://job-boards.greenhouse.io/applytoaktos,greenhouse,"{""token"": ""applytoaktos""}"
akuity,akuity-greenhouse,https://job-boards.greenhouse.io/akuity,greenhouse,"{""token"": ""akuity""}"
akuna-capital,akuna-capital-greenhouse,https://job-boards.greenhouse.io/akunacapital,greenhouse,"{""token"": ""akunacapital""}"
alamar-biosciences,alamar-biosciences-greenhouse,https://job-boards.greenhouse.io/alamarbiosciences,greenhouse,"{""token"": ""alamarbiosciences""}"
alan,alan-ashby,https://jobs.ashbyhq.com/alan,ashby,"{""token"": ""alan""}"
alarm-com,alarm-com-greenhouse,https://job-boards.greenhouse.io/alarmcom,greenhouse,"{""token"": ""alarmcom""}"
albany-med,albany-med-careers,https://albanymed.wd5.myworkdayjobs.com/albany_med,workday,"{""company"": ""albanymed"", ""wd_instance"": ""wd5"", ""site"": ""albany_med""}"
albany-med,albany-med-glens-falls,https://hdbg.fa.us2.oraclecloud.com/hcmUI/CandidateExperience/en/sites/CX_1,oracle_hcm,"{""host"": ""hdbg.fa.us2.oraclecloud.com"", ""site"": ""CX_1""}"
albert-cz,albert-cz-almacareer,https://albert.jobs.cz/,almacareer,{}
albert-mackenzie-llp,albert-mackenzie-llp-greenhouse,https://job-boards.greenhouse.io/albertmackenziellp,greenhouse,"{""token"": ""albertmackenziellp""}"
albertsons-companies,albertsons-companies-careers,https://eofd.fa.us6.oraclecloud.com/hcmUI/CandidateExperience/en/sites/CX_1001,oracle_hcm,"{""offset_overlap"": 30, ""total_count_tolerance"": 30}"
alchemy,alchemy-greenhouse,https://job-boards.greenhouse.io/alchemy,greenhouse,"{""token"": ""alchemy""}"
alcon,alcon-global,https://alcon.wd5.myworkdayjobs.com/careers_alcon,workday,"{""company"": ""alcon"", ""wd_instance"": ""wd5"", ""site"": ""careers_alcon""}"
aldersly,aldersly-careers-canonical,https://eexs.fa.us2.oraclecloud.com/hcmUI/CandidateExperience/en/sites/CX_33005,oracle_hcm,
aldi-hofer,aldi-hofer-careers,https://jobs.aldi-hofer.com/,rss,"{""preset"": ""successfactors"", ""feed_url"": ""https://jobs.aldi-hofer.com/googlefeed.xml""}"
aldi-hofer,aldi-hofer-careers-de,https://jobs.aldi-sued.de/,rss,"{""preset"": ""successfactors"", ""feed_url"": ""https://jobs.aldi-sued.de/googlefeed.xml""}"
aldi-hofer,aldi-hofer-careers-hk,https://aldicareers.com.hk/join-us/,rss,"{""preset"": ""generic"", ""feed_url"": ""https://aldicareers.com.hk/feed/""}"
aldi-hofer,aldi-hofer-careers-ie,https://careers.aldirecruitment.ie/vacancies/vacancy-search-results.aspx,earcu,"{""feed_url"": ""https://careers.aldirecruitment.ie/vacancies/allvacancies/"", ""proxy"": true}"
aldi-hofer,aldi-hofer-careers-uk,https://careers.aldirecruitment.co.uk/vacancies/vacancy-search-results.aspx,earcu,"{""feed_url"": ""https://careers.aldirecruitment.co.uk/vacancies/allvacancies/"", ""proxy"": true}"
alector,alector-pinpoint,https://alector.pinpointhq.com,pinpoint,"{""slug"": ""alector""}"
aledade,aledade-lever,https://jobs.lever.co/aledade,lever,"{""token"": ""aledade""}"
alembic,alembic-ashby,https://jobs.ashbyhq.com/alembic,ashby,"{""token"": ""alembic""}"
aleph,aleph-ashby,https://jobs.ashbyhq.com/aleph,ashby,"{""token"": ""aleph""}"
aleph,aleph-lever,https://jobs.lever.co/aleph,lever,"{""token"": ""aleph""}"
aleph-alpha,aleph-alpha-careers,https://jobs.ashbyhq.com/AlephAlpha,ashby,"{""token"": ""AlephAlpha""}"
alertmedia,alertmedia-greenhouse,https://job-boards.greenhouse.io/alertmedia,greenhouse,"{""token"": ""alertmedia""}"
alexander-shunnarah-trial-attorneys,alexander-shunnarah-trial-attorneys-greenhouse,https://job-boards.greenhouse.io/shunnarahcareers,greenhouse,"{""token"": ""shunnarahcareers""}"
alexandra-lozano-immigration-law-pllc,alexandra-lozano-immigration-law-pllc-greenhouse,https://job-boards.greenhouse.io/alexandralozanoimmigrationlawpllc,greenhouse,"{""token"": ""alexandralozanoimmigrationlawpllc""}"
algo1,algo1-ashby,https://jobs.ashbyhq.com/algo1,ashby,"{""token"": ""algo1""}"
algolia,algolia-greenhouse,https://job-boards.greenhouse.io/algolia,greenhouse,"{""token"": ""algolia""}"
alibaba,alibaba-careers-trendyol,https://jobs.lever.co/trendyol,lever,
alice-and-bob,alice-and-bob-careers,https://jobs.lever.co/alice-bob,lever,"{""token"": ""alice-bob""}"
alight,alight-global,https://alight.wd5.myworkdayjobs.com/Careers,workday,"{""company"": ""alight"", ""wd_instance"": ""wd5"", ""site"": ""Careers""}"
alivedx,alivedx-successfactors,https://jobs.alivedx.com/,rss,"{""preset"": ""successfactors"", ""feed_url"": ""https://jobs.alivedx.com/googlefeed.xml""}"
alixpartners,alixpartners-greenhouse,https://job-boards.greenhouse.io/alixpartners,greenhouse,"{""token"": ""alixpartners""}"
allarahealth,allarahealth-ashby,https://jobs.ashbyhq.com/allarahealth,ashby,"{""token"": ""allarahealth""}"
allbirds,allbirds-retail,https://boards-api.greenhouse.io/v1/boards/allbirdsretail/jobs,greenhouse,"{""token"": ""allbirdsretail""}"
allegro,allegro-careers,https://careers.allegro.eu/,rss,"{""preset"": ""successfactors"", ""feed_url"": ""https://careers.allegro.eu/googlefeed.xml""}"
allen-control-systems,allen-control-systems-greenhouse,https://job-boards.greenhouse.io/allencontrolsystems,greenhouse,"{""token"": ""allencontrolsystems""}"
alliance,alliance-pinpoint,https://alliance.pinpointhq.com,pinpoint,"{""slug"": ""alliance""}"
alliance-defending-freedom,alliance-defending-freedom-greenhouse,https://job-boards.greenhouse.io/alliancedefendingfreedom,greenhouse,"{""token"": ""alliancedefendingfreedom""}"
allica-bank,allica-bank-ashby,https://jobs.ashbyhq.com/allica-bank,ashby,"{""token"": ""allica-bank""}"
allina-health,allina-health-careers,https://allina.wd5.myworkdayjobs.com/external,workday,
allium,allium-ashby,https://jobs.ashbyhq.com/allium,ashby,"{""token"": ""allium""}"
alloy,alloy-greenhouse,https://job-boards.greenhouse.io/alloy,greenhouse,"{""token"": ""alloy""}"
alloy-ai,alloy-ai-lever,https://jobs.lever.co/alloy,lever,"{""token"": ""alloy""}"
alloyenterprises,alloyenterprises-ashby,https://jobs.ashbyhq.com/alloyenterprises,ashby,"{""token"": ""alloyenterprises""}"
allspice,allspice-ashby,https://jobs.ashbyhq.com/allspice,ashby,"{""token"": ""allspice""}"
alltrails,alltrails-lever,https://jobs.lever.co/alltrails,lever,"{""token"": ""alltrails""}"
alluxio,alluxio-careers,https://jobs.lever.co/alluxio,lever,"{""token"": ""alluxio""}"
alma,alma-greenhouse,https://job-boards.greenhouse.io/alma31,greenhouse,"{""token"": ""alma31""}"
alo,alo-greenhouse,https://job-boards.greenhouse.io/aloyoga,greenhouse,"{""token"": ""aloyoga""}"
alpaca,alpaca-greenhouse,https://job-boards.greenhouse.io/alpaca,greenhouse,"{""token"": ""alpaca""}"
alpenlabs,alpenlabs-ashby,https://jobs.ashbyhq.com/alpenlabs,ashby,"{""token"": ""alpenlabs""}"
alpha,alpha-recruitee,https://alpha.recruitee.com,recruitee,"{""token"": ""alpha""}"
alpha-financial-markets-consulting,alpha-financial-markets-consulting-greenhouse,https://job-boards.greenhouse.io/alphafmcroles,greenhouse,"{""token"": ""alphafmcroles""}"
alpha-fmc-insurance-consulting,alpha-fmc-insurance-consulting-greenhouse,https://job-boards.greenhouse.io/insurance,greenhouse,"{""token"": ""insurance""}"
alphagrep-securities,alphagrep-securities-greenhouse,https://job-boards.greenhouse.io/alphagrepsecurities,greenhouse,"{""token"": ""alphagrepsecurities""}"
alphalion,alphalion-greenhouse,https://job-boards.greenhouse.io/alphalion,greenhouse,"{""token"": ""alphalion""}"
alphasense,alphasense-greenhouse,https://job-boards.greenhouse.io/alphasense,greenhouse,"{""token"": ""alphasense""}"
alphasense-india,alphasense-india-greenhouse,https://job-boards.greenhouse.io/alphasenseindia,greenhouse,"{""token"": ""alphasenseindia""}"
alpine-investors,alpine-investors-careers,https://job-boards.greenhouse.io/alpineinvestors,greenhouse,"{""token"": ""alpineinvestors""}"
alpine-investors,alpine-investors-internships,https://job-boards.greenhouse.io/alpineinternships,greenhouse,"{""token"": ""alpineinternships""}"
alpiq,alpiq-hungary-linkedin,https://www.linkedin.com/company/alpiq/jobs/,linkedin,"{""company_id"": ""352594"", ""company_slug"": ""alpiq""}"
alstom,alstom-careers,https://jobsearch.alstom.com/,rss,"{""preset"": ""successfactors""}"
alt,alt-greenhouse,https://job-boards.greenhouse.io/alt,greenhouse,"{""token"": ""alt""}"
alta-ares,alta-ares-ashby,https://jobs.ashbyhq.com/alta-ares,ashby,"{""token"": ""alta-ares""}"
altana,altana-greenhouse,https://job-boards.greenhouse.io/altanaai,greenhouse,"{""token"": ""altanaai""}"
alten,alten-india,https://altenindia.talentrecruit.com/career-page,linkedin,"{""company_slug"":""alten-india"",""company_id"":""2312703""}"
alten-technology-usa,alten-technology-usa-greenhouse,https://job-boards.greenhouse.io/altentechnologyusa,greenhouse,"{""token"": ""altentechnologyusa""}"
altium,altium-greenhouse,https://job-boards.greenhouse.io/altium,greenhouse,"{""token"": ""altium""}"
altos-labs,altos-labs-greenhouse,https://job-boards.greenhouse.io/altoslabs,greenhouse,"{""token"": ""altoslabs""}"
altris,altris-careers,https://career.altris.se/jobs,rss,"{""preset"": ""teamtailor"", ""feed_url"": ""https://career.altris.se/jobs.rss""}"
altscore,altscore-greenhouse,https://job-boards.greenhouse.io/altscore,greenhouse,"{""token"": ""altscore""}"
alu,alu-greenhouse,https://job-boards.greenhouse.io/alu,greenhouse,"{""token"": ""alu""}"
alumni-ventures,alumni-ventures-greenhouse,https://job-boards.greenhouse.io/alumniventures,greenhouse,"{""token"": ""alumniventures""}"
alvotech,alvotech-workday,https://alvotech.wd103.myworkdayjobs.com/Alvotech_Careers,workday,"{""company"": ""alvotech"", ""wd_instance"": ""wd103"", ""site"": ""Alvotech_Careers""}"
alvys,alvys-greenhouse,https://job-boards.greenhouse.io/alvys,greenhouse,"{""token"": ""alvys""}"
alx-africa,alx-africa-greenhouse,https://job-boards.greenhouse.io/alxafrica,greenhouse,"{""token"": ""alxafrica""}"
amae-health,amae-health-greenhouse,https://job-boards.greenhouse.io/amaehealth,greenhouse,"{""token"": ""amaehealth""}"
amazon,amazon-careers,https://www.amazon.jobs/en/search,amazon,
amber,amber-ashby,https://jobs.ashbyhq.com/amber,ashby,"{""token"": ""amber""}"
ambiencehealthcare,ambiencehealthcare-ashby,https://jobs.ashbyhq.com/ambiencehealthcare,ashby,"{""token"": ""ambiencehealthcare""}"
ambient-ai,ambient-ai-ashby,https://jobs.ashbyhq.com/ambient.ai,ashby,"{""token"": ""ambient.ai""}"
ambient-enterprises,ambient-enterprises-greenhouse,https://job-boards.greenhouse.io/ambiententerprises,greenhouse,"{""token"": ""ambiententerprises""}"
ambrosia-qsr,ambrosia-qsr-careers,https://www.paycomonline.net/v4/ats/web.php/portal/bd3a4685cc20c0582efef5a031cee620/career-page,paycom,
amca,amca-careers,https://jobs.ashbyhq.com/amca,ashby,"{""token"": ""amca""}"
amcor,amcor-canada,https://amcor.zohorecruit.ca/jobs/Careers,rss,"{""preset"": ""zoho_recruit"", ""tenant"": ""amcor.ca"", ""feed_url"": ""https://amcor.zohorecruit.ca/jobs/Careers/rss""}"
amcor,amcor-careers,https://amcor.wd5.myworkdayjobs.com/Amcor_External_Career_Site,workday,
amcor,amcor-promens-germany,https://politainer.de/career/,inline,"{""require_zero_proof"": true, ""item_boundary_tag"": ""h4"", ""steps"": [{""tag"": ""h4"", ""field"": ""title""}, {""tag"": ""p"", ""field"": ""description"", ""html"": true, ""stop_tag"": ""h4""}], ""defaults_by_title"": {""Industrial mechanic (m/f/d) for the Thee\u00dfen and Neum\u00fcnster site"": {""locations"": [""Thee\u00dfen, Germany"", ""Neum\u00fcnster, Germany""]}, ""Production worker (m/f/d) for the locations Ettlingen, Thee\u00dfen and Neum\u00fcnster"": {""locations"": [""Ettlingen, Germany"", ""Thee\u00dfen, Germany"", ""Neum\u00fcnster, Germany""]}, ""Electrical technician for Plant Engineering (m/f/d) for the Thee\u00dfen and Neum\u00fcnster sites"": {""locations"": [""Thee\u00dfen, Germany"", ""Neum\u00fcnster, Germany""]}, ""Production/ Process Mechanic (m/f/d) for the Thee\u00dfen site"": {""locations"": [""Thee\u00dfen, Germany""]}}}"
amcor,amcor-successfactors,https://jobs-sf.amcor.com/viewalljobs/,rss,"{""preset"": ""successfactors"", ""feed_url"": ""https://jobs-sf.amcor.com/googlefeed.xml"", ""variant"": ""feed""}"
amend-consulting,amend-consulting-greenhouse,https://job-boards.greenhouse.io/amendconsulting,greenhouse,"{""token"": ""amendconsulting""}"
amenitiz,amenitiz-greenhouse,https://job-boards.greenhouse.io/amenitiz,greenhouse,"{""token"": ""amenitiz""}"
american-college-of-obstetricians-and-gynecologists,american-college-of-obstetricians-and-gynecologists-greenhouse,https://job-boards.greenhouse.io/acog,greenhouse,"{""token"": ""acog""}"
american-housing,american-housing-ashby,https://jobs.ashbyhq.com/american-housing,ashby,"{""token"": ""american-housing""}"
american-institute,american-institute-greenhouse,https://job-boards.greenhouse.io/americaninstitute,greenhouse,"{""token"": ""americaninstitute""}"
american-veterinary-group,american-veterinary-group-careers,https://americanveterinarygroup.pinpointhq.com/,pinpoint,
ametek,ametek-careers,https://jobs.ametek.com/,rss,"{""preset"": ""successfactors""}"
amgen,amgen-careers,https://amgen.wd1.myworkdayjobs.com/careers,workday,
ami,ami-ashby,https://jobs.ashbyhq.com/ami,ashby,"{""token"": ""ami""}"
ammann,ammann-global,https://jobs.ammann.com/,rss,"{""preset"": ""successfactors"", ""feed_url"": ""https://jobs.ammann.com/googlefeed.xml"", ""job_filter"": {""exclude"": ""(?im)^(?:Initiativbewerbung(?:en)?|Unsolicited application)$""}}"
amo,amo-ashby,https://jobs.ashbyhq.com/amo,ashby,"{""token"": ""amo""}"
amoria-group,amoria-group-greenhouse,https://job-boards.greenhouse.io/amoriabond,greenhouse,"{""token"": ""amoriabond""}"
amp-ai-powered-sortation-for-waste-and-recycling,amp-ai-powered-sortation-for-waste-and-recycling-greenhouse,https://job-boards.greenhouse.io/ampsortation,greenhouse,"{""token"": ""ampsortation""}"
amperity,amperity-greenhouse,https://job-boards.greenhouse.io/amperity,greenhouse,"{""token"": ""amperity""}"
amperos,amperos-ashby,https://jobs.ashbyhq.com/amperos,ashby,"{""token"": ""amperos""}"
amplemarket,amplemarket-greenhouse,https://job-boards.greenhouse.io/amplemarket,greenhouse,"{""token"": ""amplemarket""}"
amplifon,amplifon-careers,https://efuf.fa.em2.oraclecloud.com/hcmUI/CandidateExperience/en/sites/CX_1,oracle_hcm,
amplifon,amplifon-egypt,https://www.amplifon.com.eg/Careers/available-vacancies/41,inline,"{""proxy"": true, ""fetch_contains"": ""Available Vacancies"", ""require_zero_proof"": true, ""item_boundary"": {""tag"": ""h3"", ""match_regex"": ""^Sales & Fitting Specialist\\s*\\(""}, ""synthetic_identity_field"": ""location"", ""preserve_single_location"": true, ""steps"": [{""tag"": ""h3"", ""field"": ""title"", ""regex"": ""^(Sales & Fitting Specialist)""}, {""tag"": ""h3"", ""field"": ""location"", ""regex"": ""\\(\\s*([^\\)]+?)\\s*\\)"", ""from"": 0}, {""field"": ""description"", ""from"": 0, ""offset"": 1, ""to_end"": true, ""html"": true}]}"
amplitude,amplitude-greenhouse,https://job-boards.greenhouse.io/amplitude,greenhouse,"{""token"": ""amplitude""}"
amrest,amrest-careers,https://careers.amrest.eu/,rss,"{""preset"": ""successfactors""}"
amundi,amundi-ireland,https://amundi.bamboohr.com/careers,bamboohr,"{""tenant"": ""amundi""}"
amwell,amwell-greenhouse,https://job-boards.greenhouse.io/amwell,greenhouse,"{""token"": ""amwell""}"
anagram,anagram-ashby,https://jobs.ashbyhq.com/anagram,ashby,"{""token"": ""anagram""}"
analog-devices,analog-devices-careers-workday,https://analogdevices.wd1.myworkdayjobs.com/External,workday,"{""employer"": ""analogdevices"", ""board"": ""External""}"
anaplan,anaplan-greenhouse,https://job-boards.greenhouse.io/anaplan,greenhouse,"{""token"": ""anaplan""}"
anchanto,anchanto-greenhouse,https://job-boards.greenhouse.io/anchanto,greenhouse,"{""token"": ""anchanto""}"
anchorage-digital,anchorage-digital-lever,https://jobs.lever.co/anchorage,lever,"{""token"": ""anchorage""}"
andela,andela-ashby,https://jobs.ashbyhq.com/andela,ashby,"{""token"": ""andela""}"
anduril-industries,anduril-industries-greenhouse,https://job-boards.greenhouse.io/andurilindustries,greenhouse,"{""token"": ""andurilindustries""}"
angel-city,angel-city-greenhouse,https://job-boards.greenhouse.io/wfclainc,greenhouse,"{""token"": ""wfclainc""}"
angi,angi-greenhouse,https://job-boards.greenhouse.io/angi,greenhouse,"{""token"": ""angi""}"
angitia-incorporated-limited,angitia-incorporated-limited-greenhouse,https://job-boards.greenhouse.io/angitiaincorporatedlimited,greenhouse,"{""token"": ""angitiaincorporatedlimited""}"
anima,anima-ashby,https://jobs.ashbyhq.com/anima,ashby,"{""token"": ""anima""}"
anine-bing,anine-bing-greenhouse,https://job-boards.greenhouse.io/aninebing,greenhouse,"{""token"": ""aninebing""}"
anodize,anodize-greenhouse,https://job-boards.greenhouse.io/anodize,greenhouse,"{""token"": ""anodize""}"
anomali,anomali-lever,https://jobs.lever.co/anomali,lever,"{""token"": ""anomali""}"
anon,anon-ashby,https://jobs.ashbyhq.com/anon,ashby,"{""token"": ""anon""}"
anrok,anrok-ashby,https://jobs.ashbyhq.com/anrok,ashby,"{""token"": ""anrok""}"
ans,ans-recruitee,https://ans.recruitee.com,recruitee,"{""token"": ""ans""}"
ansa,ansa-greenhouse,https://job-boards.greenhouse.io/ansa,greenhouse,"{""token"": ""ansa""}"
answerrocket,answerrocket-greenhouse,https://job-boards.greenhouse.io/answerrocket,greenhouse,"{""token"": ""answerrocket""}"
antenna,antenna-greenhouse,https://job-boards.greenhouse.io/antenna,greenhouse,"{""token"": ""antenna""}"
anteriad,anteriad-greenhouse,https://job-boards.greenhouse.io/anteriad,greenhouse,"{""token"": ""anteriad""}"
anthropic,anthropic-careers,https://job-boards.greenhouse.io/anthropic,greenhouse,"{""token"": ""anthropic""}"
antithesis,antithesis-ashby,https://jobs.ashbyhq.com/antithesis,ashby,"{""token"": ""antithesis""}"
antora-energy,antora-energy-greenhouse,https://job-boards.greenhouse.io/antora,greenhouse,"{""token"": ""antora""}"
anybotics,anybotics-careers,https://jobs.lever.co/anybotics,lever,"{""token"": ""anybotics""}"
anyfin,anyfin-main,https://career.anyfin.com/jobs,rss,"{""preset"": ""teamtailor"", ""feed_url"": ""https://career.anyfin.com/jobs.rss""}"
anyscale,anyscale-ashby,https://jobs.ashbyhq.com/anyscale,ashby,"{""token"": ""anyscale""}"
anyscale,anyscale-lever,https://jobs.lever.co/anyscale,lever,"{""token"": ""anyscale""}"
anywherenow,anywherenow-careers,https://careers.anywhere.now/,recruitee,"{""api_base"": ""https://careers.anywhere.now""}"
ao-garcia-agency,ao-garcia-agency-careers,https://jobs.lever.co/aogarciaagency,lever,
apaleo,apaleo-greenhouse,https://job-boards.greenhouse.io/apaleo,greenhouse,"{""token"": ""apaleo""}"
apartmentiq,apartmentiq-greenhouse,https://job-boards.greenhouse.io/apartmentiq,greenhouse,"{""token"": ""apartmentiq""}"
apco-technologies,apco-technologies-careers,https://career.apco-technologies.eu/,rss,"{""preset"": ""teamtailor"", ""feed_url"": ""https://career.apco-technologies.eu/jobs.rss""}"
apco-technologies,apco-technologies-careers-fr,https://career.apco-technologies.eu/fr/jobs,rss,"{""preset"": ""teamtailor"", ""feed_url"": ""https://career.apco-technologies.eu/fr/jobs.rss""}"
apera-ai-inc,apera-ai-inc-greenhouse,https://job-boards.greenhouse.io/aperaaiinc,greenhouse,"{""token"": ""aperaaiinc""}"
aperia,aperia-greenhouse,https://job-boards.greenhouse.io/aperiasolutions,greenhouse,"{""token"": ""aperiasolutions""}"
apex-space,apex-space-careers,https://jobs.ashbyhq.com/apex-technology-inc,ashby,"{""token"": ""apex-technology-inc""}"
apify,apify-careers,https://apify.com/jobs,ashby,"{""token"": ""apify""}"
apiiro,apiiro-greenhouse,https://job-boards.greenhouse.io/apiiro,greenhouse,"{""token"": ""apiiro""}"
apiphani,apiphani-greenhouse,https://job-boards.greenhouse.io/apiphani,greenhouse,"{""token"": ""apiphani""}"
aplazo,aplazo-ashby,https://jobs.ashbyhq.com/aplazo,ashby,"{""token"": ""aplazo""}"
apollo,apollo-pinpoint,https://apollo.pinpointhq.com,pinpoint,"{""slug"": ""apollo""}"
apollo-education-systems,apollo-education-systems-greenhouse,https://job-boards.greenhouse.io/apollo,greenhouse,"{""token"": ""apollo""}"
apollo-graphql,apollo-graphql-careers,https://api.ashbyhq.com/posting-api/job-board/apollo-graphql,ashby,"{""token"": ""apollo-graphql""}"
apollo-io,apollo-io-greenhouse,https://job-boards.greenhouse.io/apolloio,greenhouse,"{""token"": ""apolloio""}"
appdirect,appdirect-greenhouse,https://job-boards.greenhouse.io/appdirect,greenhouse,"{""token"": ""appdirect""}"
appian-corporation,appian-corporation-greenhouse,https://job-boards.greenhouse.io/appian,greenhouse,"{""token"": ""appian""}"
appier,appier-greenhouse,https://job-boards.greenhouse.io/appier,greenhouse,"{""token"": ""appier""}"
appletree-prep,appletree-prep-greenhouse,https://job-boards.greenhouse.io/appletreeprep,greenhouse,"{""token"": ""appletreeprep""}"
applied,applied-ashby,https://jobs.ashbyhq.com/applied,ashby,"{""token"": ""applied""}"
applied-engineering,applied-engineering-greenhouse,https://job-boards.greenhouse.io/appliedengineering,greenhouse,"{""token"": ""appliedengineering""}"
applied-intuition,applied-intuition-greenhouse,https://job-boards.greenhouse.io/appliedintuition,greenhouse,"{""token"": ""appliedintuition""}"
applied-materials,applied-materials-careers-workday,https://amat.wd1.myworkdayjobs.com/External,workday,"{""company"": ""amat"", ""wd_instance"": ""wd1"", ""site"": ""External""}"
appliedlabs,appliedlabs-ashby,https://jobs.ashbyhq.com/appliedlabs,ashby,"{""token"": ""appliedlabs""}"
applovin,applovin-greenhouse,https://job-boards.greenhouse.io/applovin,greenhouse,"{""token"": ""applovin""}"
apply,apply-lever,https://jobs.lever.co/applydigital,lever,"{""token"": ""applydigital""}"
appnovation-technologies,appnovation-technologies-greenhouse,https://job-boards.greenhouse.io/appnovation,greenhouse,"{""token"": ""appnovation""}"
appodeal,appodeal-greenhouse,https://job-boards.greenhouse.io/appodeal,greenhouse,"{""token"": ""appodeal""}"
appomni,appomni-greenhouse,https://job-boards.greenhouse.io/appomni,greenhouse,"{""token"": ""appomni""}"
appquantum,appquantum-careers,https://appquantum.pinpointhq.com/,pinpoint,"{""slug"": ""appquantum""}"
appsflyer,appsflyer-greenhouse,https://job-boards.greenhouse.io/appsflyer,greenhouse,"{""token"": ""appsflyer""}"
appspace,appspace-greenhouse,https://job-boards.greenhouse.io/appspace,greenhouse,"{""token"": ""appspace""}"
apptronik,apptronik-greenhouse,https://job-boards.greenhouse.io/apptronik,greenhouse,"{""token"": ""apptronik""}"
appviewx,appviewx-greenhouse,https://job-boards.greenhouse.io/appviewx,greenhouse,"{""token"": ""appviewx""}"
apron,apron-ashby,https://jobs.ashbyhq.com/apron,ashby,"{""token"": ""apron""}"
aptiv,aptiv-workday,https://aptiv.wd5.myworkdayjobs.com/APTIV_CAREERS,workday,"{""company"": ""aptiv"", ""wd_instance"": ""wd5"", ""site"": ""APTIV_CAREERS""}"
aptos,aptos-greenhouse,https://job-boards.greenhouse.io/aptoslabs,greenhouse,"{""token"": ""aptoslabs""}"
aqemia,aqemia-lever,https://jobs.lever.co/aqemia.com,lever,"{""token"": ""aqemia.com""}"
aqr,aqr-greenhouse,https://job-boards.greenhouse.io/aqr,greenhouse,"{""token"": ""aqr""}"
aquatic-capital-management,aquatic-capital-management-greenhouse,https://job-boards.greenhouse.io/aquaticcapitalmanagement,greenhouse,"{""token"": ""aquaticcapitalmanagement""}"
arab-bank-switzerland,arab-bank-switzerland-careers,https://www.arabbank.ch/rss-job/,rss,"{""preset"": ""generic"", ""feed_url"": ""https://www.arabbank.ch/rss-job/feed/""}"
arb-interactive,arb-interactive-ashby,https://jobs.ashbyhq.com/arb-interactive,ashby,"{""token"": ""arb-interactive"", ""blast_radius_floor"": 0.9}"
arbe-robotics,arbe-robotics-comeet,https://www.comeet.com/jobs/arbe/C6.001,comeet,"{""company"": ""arbe"", ""board_id"": ""C6.001""}"
arbital-health,arbital-health-lever,https://jobs.lever.co/arbitalhealth,lever,"{""token"": ""arbitalhealth""}"
arbor,arbor-ashby,https://jobs.ashbyhq.com/arbor,ashby,"{""token"": ""arbor""}"
arc-boat-company,arc-boat-company-greenhouse,https://job-boards.greenhouse.io/arcboatcompany,greenhouse,"{""token"": ""arcboatcompany""}"
arc-institute,arc-institute-greenhouse,https://job-boards.greenhouse.io/arcinstitute,greenhouse,"{""token"": ""arcinstitute""}"
arcade,arcade-ashby,https://jobs.ashbyhq.com/arcade,ashby,"{""token"": ""arcade""}"
arcadia,arcadia-greenhouse,https://job-boards.greenhouse.io/arcadiacareers,greenhouse,"{""token"": ""arcadiacareers""}"
arcana-analytics,arcana-analytics-greenhouse,https://job-boards.greenhouse.io/arcanaanalytics,greenhouse,"{""token"": ""arcanaanalytics""}"
arcee-ai,arcee-ai-greenhouse,https://boards.greenhouse.io/arceeai,greenhouse,"{""token"": ""arceeai""}"
arcelormittal,arcelormittal-careers,https://emfg.fa.em4.oraclecloud.com/hcmUI/CandidateExperience/en/sites/CX_1,oracle_hcm,
arcelormittal,arcelormittal-north-america,https://najobs.arcelormittal.com/,rss,"{""preset"": ""successfactors"", ""feed_url"": ""https://najobs.arcelormittal.com/googlefeed.xml""}"
arcelormittal,arcelormittal-tailored-blanks,https://recruiting.ultipro.ca/ARC5001AMTB/JobBoard/7e90af70-170b-4bbc-8605-ef4f10c13e5d/,ukg,"{""host"": ""recruiting.ultipro.ca"", ""tenant"": ""ARC5001AMTB"", ""board_id"": ""7e90af70-170b-4bbc-8605-ef4f10c13e5d""}"
arcesium-llc,arcesium-llc-greenhouse,https://job-boards.greenhouse.io/arcesiumllc,greenhouse,"{""token"": ""arcesiumllc""}"
arch-co,arch-co-ashby,https://jobs.ashbyhq.com/arch.co,ashby,"{""token"": ""arch.co""}"
archer,archer-greenhouse,https://job-boards.greenhouse.io/archer56,greenhouse,"{""token"": ""archer56""}"
archera,archera-greenhouse,https://job-boards.greenhouse.io/archera,greenhouse,"{""token"": ""archera""}"
architect,architect-ashby,https://jobs.ashbyhq.com/architect,ashby,"{""token"": ""architect""}"
archrival,archrival-greenhouse,https://job-boards.greenhouse.io/archrival,greenhouse,"{""token"": ""archrival""}"
arena-ai,arena-ai-greenhouse,https://job-boards.greenhouse.io/arenaphysica,greenhouse,"{""token"": ""arenaphysica""}"
arenanet,arenanet-ashby,https://jobs.ashbyhq.com/arenanet,ashby,"{""token"": ""arenanet""}"
arenanet,arenanet-greenhouse,https://job-boards.greenhouse.io/arenanet,greenhouse,"{""token"": ""arenanet""}"
arine,arine-greenhouse,https://job-boards.greenhouse.io/arine,greenhouse,"{""token"": ""arine""}"
arize-ai,arize-ai-greenhouse,https://job-boards.greenhouse.io/arizeai,greenhouse,"{""token"": ""arizeai""}"
arkestro,arkestro-greenhouse,https://job-boards.greenhouse.io/arkestroinc,greenhouse,"{""token"": ""arkestroinc""}"
arkose-labs,arkose-labs-greenhouse,https://job-boards.greenhouse.io/arkoselabs,greenhouse,"{""token"": ""arkoselabs""}"
arlo-solutions-llc,arlo-solutions-llc-greenhouse,https://job-boards.greenhouse.io/arlosolutionsllc,greenhouse,"{""token"": ""arlosolutionsllc""}"
arm,arm-pinpoint,https://arm.pinpointhq.com,pinpoint,"{""slug"": ""arm""}"
armada,armada-greenhouse,https://job-boards.greenhouse.io/armada,greenhouse,"{""token"": ""armada""}"
armis-security,armis-security-greenhouse,https://job-boards.greenhouse.io/armissecurity,greenhouse,"{""token"": ""armissecurity""}"
arqit,arqit-greenhouse-eu,https://job-boards.eu.greenhouse.io/arqitlimited,greenhouse,"{""token"": ""arqitlimited""}"
array-education,array-education-greenhouse,https://job-boards.greenhouse.io/arrayeducation,greenhouse,"{""token"": ""arrayeducation""}"
artefact,artefact-greenhouse,https://job-boards.greenhouse.io/artefact,greenhouse,"{""token"": ""artefact""}"
artera,artera-lever,https://jobs.lever.co/artera,lever,"{""token"": ""artera""}"
artie,artie-ashby,https://jobs.ashbyhq.com/artie,ashby,"{""token"": ""artie""}"
artifact,artifact-careers,https://artifactsa.recruitee.com/,recruitee,"{""slug"": ""artifactsa""}"
artisan,artisan-ashby,https://jobs.ashbyhq.com/artisan,ashby,"{""token"": ""artisan""}"
artisan-partners,artisan-partners-greenhouse,https://job-boards.greenhouse.io/artisanpartners,greenhouse,"{""token"": ""artisanpartners""}"
artsy,artsy-ashby,https://jobs.ashbyhq.com/artsy,ashby,"{""token"": ""artsy""}"
arx-robotics,arx-robotics-careers-gh,https://job-boards.eu.greenhouse.io/arxroboticsgmbh,greenhouse,"{""token"": ""arxroboticsgmbh""}"
aryzta,aryzta-global,https://careers.aryzta.com/,rss,"{""preset"":""successfactors"",""feed_url"":""https://careers.aryzta.com/googlefeed.xml""}"
asana,asana-greenhouse,https://job-boards.greenhouse.io/asana,greenhouse,"{""token"": ""asana""}"
asbury-automotive-group,asbury-automotive-group-total-care-auto,https://recruiting.ultipro.com/ASB1003ASBA/JobBoard/243e6fe4-4ed0-407b-aec4-96664da1b04d/,ukg,"{""host"": ""recruiting.ultipro.com"", ""tenant"": ""ASB1003ASBA"", ""board_id"": ""243e6fe4-4ed0-407b-aec4-96664da1b04d""}"
ascend-analytics,ascend-analytics-greenhouse,https://job-boards.greenhouse.io/ascendanalytics,greenhouse,"{""token"": ""ascendanalytics""}"
asg,asg-greenhouse,https://job-boards.greenhouse.io/asgjobs,greenhouse,"{""token"": ""asgjobs""}"
ashby,ashby-careers,https://jobs.ashbyhq.com/ashby,ashby,
asian-paints,asian-paints-careers,https://careers.asianpaints.com/search/,rss,"{""preset"": ""successfactors"", ""feed_url"": ""https://careers.asianpaints.com/googlefeed.xml""}"
asm,asm-greenhouse,https://job-boards.greenhouse.io/asm,greenhouse,"{""token"": ""asm""}"
asm,asm-recruitee,https://asm.recruitee.com,recruitee,"{""token"": ""asm""}"
aspect-biosystems,aspect-biosystems-greenhouse,https://job-boards.greenhouse.io/aspectbiosystems,greenhouse,"{""token"": ""aspectbiosystems""}"
aspire-living-learning,aspire-living-learning-greenhouse,https://job-boards.greenhouse.io/allinc,greenhouse,"{""token"": ""allinc""}"
aspora,aspora-ashby,https://jobs.ashbyhq.com/aspora,ashby,"{""token"": ""aspora""}"
assa-abloy,assa-abloy-careers,https://assaabloy.jobs2web.com/,rss,"{""preset"": ""successfactors"", ""feed_url"": ""https://assaabloy.jobs2web.com/googlefeed.xml""}"
assa-abloy,assa-abloy-careers-china-entrance,https://assaabloy.www.comocloud.net/en/index/about-us/join-us,inline,"{""skip_ssl"": true, ""require_zero_proof"": true, ""item_boundary"": {""match_regex"": ""^(Service Technician|Service Engineer|Sales Engineer|Regional Service Manager)$""}, ""preserve_single_location"": true, ""steps"": [{""match_regex"": ""^(Service Technician|Service Engineer|Sales Engineer|Regional Service Manager)$"", ""field"": ""title""}, {""match_regex"": ""^(Nanjing|Tianjin|Shijiazhuang|Chengdu|Shanghai)$"", ""field"": ""location""}, {""match_regex"": ""^(Service Technician|Service Engineer|Sales Engineer|Regional Service Manager)$"", ""field"": ""description"", ""html"": true, ""stop_count"": 4, ""from"": 0}]}"
assembly,assembly-ashby,https://jobs.ashbyhq.com/assembly,ashby,"{""token"": ""assembly""}"
assembly,assembly-recruitee,https://assembly.recruitee.com,recruitee,"{""token"": ""assembly""}"
assemblyai,assemblyai-greenhouse,https://job-boards.greenhouse.io/assemblyai,greenhouse,"{""token"": ""assemblyai""}"
asset-living,asset-living-greenhouse,https://job-boards.greenhouse.io/assetliving,greenhouse,"{""token"": ""assetliving""}"
assetwatch-inc,assetwatch-inc-greenhouse,https://job-boards.greenhouse.io/assetwatch,greenhouse,"{""token"": ""assetwatch""}"
assured-guaranty,assured-guaranty-greenhouse,https://job-boards.greenhouse.io/assuredguaranty,greenhouse,"{""token"": ""assuredguaranty""}"
assyst-inc,assyst-inc-greenhouse,https://job-boards.greenhouse.io/assystinc,greenhouse,"{""token"": ""assystinc""}"
astera-labs,astera-labs-greenhouse,https://job-boards.greenhouse.io/asteralabs,greenhouse,"{""token"": ""asteralabs""}"
astera-labs-early-career,astera-labs-early-career-greenhouse,https://job-boards.greenhouse.io/asteraearlycareer2026,greenhouse,"{""token"": ""asteraearlycareer2026""}"
astra,astra-ashby,https://jobs.ashbyhq.com/astra,ashby,"{""token"": ""astra""}"
astranis,astranis-greenhouse,https://job-boards.greenhouse.io/astranis,greenhouse,"{""token"": ""astranis""}"
astrazeneca,astrazeneca-workday,https://astrazeneca.wd3.myworkdayjobs.com/Careers,workday,"{""company"": ""astrazeneca"", ""wd_instance"": ""wd3"", ""site"": ""Careers"", ""all_sites"": false}"
astrazeneca,astrazeneca-workday-alexion,https://astrazeneca.wd3.myworkdayjobs.com/Alexion,workday,"{""company"": ""astrazeneca"", ""wd_instance"": ""wd3"", ""site"": ""Alexion"", ""all_sites"": false}"
astro-mechanica,astro-mechanica-careers,https://jobs.ashbyhq.com/Astro-Mechanica,ashby,"{""token"": ""Astro-Mechanica""}"
astronomer,astronomer-ashby,https://jobs.ashbyhq.com/astronomer,ashby,"{""token"": ""astronomer""}"
at-bay,at-bay-greenhouse,https://job-boards.greenhouse.io/atbayjobs,greenhouse,"{""token"": ""atbayjobs""}"
at-home,at-home-careers,https://hdiy.fa.us2.oraclecloud.com/hcmUI/CandidateExperience/en/sites/CX_1,oracle_hcm,
ataraxis-ai,ataraxis-ai-ashby,https://jobs.ashbyhq.com/ataraxis-ai,ashby,"{""token"": ""ataraxis-ai""}"
athletics-baseball-operations,athletics-baseball-operations-greenhouse,https://job-boards.greenhouse.io/athleticsbaseballops,greenhouse,"{""token"": ""athleticsbaseballops""}"
athletics-business-operations,athletics-business-operations-greenhouse,https://job-boards.greenhouse.io/athleticsbusinessops,greenhouse,"{""token"": ""athleticsbusinessops""}"
atkinsrealis,atkinsrealis-careers,https://slihrms.wd3.myworkdayjobs.com/careers,workday,
atlan,atlan-ashby,https://jobs.ashbyhq.com/atlan,ashby,"{""token"": ""atlan""}"
atlantic-health,atlantic-health-careers,https://erqh.fa.us2.oraclecloud.com/hcmUI/CandidateExperience/en/sites/CX_1,oracle_hcm,
atlas,atlas-ashby,https://jobs.ashbyhq.com/atlas,ashby,"{""token"": ""atlas""}"
atlas-agro,atlas-agro-careers,https://www.atlasagro.ag/career/,inline,"{""render"": false, ""steps"": [{""tag"": ""div"", ""attr"": ""class=nectar-list-item"", ""field"": ""title""}, {""tag"": ""div"", ""attr"": ""class=nectar-list-item"", ""field"": ""location""}, {""tag"": ""div"", ""attr"": ""class=nectar-list-item"", ""field"": ""description"", ""html"": true}]}"
atlas-copco-group,atlas-copco-group-careers,https://career5.successfactors.eu/career?company=atlascopcoP,rss,"{""preset"": ""successfactors"", ""feed_url"": ""https://www.careers.homeofindustrialideas.com/googlefeed.xml""}"
atlas-copco-group,atlas-copco-group-careers-fr,https://www.welcometothejungle.com/fr/companies/atlas-copco/jobs,welcometothejungle,"{""slug"": ""atlas-copco"", ""locale"": ""fr""}"
atlas-hxm,atlas-hxm-greenhouse,https://job-boards.greenhouse.io/atlasxhm,greenhouse,"{""token"": ""atlasxhm""}"
atlys,atlys-careers,https://careers.atlys.com/,recruitee,"{""api_base"": ""https://careers.atlys.com""}"
atom-computing,atom-computing-lever,https://jobs.lever.co/atomcomputing,lever,"{""token"": ""atomcomputing""}"
atomic-cartoons,atomic-cartoons-greenhouse,https://job-boards.greenhouse.io/atomiccartoons,greenhouse,"{""token"": ""atomiccartoons""}"
atomicwork-inc,atomicwork-inc-greenhouse,https://job-boards.greenhouse.io/atomicwork,greenhouse,"{""token"": ""atomicwork""}"
atoms-careers-page,atoms-careers-page-greenhouse,https://job-boards.greenhouse.io/cssmerge,greenhouse,"{""token"": ""cssmerge""}"
atos,atos-careers,https://jobs.atos.net/viewalljobs/,rss,"{""preset"": ""successfactors"", ""feed_url"": ""https://jobs.atos.net/googlefeed.xml""}"
atropos,atropos-greenhouse,https://job-boards.greenhouse.io/atropos,greenhouse,"{""token"": ""atropos""}"
att,att-careers,https://att.wd1.myworkdayjobs.com/attgeneral,workday,
att,att-israel-rd,https://www.comeet.com/jobs/joinattil/38.00A,comeet,"{""company"": ""joinattil"", ""board_id"": ""38.00A""}"
att,att-mexico,https://empleos.att.com.mx/search/,rss,"{""preset"": ""successfactors"", ""feed_url"": ""https://empleos.att.com.mx/googlefeed.xml"", ""variant"": ""feed""}"
attain,attain-greenhouse,https://job-boards.greenhouse.io/attain,greenhouse,"{""token"": ""attain""}"
attain-partners,attain-partners-greenhouse,https://job-boards.greenhouse.io/attainpartners,greenhouse,"{""token"": ""attainpartners""}"
attentive,attentive-greenhouse,https://job-boards.greenhouse.io/attentive,greenhouse,"{""token"": ""attentive""}"
attentivemobile,attentivemobile-pinpoint,https://attentivemobile.pinpointhq.com,pinpoint,"{""slug"": ""attentivemobile""}"
atticus,atticus-ashby,https://jobs.ashbyhq.com/atticus,ashby,"{""token"": ""atticus""}"
attio,attio-ashby,https://jobs.ashbyhq.com/attio,ashby,"{""token"": ""attio""}"
attivo-partners,attivo-partners-greenhouse,https://job-boards.greenhouse.io/attivopartners,greenhouse,"{""token"": ""attivopartners""}"
atwell-llc,atwell-llc-greenhouse,https://job-boards.greenhouse.io/atwellgroup,greenhouse,"{""token"": ""atwellgroup""}"
auctane,auctane-greenhouse,https://job-boards.greenhouse.io/auctane,greenhouse,"{""token"": ""auctane""}"
audax-group,audax-group-greenhouse,https://job-boards.greenhouse.io/audaxgroup,greenhouse,"{""token"": ""audaxgroup""}"
audibene-hear-com,audibene-hear-com-greenhouse,https://job-boards.greenhouse.io/audibenehearcom,greenhouse,"{""token"": ""audibenehearcom""}"
auditdata,auditdata-careers,https://auditdata.recruitee.com/,recruitee,"{""company_slug"": ""auditdata""}"
auditless,auditless-ashby,https://jobs.ashbyhq.com/auditless,ashby,"{""token"": ""auditless""}"
augment-code,augment-code-greenhouse,https://job-boards.greenhouse.io/augmentcomputing,greenhouse,"{""token"": ""augmentcomputing""}"
augury,augury-greenhouse,https://job-boards.greenhouse.io/augury,greenhouse,"{""token"": ""augury""}"
august-health,august-health-ashby,https://jobs.ashbyhq.com/august-health,ashby,"{""token"": ""august-health""}"
aureliussystems,aureliussystems-ashby,https://jobs.ashbyhq.com/aureliussystems,ashby,"{""token"": ""aureliussystems""}"
aurora-innovation,aurora-innovation-greenhouse,https://job-boards.greenhouse.io/aurorainnovation,greenhouse,"{""token"": ""aurorainnovation""}"
aurorasolar,aurorasolar-ashby,https://jobs.ashbyhq.com/aurorasolar,ashby,"{""token"": ""aurorasolar""}"
auros,auros-greenhouse,https://job-boards.greenhouse.io/aurosglobal,greenhouse,"{""token"": ""aurosglobal""}"
auterion,auterion-greenhouse,https://job-boards.greenhouse.io/auterion,greenhouse,"{""token"": ""auterion""}"
authentic-brands-group,authentic-brands-group-greenhouse,https://job-boards.greenhouse.io/authenticbrandsgroup,greenhouse,"{""token"": ""authenticbrandsgroup""}"
automata,automata-careers,https://careers.automata.tech/jobs,rss,"{""preset"": ""teamtailor"", ""feed_url"": ""https://careers.automata.tech/jobs.rss""}"
automattic-careers,automattic-careers-greenhouse,https://job-boards.greenhouse.io/automatticcareers,greenhouse,"{""token"": ""automatticcareers""}"
autonation,autonation-careers,https://autonation.wd5.myworkdayjobs.com/careers,workday,
autopilot,autopilot-recruitee,https://autopilot.recruitee.com,recruitee,"{""token"": ""autopilot""}"
autoproff,autoproff-greenhouse,https://job-boards.greenhouse.io/autoproff,greenhouse,"{""token"": ""autoproff""}"
autoscout24,autoscout24-greenhouse,https://job-boards.greenhouse.io/autoscout24,greenhouse,"{""token"": ""autoscout24""}"
autozone,autozone-careers,https://egud.fa.us2.oraclecloud.com/hcmUI/CandidateExperience/en/sites/CX_1,oracle_hcm,
autura,autura-greenhouse,https://job-boards.greenhouse.io/autura,greenhouse,"{""token"": ""autura""}"
ava-labs,ava-labs-greenhouse,https://job-boards.greenhouse.io/avalabs,greenhouse,"{""token"": ""avalabs""}"
avala,avala-ashby,https://jobs.ashbyhq.com/avala,ashby,"{""token"": ""avala""}"
avantium,avantium-greenhouse,https://job-boards.greenhouse.io/avantium,greenhouse,"{""token"": ""avantium""}"
aven,aven-ashby,https://jobs.ashbyhq.com/aven,ashby,"{""token"": ""aven""}"
avera,avera-careers,https://avera.wd5.myworkdayjobs.com/avera-careers,workday,
avera,avera-elevacare,https://www.paycomonline.net/v4/ats/web.php/jobs?clientkey=C08AEB05767E6ACEE016838964C3E481&fromClientSide=true,paycom,"{""token"": ""C08AEB05767E6ACEE016838964C3E481""}"
avera,avera-hawarden,https://www.paycomonline.net/v4/ats/web.php/jobs?clientkey=24D2D50624412E10734B0D004E08CD41&fromClientSide=true,paycom,"{""token"": ""24D2D50624412E10734B0D004E08CD41""}"
aviatrix,aviatrix-greenhouse,https://job-boards.greenhouse.io/aviatrix,greenhouse,"{""token"": ""aviatrix""}"
avid4,avid4-careers-ashby,https://jobs.ashbyhq.com/avid4,ashby,"{""token"": ""avid4""}"
avidxchange-inc,avidxchange-inc-greenhouse,https://job-boards.greenhouse.io/avidxchangeinc,greenhouse,"{""token"": ""avidxchangeinc""}"
avolta,avolta-careers,https://careers.dufry.com/,rss,"{""preset"": ""successfactors""}"
avolta,avolta-main,https://careers.avoltaworld.com/,rss,"{""preset"": ""successfactors"", ""feed_url"": ""https://careers.avoltaworld.com/googlefeed.xml""}"
avra,avra-ashby,https://jobs.ashbyhq.com/avra,ashby,"{""token"": ""avra""}"
avride,avride-greenhouse,https://job-boards.greenhouse.io/avride,greenhouse,"{""token"": ""avride""}"
away,away-ashby,https://jobs.ashbyhq.com/away,ashby,"{""token"": ""away""}"
awin,awin-greenhouse,https://job-boards.greenhouse.io/awin,greenhouse,"{""token"": ""awin""}"
awl,awl-greenhouse,https://job-boards.greenhouse.io/allwebleads,greenhouse,"{""token"": ""allwebleads""}"
axelera-ai,axelera-ai-ashby,https://jobs.ashbyhq.com/axelera,ashby,"{""token"": ""axelera""}"
axi,axi-greenhouse,https://job-boards.greenhouse.io/axicorpfinancialservicesptyltd,greenhouse,"{""token"": ""axicorpfinancialservicesptyltd""}"
axicom,axicom-greenhouse,https://job-boards.greenhouse.io/axicom,greenhouse,"{""token"": ""axicom""}"
axiom,axiom-ashby,https://jobs.ashbyhq.com/axiom,ashby,"{""token"": ""axiom""}"
axiom,axiom-greenhouse,https://job-boards.greenhouse.io/axiom,greenhouse,"{""token"": ""axiom""}"
axiom-co,axiom-co-ashby,https://jobs.ashbyhq.com/axiom-co,ashby,"{""token"": ""axiom-co""}"
axios,axios-greenhouse,https://job-boards.greenhouse.io/axios,greenhouse,"{""token"": ""axios""}"
axle,axle-greenhouse,https://job-boards.greenhouse.io/axle,greenhouse,"{""token"": ""axle""}"
axle-careers,axle-careers-ashby,https://jobs.ashbyhq.com/axle-careers,ashby,"{""token"": ""axle-careers""}"
axmed,axmed-careers,https://axmed.teamtailor.com/,rss,"{""preset"": ""teamtailor""}"
axon,axon-greenhouse,https://job-boards.greenhouse.io/axon,greenhouse,"{""token"": ""axon""}"
axonius,axonius-greenhouse,https://job-boards.greenhouse.io/axonius,greenhouse,"{""token"": ""axonius""}"
axpo,axpo-global,https://careers.axpo.com/jobs,rss,"{""preset"": ""teamtailor"", ""feed_url"": ""https://careers.axpo.com/jobs.rss""}"
axs,axs-greenhouse,https://job-boards.greenhouse.io/axs,greenhouse,"{""token"": ""axs""}"
aypa-power,aypa-power-greenhouse,https://job-boards.greenhouse.io/aypapower,greenhouse,"{""token"": ""aypapower""}"
azuki,azuki-ashby,https://jobs.ashbyhq.com/azuki,ashby,"{""token"": ""azuki""}"
azurity-pharmaceuticals-india,azurity-pharmaceuticals-india-greenhouse,https://job-boards.greenhouse.io/azuritypharmaceuticalsindia,greenhouse,"{""token"": ""azuritypharmaceuticalsindia""}"
azurity-pharmaceuticals-us,azurity-pharmaceuticals-us-greenhouse,https://job-boards.greenhouse.io/azuritypharmaceuticals,greenhouse,"{""token"": ""azuritypharmaceuticals""}"
b-riley-securities,b-riley-securities-greenhouse,https://job-boards.greenhouse.io/brileysecurities,greenhouse,"{""token"": ""brileysecurities""}"
b12,b12-greenhouse,https://job-boards.greenhouse.io/b12,greenhouse,"{""token"": ""b12""}"
babylist,babylist-greenhouse,https://job-boards.greenhouse.io/babylist,greenhouse,"{""token"": ""babylist""}"
bacardi,bacardi-global,https://jobs.bacardilimited.com/,workday,"{""company"": ""bacardi"", ""wd_instance"": ""wd3"", ""site"": ""Jobs_Bacardi""}"
bachem,bachem-careers,https://careers.bachem.com/search,rss,"{""preset"": ""successfactors"", ""feed_url"": ""https://careers.bachem.com/googlefeed.xml""}"
backbase,backbase-greenhouse,https://job-boards.greenhouse.io/workatbackbase,greenhouse,"{""token"": ""workatbackbase""}"
backblaze-external-website,backblaze-external-website-greenhouse,https://job-boards.greenhouse.io/backblaze,greenhouse,"{""token"": ""backblaze""}"
backflip-ai,backflip-ai-careers,https://jobs.ashbyhq.com/backflip,ashby,"{""token"": ""backflip""}"
backmarket,backmarket-ashby,https://jobs.ashbyhq.com/backmarket,ashby,"{""token"": ""backmarket""}"
bae-systems,bae-systems-callen-lenz,https://callenlenz.teamtailor.com/,rss,"{""preset"": ""teamtailor"", ""feed_url"": ""https://callenlenz.teamtailor.com/jobs.rss""}"
bae-systems,bae-systems-onearc,https://onearc.bamboohr.com/careers,bamboohr,"{""tenant"": ""onearc""}"
bagel-brands,bagel-brands-einstein-bros,https://bagelbrands.wd504.myworkdayjobs.com/bagelbrands,workday,
baidu,baidu-greenhouse,https://job-boards.greenhouse.io/baidu,greenhouse,"{""token"": ""baidu""}"
baincapital,baincapital-pinpoint,https://baincapital.pinpointhq.com,pinpoint,"{""slug"": ""baincapital""}"
bamboohr,bamboohr-greenhouse,https://job-boards.greenhouse.io/bamboohr17,greenhouse,"{""token"": ""bamboohr17""}"
bamboohr,bamboohr-recruitee,https://bamboohr.recruitee.com,recruitee,"{""token"": ""bamboohr""}"
bandai-namco-entertainment-america-inc,bandai-namco-entertainment-america-inc-greenhouse,https://job-boards.greenhouse.io/bandainamco,greenhouse,"{""token"": ""bandainamco""}"
bandwidth,bandwidth-greenhouse,https://job-boards.greenhouse.io/bandwidth,greenhouse,"{""token"": ""bandwidth""}"
bank-of-america,bank-of-america-careers,https://ghr.wd1.myworkdayjobs.com/us-emplsv,workday,
bank-of-america,bank-of-america-careers-apac,https://ghr.wd1.myworkdayjobs.com/en-US/Lateral-APAC,workday,"{""company"": ""ghr"", ""wd_instance"": ""wd1"", ""site"": ""Lateral-APAC"", ""all_sites"": false}"
bank-of-america,bank-of-america-careers-continuum,https://ghr.wd1.myworkdayjobs.com/en-US/lateral-ba_continuum,workday,"{""company"": ""ghr"", ""wd_instance"": ""wd1"", ""site"": ""lateral-ba_continuum"", ""all_sites"": false}"
bank-of-america,bank-of-america-careers-emea,https://ghr.wd1.myworkdayjobs.com/en-US/Lateral-EMEA,workday,"{""company"": ""ghr"", ""wd_instance"": ""wd1"", ""site"": ""Lateral-EMEA"", ""all_sites"": false}"
bank-of-america,bank-of-america-careers-us,https://ghr.wd1.myworkdayjobs.com/en-US/Lateral-US,workday,"{""company"": ""ghr"", ""wd_instance"": ""wd1"", ""site"": ""Lateral-US"", ""all_sites"": false}"
banner-health,banner-health-careers,https://bannerhealth.wd108.myworkdayjobs.com/careers,workday,
banque-heritage,banque-heritage-linkedin-ch,https://www.linkedin.com/company/banque-heritage/jobs/,linkedin,"{""company_id"": ""20269"", ""company_slug"": ""banque-heritage""}"
banque-heritage,banque-heritage-linkedin-uy,https://www.linkedin.com/company/heritage-uruguay/jobs/,linkedin,"{""company_id"": ""20294568"", ""company_slug"": ""heritage-uruguay""}"
banyan-software,banyan-software-greenhouse,https://job-boards.greenhouse.io/banyansoftware,greenhouse,"{""token"": ""banyansoftware""}"
baptist-health,baptist-health-careers,https://bhs.wd1.myworkdayjobs.com/careers,workday,"{""company"": ""bhs"", ""wd_instance"": ""wd1"", ""site"": ""careers""}"
baptist-health,baptist-health-deaconess-madisonville,https://baptisthealth.rec.pro.ukg.net/BAP1500BHDM/JobBoard/5a6b1470-b5c5-4d26-a171-11ad94efcba8,ukg,"{""host"": ""baptisthealth.rec.pro.ukg.net"", ""tenant"": ""BAP1500BHDM"", ""board_id"": ""5a6b1470-b5c5-4d26-a171-11ad94efcba8"", ""listing_url"": ""https://baptisthealth.rec.pro.ukg.net/BAP1500BHDM/JobBoard/5a6b1470-b5c5-4d26-a171-11ad94efcba8""}"
baptist-memorial-health-care,baptist-memorial-health-care-careers,https://fa-ewpe-saasfaprod1.fa.ocs.oraclecloud.com/hcmUI/CandidateExperience/en/sites/CX_1,oracle_hcm,
barclays,barclays-careers-workday,https://barclays.wd3.myworkdayjobs.com/External_Career_Site_Barclays,workday,"{""company"": ""barclays"", ""wd_instance"": ""wd3"", ""site"": ""External_Career_Site_Barclays""}"
bark,bark-greenhouse,https://job-boards.greenhouse.io/bark,greenhouse,"{""token"": ""bark""}"
barkbox,barkbox-pinpoint,https://barkbox.pinpointhq.com,pinpoint,"{""slug"": ""barkbox""}"
barkbus,barkbus-ashby,https://jobs.ashbyhq.com/barkbus,ashby,"{""token"": ""barkbus""}"
barkley,barkley-greenhouse,https://job-boards.greenhouse.io/barkley,greenhouse,"{""token"": ""barkley""}"
baron-capital,baron-capital-greenhouse,https://job-boards.greenhouse.io/baroncapital,greenhouse,"{""token"": ""baroncapital""}"
barry-callebaut,barry-callebaut-careers,https://jobs.barry-callebaut.com/go/All-Jobs/8610800/,rss,"{""preset"": ""successfactors"", ""feed_url"": ""https://jobs.barry-callebaut.com/googlefeed.xml""}"
base,base-ashby,https://jobs.ashbyhq.com/base,ashby,"{""token"": ""base""}"
base-power-company,base-power-company-ashby,https://jobs.ashbyhq.com/base-power,ashby,"{""token"": ""base-power""}"
baselayer,baselayer-greenhouse,https://job-boards.greenhouse.io/baselayer,greenhouse,"{""token"": ""baselayer""}"
baseload-capital,baseload-capital-teamtailor,https://baseloadcap.teamtailor.com/jobs,rss,"{""preset"": ""teamtailor"", ""feed_url"": ""https://baseloadcap.teamtailor.com/jobs.rss""}"
baseten,baseten-ashby,https://jobs.ashbyhq.com/baseten,ashby,"{""token"": ""baseten""}"
basf,basf-careers,https://basf.jobs,rss,"{""preset"": ""successfactors"", ""feed_url"": ""https://basf.jobs/googlefeed.xml""}"
bass-pro-shops,bass-pro-shops-careers,https://basspro.wd1.myworkdayjobs.com/careers,workday,
bastion,bastion-ashby,https://jobs.ashbyhq.com/bastion,ashby,"{""token"": ""bastion""}"
basware,basware-jobylon,https://cdn.jobylon.com/jobs/companies/1689/embed/v2/?page_size=1000,jobylon,"{""company_id"": ""1689""}"
bauer-hockey-cascade-maverik-lacrosse,bauer-hockey-cascade-maverik-lacrosse-greenhouse,https://job-boards.greenhouse.io/bauerhockeycascademaveriklacrosse,greenhouse,"{""token"": ""bauerhockeycascademaveriklacrosse""}"
baya-systems,baya-systems-greenhouse,https://job-boards.greenhouse.io/bayasystems,greenhouse,"{""token"": ""bayasystems""}"
bayesian-health,bayesian-health-careers,https://api.ashbyhq.com/posting-api/job-board/bayesianhealth,ashby,"{""token"": ""bayesianhealth""}"
bb-energy,bb-energy-global,https://bbenergy.bamboohr.com/careers,bamboohr,"{""tenant"": ""bbenergy""}"
bbpos-limited,bbpos-limited-greenhouse,https://job-boards.greenhouse.io/bbposlimited,greenhouse,"{""token"": ""bbposlimited""}"
bbva,bbva-careers,https://bbva.wd3.myworkdayjobs.com/bbva,workday,
bcs,bcs-greenhouse,https://job-boards.greenhouse.io/bcscareers,greenhouse,"{""token"": ""bcscareers""}"
bcv,bcv-jobs,https://jobs.bcv.ch/search/?q=&searchResultView=LIST,rss,"{""preset"": ""successfactors"", ""feed_url"": ""https://jobs.bcv.ch/googlefeed.xml""}"
bda,bda-greenhouse,https://job-boards.greenhouse.io/bdainc,greenhouse,"{""token"": ""bdainc""}"
bdo,bdo-australia,https://bdoau.wd105.myworkdayjobs.com/en-GB/BDOEarlyCareers,workday,"{""company"": ""bdoau"", ""wd_instance"": ""wd105"", ""site"": ""BDOEarlyCareers""}"
bdo,bdo-canada,https://bdo.wd3.myworkdayjobs.com/en-US/BDO,workday,"{""company"": ""bdo"", ""wd_instance"": ""wd3"", ""site"": ""BDO""}"
beacon-biosignals,beacon-biosignals-greenhouse,https://job-boards.greenhouse.io/beaconbiosignals,greenhouse,"{""token"": ""beaconbiosignals""}"
beacon-software,beacon-software-greenhouse,https://job-boards.greenhouse.io/beaconsoftware,greenhouse,"{""token"": ""beaconsoftware""}"
beam,beam-careers,https://jobs.ashbyhq.com/beam-up,ashby,"{""token"": ""beam-up""}"
beam-therapeutics,beam-therapeutics-greenhouse,https://job-boards.greenhouse.io/beamtherapeutics,greenhouse,"{""token"": ""beamtherapeutics""}"
beamery,beamery-ashby,https://jobs.ashbyhq.com/beamery,ashby,"{""token"": ""beamery""}"
bearingpoint,bearingpoint-careers-austria,https://bearingpointgmbh.teamtailor.com/jobs,rss,"{""preset"": ""teamtailor"", ""feed_url"": ""https://bearingpointgmbh.teamtailor.com/jobs.rss""}"
bearingpoint,bearingpoint-careers-belgium,https://careersbelgium.bearingpoint.com/jobs,rss,"{""preset"": ""teamtailor"", ""feed_url"": ""https://careersbelgium.bearingpoint.com/jobs.rss""}"
bearingpoint,bearingpoint-careers-czech-republic,https://bearingpointczechrepublic.teamtailor.com/jobs,rss,"{""preset"": ""teamtailor"", ""feed_url"": ""https://bearingpointczechrepublic.teamtailor.com/jobs.rss""}"
bearingpoint,bearingpoint-careers-denmark,https://denmarkcareers.bearingpoint.com/jobs,rss,"{""preset"": ""teamtailor"", ""feed_url"": ""https://denmarkcareers.bearingpoint.com/jobs.rss""}"
bearingpoint,bearingpoint-careers-finland,https://finlandcareers.bearingpoint.com/jobs,rss,"{""preset"": ""teamtailor"", ""feed_url"": ""https://finlandcareers.bearingpoint.com/jobs.rss""}"
bearingpoint,bearingpoint-careers-france,https://carrieresfrance.bearingpoint.com/jobs,rss,"{""preset"": ""teamtailor"", ""feed_url"": ""https://carrieresfrance.bearingpoint.com/jobs.rss""}"
bearingpoint,bearingpoint-careers-germany,https://karriere.bearingpoint.com/jobs,rss,"{""preset"": ""teamtailor"", ""feed_url"": ""https://karriere.bearingpoint.com/jobs.rss""}"
bearingpoint,bearingpoint-careers-india,https://bearingpointindia.teamtailor.com/jobs,rss,"{""preset"": ""teamtailor"", ""feed_url"": ""https://bearingpointindia.teamtailor.com/jobs.rss""}"
bearingpoint,bearingpoint-careers-ireland,https://job-boards.greenhouse.io/bearingpoint,greenhouse,"{""token"": ""bearingpoint""}"
bearingpoint,bearingpoint-careers-italy,https://careersitaly.bearingpoint.com/jobs,rss,"{""preset"": ""teamtailor"", ""feed_url"": ""https://careersitaly.bearingpoint.com/jobs.rss""}"
bearingpoint,bearingpoint-careers-luxembourg,https://carrieresluxembourg.bearingpoint.com/jobs,rss,"{""preset"": ""teamtailor"", ""feed_url"": ""https://carrieresluxembourg.bearingpoint.com/jobs.rss""}"
bearingpoint,bearingpoint-careers-netherlands,https://bearingpointnetherlands.teamtailor.com/jobs,rss,"{""preset"": ""teamtailor"", ""feed_url"": ""https://bearingpointnetherlands.teamtailor.com/jobs.rss""}"
bearingpoint,bearingpoint-careers-norway,https://nordiccareers.bearingpoint.com/jobs,rss,"{""preset"": ""teamtailor"", ""feed_url"": ""https://nordiccareers.bearingpoint.com/jobs.rss""}"
bearingpoint,bearingpoint-careers-portugal,https://bearingpointportugal.teamtailor.com/jobs,rss,"{""preset"": ""teamtailor"", ""feed_url"": ""https://bearingpointportugal.teamtailor.com/jobs.rss""}"
bearingpoint,bearingpoint-careers-romania,https://bearingpointromania.teamtailor.com/jobs,rss,"{""preset"": ""teamtailor"", ""feed_url"": ""https://bearingpointromania.teamtailor.com/jobs.rss""}"
bearingpoint,bearingpoint-careers-sweden,https://careers.bearingpoint-sweden.com/jobs,rss,"{""preset"": ""teamtailor"", ""feed_url"": ""https://careers.bearingpoint-sweden.com/jobs.rss""}"
bearingpoint,bearingpoint-careers-switzerland,https://bearingpointag.teamtailor.com/jobs,rss,"{""preset"": ""teamtailor"", ""feed_url"": ""https://bearingpointag.teamtailor.com/jobs.rss""}"
bearingpoint,bearingpoint-careers-switzerland-en,https://bearingpointag.teamtailor.com/en/jobs,rss,"{""preset"": ""teamtailor"", ""feed_url"": ""https://bearingpointag.teamtailor.com/en/jobs.rss""}"
bearingpoint,bearingpoint-careers-uk,https://bearingpointunitedkingdom-1739287252.teamtailor.com/jobs,rss,"{""preset"": ""teamtailor"", ""feed_url"": ""https://bearingpointunitedkingdom-1739287252.teamtailor.com/jobs.rss""}"
bearingpoint,bearingpoint-careers-usa,https://www.bearingpoint.com/en-us/careers/open-roles/,inline,"{""fetch_contains"": ""Business Development Manager"", ""steps"": [{""text"": ""Business Development Manager"", ""field"": ""title""}, {""tag"": ""p"", ""field"": ""description"", ""html"": true, ""stop"": ""Initiative""}], ""defaults"": {""locations"": [""United States""], ""employment_type"": ""full_time""}}"
bearingpoint,bearingpoint-careers-usa-teamtailor,https://bearingpointusa.na.teamtailor.com/jobs,rss,"{""preset"": ""teamtailor"", ""feed_url"": ""https://bearingpointusa.na.teamtailor.com/jobs.rss""}"
beautiful-ai,beautiful-ai-greenhouse,https://job-boards.greenhouse.io/beautifulai,greenhouse,"{""token"": ""beautifulai""}"
beautybarrage,beautybarrage-pinpoint,https://beautybarrage.pinpointhq.com,pinpoint,"{""slug"": ""beautybarrage""}"
bedi-partnerships,bedi-partnerships-greenhouse,https://job-boards.greenhouse.io/udemybedi,greenhouse,"{""token"": ""udemybedi""}"
bedrock,bedrock-ashby,https://jobs.ashbyhq.com/bedrock,ashby,"{""token"": ""bedrock""}"
bedrock-robotics,bedrock-robotics-ashby,https://jobs.ashbyhq.com/bedrock-robotics,ashby,"{""token"": ""bedrock-robotics""}"
behavox,behavox-greenhouse,https://job-boards.greenhouse.io/behavox,greenhouse,"{""token"": ""behavox""}"
belimo,belimo-ats,https://jobsredirect.belimo.com/search/,rss,"{""preset"": ""successfactors"", ""feed_url"": ""https://jobsredirect.belimo.com/googlefeed.xml""}"
belk,belk-careers,https://belk.wd1.myworkdayjobs.com/jobs-stores,workday,
bell,bell-careers,https://jobs.bce.ca/,rss,"{""preset"": ""successfactors""}"
belong,belong-careers,https://jobs.lever.co/belong,lever,"{""token"": ""belong""}"
belvedere-trading,belvedere-trading-lever,https://jobs.lever.co/belvederetrading,lever,"{""token"": ""belvederetrading""}"
belvo,belvo-ashby,https://jobs.ashbyhq.com/belvo,ashby,"{""token"": ""belvo""}"
benchling,benchling-ashby,https://jobs.ashbyhq.com/benchling,ashby,"{""token"": ""benchling""}"
benchmark-physical-therapy,benchmark-physical-therapy-greenhouse,https://job-boards.greenhouse.io/benchmarkpt,greenhouse,"{""token"": ""benchmarkpt""}"
benchprep,benchprep-greenhouse,https://job-boards.greenhouse.io/benchprep,greenhouse,"{""token"": ""benchprep""}"
berlin-brands-group,berlin-brands-group-greenhouse,https://job-boards.greenhouse.io/berlinbrands,greenhouse,"{""token"": ""berlinbrands""}"
berlin-city-auto-group,berlin-city-auto-group-greenhouse,https://job-boards.greenhouse.io/berlincity,greenhouse,"{""token"": ""berlincity""}"
berlin-packaging,berlin-packaging-greenhouse,https://job-boards.greenhouse.io/berlinpackaging,greenhouse,"{""token"": ""berlinpackaging""}"
berlinrosen,berlinrosen-greenhouse,https://job-boards.greenhouse.io/berlinrosen,greenhouse,"{""token"": ""berlinrosen""}"
bertelsmann,bertelsmann-careers,https://jobsearch.createyourowncareer.com/,rss,"{""preset"": ""successfactors""}"
bertelsmann,bertelsmann-rtl,https://careers.rtl.com/,rss,"{""preset"": ""successfactors"", ""feed_url"": ""https://careers.rtl.com/googlefeed.xml"", ""variant"": ""feed""}"
bertram-capital-management,bertram-capital-management-greenhouse,https://job-boards.greenhouse.io/bertramcapitalmanagement,greenhouse,"{""token"": ""bertramcapitalmanagement""}"
bertrandt,bertrandt-careers,https://bertrandt.jobs.hr.cloud.sap/,rss,"{""preset"": ""successfactors""}"
bertrandt,bertrandt-us-paylocity,https://recruiting.paylocity.com/recruiting/jobs/All/c489c25e-dd51-4f66-8955-a936795c44c6/Bertrandt,paylocity,
bertschi,bertschi-nordic-bulkers,https://www.nordic-bulkers.se/careers/,inline,"{""fetch_urls"": [""https://www.nordic-bulkers.se/jobb/spontanansokan/""], ""fetch_contains"": ""Take the Initiative with Nordic Bulkers"", ""steps"": [{""tag"": ""h1"", ""field"": ""title""}, {""tag"": ""h3"", ""text"": ""Job description"", ""field"": ""description"", ""html"": true, ""stop"": ""Apply""}], ""defaults_by_title"": {""Spontaneous Application"": {""locations"": [""Sweden""]}}}"
bertschi,bertschi-singapore,https://www.bertschi-singapore.com/?page=careers,inline,"{""render"": false, ""fetch_contains"": ""Customer Service Representative (Order Processing)"", ""steps"": [{""tag"": ""h2"", ""attr"": ""class=panel-title"", ""field"": ""title""}, {""tag"": ""h3"", ""field"": ""description"", ""html"": true, ""stop_tag"": ""h2""}], ""defaults"": {""locations"": [""Singapore""]}}"
beside,beside-ashby,https://jobs.ashbyhq.com/beside,ashby,"{""token"": ""beside""}"
best-version-media,best-version-media-careers,https://job-boards.greenhouse.io/bestversionmedia,greenhouse,
best-version-media,best-version-media-corporate,https://recruiting.paylocity.com/Recruiting/Jobs/All/a2688f1e-f6d5-47e8-9f6f-bff7477d865e,paylocity,"{""proxy"": true}"
bestow,bestow-ashby,https://jobs.ashbyhq.com/bestow,ashby,"{""token"": ""bestow""}"
bestseller,bestseller-careers,https://opportunities.bestseller.com/,rss,"{""preset"": ""successfactors""}"
beta-technologies,beta-technologies-lever,https://jobs.lever.co/beta,lever,"{""token"": ""beta""}"
beth-israel-lahey-health,beth-israel-lahey-health-careers,https://bilh.wd1.myworkdayjobs.com/External,workday,"{""company"": ""bilh"", ""wd_instance"": ""wd1"", ""site"": ""External""}"
beth-israel-lahey-health,beth-israel-lahey-health-exeter,https://exetercareers.com/open-positions/,rss,"{""preset"": ""wp_job_manager"", ""feed_url"": ""https://exetercareers.com/?feed=job_feed"", ""render"": true, ""proxy"": true, ""transport_attempts"": 5, ""warmup_url"": ""https://exetercareers.com/open-positions/"", ""persistent_context"": true, ""channel"": ""chrome"", ""headless"": false, ""stealth"": true}"
betsson-group,betsson-group-greenhouse,https://job-boards.greenhouse.io/betsson,greenhouse,"{""token"": ""betsson""}"
better,better-global,https://jobs.ashbyhq.com/better-mortgage,ashby,"{""token"": ""better-mortgage""}"
betterhelp,betterhelp-greenhouse,https://job-boards.greenhouse.io/betterhelp,greenhouse,"{""token"": ""betterhelp""}"
betterment,betterment-greenhouse,https://job-boards.greenhouse.io/betterment,greenhouse,"{""token"": ""betterment""}"
betterup,betterup-ashby,https://jobs.ashbyhq.com/betterup,ashby,"{""token"": ""betterup""}"
bevi,bevi-greenhouse,https://job-boards.greenhouse.io/bevicareers,greenhouse,"{""token"": ""bevicareers""}"
beyond-finance,beyond-finance-greenhouse,https://job-boards.greenhouse.io/beyondfinance,greenhouse,"{""token"": ""beyondfinance""}"
beyondtrust,beyondtrust-greenhouse,https://job-boards.greenhouse.io/beyondtrust,greenhouse,"{""token"": ""beyondtrust""}"
bge-inc,bge-inc-greenhouse,https://job-boards.greenhouse.io/bgeinc,greenhouse,"{""token"": ""bgeinc""}"
bgis,bgis-careers,https://fa-evcg-saasfaprod1.fa.ocs.oraclecloud.com/hcmUI/CandidateExperience/en/sites/CX_1,oracle_hcm,
bhhc,bhhc-pinpoint,https://bhhc.pinpointhq.com,pinpoint,"{""slug"": ""bhhc""}"
bhp,bhp-careers,https://careers.bhp.com/search/,rss,"{""preset"": ""successfactors"", ""url"": ""https://careers.bhp.com/googlefeed.xml""}"
bighat-biosciences,bighat-biosciences-careers,https://bighatbiosciences.pinpointhq.com/,pinpoint,"{""slug"": ""bighatbiosciences""}"
bigid,bigid-greenhouse,https://job-boards.greenhouse.io/bigid,greenhouse,"{""token"": ""bigid""}"
bilfinger,bilfinger-careers,https://jobs.bilfinger.com/,rss,"{""preset"": ""successfactors"", ""feed_url"": ""https://jobs.bilfinger.com/googlefeed.xml""}"
bill,bill-greenhouse,https://job-boards.greenhouse.io/billcom,greenhouse,"{""token"": ""billcom""}"
billa-cz,billa-cz-almacareer,https://billa.jobs.cz/,almacareer,{}
billiontoone,billiontoone-greenhouse,https://job-boards.greenhouse.io/billiontoone,greenhouse,"{""token"": ""billiontoone""}"
billogram,billogram-teamtailor,https://career.billogram.com/jobs,rss,"{""preset"": ""teamtailor"", ""feed_url"": ""https://career.billogram.com/jobs.rss""}"
billups,billups-ashby,https://jobs.ashbyhq.com/billups,ashby,"{""token"": ""billups""}"
bilt-rewards,bilt-rewards-gem,https://jobs.gem.com/bilt,gem,"{""token"": ""bilt""}"
binance,binance-lever,https://jobs.lever.co/binance,lever,"{""token"": ""binance""}"
binance-us,binance-us-ashby,https://jobs.ashbyhq.com/binance.us,ashby,"{""token"": ""binance.us""}"
bio,bio-ashby,https://jobs.ashbyhq.com/bio,ashby,"{""token"": ""bio""}"
bio-techne,bio-techne-careers,https://biotechne.wd5.myworkdayjobs.com/Biotechne,workday,"{""company"": ""biotechne"", ""wd_instance"": ""wd5"", ""site"": ""Biotechne""}"
biocatch,biocatch-main,https://jobs.lever.co/biocatch,lever,"{""token"": ""biocatch""}"
biogen,biogen-careers,https://biibhr.wd3.myworkdayjobs.com/external,workday,
biograph,biograph-greenhouse,https://job-boards.greenhouse.io/biograph,greenhouse,"{""token"": ""biograph""}"
biohub,biohub-greenhouse,https://job-boards.greenhouse.io/biohub,greenhouse,"{""token"": ""biohub""}"
biontech,biontech-global,https://jobs.biontech.com/go/All-Jobs/8781301/,rss,"{""preset"": ""successfactors"", ""feed_url"": ""https://jobs.biontech.com/googlefeed.xml""}"
bird,bird-greenhouse,https://job-boards.greenhouse.io/bird,greenhouse,"{""token"": ""bird""}"
bishop-fox,bishop-fox-greenhouse,https://job-boards.greenhouse.io/bishopfox,greenhouse,"{""token"": ""bishopfox""}"
bitcoin-depot,bitcoin-depot-greenhouse,https://job-boards.greenhouse.io/bitcoindepot,greenhouse,"{""token"": ""bitcoindepot""}"
bitfarms,bitfarms-greenhouse,https://job-boards.greenhouse.io/keelinfrastructure,greenhouse,"{""token"": ""keelinfrastructure""}"
bitfinex,bitfinex-recruitee,https://bitfinex.recruitee.com,recruitee,"{""token"": ""bitfinex""}"
bitgo,bitgo-greenhouse,https://job-boards.greenhouse.io/bitgo,greenhouse,"{""token"": ""bitgo""}"
bitmex,bitmex-greenhouse,https://job-boards.greenhouse.io/bitmex,greenhouse,"{""token"": ""bitmex""}"
bitpanda,bitpanda-greenhouse,https://job-boards.greenhouse.io/bitpanda,greenhouse,"{""token"": ""bitpanda""}"
bits-technology,bits-technology-careers,https://careers.bits.bi/jobs,rss,"{""preset"": ""teamtailor"", ""feed_url"": ""https://careers.bits.bi/jobs.rss""}"
bitso,bitso-greenhouse,https://job-boards.greenhouse.io/bitso,greenhouse,"{""token"": ""bitso""}"
bjak,bjak-careers,https://jobs.ashbyhq.com/bjakcareer,ashby,"{""token"": ""bjakcareer""}"
bjs-wholesale-club,bjs-wholesale-club-careers,https://bjswholesaleclub.wd1.myworkdayjobs.com/bjscareers,workday,
blablacar,blablacar-lever,https://jobs.lever.co/blablacar,lever,"{""token"": ""blablacar""}"
black-and-veatch,black-and-veatch-careers,https://careers.bv.com/,rss,"{""preset"": ""successfactors""}"
black-canyon-consulting,black-canyon-consulting-greenhouse,https://job-boards.greenhouse.io/blackcanyonconsulting,greenhouse,"{""token"": ""blackcanyonconsulting""}"
black-duck-software-inc,black-duck-software-inc-greenhouse,https://job-boards.greenhouse.io/blackduck,greenhouse,"{""token"": ""blackduck""}"
black-forest-labs,black-forest-labs-careers,https://job-boards.greenhouse.io/blackforestlabs,greenhouse,
blackbird-health,blackbird-health-greenhouse,https://job-boards.greenhouse.io/blackbirdhealth,greenhouse,"{""token"": ""blackbirdhealth""}"
blacklane,blacklane-greenhouse,https://job-boards.greenhouse.io/blacklane,greenhouse,"{""token"": ""blacklane""}"
blackrock,blackrock-careers-workday,https://blackrock.wd1.myworkdayjobs.com/BlackRock_Professional,workday,"{""company"": ""blackrock"", ""wd_instance"": ""wd1"", ""site"": ""BlackRock_Professional""}"
blacksky,blacksky-greenhouse,https://job-boards.greenhouse.io/blacksky,greenhouse,"{""token"": ""blacksky""}"
blank-street,blank-street-greenhouse,https://job-boards.greenhouse.io/blankstreet,greenhouse,"{""token"": ""blankstreet""}"
blastpoint,blastpoint-greenhouse,https://job-boards.greenhouse.io/blastpoint,greenhouse,"{""token"": ""blastpoint""}"
blend,blend-greenhouse,https://job-boards.greenhouse.io/blend,greenhouse,"{""token"": ""blend""}"
blenheim-chalcot-india,blenheim-chalcot-india-greenhouse,https://job-boards.greenhouse.io/blenheimchalcotindia,greenhouse,"{""token"": ""blenheimchalcotindia""}"
blink,blink-ashby,https://jobs.ashbyhq.com/blink,ashby,"{""token"": ""blink""}"
bliro,bliro-ashby,https://jobs.ashbyhq.com/bliro,ashby,"{""token"": ""bliro""}"
block,block-careers,https://boards-api.greenhouse.io/v1/boards/block/jobs,greenhouse,"{""board_token"": ""block""}"
block-labs,block-labs-ashby,https://jobs.ashbyhq.com/block-labs,ashby,"{""token"": ""block-labs""}"
blockchain-com,blockchain-com-greenhouse,https://job-boards.greenhouse.io/blockchain,greenhouse,"{""token"": ""blockchain""}"
blockdaemon,blockdaemon-ashby,https://jobs.ashbyhq.com/blockdaemon,ashby,"{""token"": ""blockdaemon""}"
blockit,blockit-ashby,https://jobs.ashbyhq.com/blockit,ashby,"{""token"": ""blockit""}"
blockworks,blockworks-ashby,https://jobs.ashbyhq.com/blockworks,ashby,"{""token"": ""blockworks""}"
bloom,bloom-lever,https://jobs.lever.co/bloom,lever,"{""token"": ""bloom""}"
bloomerang,bloomerang-greenhouse,https://job-boards.greenhouse.io/bloomerang,greenhouse,"{""token"": ""bloomerang""}"
bloomreach,bloomreach-greenhouse,https://job-boards.greenhouse.io/bloomreach,greenhouse,"{""token"": ""bloomreach""}"
blue-energy,blue-energy-ashby,https://jobs.ashbyhq.com/blue-energy,ashby,"{""token"": ""blue-energy""}"
blue-origin,blue-origin-careers,https://blueorigin.wd5.myworkdayjobs.com/blueorigin,workday,
blue-rose-research,blue-rose-research-greenhouse,https://job-boards.greenhouse.io/blueroseresearch,greenhouse,"{""token"": ""blueroseresearch""}"
blue-sky-innovators,blue-sky-innovators-greenhouse,https://job-boards.greenhouse.io/blueskyinnovators,greenhouse,"{""token"": ""blueskyinnovators""}"
blue-water-thinking,blue-water-thinking-greenhouse,https://job-boards.greenhouse.io/bluewaterthinking,greenhouse,"{""token"": ""bluewaterthinking""}"
blueberrypediatrics,blueberrypediatrics-ashby,https://jobs.ashbyhq.com/blueberrypediatrics,ashby,"{""token"": ""blueberrypediatrics""}"
bluebird,bluebird-recruitee,https://bluebird.recruitee.com,recruitee,"{""token"": ""bluebird""}"
bluecrest-capital-management,bluecrest-capital-management-greenhouse,https://job-boards.greenhouse.io/bluecrestcapitalmanagement,greenhouse,"{""token"": ""bluecrestcapitalmanagement""}"
bluedot,bluedot-ashby,https://jobs.ashbyhq.com/bluedot,ashby,"{""token"": ""bluedot""}"
bluelight-consulting,bluelight-consulting-careers,https://jobs.lever.co/bluelightconsulting,lever,
blueprint-technologies,blueprint-technologies-greenhouse,https://job-boards.greenhouse.io/bpcs,greenhouse,"{""token"": ""bpcs""}"
blueprint-test-prep-tutors-instructors,blueprint-test-prep-tutors-instructors-greenhouse,https://job-boards.greenhouse.io/blueprintteach,greenhouse,"{""token"": ""blueprintteach""}"
bluesky-telepsych,bluesky-telepsych-greenhouse,https://job-boards.greenhouse.io/blueskytelepsych,greenhouse,"{""token"": ""blueskytelepsych""}"
bluevine-india,bluevine-india-greenhouse,https://job-boards.greenhouse.io/bluevineindia,greenhouse,"{""token"": ""bluevineindia""}"
bluevine-us,bluevine-us-greenhouse,https://job-boards.greenhouse.io/bluevineus,greenhouse,"{""token"": ""bluevineus""}"
blushark-digital,blushark-digital-greenhouse,https://job-boards.greenhouse.io/blusharkdigital,greenhouse,"{""token"": ""blusharkdigital""}"
blykalla,blykalla-main,https://careers.blykalla.com/jobs,rss,"{""preset"": ""teamtailor"", ""feed_url"": ""https://careers.blykalla.com/jobs.rss""}"
blytheco,blytheco-greenhouse,https://job-boards.greenhouse.io/blytheco,greenhouse,"{""token"": ""blytheco""}"
bmo,bmo-careers,https://bmo.wd3.myworkdayjobs.com/external,workday,
bmw,bmw-careers-sf,https://jobs.bmwgroup.com/search,rss,"{""preset"": ""successfactors"", ""feed_url"": ""https://jobs.bmwgroup.com/googlefeed.xml""}"
bmw,bmw-cz-almacareer,https://bmw.jobs.cz/,almacareer,{}
bnp-paribas,bnp-paribas-global,https://group.bnpparibas/en/careers/all-job-offers,rss,"{""preset"": ""generic"", ""feed_url"": ""https://group.bnpparibas/en/careers/rss/offers"", ""render"": true, ""headless"": false, ""persistent_context"": true, ""channel"": ""chrome"", ""wait"": ""domcontentloaded"", ""timeout"": 30000, ""rescrape_policy"": ""never"", ""url_filter"": ""^https://group\\.bnpparibas/en/careers/job-offer/[^?#]+$"", ""pagination"": {""param_name"": ""page"", ""start"": 1, ""increment"": 1, ""page_size"": 20, ""max_pages"": 1000}, ""description_mode"": ""title_employment_location""}"
bny,bny-careers,https://eofe.fa.us2.oraclecloud.com/hcmUI/CandidateExperience/en/sites/CX_1,oracle_hcm,"{""total_count_tolerance"": 3}"
bobbie,bobbie-greenhouse,https://job-boards.greenhouse.io/bobbie,greenhouse,"{""token"": ""bobbie""}"
boddie-noell-enterprises,boddie-noell-enterprises-careers,https://bne.wd1.myworkdayjobs.com/Hardees,workday,
boehringer-ingelheim,boehringer-ingelheim-careers-global,https://jobs.boehringer-ingelheim.com/search/,rss,"{""preset"": ""successfactors"", ""feed_url"": ""https://jobs.boehringer-ingelheim.com/googlefeed.xml""}"
boeing,boeing-careers,https://boeing.wd1.myworkdayjobs.com/EXTERNAL_CAREERS,workday,"{""company"": ""boeing"", ""wd_instance"": ""wd1"", ""site"": ""EXTERNAL_CAREERS""}"
boeing,boeing-clearance,https://boeing.wd1.myworkdayjobs.com/CLEAR,workday,"{""company"": ""boeing"", ""wd_instance"": ""wd1"", ""site"": ""CLEAR""}"
boeing,boeing-hire,https://boeing.wd1.myworkdayjobs.com/HIRE,workday,"{""company"": ""boeing"", ""wd_instance"": ""wd1"", ""site"": ""HIRE""}"
boeing,boeing-intern,https://boeing.wd1.myworkdayjobs.com/INTERN,workday,"{""company"": ""boeing"", ""wd_instance"": ""wd1"", ""site"": ""INTERN""}"
boeing,boeing-mfg,https://boeing.wd1.myworkdayjobs.com/MFG,workday,"{""company"": ""boeing"", ""wd_instance"": ""wd1"", ""site"": ""MFG""}"
boeing,boeing-subsidiary,https://boeing.wd1.myworkdayjobs.com/external_subsidiary,workday,"{""company"": ""boeing"", ""wd_instance"": ""wd1"", ""site"": ""external_subsidiary""}"
bokio,bokio-bokio,https://jobs.bokio.se/,rss,"{""preset"": ""teamtailor"", ""feed_url"": ""https://jobs.bokio.se/jobs.rss""}"
bol,bol-careers,https://job-boards.greenhouse.io/bolcomen,greenhouse,"{""token"": ""bolcomen""}"
bold-business,bold-business-greenhouse,https://job-boards.greenhouse.io/boldbusiness,greenhouse,"{""token"": ""boldbusiness""}"
bolster,bolster-recruitee,https://bolster.recruitee.com,recruitee,"{""token"": ""bolster""}"
bolt,bolt-careers,https://bolt.eu/en/careers/positions/,greenhouse,"{""token"": ""boltv2""}"
bolt-new,bolt-new-greenhouse,https://job-boards.greenhouse.io/stackblitz,greenhouse,"{""token"": ""stackblitz""}"
boltz,boltz-careers,https://jobs.gem.com/boltz,gem,"{""token"": ""boltz""}"
bombardier,bombardier-careers,https://jobs.bombardier.com/,rss,"{""preset"": ""successfactors""}"
bombas,bombas-greenhouse,https://job-boards.greenhouse.io/bombas,greenhouse,"{""token"": ""bombas""}"
bon-secours-mercy-health,bon-secours-mercy-health-ireland-workday,https://wd5.myworkdaysite.com/recruiting/easyservice/bon_secours_careers,workday,"{""company"": ""easyservice"", ""wd_instance"": ""wd5"", ""site"": ""bon_secours_careers""}"
bon-secours-mercy-health,bon-secours-mercy-health-philippines-gbs,https://easyservice.wd5.myworkdayjobs.com/en-US/BonSecoursMercyHealthGlobalBusinessServicesCareers,workday,"{""company"": ""easyservice"", ""wd_instance"": ""wd5"", ""site"": ""BonSecoursMercyHealthGlobalBusinessServicesCareers""}"
bonfire-studios,bonfire-studios-careers,https://boards.greenhouse.io/bonfirestudios,greenhouse,"{""token"": ""bonfirestudios""}"
bonnier-news,bonnier-news-jobylon,https://cdn.jobylon.com/jobs/companies/1618/embed/v2/?page_size=1000,jobylon,"{""company_id"": ""1618""}"
boom,boom-ashby,https://jobs.ashbyhq.com/boom,ashby,"{""token"": ""boom""}"
boom-entertainment,boom-entertainment-greenhouse,https://job-boards.greenhouse.io/boomentertainment,greenhouse,"{""token"": ""boomentertainment""}"
boomi,boomi-pinpoint,https://boomi.pinpointhq.com,pinpoint,"{""slug"": ""boomi""}"
booz-allen-hamilton,booz-allen-hamilton-careers,https://bah.wd1.myworkdayjobs.com/bah_jobs,workday,
booz-allen-hamilton,booz-allen-hamilton-defy-security,https://jobs.ashbyhq.com/defy-security,ashby,"{""token"": ""defy-security""}"
bosch,bosch-china-campus,https://app.mokahr.com/campus-recruitment/bosch/73873,mokahr,"{""org_id"": ""bosch"", ""site_id"": 73873, ""locale"": ""zh-CN""}"
bosch,bosch-china-internships,https://app.mokahr.com/campus-recruitment/bosch/75909,mokahr,"{""org_id"": ""bosch"", ""site_id"": 75909, ""locale"": ""zh-CN""}"
bosch,bosch-cz-almacareer,https://bosch.jobs.cz/,almacareer,{}
boston-scientific,boston-scientific-careers-all,https://jobs.bostonscientific.com/go/All-Jobs-at-Boston-Scientific/386691/,rss,"{""preset"": ""successfactors"", ""feed_url"": ""https://jobs.bostonscientific.com/googlefeed.xml""}"
bot-auto,bot-auto-greenhouse,https://job-boards.greenhouse.io/botauto,greenhouse,"{""token"": ""botauto""}"
bots,bots-main,https://nl.bots.io/werken-bij-bots/,inline,"{""render"": false, ""steps"": [{""tag"": ""h3"", ""field"": ""title""}, {""tag"": ""p"", ""text"": ""Een dag kan bestaan uit:""}, {""tag"": ""li"", ""field"": ""responsibilities"", ""html"": true, ""stop"": ""Wie ben jij""}, {""tag"": ""p"", ""text"": ""Wie ben jij""}, {""tag"": ""li"", ""field"": ""qualifications"", ""html"": true, ""stop"": ""Wat bieden wij""}, {""tag"": ""p"", ""text"": ""Welkom bij BOTS Capital"", ""field"": ""description"", ""html"": true, ""stop"": ""Scroll to Top"", ""from"": 0}], ""defaults"": {""locations"": [""Netherlands""]}}"
bottomline,bottomline-greenhouse,https://job-boards.greenhouse.io/bottomlinetechnologies,greenhouse,"{""token"": ""bottomlinetechnologies""}"
boulder-care,boulder-care-greenhouse,https://job-boards.greenhouse.io/bouldercare,greenhouse,"{""token"": ""bouldercare""}"
boulevard,boulevard-greenhouse,https://job-boards.greenhouse.io/boulevard,greenhouse,"{""token"": ""boulevard""}"
bounce,bounce-careers,https://jobs.ashbyhq.com/bounce,ashby,"{""token"": ""bounce""}"
box,box-greenhouse,https://job-boards.greenhouse.io/boxinc,greenhouse,"{""token"": ""boxinc""}"
boxlunch-hot-topic,boxlunch-hot-topic-careers,https://jobs.lever.co/boxlunch,lever,
boxlunch-hot-topic,boxlunch-hot-topic-hottopic-hq-dc,https://jobs.lever.co/hottopic,lever,
boyd-gaming,boyd-gaming-boyd-interactive,https://palainteractive.bamboohr.com/careers,bamboohr,"{""tenant"": ""palainteractive""}"
boyd-gaming,boyd-gaming-design-works-gaming,https://recruiting.paylocity.com/Recruiting/Jobs/All/6aea33a3-f72a-4f46-a5be-d306bc3a68d8/Design-Works-Gaming,paylocity,
bp,bp-careers,https://bpinternational.wd3.myworkdayjobs.com/bpCareers,workday,
bp,bp-lightsource,https://careers.lightsourcebp.com/go/View-All-Jobs/8639602/,rss,"{""preset"": ""successfactors"", ""feed_url"": ""https://careers.lightsourcebp.com/googlefeed.xml""}"
bracebridge-capital,bracebridge-capital-greenhouse,https://job-boards.greenhouse.io/bracebridgecapital,greenhouse,"{""token"": ""bracebridgecapital""}"
brainco,brainco-ashby,https://jobs.ashbyhq.com/brainco,ashby,"{""token"": ""brainco""}"
brainpop,brainpop-greenhouse,https://job-boards.greenhouse.io/brainpop,greenhouse,"{""token"": ""brainpop""}"
brainstation,brainstation-greenhouse,https://job-boards.greenhouse.io/brainstation,greenhouse,"{""token"": ""brainstation""}"
braintrust,braintrust-ashby,https://jobs.ashbyhq.com/braintrust,ashby,"{""token"": ""braintrust""}"
branch,branch-greenhouse,https://job-boards.greenhouse.io/branch,greenhouse,"{""token"": ""branch""}"
branchinsurance,branchinsurance-ashby,https://jobs.ashbyhq.com/branchinsurance,ashby,"{""token"": ""branchinsurance""}"
brandtech,brandtech-greenhouse,https://job-boards.greenhouse.io/brandtechplus,greenhouse,"{""token"": ""brandtechplus""}"
brave,brave-greenhouse,https://job-boards.greenhouse.io/brave,greenhouse,"{""token"": ""brave""}"
bravehealth,bravehealth-ashby,https://jobs.ashbyhq.com/bravehealth,ashby,"{""token"": ""bravehealth""}"
bravo,bravo-recruitee,https://bravo.recruitee.com,recruitee,"{""token"": ""bravo""}"
bravo-a-cooperative-company,bravo-a-cooperative-company-greenhouse,https://job-boards.greenhouse.io/bravo,greenhouse,"{""token"": ""bravo""}"
braze,braze-greenhouse,https://job-boards.greenhouse.io/braze,greenhouse,"{""token"": ""braze""}"
breeze,breeze-greenhouse,https://job-boards.greenhouse.io/breezecash,greenhouse,"{""token"": ""breezecash""}"
breeze-airways,breeze-airways-greenhouse,https://job-boards.greenhouse.io/breezeairways,greenhouse,"{""token"": ""breezeairways""}"
breezeway,breezeway-greenhouse,https://job-boards.greenhouse.io/breezeway,greenhouse,"{""token"": ""breezeway""}"
breitling,breitling-careers,https://careers.breitling.com/search/,rss,"{""preset"": ""successfactors"", ""feed_url"": ""https://careers.breitling.com/googlefeed.xml""}"
brennan-industries,brennan-industries-greenhouse,https://job-boards.greenhouse.io/brennan,greenhouse,"{""token"": ""brennan""}"
brex,brex-greenhouse,https://job-boards.greenhouse.io/brex,greenhouse,"{""token"": ""brex""}"
bridge-to-enter-advanced-mathematics-beam,bridge-to-enter-advanced-mathematics-beam-greenhouse,https://job-boards.greenhouse.io/beam,greenhouse,"{""token"": ""beam""}"
bridgebio-pharma,bridgebio-pharma-greenhouse,https://job-boards.greenhouse.io/bridgebio,greenhouse,"{""token"": ""bridgebio""}"
bridgefund,bridgefund-careers,https://bridgefund.recruitee.com,recruitee,"{""slug"": ""bridgefund""}"
bridgestone,bridgestone-careers,https://bridgestone.wd5.myworkdayjobs.com/external,workday,"{""company"": ""bridgestone"", ""wd_instance"": ""wd5"", ""site"": ""external""}"
bridgestone,bridgestone-careers-apac,https://careers.bridgestone-asiapacific.com/search/,rss,"{""preset"": ""successfactors"", ""feed_url"": ""https://careers.bridgestone-asiapacific.com/googlefeed.xml"", ""variant"": ""feed""}"
bridgestone,bridgestone-careers-emea,https://careers.bridgestone-emea.com/reg/,rss,"{""preset"": ""successfactors"", ""feed_url"": ""https://careers.bridgestone-emea.com/googlefeed.xml"", ""variant"": ""feed""}"
bridgewater-associates,bridgewater-associates-greenhouse,https://job-boards.greenhouse.io/bridgewater89,greenhouse,"{""token"": ""bridgewater89""}"
bright,bright-pinpoint,https://bright.pinpointhq.com,pinpoint,"{""slug"": ""bright""}"
bright-horizons,bright-horizons-careers,https://brighthorizons.wd5.myworkdayjobs.com/External-UnitedKingdom,workday,"{""company"": ""brighthorizons"", ""wd_instance"": ""wd5"", ""site"": ""External-UnitedKingdom""}"
brightai-corporation,brightai-corporation-greenhouse,https://job-boards.greenhouse.io/brightai,greenhouse,"{""token"": ""brightai""}"
brightcore-energy,brightcore-energy-greenhouse,https://job-boards.greenhouse.io/brightcoreenergy,greenhouse,"{""token"": ""brightcoreenergy""}"
brightflag,brightflag-greenhouse,https://job-boards.greenhouse.io/brightflag,greenhouse,"{""token"": ""brightflag""}"
brightnetwork,brightnetwork-pinpoint,https://brightnetwork.pinpointhq.com,pinpoint,"{""slug"": ""brightnetwork""}"
brigit,brigit-ashby,https://jobs.ashbyhq.com/brigit,ashby,"{""token"": ""brigit""}"
brilliant,brilliant-lever,https://jobs.lever.co/brilliant,lever,"{""token"": ""brilliant""}"
bringg,bringg-greenhouse,https://job-boards.greenhouse.io/bringg,greenhouse,"{""token"": ""bringg""}"
brinker-international,brinker-international-careers,https://fa-etjg-saasfaprod1.fa.ocs.oraclecloud.com/hcmUI/CandidateExperience/en/sites/rsc,oracle_hcm,
brinqa,brinqa-greenhouse,https://job-boards.greenhouse.io/brinqa,greenhouse,"{""token"": ""brinqa""}"
bristol-myers-squibb,bristol-myers-squibb-contractors,https://careers.curately.ai/jobs/bms,curately,"{""short_name"": ""bms"", ""client_id"": 6, ""days_back"": 180, ""currency"": ""USD"", ""salary_unit"": ""hour"", ""language"": ""en"", ""snapshot_attempts"": 3, ""semantic_zero_attempts"": 3}"
brite-payments,brite-payments-teamtailor,https://careers.britepayments.com/jobs,rss,"{""preset"": ""teamtailor"", ""feed_url"": ""https://careers.britepayments.com/jobs.rss""}"
british-american-tobacco,british-american-tobacco-czech,https://bat.jobs.cz/volne-pozice,almacareer,{}
british-american-tobacco,british-american-tobacco-poland-augustow,https://bataug.traffit.com/career/,traffit,"{""slug"": ""bataug""}"
british-american-tobacco,british-american-tobacco-poland-retail,https://bat.traffit.com/career/,traffit,"{""slug"": ""bat""}"
broadcom,broadcom-workday,https://broadcom.wd1.myworkdayjobs.com/External_Career,workday,"{""tenant"": ""broadcom"", ""board"": ""External_Career""}"
broadsign-careers,broadsign-careers-greenhouse,https://job-boards.greenhouse.io/broadsign,greenhouse,"{""token"": ""broadsign""}"
broadway-ventures,broadway-ventures-greenhouse,https://job-boards.greenhouse.io/broadwayventures,greenhouse,"{""token"": ""broadwayventures""}"
brookdale-senior-living,brookdale-senior-living-careers,https://ibmwjb.fa.ocs.oraclecloud.com/hcmUI/CandidateExperience/en/sites/CX_1,oracle_hcm,
brooklinen,brooklinen-greenhouse,https://job-boards.greenhouse.io/brooklinen,greenhouse,"{""token"": ""brooklinen""}"
brookshires,brookshires-careers,https://brookshires.wd108.myworkdayjobs.com/bgc,workday,
broward-county-public-schools,broward-county-public-schools-careers,https://careers.browardschools.com/,rss,"{""preset"": ""successfactors""}"
brown-university-health,brown-university-health-careers,https://brownhealth.wd12.myworkdayjobs.com/External_Careers,workday,
browserbase,browserbase-ashby,https://jobs.ashbyhq.com/browserbase,ashby,"{""token"": ""browserbase""}"
brunswick-group,brunswick-group-greenhouse,https://job-boards.greenhouse.io/brunswickgroup,greenhouse,"{""token"": ""brunswickgroup""}"
bryter,bryter-teamtailor,https://bryter.teamtailor.com/jobs,rss,"{""preset"": ""teamtailor"", ""feed_url"": ""https://bryter.teamtailor.com/jobs.rss""}"
bswift,bswift-greenhouse,https://job-boards.greenhouse.io/bswift,greenhouse,"{""token"": ""bswift""}"
bswift-india,bswift-india-greenhouse,https://job-boards.greenhouse.io/bswiftindia,greenhouse,"{""token"": ""bswiftindia""}"
btg-pactual,btg-pactual-greenhouse,https://job-boards.greenhouse.io/btgpactual,greenhouse,"{""token"": ""btgpactual""}"
btig,btig-greenhouse,https://job-boards.greenhouse.io/btig27,greenhouse,"{""token"": ""btig27""}"
bubble,bubble-ashby,https://jobs.ashbyhq.com/bubble,ashby,"{""token"": ""bubble""}"
bubble-skincare,bubble-skincare-greenhouse,https://job-boards.greenhouse.io/bubbleskincare,greenhouse,"{""token"": ""bubbleskincare""}"
bucher-industries,bucher-industries-emhartglass,https://careers.emhartglass.com/,rss,"{""preset"": ""teamtailor"", ""feed_url"": ""https://careers.emhartglass.com/jobs.rss""}"
bug-bounty-switzerland,bug-bounty-switzerland-careers,https://jobs.ashbyhq.com/bug-bounty-switzerland,ashby,"{""token"": ""bug-bounty-switzerland""}"
bugcrowd,bugcrowd-greenhouse,https://job-boards.greenhouse.io/bugcrowd,greenhouse,"{""token"": ""bugcrowd""}"
build,build-ashby,https://jobs.ashbyhq.com/build,ashby,"{""token"": ""build""}"
builder-io,builder-io-greenhouse,https://job-boards.greenhouse.io/builder,greenhouse,"{""token"": ""builder""}"
buildkite,buildkite-greenhouse,https://job-boards.greenhouse.io/buildkite,greenhouse,"{""token"": ""buildkite""}"
buildops,buildops-greenhouse,https://job-boards.greenhouse.io/buildops,greenhouse,"{""token"": ""buildops""}"
built,built-pinpoint,https://built.pinpointhq.com,pinpoint,"{""slug"": ""built""}"
built-in,built-in-greenhouse,https://job-boards.greenhouse.io/builtin,greenhouse,"{""token"": ""builtin""}"
built-robotics,built-robotics-ashby,https://jobs.ashbyhq.com/built-robotics,ashby,"{""token"": ""built-robotics""}"
built-technologies,built-technologies-greenhouse,https://job-boards.greenhouse.io/getbuilt,greenhouse,"{""token"": ""getbuilt""}"
bumble,bumble-careers,https://jobs.lever.co/bumbleinc,lever,"{""token"": ""bumbleinc""}"
bunge,bunge-careers,https://jobs.bunge.com/,rss,"{""preset"": ""successfactors"", ""feed_url"": ""https://jobs.bunge.com/googlefeed.xml""}"
bunge,bunge-careers-ca-viterra,https://viterra.wd3.myworkdayjobs.com/External-CAN,workday,"{""company"": ""viterra"", ""wd_instance"": ""wd3"", ""site"": ""External-CAN"", ""all_sites"": false}"
bunge,bunge-careers-de-magdeburg,https://bungemagdeburggmbh.recruitee.com/,recruitee,"{""slug"": ""bungemagdeburggmbh""}"
bunge,bunge-careers-us-viterra,https://recruiting2.ultipro.com/GAV1000GAVIL/JobBoard/43785dcd-0e9b-4e1d-bbc8-dbf38baa802b/,ukg,"{""host"": ""recruiting2.ultipro.com"", ""tenant"": ""GAV1000GAVIL"", ""board_id"": ""43785dcd-0e9b-4e1d-bbc8-dbf38baa802b""}"
bupa,bupa-careers,https://bupa.wd3.myworkdayjobs.com/EXT_CAREER,workday,
bupa,bupa-turkey-acibadem,https://elvh.fa.em2.oraclecloud.com/hcmUI/CandidateExperience/tr/sites/CX_2001/,oracle_hcm,"{""host"":""elvh.fa.em2.oraclecloud.com"",""site"":""CX_2001"",""jobs_count"":1}"
burckhardt-compression,burckhardt-compression-global,https://careers.burckhardtcompression.com/search/,rss,"{""preset"": ""successfactors"", ""feed_url"": ""https://careers.burckhardtcompression.com/googlefeed.xml""}"
bureau-veritas,bureau-veritas-global,https://careers.bureauveritas.com/go/Our-job-offers/4113401/,rss,"{""preset"": ""successfactors"", ""feed_url"": ""https://careers.bureauveritas.com/googlefeed.xml""}"
business-insider,business-insider-greenhouse,https://job-boards.greenhouse.io/insider,greenhouse,"{""token"": ""insider""}"
butternut-box,butternut-box-greenhouse,https://job-boards.greenhouse.io/butternutbox,greenhouse,"{""token"": ""butternutbox""}"
bux,bux-main,https://careers.getbux.com/jobs,rss,"{""preset"": ""teamtailor"", ""feed_url"": ""https://careers.getbux.com/jobs.rss""}"
buyers-edge-platform-llc,buyers-edge-platform-llc-greenhouse,https://job-boards.greenhouse.io/buyersedgeplatformrecruiting,greenhouse,"{""token"": ""buyersedgeplatformrecruiting""}"
buynomics,buynomics-greenhouse,https://job-boards.greenhouse.io/buynomics,greenhouse,"{""token"": ""buynomics""}"
buzz-solutions,buzz-solutions-greenhouse,https://job-boards.greenhouse.io/buzzsolutions,greenhouse,"{""token"": ""buzzsolutions""}"
bvnk,bvnk-greenhouse,https://job-boards.greenhouse.io/bvnk,greenhouse,"{""token"": ""bvnk""}"
by-the-bay-health,by-the-bay-health-greenhouse,https://job-boards.greenhouse.io/bythebayhealth,greenhouse,"{""token"": ""bythebayhealth""}"
bybit,bybit-greenhouse,https://job-boards.greenhouse.io/bybit,greenhouse,"{""token"": ""bybit""}"
byd-north-america,byd-north-america-greenhouse,https://job-boards.greenhouse.io/byd,greenhouse,"{""token"": ""byd""}"
byggmax,byggmax-jobylon,https://cdn.jobylon.com/jobs/companies/1028/embed/v2/?page_size=1000,jobylon,"{""company_id"": ""1028""}"
c-and-a,c-and-a-careers,https://jobs.canda.com/,rss,"{""preset"": ""successfactors""}"
c12,c12-careers,https://jobs.lever.co/c12qe,lever,"{""token"": ""c12qe""}"
c3-ai,c3-ai-greenhouse,https://job-boards.greenhouse.io/c3iot,greenhouse,"{""token"": ""c3iot""}"
c6-bank,c6-bank-greenhouse,https://job-boards.greenhouse.io/c6bank,greenhouse,"{""token"": ""c6bank""}"
cabify,cabify-greenhouse,https://job-boards.greenhouse.io/cabify,greenhouse,"{""token"": ""cabify""}"
cabrillo-hospice,cabrillo-hospice-greenhouse,https://job-boards.greenhouse.io/cabrillohospice,greenhouse,"{""token"": ""cabrillohospice""}"
caddell-construction,caddell-construction-greenhouse,https://job-boards.greenhouse.io/caddellconstruction,greenhouse,"{""token"": ""caddellconstruction""}"
cadence-solutions,cadence-solutions-greenhouse,https://job-boards.greenhouse.io/cadencesolutions,greenhouse,"{""token"": ""cadencesolutions""}"
cadwell,cadwell-greenhouse,https://job-boards.greenhouse.io/cadwell,greenhouse,"{""token"": ""cadwell""}"
caesars-entertainment,caesars-entertainment-careers,https://edmn.fa.us2.oraclecloud.com/hcmUI/CandidateExperience/en/sites/CX_1,oracle_hcm,
caesars-entertainment,caesars-entertainment-harrahs-cherokee,https://epgr.fa.us6.oraclecloud.com/hcmUI/CandidateExperience/en/sites/CX_1002,oracle_hcm,
caesars-entertainment,caesars-entertainment-harrahs-socal,https://edmn.fa.us2.oraclecloud.com/hcmUI/CandidateExperience/en/sites/CX_8001,oracle_hcm,
caesars-entertainment,caesars-entertainment-harrahs-valley-river,https://epgr.fa.us6.oraclecloud.com/hcmUI/CandidateExperience/en/sites/CX_1001,oracle_hcm,
caffeine-ai,caffeine-ai-careers,https://jobs.gem.com/caffeine-ai,gem,"{""token"": ""caffeine-ai""}"
cais,cais-greenhouse,https://job-boards.greenhouse.io/cais,greenhouse,"{""token"": ""cais""}"
calendly,calendly-greenhouse,https://job-boards.greenhouse.io/calendly,greenhouse,"{""token"": ""calendly""}"
calendly,calendly-recruitee,https://calendly.recruitee.com,recruitee,"{""token"": ""calendly""}"
california-academy-of-sciences,california-academy-of-sciences-greenhouse,https://job-boards.greenhouse.io/californiaacademyofsciences,greenhouse,"{""token"": ""californiaacademyofsciences""}"
california-autism-center,california-autism-center-greenhouse,https://job-boards.greenhouse.io/californiaautismcenter,greenhouse,"{""token"": ""californiaautismcenter""}"
california-state-university,california-state-university-careers,https://careers.pageuppeople.com/873/cw/en-us,pageup,
callista,callista-recruitee,https://callista.recruitee.com,recruitee,"{""company"": ""callista""}"
calm-com,calm-com-greenhouse,https://job-boards.greenhouse.io/calm,greenhouse,"{""token"": ""calm""}"
calyxo,calyxo-greenhouse,https://job-boards.greenhouse.io/calyxo,greenhouse,"{""token"": ""calyxo""}"
camber,camber-careers,https://jobs.ashbyhq.com/camber,ashby,"{""board_token"": ""camber""}"
cambly,cambly-ashby,https://jobs.ashbyhq.com/cambly,ashby,"{""token"": ""cambly""}"
cambridge-mobile-telematics,cambridge-mobile-telematics-greenhouse,https://job-boards.greenhouse.io/cmt,greenhouse,"{""token"": ""cmt""}"
camp,camp-greenhouse,https://job-boards.greenhouse.io/camp,greenhouse,"{""token"": ""camp""}"
campfire,campfire-ashby,https://jobs.ashbyhq.com/campfire,ashby,"{""token"": ""campfire""}"
camping-world,camping-world-careers,https://campingworld.wd5.myworkdayjobs.com/jobs,workday,
canals,canals-ashby,https://jobs.ashbyhq.com/canals,ashby,"{""token"": ""canals""}"
candidly,candidly-greenhouse,https://job-boards.greenhouse.io/candidly,greenhouse,"{""token"": ""candidly""}"
cannabis-glass,cannabis-glass-greenhouse,https://job-boards.greenhouse.io/cannabisandglass,greenhouse,"{""token"": ""cannabisandglass""}"
cannondesign,cannondesign-greenhouse,https://job-boards.greenhouse.io/cannondesign,greenhouse,"{""token"": ""cannondesign""}"
canonical,canonical-greenhouse,https://job-boards.greenhouse.io/canonical,greenhouse,"{""token"": ""canonical""}"
canopy,canopy-greenhouse,https://job-boards.greenhouse.io/canopytax,greenhouse,"{""token"": ""canopytax""}"
cantina,cantina-ashby,https://jobs.ashbyhq.com/cantina,ashby,"{""token"": ""cantina""}"
canto,canto-careers,https://boards.greenhouse.io/canto,greenhouse,"{""token"": ""canto""}"
canton-of-fribourg,canton-of-fribourg-main,https://jobs.fr.ch/,rss,"{""preset"": ""successfactors"", ""feed_url"": ""https://jobs.fr.ch/googlefeed.xml"", ""detail_fields"": {""service"": ""dept"", ""adcode"": ""adcode""}, ""url_filter"": {""exclude"": ""(?i)SIERA""}, ""url_allowlist"": ""^https://jobs\\.fr\\.ch/(?:Police_Cantonale/)?job/[^?#]+/[0-9]+/$"", ""job_filter"": {""field"": ""metadata.service"", ""include"": ""(?i)^(?:Amt für Archäologie|Amt für Berufsberatung und Erwachsenenbildung|Amt für Gemeinden|Amt für Kulturgüter|Amt für Personal und Organisation|Amt für den Arbeitsmarkt|Chancellerie d.Etat|Conseil de la magistrature|Friedensgericht des Saanebezirks|Hochbauamt|Justice de paix de l.arrondissement de la (?:Glâne|Gruyère|Sarine)|Justizrat|Kantonale Steuerverwaltung - Steuern|Kantonales Sozialamt|Kantonspolizei|Police cantonale|Préfecture de la Gruyère|SDA - Amt für Statistik und Daten|SSD - Service de la statistique et de la donnée|Service archéologique|Service cantonal des contributions|Service de l.action sociale|Service de l.enfance et de la jeunesse|Service de l.enseignement obligatoire de langue fr|Service des biens culturels|Service des bâtiments|Service du personnel et d.organisation|Service public de l.emploi|Staatskanzlei des Kantons Freiburg|Amt für (?:Berufsbildung|Gewerbepolizei|Mobilität|Umwelt|Unterricht der Sekundarstufe 2|Wald und Natur)|Generalsekretariat der Direktion (?:der Institutionen.*|für Raumentwicklu.*)|Grundbuchamt des Sensebezirks|Jugendamt|Museum für Kunst und Geschichte|Musée d.art et d.histoire|SENa - Service de l.état civil et des naturalisati.*|Secrétariat général de la Direction (?:des institutio.*|du développeme.*)|Service de (?:la formation professionnelle|la mobilité|la police du commerce|l.environnement|l.informatique et des télécommunication.*)|Service de l.enseignement secondaire du deuxième d.*|Service des (?:forêts et de la nature|ponts et chaussées|subsides de formation)|Tiefbauamt|Tribunal (?:cantonal|de l.arrondissement de la (?:Glâne|Sarine))|ZEiA - Amt für Zivilstand und Einbürgerung)$"", ""exclude"": ""(?i)^(?:Unifr-.*|Réseau fribourgeois de santé mentale|Freiburger Netzwerk für psychische Gesundheit|Haute école de gestion Fribourg|Hochschule für Wirtschaft Freiburg|Haute école de travail social Fribourg|Hochschule für soziale Arbeit Freiburg|Etablissement cantonal des assurances sociales|Kantonale Sozialversicherungsanstalt|Caisse de prévoyance du personnel de l.Etat de Fri(?:bourg)?|Pensionskasse des Staatspersonals Freiburg|Grangeneuve|Etablissement de détention fribourgeois|Freiburger Strafanstalt|Haute école d.ingénierie et d.architecture Fribour(?:g)?|Hochschule für Technik und Architektur Freiburg|Haute école de santé Fribourg|Hochschule für Gesundheit Freiburg)$"", ""require_classification"": true}, ""url_transform"": {""find"": ""^https://jobs\\.fr\\.ch/(?:Police_Cantonale/)?job/[^?#]+/[0-9]+/$"", ""replace"": ""https://jobs.fr.ch/search/?q={identity}"", ""collision_policy"": ""prefer_source_pattern"", ""collision_preferred_source_patterns"": [""^https://jobs\\.fr\\.ch/(?:Police_Cantonale/)?job/""], ""collision_canonical_identity_regex"": ""^https://jobs\\.fr\\.ch/search/\\?q=([0-9]+)$"", ""collision_identity_metadata_key"": ""adcode"", ""collision_stream_buffer_limit"": 500}}"
canton-of-valais,canton-of-valais-police-aspirants,https://job.policevalais.ch/postuler-maintenant/,inline,"{""fetch_contains"": ""Postuler maintenant"", ""empty_selector"": "".elementor-element-2db4f9a .elementor-widget-container"", ""empty_text"": ""La campagne de recrutement pour l\u2019\u00e9cole de police 2026 est termin\u00e9e"", ""steps"": [{""tag"": ""span"", ""text"": ""Devenir polici\u00e8re / policier"", ""field"": ""title""}, {""tag"": ""div"", ""attr"": ""data-id=1dad422"", ""field"": ""description"", ""html"": true}, {""tag"": ""p"", ""text"": ""sessions d\u2019examens \u00e0 Sion"", ""field"": ""location"", ""regex"": ""(Sion)"", ""from"": 0}], ""preserve_single_location"": true}"
canton-of-vaud,canton-of-vaud-administration,https://offres-emploi.vd.ch/#fr/sites/CX_1,oracle_hcm,"{""host"": ""fa-ewrg-saasfaeuraprod1.fa.ocs.oraclecloud.com"", ""site"": ""CX_1""}"
canton-of-vaud,canton-of-vaud-enseignement,https://offres-emploi.vd.ch/#fr/sites/enseignement,oracle_hcm,"{""host"": ""fa-ewrg-saasfaeuraprod1.fa.ocs.oraclecloud.com"", ""site"": ""CX_1001""}"
capco,capco-greenhouse,https://job-boards.greenhouse.io/capco,greenhouse,"{""token"": ""capco""}"
cape,cape-ashby,https://jobs.ashbyhq.com/cape,ashby,"{""token"": ""cape""}"
capgemini,capgemini-cambridge-consultants,https://job-boards.eu.greenhouse.io/cambridgeconsultantslimited,greenhouse,"{""token"": ""cambridgeconsultantslimited""}"
capgemini,capgemini-careers-legacy,https://jobs.capgemini.com/,rss,"{""preset"": ""generic"", ""feed_url"": ""https://jobs.capgemini.com/services/rss/job/?locale=en_US"", ""url_allowlist"": ""^https://jobs\\.capgemini\\.com/job/[^/?#]+/[1-9]\\d{0,15}/?(?:\\?[^#]*)?$"", ""url_transform"": {""find"": ""^(https://jobs\\.capgemini\\.com/job/[^/?#]+/[1-9]\\d{0,15}/?)(?:\\?[^#]*)?$"", ""replace"": ""\\1""}}"
capgemini,capgemini-government-solutions,https://recruiting.ultipro.com/CAP1009CAPGE/JobBoard/5178abe8-537c-41a6-96cc-fce9104c8f2f,ukg,"{""host"": ""recruiting.ultipro.com"", ""tenant"": ""CAP1009CAPGE"", ""board_id"": ""5178abe8-537c-41a6-96cc-fce9104c8f2f"", ""listing_url"": ""https://recruiting.ultipro.com/CAP1009CAPGE/JobBoard/5178abe8-537c-41a6-96cc-fce9104c8f2f""}"
capgemini,capgemini-purpose,https://job-boards.greenhouse.io/jobsatpurpose,greenhouse,"{""token"": ""jobsatpurpose""}"
capintel,capintel-greenhouse,https://job-boards.greenhouse.io/capintel,greenhouse,"{""token"": ""capintel""}"
capital-farm-credit,capital-farm-credit-greenhouse,https://job-boards.greenhouse.io/capitalfarmcredit,greenhouse,"{""token"": ""capitalfarmcredit""}"
capital-group,capital-group-careers,https://capgroup.wd1.myworkdayjobs.com/capitalgroupcareers,workday,"{""company"": ""capgroup"", ""wd_instance"": ""wd1"", ""site"": ""capitalgroupcareers""}"
capital-on-tap,capital-on-tap-greenhouse,https://job-boards.greenhouse.io/capitalontap,greenhouse,"{""token"": ""capitalontap""}"
capital-one,capital-one-workday,https://capitalone.wd12.myworkdayjobs.com/Capital_One,workday,"{""company"": ""capitalone"", ""wd_instance"": ""wd12"", ""site"": ""Capital_One""}"
capital-technology-group,capital-technology-group-greenhouse,https://job-boards.greenhouse.io/capitaltg,greenhouse,"{""token"": ""capitaltg""}"
capstone,capstone-greenhouse,https://job-boards.greenhouse.io/capstonedc,greenhouse,"{""token"": ""capstonedc""}"
capsule,capsule-ashby,https://jobs.ashbyhq.com/capsule,ashby,"{""token"": ""capsule""}"
carbon-direct,carbon-direct-greenhouse,https://job-boards.greenhouse.io/carbondirect,greenhouse,"{""token"": ""carbondirect""}"
carbonchain,carbonchain-greenhouse,https://job-boards.greenhouse.io/carbonchain,greenhouse,"{""token"": ""carbonchain""}"
carbonfuture,carbonfuture-greenhouse,https://job-boards.greenhouse.io/carbonfuture,greenhouse,"{""token"": ""carbonfuture""}"
cardinal-health,cardinal-health-careers,https://cardinalhealth.wd1.myworkdayjobs.com/ext,workday,
cardinal-health,cardinal-health-navista-ion,https://ionetwork.wd5.myworkdayjobs.com/Navista,workday,"{""company"": ""ionetwork"", ""wd_instance"": ""wd5"", ""site"": ""Navista""}"
cardinal-health,cardinal-health-specialty-alliance,https://job-boards.greenhouse.io/thegialliancemanagementllccompany,greenhouse,"{""token"": ""thegialliancemanagementllccompany""}"
care-access,care-access-greenhouse,https://job-boards.greenhouse.io/careaccess,greenhouse,"{""token"": ""careaccess""}"
care-com,care-com-greenhouse,https://job-boards.greenhouse.io/carecom,greenhouse,"{""token"": ""carecom""}"
care-international,care-international-careers-nigeria,https://carenigeria.seamlesshiring.com/,seamlesshiring,"{""tenant"": ""carenigeria""}"
care-international,care-international-careers-vietnam,https://www.careers-page.com/care-vietnam,manatal,"{""slug"": ""care-vietnam""}"
caredx-inc,caredx-inc-greenhouse,https://job-boards.greenhouse.io/caredxinc,greenhouse,"{""token"": ""caredxinc""}"
career-team,career-team-greenhouse,https://job-boards.greenhouse.io/careerteam,greenhouse,"{""token"": ""careerteam""}"
careers-at-eucalyptus,careers-at-eucalyptus-greenhouse,https://job-boards.greenhouse.io/eucalyptus,greenhouse,"{""token"": ""eucalyptus""}"
careers-at-libra-group,careers-at-libra-group-greenhouse,https://job-boards.greenhouse.io/thelibragroup,greenhouse,"{""token"": ""thelibragroup""}"
careers-at-nlc,careers-at-nlc-greenhouse,https://job-boards.greenhouse.io/nlcventures,greenhouse,"{""token"": ""nlcventures""}"
careers-at-tide,careers-at-tide-greenhouse,https://job-boards.greenhouse.io/tide,greenhouse,"{""token"": ""tide""}"
carefeed,carefeed-greenhouse,https://job-boards.greenhouse.io/carefeed,greenhouse,"{""token"": ""carefeed""}"
cargill,cargill-global,https://jobs.cargill.com/,rss,"{""preset"": ""successfactors""}"
cargomatic,cargomatic-greenhouse,https://job-boards.greenhouse.io/cargomatic,greenhouse,"{""token"": ""cargomatic""}"
cargurus,cargurus-greenhouse,https://job-boards.greenhouse.io/cargurus,greenhouse,"{""token"": ""cargurus""}"
caribou,caribou-ashby,https://jobs.ashbyhq.com/caribou,ashby,"{""token"": ""caribou""}"
caribou-financial,caribou-financial-greenhouse,https://job-boards.greenhouse.io/caribou,greenhouse,"{""token"": ""caribou""}"
carilion-clinic,carilion-clinic-careers,https://carilionclinic.wd12.myworkdayjobs.com/external_careers,workday,
carmax,carmax-careers,https://carmax.wd1.myworkdayjobs.com/external,workday,
caronsale,caronsale-greenhouse,https://job-boards.greenhouse.io/caronsale,greenhouse,"{""token"": ""caronsale""}"
carrefour-france,carrefour-france-careers-be,https://belgiumjobs.carrefour.eu/,rss,"{""preset"": ""successfactors"", ""feed_url"": ""https://belgiumjobs.carrefour.eu/googlefeed.xml""}"
carrier,carrier-careers,https://carrier.wd5.myworkdayjobs.com/jobs,workday,
carrot,carrot-greenhouse,https://job-boards.greenhouse.io/carrotfertility,greenhouse,"{""token"": ""carrotfertility""}"
carta,carta-greenhouse,https://job-boards.greenhouse.io/carta,greenhouse,"{""token"": ""carta""}"
cartwheel,cartwheel-greenhouse,https://job-boards.greenhouse.io/cartwheelcare,greenhouse,"{""token"": ""cartwheelcare""}"
cartwheelcare,cartwheelcare-careers,https://boards.greenhouse.io/cartwheelcare,greenhouse,"{""token"": ""cartwheelcare""}"
carvana,carvana-careers,https://job-boards.greenhouse.io/carvana,greenhouse,
casechek,casechek-greenhouse,https://job-boards.greenhouse.io/casechek,greenhouse,"{""token"": ""casechek""}"
caseguard,caseguard-greenhouse,https://job-boards.greenhouse.io/caseguard,greenhouse,"{""token"": ""caseguard""}"
casetify,casetify-greenhouse,https://job-boards.greenhouse.io/casetify,greenhouse,"{""token"": ""casetify""}"
cast-ai,cast-ai-greenhouse,https://job-boards.greenhouse.io/castaigroupinc,greenhouse,"{""token"": ""castaigroupinc""}"
category-labs,category-labs-ashby,https://jobs.ashbyhq.com/category-labs,ashby,"{""token"": ""category-labs""}"
catena-clearing,catena-clearing-greenhouse,https://job-boards.greenhouse.io/catenaclearing,greenhouse,"{""token"": ""catenaclearing""}"
caterpillar,caterpillar-careers,https://cat.wd5.myworkdayjobs.com/CaterpillarCareers,workday,
catl,catl-careers,https://www.catl-career.com/search/?locale=en_US,rss,"{""url"": ""https://www.catl-career.com/googlefeed.xml"", ""preset"": ""successfactors""}"
cato-networks,cato-networks-greenhouse,https://job-boards.greenhouse.io/catonetworks,greenhouse,"{""token"": ""catonetworks""}"
cattaneo-zanetto-pomposo-co,cattaneo-zanetto-pomposo-co-greenhouse,https://job-boards.greenhouse.io/cattaneozanetto,greenhouse,"{""token"": ""cattaneozanetto""}"
causalens,causalens-recruitee,https://causalens.recruitee.com/,recruitee,"{""slug"": ""causalens"", ""api_base"": ""https://causalens.recruitee.com""}"
caylent,caylent-greenhouse,https://job-boards.greenhouse.io/caylent,greenhouse,"{""token"": ""caylent""}"
cb-insights,cb-insights-greenhouse,https://job-boards.greenhouse.io/cbinsights,greenhouse,"{""token"": ""cbinsights""}"
cbh-bank,cbh-bank-linkedin-global,https://www.linkedin.com/jobs/cbh-banking-group-jobs-worldwide?f_C=4861902,linkedin,"{""company_id"": ""4861902"", ""company_slug"": ""cbh-compagnie-bancaire-helv-tique-sa""}"
cec-entertainment,cec-entertainment-careers,https://cecentertainment.wd5.myworkdayjobs.com/cec_careers,workday,
cedar,cedar-ashby,https://jobs.ashbyhq.com/cedar,ashby,"{""token"": ""cedar""}"
cedars-sinai,cedars-sinai-careers,https://hdkk.fa.us6.oraclecloud.com/hcmUI/CandidateExperience/en/sites/CX_1,oracle_hcm,
celestia,celestia-recruitee,https://celestia.recruitee.com,recruitee,"{""token"": ""celestia""}"
celestica,celestica-careers,https://careers.celestica.com/,rss,"{""preset"": ""successfactors""}"
celigo,celigo-greenhouse,https://job-boards.greenhouse.io/celigo,greenhouse,"{""token"": ""celigo""}"
celonis,celonis-greenhouse,https://job-boards.greenhouse.io/celonis,greenhouse,"{""token"": ""celonis""}"
cencora,cencora-careers,https://myhrabc.wd5.myworkdayjobs.com/global,workday,
cencora,cencora-careers-rca,https://www.retinaconsultantsofamerica.com/about-rca/careers,inline,"{""fetch_contains"": ""Ophthalmic Photographer"", ""item_boundary_tag"": ""h3"", ""require_zero_proof"": true, ""steps"": [{""tag"": ""h3"", ""field"": ""title""}, {""tag"": ""h4"", ""text"": ""Summary"", ""field"": ""description"", ""html"": true, ""stop_tag"": ""h2""}], ""defaults"": {""locations"": [""Texas, USA""], ""employment_type"": ""full_time""}}"
cencora,cencora-careers-vintura,https://www.vintura.com/consultant-jobs/,inline,"{""item_boundary_tag"": ""h5"", ""steps"": [{""tag"": ""h5"", ""field"": ""title""}, {""tag"": ""p"", ""field"": ""description"", ""html"": true, ""stop_tag"": [""h5"", ""h3""]}], ""defaults"": {""locations"": [""Netherlands""], ""employment_type"": ""full_time""}}"
cencora,cencora-oneoncology-greenhouse,https://job-boards.greenhouse.io/oneoncology,greenhouse,"{""token"": ""oneoncology""}"
cencora,cencora-oneoncology-workday,https://oneoncology.wd1.myworkdayjobs.com/en-US/OneOncology,workday,"{""company"": ""oneoncology"", ""wd_instance"": ""wd1"", ""site"": ""OneOncology""}"
censys,censys-greenhouse,https://job-boards.greenhouse.io/censys,greenhouse,"{""token"": ""censys""}"
center-for-employment-opportunities,center-for-employment-opportunities-greenhouse,https://job-boards.greenhouse.io/centerforemploymentopportunities,greenhouse,"{""token"": ""centerforemploymentopportunities""}"
centessa-pharmaceuticals-llc,centessa-pharmaceuticals-llc-greenhouse,https://job-boards.greenhouse.io/centessapharmaceuticalsinc,greenhouse,"{""token"": ""centessapharmaceuticalsinc""}"
centralreach,centralreach-greenhouse,https://job-boards.greenhouse.io/centralreach,greenhouse,"{""token"": ""centralreach""}"
centria-autism,centria-autism-careers,https://job-boards.greenhouse.io/centriaautism,greenhouse,
centric-software,centric-software-careers-workday,https://centricsoftware.wd501.myworkdayjobs.com/Centric,workday,"{""company"": ""centricsoftware"", ""wd_instance"": ""wd501"", ""site"": ""Centric""}"
centrum-health,centrum-health-greenhouse,https://job-boards.greenhouse.io/centrumhealth,greenhouse,"{""token"": ""centrumhealth""}"
centurion-health,centurion-health-careers,https://www.paycomonline.net/v4/ats/web.php/portal/902b461213211e2e52703b6504151f89/career-page,paycom,
cerebras-systems,cerebras-systems-greenhouse,https://job-boards.greenhouse.io/cerebrassystems,greenhouse,"{""token"": ""cerebrassystems""}"
ceribell-inc,ceribell-inc-greenhouse,https://job-boards.greenhouse.io/ceribell,greenhouse,"{""token"": ""ceribell""}"
cfmoto,cfmoto-careers,https://cfmoto.zhiye.com/,beisen,
cfmoto,cfmoto-europe,https://www.linkedin.com/company/cfmoto-europe/jobs/,linkedin,"{""company_slug"": ""cfmoto-europe"", ""company_id"": ""110294001""}"
cfmoto,cfmoto-global-linkedin,https://www.linkedin.com/company/cfmotoofficial/jobs/,linkedin,"{""company_slug"": ""cfmotoofficial"", ""company_id"": ""100751905""}"
cfmoto,cfmoto-usa,https://www.linkedin.com/company/cfmoto-usa/jobs/,linkedin,"{""company_slug"": ""cfmoto-usa"", ""company_id"": ""9459851""}"
cfo-insights,cfo-insights-greenhouse,https://job-boards.greenhouse.io/cfoinsights,greenhouse,"{""token"": ""cfoinsights""}"
cgs-group,cgs-group-greenhouse,https://job-boards.greenhouse.io/computergeneratedsolutions,greenhouse,"{""token"": ""computergeneratedsolutions""}"
chaidiscovery,chaidiscovery-ashby,https://jobs.ashbyhq.com/chaidiscovery,ashby,"{""token"": ""chaidiscovery""}"
chainguard,chainguard-greenhouse,https://job-boards.greenhouse.io/chainguard,greenhouse,"{""token"": ""chainguard""}"
chalk,chalk-greenhouse,https://job-boards.greenhouse.io/chalkinc,greenhouse,"{""token"": ""chalkinc""}"
champions-group-holdings,champions-group-holdings-greenhouse,https://job-boards.greenhouse.io/championsgroupholdings,greenhouse,"{""token"": ""championsgroupholdings""}"
chan-zuckerberg-initiative,chan-zuckerberg-initiative-greenhouse,https://job-boards.greenhouse.io/chanzuckerberginitiative,greenhouse,"{""token"": ""chanzuckerberginitiative""}"
change,change-careers,https://jobs.ashbyhq.com/change,ashby,"{""token"": ""change""}"
changxin-memory,changxin-memory-careers,https://cxmt.zhiye.com/,beisen,
changxin-memory,changxin-memory-careers-linkedin,https://www.linkedin.com/company/%E9%95%BF%E9%91%AB%E5%AD%98%E5%82%A8/jobs,linkedin,"{""company_id"": ""14480089"", ""source_ownership_excluded_country_codes"": [""CHN""]}"
chaos-industries,chaos-industries-greenhouse,https://job-boards.greenhouse.io/chaosindustries,greenhouse,"{""token"": ""chaosindustries""}"
character,character-ashby,https://jobs.ashbyhq.com/character,ashby,"{""token"": ""character""}"
charge-robotics,charge-robotics-ashby,https://jobs.ashbyhq.com/charge-robotics,ashby,"{""token"": ""charge-robotics""}"
chargepoint,chargepoint-greenhouse,https://job-boards.greenhouse.io/chargepoint,greenhouse,"{""token"": ""chargepoint""}"
chariot-defense,chariot-defense-greenhouse,https://job-boards.greenhouse.io/chariotdefense,greenhouse,"{""token"": ""chariotdefense""}"
charles-river-associates,charles-river-associates-greenhouse,https://job-boards.greenhouse.io/charlesriverassociates,greenhouse,"{""token"": ""charlesriverassociates""}"
charterup,charterup-greenhouse,https://job-boards.greenhouse.io/charterup,greenhouse,"{""token"": ""charterup""}"
chatham-financial,chatham-financial-greenhouse,https://job-boards.greenhouse.io/chathamfinancial,greenhouse,"{""token"": ""chathamfinancial""}"
checkbook,checkbook-greenhouse,https://job-boards.greenhouse.io/checkbook,greenhouse,"{""token"": ""checkbook""}"
checkers-rallys,checkers-rallys-careers,https://apply.checkers.com/,rss,"{""preset"": ""successfactors""}"
checkly,checkly-ashby,https://jobs.ashbyhq.com/checkly,ashby,"{""token"": ""checkly""}"
checkout-com,checkout-com-careers,https://checkout.wd3.myworkdayjobs.com/CheckoutCareers,workday,"{""company"": ""checkout"", ""wd_instance"": ""wd3"", ""site"": ""CheckoutCareers""}"
checkr,checkr-greenhouse,https://job-boards.greenhouse.io/checkr,greenhouse,"{""token"": ""checkr""}"
checkr-chile,checkr-chile-greenhouse,https://job-boards.greenhouse.io/chile,greenhouse,"{""token"": ""chile""}"
chenmoore,chenmoore-greenhouse,https://job-boards.greenhouse.io/chenmoore,greenhouse,"{""token"": ""chenmoore""}"
cherry-ventures,cherry-ventures-greenhouse,https://job-boards.greenhouse.io/cherryventures,greenhouse,"{""token"": ""cherryventures""}"
chery,chery-careers,https://chery.zhiye.com/,beisen,
chestnut,chestnut-ashby,https://jobs.ashbyhq.com/chestnut,ashby,"{""token"": ""chestnut""}"
chevron,chevron-careers,https://chevron.wd5.myworkdayjobs.com/jobs,workday,"{""company"": ""chevron"", ""wd_instance"": ""wd5"", ""site"": ""jobs"", ""all_sites"": false}"
chevron,chevron-careers-university,https://chevron.wd5.myworkdayjobs.com/University,workday,"{""company"": ""chevron"", ""wd_instance"": ""wd5"", ""site"": ""University"", ""all_sites"": false}"
chevron,chevron-stations,https://chevronstations.wd1.myworkdayjobs.com/CSI,workday,"{""company"": ""chevronstations"", ""wd_instance"": ""wd1"", ""site"": ""CSI"", ""all_sites"": false}"
chicago-public-media,chicago-public-media-greenhouse,https://job-boards.greenhouse.io/cpm,greenhouse,"{""token"": ""cpm""}"
chief,chief-ashby,https://jobs.ashbyhq.com/chief,ashby,"{""token"": ""chief""}"
childrens-place,childrens-place-careers,https://childrensplace.wd1.myworkdayjobs.com/tcp02,workday,
chime-financial-inc,chime-financial-inc-greenhouse,https://job-boards.greenhouse.io/chime,greenhouse,"{""token"": ""chime""}"
china-life-insurance,china-life-insurance-inventory-careers,https://chinalife.zhiye.com/,beisen,
chip-city,chip-city-greenhouse,https://job-boards.greenhouse.io/chipcity,greenhouse,"{""token"": ""chipcity""}"
chomps,chomps-greenhouse,https://job-boards.greenhouse.io/chompscareers,greenhouse,"{""token"": ""chompscareers""}"
chopard,chopard-global,https://chopard.csod.com/ux/ats/careersite/1/home?c=chopard,cornerstone,"{""tenant"": ""chopard"", ""site_id"": 1, ""corp"": ""chopard""}"
chopard,chopard-hotel-place-vendome,https://chopard.csod.com/ux/ats/careersite/5/home?c=chopard,cornerstone,"{""tenant"": ""chopard"", ""site_id"": 5, ""corp"": ""chopard""}"
chopard,chopard-spontaneous,https://chopard.csod.com/ux/ats/careersite/4/home?c=chopard,cornerstone,"{""tenant"": ""chopard"", ""site_id"": 4, ""corp"": ""chopard""}"
chowbus,chowbus-greenhouse,https://job-boards.greenhouse.io/chowbus,greenhouse,"{""token"": ""chowbus""}"
christies,christies-careers-workday,https://christies.wd3.myworkdayjobs.com/Christies_Careers,workday,"{""company"": ""christies"", ""wd_instance"": ""wd3"", ""site"": ""Christies_Careers""}"
chromatic,chromatic-ashby,https://jobs.ashbyhq.com/chromatic,ashby,"{""token"": ""chromatic""}"
chubb,chubb-careers,https://fa-ewgu-saasfaprod1.fa.ocs.oraclecloud.com/hcmUI/CandidateExperience/en/sites/CX_2001/jobs,oracle_hcm,"{""host"": ""fa-ewgu-saasfaprod1.fa.ocs.oraclecloud.com"", ""site"": ""CX_2001"", ""jobs_count"": 627}"
churchs-texas-chicken,churchs-texas-chicken-careers,https://churchs.wd1.myworkdayjobs.com/field,workday,
ci-azumano,ci-azumano-greenhouse,https://job-boards.greenhouse.io/ciazumano,greenhouse,"{""token"": ""ciazumano""}"
cintas,cintas-careers,https://careers.cintas.com/,rss,"{""preset"": ""successfactors""}"
cinven,cinven-pinpoint,https://cinven.pinpointhq.com,pinpoint,"{""slug"": ""cinven""}"
circle-so,circle-so-greenhouse,https://job-boards.greenhouse.io/circleso,greenhouse,"{""token"": ""circleso""}"
circleci,circleci-greenhouse,https://job-boards.greenhouse.io/circleci,greenhouse,"{""token"": ""circleci""}"
circuithub,circuithub-ashby,https://jobs.ashbyhq.com/circuithub,ashby,"{""token"": ""circuithub""}"
cisco,cisco-careers,https://cisco.wd5.myworkdayjobs.com/Cisco_Careers,workday,"{""company"": ""cisco"", ""wd_instance"": ""wd5"", ""site"": ""Cisco_Careers""}"
cision,cision-greenhouse,https://job-boards.greenhouse.io/cision,greenhouse,"{""token"": ""cision""}"
citian,citian-greenhouse,https://job-boards.greenhouse.io/citian,greenhouse,"{""token"": ""citian""}"
citigroup,citigroup-workday,https://citi.wd5.myworkdayjobs.com/en-US/2,workday,"{""company"": ""citi"", ""wd_instance"": ""wd5"", ""site"": ""2""}"
citizen-watch-group,citizen-watch-group-japan-citizen-watch,https://citizen-recruit.snar.jp/index.aspx?id=mLqGGGMpvyg,inline,"{""steps"":[{""tag"":""h3"",""attr"":""class=tit"",""field"":""title""},{""tag"":""p"",""field"":""description"",""html"":true,""stop_tag"":""dt""},{""tag"":""dt"",""text"":""勤務地""},{""tag"":""dd"",""field"":""location""}],""exclude_titles"":[""キャリア登録""],""defaults"":{""employment_type"":""full_time"",""job_location_type"":""onsite""}}"
citrix,citrix-careers-workday,https://tibco.wd5.myworkdayjobs.com/Cloud_Software_Group,workday,"{""company"": ""tibco"", ""wd_instance"": ""wd5"", ""site"": ""Cloud_Software_Group""}"
citrus-health-group-inc,citrus-health-group-inc-greenhouse,https://job-boards.greenhouse.io/citrushealthgroup,greenhouse,"{""token"": ""citrushealthgroup""}"
city-and-county-healthcare-group,city-and-county-healthcare-group-strand-nursing,https://strandnursing.co.uk/jobs/,inline,"{""fetch_urls"": [""https://strandnursing.co.uk/jobs/"", {""url"": ""https://strandnursing-co-uk.translate.goog/jobs/?_x_tr_sl=auto&_x_tr_tl=en&_x_tr_hl=en"", ""headers"": {""User-Agent"": ""Mozilla/5.0""}}], ""fetch_contains"": ""Live In Care"", ""require_zero_proof"": true, ""item_boundary"": {""tag"": ""p"", ""attr"": ""itemprop=headline""}, ""section_start"": {""tag"": ""h1"", ""text"": ""Job Vacancies""}, ""section_end"": {""tag"": ""p"", ""match_regex"": ""^When you join us as a Strand nurse""}, ""steps"": [{""tag"": ""p"", ""attr"": ""itemprop=headline"", ""field"": ""title""}, {""tag"": ""p"", ""field"": ""description"", ""html"": true, ""to_end"": true}], ""defaults"": {""locations"": [""United Kingdom""]}}"
civil-science,civil-science-greenhouse,https://job-boards.greenhouse.io/civilscience,greenhouse,"{""token"": ""civilscience""}"
clara,clara-greenhouse,https://job-boards.greenhouse.io/clara,greenhouse,"{""token"": ""clara""}"
clari,clari-lever,https://jobs.lever.co/clari,lever,"{""token"": ""clari""}"
clari-salesloft,clari-salesloft-greenhouse,https://job-boards.greenhouse.io/salesloft,greenhouse,"{""token"": ""salesloft""}"
clariti-cloud-inc,clariti-cloud-inc-greenhouse,https://job-boards.greenhouse.io/clariticloudinc,greenhouse,"{""token"": ""clariticloudinc""}"
clarity,clarity-ashby,https://jobs.ashbyhq.com/clarity,ashby,"{""token"": ""clarity""}"
clarity-innovations,clarity-innovations-greenhouse,https://job-boards.greenhouse.io/clarityinnovates,greenhouse,"{""token"": ""clarityinnovates""}"
clarium,clarium-ashby,https://jobs.ashbyhq.com/clarium,ashby,"{""token"": ""clarium""}"
classdojo,classdojo-ashby,https://jobs.ashbyhq.com/classdojo,ashby,"{""token"": ""classdojo""}"
classpass,classpass-greenhouse,https://job-boards.greenhouse.io/classpass,greenhouse,"{""token"": ""classpass""}"
clay,clay-recruitee,https://clay.recruitee.com,recruitee,"{""token"": ""clay""}"
clean-harbors,clean-harbors-careers,https://epyc.fa.us2.oraclecloud.com/hcmUI/CandidateExperience/en/sites/CX_1,oracle_hcm,"{""total_count_tolerance"": 2}"
clear-corporate,clear-corporate-greenhouse,https://job-boards.greenhouse.io/clear,greenhouse,"{""token"": ""clear""}"
clear-street,clear-street-greenhouse,https://job-boards.greenhouse.io/clearstreet,greenhouse,"{""token"": ""clearstreet""}"
clearbank,clearbank-careers,https://jobs.ashbyhq.com/clearbank,ashby,"{""token"": ""clearbank""}"
clearscore-technology-limited,clearscore-technology-limited-greenhouse,https://job-boards.greenhouse.io/clearscoretechnologylimited,greenhouse,"{""token"": ""clearscoretechnologylimited""}"
clearview-healthcare-partners,clearview-healthcare-partners-greenhouse,https://job-boards.greenhouse.io/clearviewhealthcarepartners,greenhouse,"{""token"": ""clearviewhealthcarepartners""}"
clearway-energy,clearway-energy-greenhouse,https://job-boards.greenhouse.io/clearwayjobs,greenhouse,"{""token"": ""clearwayjobs""}"
clece,clece-careers,https://canaldeempleo.es/,rss,"{""preset"": ""successfactors""}"
cleo-india,cleo-india-greenhouse,https://job-boards.greenhouse.io/cleoindia,greenhouse,"{""token"": ""cleoindia""}"
cleo-us,cleo-us-greenhouse,https://job-boards.greenhouse.io/cleo,greenhouse,"{""token"": ""cleo""}"
cleric,cleric-ashby,https://jobs.ashbyhq.com/cleric,ashby,"{""token"": ""cleric""}"
clerk,clerk-ashby,https://jobs.ashbyhq.com/clerk,ashby,"{""token"": ""clerk""}"
clerk-chat,clerk-chat-greenhouse,https://job-boards.greenhouse.io/clerk-ai,greenhouse,"{""token"": ""clerk-ai""}"
cleveland-clinic,cleveland-clinic-abu-dhabi,https://www.linkedin.com/company/cleveland-clinic-abu-dhabi/jobs/,linkedin,"{""company_id"": ""1201599"", ""company_slug"": ""cleveland-clinic-abu-dhabi""}"
cleveland-clinic,cleveland-clinic-careers,https://ccf.wd1.myworkdayjobs.com/clevelandcliniccareers,workday,
cleveland-preparatory-academy,cleveland-preparatory-academy-greenhouse,https://job-boards.greenhouse.io/clevelandpreparatoryacademy,greenhouse,"{""token"": ""clevelandpreparatoryacademy""}"
clickhouse,clickhouse-greenhouse,https://job-boards.greenhouse.io/clickhouse,greenhouse,"{""token"": ""clickhouse""}"
clickup,clickup-ashby,https://jobs.ashbyhq.com/clickup,ashby,"{""token"": ""clickup""}"
climate-finance-solutions,climate-finance-solutions-greenhouse,https://job-boards.greenhouse.io/climatefinancesolutions,greenhouse,"{""token"": ""climatefinancesolutions""}"
climate-x,climate-x-greenhouse,https://job-boards.greenhouse.io/climatex,greenhouse,"{""token"": ""climatex""}"
climeworks,climeworks-main,https://climeworks.recruitee.com/,recruitee,"{""slug"": ""climeworks"", ""api_base"": ""https://climeworks.recruitee.com""}"
clinchoice,clinchoice-greenhouse,https://job-boards.greenhouse.io/clinchoice,greenhouse,"{""token"": ""clinchoice""}"
clinique-la-prairie,clinique-la-prairie-global-linkedin,https://www.linkedin.com/company/clinique-la-prairie/jobs/,linkedin,"{""canonical_numeric_job_urls"": true, ""company_id"": ""1447349"", ""company_slug"": ""clinique-la-prairie"", ""source_ownership_excluded_country_codes"": [""THA""]}"
close,close-ashby,https://jobs.ashbyhq.com/close,ashby,"{""token"": ""close""}"
cloud-chamber-montreal,cloud-chamber-montreal-greenhouse,https://job-boards.greenhouse.io/cloudchamberfr,greenhouse,"{""token"": ""cloudchamberfr""}"
cloudbeds,cloudbeds-greenhouse,https://job-boards.greenhouse.io/cloudbeds,greenhouse,"{""token"": ""cloudbeds""}"
cloudflare,cloudflare-careers,https://boards.greenhouse.io/cloudflare,greenhouse,"{""token"": ""cloudflare""}"
cloudkitchens,cloudkitchens-greenhouse,https://job-boards.greenhouse.io/css,greenhouse,"{""token"": ""css""}"
cloudsek,cloudsek-greenhouse,https://job-boards.greenhouse.io/cloudsek,greenhouse,"{""token"": ""cloudsek""}"
cloudsmith,cloudsmith-careers,https://careers.cloudsmith.com/jobs,rss,"{""preset"": ""teamtailor"", ""feed_url"": ""https://careers.cloudsmith.com/jobs.rss""}"
cloudtrucks,cloudtrucks-ashby,https://jobs.ashbyhq.com/cloudtrucks,ashby,"{""token"": ""cloudtrucks""}"
clove,clove-ashby,https://jobs.ashbyhq.com/clove,ashby,"{""token"": ""clove""}"
clover-health,clover-health-greenhouse,https://job-boards.greenhouse.io/cloverhealth,greenhouse,"{""token"": ""cloverhealth""}"
club-monaco,club-monaco-greenhouse,https://job-boards.greenhouse.io/clubmonaco,greenhouse,"{""token"": ""clubmonaco""}"
clubhouse,clubhouse-ashby,https://jobs.ashbyhq.com/clubhouse,ashby,"{""token"": ""clubhouse""}"
clutch-technologies-inc,clutch-technologies-inc-greenhouse,https://job-boards.greenhouse.io/clutch,greenhouse,"{""token"": ""clutch""}"
cm,cm-careers,https://jobs.cm.com/all-jobs,recruitee,"{""slug"": ""cmcom""}"
cma-cgm,cma-cgm-global,https://jobs.cmacgm-group.com/?locale=en_GB,rss,"{""preset"": ""successfactors"", ""feed_url"": ""https://jobs.cmacgm-group.com/googlefeed.xml"", ""url_filter"": {""include"": ""/job/"", ""exclude"": ""/(?:CEVA|CEVALogistics)/""}}"
cmblu-energy-ag,cmblu-energy-ag-greenhouse,https://job-boards.greenhouse.io/cmbluenergyag,greenhouse,"{""token"": ""cmbluenergyag""}"
co-op,co-op-careers,https://fa-esfc-saasfaprod1.fa.ocs.oraclecloud.com/hcmUI/CandidateExperience/en/sites/CX_1,oracle_hcm,
co-op,co-op-current-opportunities,https://recruiting.ultipro.ca/FED5000CRS/JobBoard/659f2725-1fb8-4f25-9cb4-4a03072b96e9,ukg,"{""host"": ""recruiting.ultipro.ca"", ""tenant"": ""FED5000CRS"", ""board_id"": ""659f2725-1fb8-4f25-9cb4-4a03072b96e9""}"
co-star,co-star-greenhouse,https://job-boards.greenhouse.io/costar,greenhouse,"{""token"": ""costar""}"
coalesce,coalesce-ashby,https://jobs.ashbyhq.com/coalesce,ashby,"{""token"": ""coalesce""}"
coalition,coalition-careers,https://boards.greenhouse.io/coalition,greenhouse,"{""token"": ""coalition""}"
coast,coast-greenhouse,https://job-boards.greenhouse.io/coast,greenhouse,"{""token"": ""coast""}"
cobalt,cobalt-greenhouse,https://job-boards.greenhouse.io/cobaltio,greenhouse,"{""token"": ""cobaltio""}"
cobalt-service-partners,cobalt-service-partners-greenhouse,https://job-boards.greenhouse.io/cobaltservicepartners,greenhouse,"{""token"": ""cobaltservicepartners""}"
cobblestone-energy-dubai-uae,cobblestone-energy-dubai-uae-greenhouse,https://job-boards.greenhouse.io/cobblestoneenergy4,greenhouse,"{""token"": ""cobblestoneenergy4""}"
cobot,cobot-ashby,https://jobs.ashbyhq.com/cobot,ashby,"{""token"": ""cobot""}"
cobre,cobre-greenhouse,https://job-boards.greenhouse.io/cobre,greenhouse,"{""token"": ""cobre""}"
cockroach-labs,cockroach-labs-greenhouse,https://job-boards.greenhouse.io/cockroachlabs,greenhouse,"{""token"": ""cockroachlabs""}"
codal,codal-greenhouse,https://job-boards.greenhouse.io/codalinc,greenhouse,"{""token"": ""codalinc""}"
codat,codat-ashby,https://jobs.ashbyhq.com/codat,ashby,"{""token"": ""codat""}"
code3,code3-greenhouse,https://job-boards.greenhouse.io/code3,greenhouse,"{""token"": ""code3""}"
codepath,codepath-greenhouse,https://job-boards.greenhouse.io/codepath,greenhouse,"{""token"": ""codepath""}"
coder,coder-ashby,https://jobs.ashbyhq.com/coder,ashby,"{""token"": ""coder""}"
coefficient,coefficient-greenhouse,https://job-boards.greenhouse.io/coefficient,greenhouse,"{""token"": ""coefficient""}"
cofco-international,cofco-international-global,https://careers.cofcointernational.com/search/,rss,"{""preset"": ""successfactors"", ""feed_url"": ""https://careers.cofcointernational.com/googlefeed.xml""}"
cofertility,cofertility-greenhouse,https://job-boards.greenhouse.io/cofertility,greenhouse,"{""token"": ""cofertility""}"
cofra-holding,cofra-holding-greenhouse,https://job-boards.greenhouse.io/cofraholding,greenhouse,"{""token"": ""cofraholding""}"
cognition,cognition-ashby,https://jobs.ashbyhq.com/cognition,ashby,"{""token"": ""cognition""}"
cogstate,cogstate-greenhouse,https://job-boards.greenhouse.io/cogstateinc,greenhouse,"{""token"": ""cogstateinc""}"
cohere,cohere-careers,https://jobs.ashbyhq.com/cohere,ashby,
cohere-health,cohere-health-greenhouse,https://job-boards.greenhouse.io/coherehealth,greenhouse,"{""token"": ""coherehealth""}"
cohort,cohort-ashby,https://jobs.ashbyhq.com/cohort,ashby,"{""token"": ""cohort""}"
coinbase,coinbase-careers,https://job-boards.greenhouse.io/coinbase,greenhouse,"{""board_token"": ""coinbase""}"
coinbase,coinbase-careers-base,https://job-boards.greenhouse.io/basejobs,greenhouse,"{""board_token"": ""basejobs""}"
coinbase,coinbase-careers-cdp,https://job-boards.greenhouse.io/cdpjobs,greenhouse,"{""board_token"": ""cdpjobs""}"
coindcx,coindcx-pinpoint,https://coindcx.pinpointhq.com,pinpoint,"{""slug"": ""coindcx""}"
cointracker,cointracker-ashby,https://jobs.ashbyhq.com/cointracker,ashby,"{""token"": ""cointracker""}"
colab-software,colab-software-greenhouse,https://job-boards.greenhouse.io/colabsoftware,greenhouse,"{""token"": ""colabsoftware""}"
colgate-palmolive,colgate-palmolive-global,https://jobs.colgate.com/,rss,"{""preset"": ""successfactors"", ""feed_url"": ""https://jobs.colgate.com/googlefeed.xml""}"
collective,collective-ashby,https://jobs.ashbyhq.com/collective,ashby,"{""token"": ""collective""}"
collective,collective-recruitee,https://collective.recruitee.com,recruitee,"{""token"": ""collective""}"
collibra,collibra-greenhouse,https://job-boards.greenhouse.io/collibra,greenhouse,"{""token"": ""collibra""}"
colonist,colonist-ashby,https://jobs.ashbyhq.com/colonist,ashby,"{""token"": ""colonist""}"
color,color-lever,https://jobs.lever.co/color,lever,"{""token"": ""color""}"
column,column-ashby,https://jobs.ashbyhq.com/column,ashby,"{""token"": ""column""}"
comand-ai,comand-ai-ashby,https://jobs.ashbyhq.com/comand-ai,ashby,"{""token"": ""comand-ai""}"
comet,comet-greenhouse,https://job-boards.greenhouse.io/comet,greenhouse,"{""token"": ""comet""}"
comity,comity-ashby,https://jobs.ashbyhq.com/comity,ashby,"{""token"": ""comity""}"
commerceiq,commerceiq-greenhouse,https://job-boards.greenhouse.io/commerceiq,greenhouse,"{""token"": ""commerceiq""}"
commercetools,commercetools-greenhouse,https://job-boards.greenhouse.io/commercetools,greenhouse,"{""token"": ""commercetools""}"
common-thread-collective,common-thread-collective-greenhouse,https://job-boards.greenhouse.io/commonthreadcollective,greenhouse,"{""token"": ""commonthreadcollective""}"
commonroom,commonroom-ashby,https://jobs.ashbyhq.com/commonroom,ashby,"{""token"": ""commonroom""}"
commonwealth-bank,commonwealth-bank-careers,https://cba.wd3.myworkdayjobs.com/CommBank_Careers,workday,
commonwealth-bank,commonwealth-bank-careers-bankwest,https://cba.wd3.myworkdayjobs.com/Bankwest_Careers,workday,
commonwealth-bank,commonwealth-bank-careers-x15,https://cba.wd3.myworkdayjobs.com/x15_Careers,workday,
commonwealth-of-virginia,commonwealth-of-virginia-careers,https://careers.pageuppeople.com/1125/cw/en-us,pageup,"{""instance"": 1125, ""source_pointer"": ""cw"", ""locale"": ""en-us"", ""listing_url"": ""https://careers.pageuppeople.com/1125/cw/en-us""}"
community-health-systems,community-health-systems-careers,https://fa-evxo-saasfaprod1.fa.ocs.oraclecloud.com/hcmUI/CandidateExperience/en/sites/CX_1,oracle_hcm,"{""total_count_tolerance"": 2}"
commvault,commvault-greenhouse,https://job-boards.greenhouse.io/commvault,greenhouse,"{""token"": ""commvault""}"
compass-group,compass-group-belgium,https://careers.compass-group.be/jobs,rss,"{""preset"": ""teamtailor"", ""feed_url"": ""https://careers.compass-group.be/jobs.rss""}"
compass-group,compass-group-north-america,https://jobs.compassgroupcareers.com/,rss,"{""preset"": ""successfactors"", ""feed_url"": ""https://jobs.compassgroupcareers.com/googlefeed.xml""}"
compass-group,compass-group-norway,https://jobb.compass-group.no/jobs,rss,"{""preset"": ""teamtailor"", ""feed_url"": ""https://jobb.compass-group.no/jobs.rss""}"
compass-group,compass-group-uk-ireland,https://jobs.compass-group.co.uk/search,inploi,"{""api_key"": ""pk_edce29b92c2773898c482851"", ""segment_id"": ""248""}"
compass-pathways,compass-pathways-greenhouse,https://job-boards.eu.greenhouse.io/compasspathways,greenhouse,"{""token"": ""compasspathways""}"
compeer-financial,compeer-financial-greenhouse,https://job-boards.greenhouse.io/compeerfinancial,greenhouse,"{""token"": ""compeerfinancial""}"
compliancy-group-llc,compliancy-group-llc-greenhouse,https://job-boards.greenhouse.io/compliancygroupllc,greenhouse,"{""token"": ""compliancygroupllc""}"
complyadvantage,complyadvantage-greenhouse,https://job-boards.greenhouse.io/complyadvantage,greenhouse,"{""token"": ""complyadvantage""}"
compound,compound-ashby,https://jobs.ashbyhq.com/compound,ashby,"{""token"": ""compound""}"
compunet-inc,compunet-inc-greenhouse,https://job-boards.greenhouse.io/compunetinc,greenhouse,"{""token"": ""compunetinc""}"
comstock,comstock-greenhouse,https://job-boards.greenhouse.io/comstock,greenhouse,"{""token"": ""comstock""}"
comulate,comulate-ashby,https://jobs.ashbyhq.com/comulate,ashby,"{""token"": ""comulate""}"
concentric,concentric-greenhouse,https://job-boards.greenhouse.io/concentric,greenhouse,"{""token"": ""concentric""}"
concentrix,concentrix-careers,https://cnx.wd1.myworkdayjobs.com/external_global,workday,"{""company"": ""cnx"", ""wd_instance"": ""wd1"", ""site"": ""external_global"", ""all_sites"": false}"
conductor,conductor-careers,https://jobs.ashbyhq.com/conductor,ashby,"{""token"": ""conductor""}"
conductor-ai,conductor-ai-careers,https://jobs.ashbyhq.com/conductorai,ashby,"{""token"": ""conductorai""}"
conduent,conduent-careers,https://egua.fa.us2.oraclecloud.com/hcmUI/CandidateExperience/en/sites/CX_1,oracle_hcm,
conduit,conduit-ashby,https://jobs.ashbyhq.com/conduit,ashby,"{""token"": ""conduit""}"
confluence,confluence-pinpoint,https://confluence.pinpointhq.com,pinpoint,"{""slug"": ""confluence""}"
confluent,confluent-ashby,https://jobs.ashbyhq.com/confluent,ashby,"{""token"": ""confluent""}"
conga,conga-greenhouse,https://job-boards.greenhouse.io/conga,greenhouse,"{""token"": ""conga""}"
connected-careers-page,connected-careers-page-greenhouse,https://job-boards.greenhouse.io/connectedcannabis,greenhouse,"{""token"": ""connectedcannabis""}"
connectwise,connectwise-greenhouse,https://job-boards.greenhouse.io/connectwise,greenhouse,"{""token"": ""connectwise""}"
conocophillips,conocophillips-workday,https://conocophillips.wd1.myworkdayjobs.com/External/,workday,"{""company"": ""conocophillips"", ""wd_instance"": ""wd1"", ""site"": ""External""}"
conocophillips,conocophillips-workday-equest,https://conocophillips.wd1.myworkdayjobs.com/eQuest,workday,"{""company"": ""conocophillips"", ""wd_instance"": ""wd1"", ""site"": ""eQuest"", ""all_sites"": false}"
consensys,consensys-greenhouse,https://job-boards.greenhouse.io/consensys,greenhouse,"{""token"": ""consensys""}"
console,console-ashby,https://jobs.ashbyhq.com/console,ashby,"{""token"": ""console""}"
constant-contact,constant-contact-greenhouse,https://job-boards.greenhouse.io/constantcontact,greenhouse,"{""token"": ""constantcontact""}"
constellr,constellr-careers,https://constellr.recruitee.com/,recruitee,"{""slug"": ""constellr""}"
construction-resources,construction-resources-greenhouse,https://job-boards.greenhouse.io/constructionresources,greenhouse,"{""token"": ""constructionresources""}"
constructor-tech,constructor-tech-careers-gh,https://job-boards.greenhouse.io/constructortech,greenhouse,
consumer-edge,consumer-edge-greenhouse,https://job-boards.greenhouse.io/consumeredge,greenhouse,"{""token"": ""consumeredge""}"
contact-government-services,contact-government-services-careers,https://jobs.lever.co/cgsfederal,lever,
contentful,contentful-greenhouse,https://job-boards.greenhouse.io/contentful,greenhouse,"{""token"": ""contentful""}"
contentsquare,contentsquare-lever,https://jobs.lever.co/contentsquare,lever,"{""token"": ""contentsquare""}"
contentstack,contentstack-greenhouse,https://job-boards.greenhouse.io/contentstack,greenhouse,"{""token"": ""contentstack""}"
contextual-ai,contextual-ai-greenhouse,https://job-boards.greenhouse.io/contextualai,greenhouse,"{""token"": ""contextualai""}"
continue,continue-ashby,https://jobs.ashbyhq.com/continue,ashby,"{""token"": ""continue""}"
convene,convene-greenhouse,https://job-boards.greenhouse.io/convene,greenhouse,"{""token"": ""convene""}"
convera,convera-greenhouse,https://job-boards.greenhouse.io/convera,greenhouse,"{""token"": ""convera""}"
conversion,conversion-ashby,https://jobs.ashbyhq.com/conversion,ashby,"{""token"": ""conversion""}"
convex-dev,convex-dev-ashby,https://jobs.ashbyhq.com/convex-dev,ashby,"{""token"": ""convex-dev""}"
convious,convious-careers,https://careers.convious.com/,recruitee,"{""slug"": ""careers-analytics"", ""api_base"": ""https://careers.convious.com""}"
cook-systems,cook-systems-greenhouse,https://job-boards.greenhouse.io/cooksys,greenhouse,"{""token"": ""cooksys""}"
cookunity,cookunity-greenhouse,https://job-boards.greenhouse.io/cookunity,greenhouse,"{""token"": ""cookunity""}"
coop,coop-careers-transgourmet-pl,https://www.selgros.pl/kariera/oferty-pracy,traffit,"{""slug"": ""selgros""}"
coop-sverige,coop-sverige-jobylon,https://cdn.jobylon.com/jobs/companies/829/embed/v2/?page_size=1000,jobylon,"{""company_id"": ""829""}"
copper,copper-pinpoint,https://copper.pinpointhq.com,pinpoint,"{""slug"": ""copper""}"
copper-co,copper-co-greenhouse,https://job-boards.greenhouse.io/copperco,greenhouse,"{""token"": ""copperco""}"
cordance,cordance-greenhouse,https://job-boards.greenhouse.io/cordance,greenhouse,"{""token"": ""cordance""}"
coreflow,coreflow-ashby,https://jobs.ashbyhq.com/coreflow,ashby,"{""token"": ""coreflow""}"
coreweave,coreweave-greenhouse,https://job-boards.greenhouse.io/coreweave,greenhouse,"{""token"": ""coreweave""}"
corintis,corintis-careers,https://careers.corintis.com/jobs,rss,"{""preset"": ""teamtailor""}"
corning,corning-careers,https://corningjobs.corning.com/,rss,"{""preset"": ""successfactors""}"
corporate-synergies,corporate-synergies-greenhouse,https://job-boards.greenhouse.io/corpsyn,greenhouse,"{""token"": ""corpsyn""}"
corpower-ocean,corpower-ocean-careers,https://careers.corpoweroceanjobs.com/jobs,rss,"{""preset"": ""teamtailor"", ""feed_url"": ""https://careers.corpoweroceanjobs.com/jobs.rss""}"
correlation-one-expert-network,correlation-one-expert-network-greenhouse,https://job-boards.greenhouse.io/expertnetwork,greenhouse,"{""token"": ""expertnetwork""}"
cortex,cortex-greenhouse,https://job-boards.greenhouse.io/cortex,greenhouse,"{""token"": ""cortex""}"
cortica,cortica-greenhouse,https://job-boards.greenhouse.io/cortica,greenhouse,"{""token"": ""cortica""}"
cortica-neurodevelopmental,cortica-neurodevelopmental-greenhouse,https://job-boards.greenhouse.io/allcareers,greenhouse,"{""token"": ""allcareers""}"
corvias-corporate-services-llc,corvias-corporate-services-llc-greenhouse,https://job-boards.greenhouse.io/corviascorporateservicesllc,greenhouse,"{""token"": ""corviascorporateservicesllc""}"
cosmax,cosmax-careers,https://cosmax.recruiter.co.kr/career/home,recruiter_co_kr,"{""slug"": ""cosmax""}"
cosmos,cosmos-ashby,https://jobs.ashbyhq.com/cosmos,ashby,"{""token"": ""cosmos""}"
cosuno,cosuno-ashby,https://jobs.ashbyhq.com/cosuno,ashby,"{""token"": ""cosuno""}"
cote-vegas,cote-vegas-greenhouse,https://job-boards.greenhouse.io/cotevegas,greenhouse,"{""token"": ""cotevegas""}"
cotulla-education,cotulla-education-greenhouse,https://job-boards.greenhouse.io/cotullaeducation,greenhouse,"{""token"": ""cotullaeducation""}"
coty,coty-global,https://careers.coty.com/go/Open-Positions/8765801,rss,"{""preset"": ""successfactors"", ""feed_url"": ""https://careers.coty.com/googlefeed.xml""}"
couchbase-inc,couchbase-inc-greenhouse,https://job-boards.greenhouse.io/couchbaseinc,greenhouse,"{""token"": ""couchbaseinc""}"
counsel-health,counsel-health-careers,https://jobs.ashbyhq.com/counsel,ashby,"{""token"": ""counsel""}"
counterpart,counterpart-greenhouse,https://job-boards.greenhouse.io/counterpart,greenhouse,"{""token"": ""counterpart""}"
coupa-software-inc,coupa-software-inc-lever,https://jobs.lever.co/coupa,lever,"{""token"": ""coupa""}"
coupang,coupang-cls-camp,https://job.coupangcorp.com/cls_b,inline,"{""fetch_urls"": [""https://job.coupangcorp.com/cls_b"", ""https://job-coupangcorp-com.translate.goog/cls_b?_x_tr_sl=ko&_x_tr_tl=en&_x_tr_hl=en"", {""url"": ""https://r.jina.ai/http://job.coupangcorp.com/cls_b"", ""headers"": {""X-No-Cache"": ""true""}}], ""fetch_contains"": ""쿠팡 알바에 지원해 보세요"", ""steps"": [{""text"": ""쿠팡 알바에 지원해 보세요"", ""field"": ""title"", ""regex"": ""(?:^Title: )?(쿠팡 알바에 지원해 보세요)(?: URL Source:.*)?$""}], ""defaults"": {""description"": ""<p>쿠팡로지스틱스서비스(CLS)의 배송 캠프에서 소분, 분류, 상하차 및 배송 준비 업무를 지원하는 상시 채용입니다.</p><p>지원자는 이력서 없이 거주 지역을 입력해 가까운 근무지를 확인하고 희망 근무 정보를 제출할 수 있습니다. 실제 배치 캠프, 근무 일정과 조건은 선택한 지역 및 모집 상황에 따라 안내됩니다. 모집 공고는 전국 캠프의 운영 수요에 따라 달라지며, 지원 완료 후 담당자가 세부 근무지와 일정을 개별 안내합니다.</p>"", ""locations"": [""South Korea""], ""employment_type"": ""temporary"", ""job_location_type"": ""onsite""}}"
coupang,coupang-cls-drivers,https://job.coupangcorp.com/,inline,"{""fetch_urls"": [""https://job.coupangcorp.com/"", ""https://job-coupangcorp-com.translate.goog/?_x_tr_sl=ko&_x_tr_tl=en&_x_tr_hl=en"", {""url"": ""https://r.jina.ai/http://job.coupangcorp.com/"", ""headers"": {""X-No-Cache"": ""true""}}], ""fetch_contains"": ""쿠팡친구"", ""steps"": [{""text"": ""쿠팡친구"", ""field"": ""title"", ""regex"": ""(쿠팡친구)""}], ""defaults"": {""description"": ""<p>쿠팡친구는 쿠팡로지스틱스서비스에 직접 고용되어 고객 주문을 배송하는 상시 채용 직무입니다.</p><p>지원자는 운전면허 유형과 희망 근무 지역을 선택하고 가까운 캠프의 면접 장소와 일정을 확인할 수 있습니다. 구체적인 배치 지역, 근무 시간과 채용 절차는 선택한 캠프 및 현재 모집 상황에 따라 안내됩니다. 모집 지역은 전국 배송 캠프의 운영 수요에 따라 변경되며, 지원 완료 후 담당자가 면접과 배치 관련 세부 사항을 개별 안내합니다.</p>"", ""locations"": [""South Korea""], ""employment_type"": ""full_time"", ""job_location_type"": ""onsite""}}"
coupang,coupang-flex-assistant,https://job.coupangcorp.com/fa,inline,"{""fetch_urls"": [""https://job.coupangcorp.com/fa"", ""https://job-coupangcorp-com.translate.goog/fa?_x_tr_sl=ko&_x_tr_tl=en&_x_tr_hl=en"", {""url"": ""https://r.jina.ai/http://job.coupangcorp.com/fa"", ""headers"": {""X-No-Cache"": ""true""}}], ""fetch_contains"": ""쿠팡 플렉스어시스턴트에 지원해 보세요"", ""steps"": [{""text"": ""쿠팡 플렉스어시스턴트에 지원해 보세요"", ""field"": ""title"", ""regex"": ""(?:^Title: )?(쿠팡 플렉스어시스턴트에 지원해 보세요)(?: URL Source:.*)?$""}], ""defaults"": {""description"": ""<p>쿠팡 플렉스어시스턴트는 쿠팡로지스틱스서비스의 배송 현장에서 운영과 배송 준비를 지원하는 상시 채용 직무입니다.</p><p>지원자는 이력서 없이 거주 지역을 입력해 가까운 근무지를 확인하고 희망 근무 정보를 제출할 수 있습니다. 실제 배치 캠프, 근무 일정과 세부 조건은 선택한 지역 및 현재 모집 상황에 따라 안내됩니다. 모집 지역은 전국 배송 캠프의 운영 수요에 따라 변경되며, 지원 완료 후 담당자가 배치와 근무 관련 세부 사항을 개별 안내합니다.</p>"", ""locations"": [""South Korea""], ""job_location_type"": ""onsite""}}"
coupang,coupang-global,https://www.coupang.jobs/en/jobs/,greenhouse,"{""token"": ""coupang""}"
coursera,coursera-greenhouse,https://job-boards.greenhouse.io/coursera,greenhouse,"{""token"": ""coursera""}"
covar,covar-greenhouse,https://job-boards.greenhouse.io/covar,greenhouse,"{""token"": ""covar""}"
covera-health,covera-health-greenhouse,https://job-boards.greenhouse.io/coverahealth,greenhouse,"{""token"": ""coverahealth""}"
coverdash,coverdash-ashby,https://jobs.ashbyhq.com/coverdash,ashby,"{""token"": ""coverdash""}"
covergenius,covergenius-pinpoint,https://covergenius.pinpointhq.com,pinpoint,"{""slug"": ""covergenius""}"
cox,cox-careers,https://cox.wd1.myworkdayjobs.com/cox_external_career_site_1,workday,
cracker-barrel,cracker-barrel-careers,https://cbrlgroup.wd503.myworkdayjobs.com/crackerbarrelexternal,workday,
cradle,cradle-careers,https://jobs.ashbyhq.com/cradlebio,ashby,"{""token"": ""cradlebio""}"
craftdocs,craftdocs-ashby,https://jobs.ashbyhq.com/craftdocs,ashby,"{""token"": ""craftdocs""}"
cranial-technologies,cranial-technologies-greenhouse,https://job-boards.greenhouse.io/cranialtechnologies,greenhouse,"{""token"": ""cranialtechnologies""}"
creative-fabrica,creative-fabrica-greenhouse,https://job-boards.eu.greenhouse.io/creativefabrica,greenhouse,"{""token"": ""creativefabrica""}"
creativex,creativex-greenhouse,https://job-boards.greenhouse.io/creativex,greenhouse,"{""token"": ""creativex""}"
cred,cred-lever,https://jobs.lever.co/cred,lever,"{""token"": ""cred""}"
credible,credible-greenhouse,https://job-boards.greenhouse.io/credible,greenhouse,"{""token"": ""credible""}"
credit-karma,credit-karma-greenhouse,https://job-boards.greenhouse.io/creditkarma,greenhouse,"{""token"": ""creditkarma""}"
credit-union-of-colorado,credit-union-of-colorado-greenhouse,https://job-boards.greenhouse.io/creditunionofcolorado,greenhouse,"{""token"": ""creditunionofcolorado""}"
creditaccess-india,creditaccess-india-grameen,https://www.creditaccessgrameen.in/join-us/current-openings/,inline,"{""steps"": [{""text"": ""Job Title:"", ""field"": ""title"", ""regex"": ""Job Title:\\s*(.*?)(?:\\s+Location:|\\s+Reporting To:)""}, {""tag"": ""p"", ""field"": ""description"", ""html"": true, ""stop"": ""Click here to Apply""}], ""defaults"": {""locations"": [""India""]}}"
creditgenie,creditgenie-ashby,https://jobs.ashbyhq.com/creditgenie,ashby,"{""token"": ""creditgenie""}"
crescent-hotels-resorts,crescent-hotels-resorts-careers,https://recruiting.ultipro.com/CRE1007CREHR/JobBoard/453ac982-2a83-4723-a69a-3dd3ff799d14,ukg,
cresco-labs,cresco-labs-greenhouse,https://job-boards.greenhouse.io/crescolabs,greenhouse,"{""token"": ""crescolabs""}"
cresta,cresta-greenhouse,https://job-boards.greenhouse.io/cresta,greenhouse,"{""token"": ""cresta""}"
crexi,crexi-greenhouse,https://job-boards.greenhouse.io/crexi,greenhouse,"{""token"": ""crexi""}"
crh,crh-careers,https://jobs.crh.com/,rss,"{""preset"": ""successfactors""}"
cribl,cribl-greenhouse,https://job-boards.greenhouse.io/cribl,greenhouse,"{""token"": ""cribl""}"
crisp,crisp-ashby,https://jobs.ashbyhq.com/crisp,ashby,"{""token"": ""crisp""}"
crisp-recruit,crisp-recruit-greenhouse,https://job-boards.greenhouse.io/crisprecruit,greenhouse,"{""token"": ""crisprecruit""}"
criteo,criteo-careers-workday,https://criteo.wd3.myworkdayjobs.com/Criteo_Career_Site,workday,"{""company"": ""criteo"", ""wd_instance"": ""wd3"", ""site"": ""Criteo_Career_Site"", ""all_sites"": false}"
cro-metrics,cro-metrics-greenhouse,https://job-boards.greenhouse.io/crometrics,greenhouse,"{""token"": ""crometrics""}"
cross-river,cross-river-careers,https://boards.greenhouse.io/crossriverbank,greenhouse,"{""token"": ""crossriverbank""}"
crowdstrike,crowdstrike-careers,https://crowdstrike.wd5.myworkdayjobs.com/crowdstrikecareers,workday,"{""company"": ""crowdstrike"", ""wd_instance"": ""wd5"", ""site"": ""crowdstrikecareers""}"
crunchyroll-llc,crunchyroll-llc-greenhouse,https://job-boards.greenhouse.io/crunchyroll,greenhouse,"{""token"": ""crunchyroll""}"
crusoe,crusoe-careers,https://jobs.ashbyhq.com/Crusoe,ashby,"{""token"": ""Crusoe""}"
crux-climate,crux-climate-careers,https://jobs.ashbyhq.com/cruxclimate,ashby,"{""token"": ""cruxclimate""}"
cryptio,cryptio-ashby,https://jobs.ashbyhq.com/cryptio,ashby,"{""token"": ""cryptio""}"
crypto-com,crypto-com-lever,https://jobs.lever.co/crypto,lever,"{""token"": ""crypto""}"
csb-bank,csb-bank-careers,https://iaamcp.fa.ocs.oraclecloud.com/hcmUI/CandidateExperience/en/sites/CSB,oracle_hcm,
csb-bank,csb-bank-official-careers,https://csb.bank.in/careers,inline,"{""fetch_urls"": [""https://csb.bank.in/careers"", {""url"": ""https://r.jina.ai/https://csb.bank.in/careers"", ""headers"": {""User-Agent"": ""jobseek-crawler (+https://jseek.co/)"", ""X-Return-Format"": ""html"", ""X-No-Cache"": ""true""}}], ""fetch_contains"": ""Positions Open"", ""require_zero_proof"": true, ""section_start"": {""tag"": ""h4"", ""text"": ""Positions Open""}, ""section_end"": {""tag"": ""p"", ""text"": ""Important update:""}, ""steps"": [{""attr"": ""data-title=Position"", ""field"": ""title""}, {""attr"": ""data-title=Vacancies"", ""field"": ""location"", ""stop_attr"": ""data-title=Job Description"", ""regex"": ""^(?:[0-9]+\\s+)?(.+)$"", ""split"": ""\n""}, {""attr"": ""data-title=Job Description"", ""field"": ""description"", ""html"": true, ""stop_attr"": ""data-title=Contact""}]}"
csob,csob-cz-almacareer,https://csob.jobs.cz/,almacareer,{}
ctc-lateral-website-linkedin,ctc-lateral-website-linkedin-greenhouse,https://job-boards.greenhouse.io/chicagotrading,greenhouse,"{""token"": ""chicagotrading""}"
cti,cti-greenhouse,https://job-boards.greenhouse.io/cti,greenhouse,"{""token"": ""cti""}"
cttq-pharma,cttq-pharma-careers,https://cttq.zhiye.com/,beisen,
cttq-pharma,cttq-pharma-njcttq,https://njcttq.zhiye.com/,beisen,"{""tenant"": ""njcttq"", ""variant"": ""modern""}"
cube,cube-ashby,https://jobs.ashbyhq.com/cube,ashby,"{""token"": ""cube""}"
cubesoftware,cubesoftware-ashby,https://jobs.ashbyhq.com/cubesoftware,ashby,"{""token"": ""cubesoftware""}"
cubist,cubist-ashby,https://jobs.ashbyhq.com/cubist,ashby,"{""token"": ""cubist""}"
culture-amp,culture-amp-greenhouse,https://job-boards.greenhouse.io/cultureamp,greenhouse,"{""token"": ""cultureamp""}"
cummins,cummins-careers,https://fa-espx-saasfaprod1.fa.ocs.oraclecloud.com/hcmUI/CandidateExperience/en/sites/CX_1,oracle_hcm,
curaleaf,curaleaf-greenhouse,https://job-boards.greenhouse.io/curaleaf,greenhouse,"{""token"": ""curaleaf""}"
curi-capital,curi-capital-greenhouse,https://job-boards.greenhouse.io/curicapital,greenhouse,"{""token"": ""curicapital""}"
current,current-careers,https://boards.greenhouse.io/current81,greenhouse,"{""token"": ""current81""}"
cursor,cursor-careers,https://jobs.ashbyhq.com/cursor,ashby,"{""token"": ""cursor""}"
curtiss-wright,curtiss-wright-careers,https://curtisswright.wd1.myworkdayjobs.com/CW_External_Career_Site,workday,"{""company"": ""curtisswright"", ""wd_instance"": ""wd1"", ""site"": ""CW_External_Career_Site""}"
cushman-wakefield,cushman-wakefield-careers,https://cw.wd1.myworkdayjobs.com/external,workday,"{""company"": ""cw"", ""wd_instance"": ""wd1"", ""site"": ""External"", ""split_facet"": ""Location_Country""}"
cuspai,cuspai-ashby,https://jobs.ashbyhq.com/cuspai,ashby,"{""token"": ""cuspai""}"
customer-io,customer-io-greenhouse,https://job-boards.greenhouse.io/customerio,greenhouse,"{""token"": ""customerio""}"
cvent,cvent-pinpoint,https://cvent.pinpointhq.com,pinpoint,"{""slug"": ""cvent""}"
cvs-health,cvs-health-careers,https://cvshealth.wd1.myworkdayjobs.com/CVS_Health_Careers,workday,"{""company"": ""cvshealth"", ""wd_instance"": ""wd1"", ""site"": ""CVS_Health_Careers"", ""all_sites"": false}"
cvx-ventures,cvx-ventures-greenhouse,https://job-boards.greenhouse.io/cvx,greenhouse,"{""token"": ""cvx""}"
cx2,cx2-careers,https://jobs.lever.co/cx2,lever,"{""token"": ""cx2""}"
cybereason,cybereason-greenhouse,https://job-boards.greenhouse.io/cybereason,greenhouse,"{""token"": ""cybereason""}"
cyberhaven,cyberhaven-ashby,https://jobs.ashbyhq.com/cyberhaven,ashby,"{""token"": ""cyberhaven""}"
cybersheath,cybersheath-greenhouse,https://job-boards.greenhouse.io/cybersheath,greenhouse,"{""token"": ""cybersheath""}"
cybret,cybret-ashby,https://jobs.ashbyhq.com/cybret,ashby,"{""token"": ""cybret""}"
cybrid,cybrid-greenhouse,https://job-boards.greenhouse.io/cybrid,greenhouse,"{""token"": ""cybrid""}"
cye,cye-careers,https://jobs.lever.co/CYE,lever,"{""token"": ""CYE""}"
cylus,cylus-greenhouse,https://job-boards.greenhouse.io/cyluscybersecurity,greenhouse,"{""token"": ""cyluscybersecurity""}"
cymulate,cymulate-careers,https://job-boards.eu.greenhouse.io/cymulate,greenhouse,"{""token"": ""cymulate""}"
cyngn,cyngn-careers,https://jobs.lever.co/cyngn,lever,"{""token"": ""cyngn""}"
cyware,cyware-greenhouse,https://job-boards.greenhouse.io/cyware,greenhouse,"{""token"": ""cyware""}"
d-matrix,d-matrix-ashby,https://jobs.ashbyhq.com/d-matrix,ashby,"{""token"": ""d-matrix""}"
d2-technical-services,d2-technical-services-greenhouse,https://job-boards.greenhouse.io/d2consulting,greenhouse,"{""token"": ""d2consulting""}"
d2l,d2l-greenhouse,https://job-boards.greenhouse.io/d2l,greenhouse,"{""token"": ""d2l""}"
d3,d3-greenhouse,https://job-boards.greenhouse.io/d3,greenhouse,"{""token"": ""d3""}"
daedalean,daedalean-careers,https://jobs.lever.co/daedalean,lever,"{""token"": ""daedalean""}"
dagster-labs,dagster-labs-greenhouse,https://job-boards.greenhouse.io/dagsterlabs,greenhouse,"{""token"": ""dagsterlabs""}"
daiichi-sankyo,daiichi-sankyo-china,https://daiichisankyo.cnstaff.com/recruit,cnstaff,
daiichi-sankyo,daiichi-sankyo-global,https://careers.daiichisankyo.com/search/,rss,"{""preset"": ""successfactors""}"
daiichi-sankyo,daiichi-sankyo-korea,https://onedskr-people.recruiter.co.kr/career/home,recruiter_co_kr,"{""slug"": ""onedskr-people""}"
daiichi-sankyo,daiichi-sankyo-thailand,https://www.daiichisankyo.co.th/careers,inline,"{""steps"": [{""text"": ""Medical Representative"", ""field"": ""title"", ""regex"": ""(?:\\d+\\.\\s*)?(.*)""}, {""field"": ""description"", ""html"": true, ""stop"": ""Daiichi Sankyo Co., Ltd - Global""}], ""defaults"": {""locations"": [""Thailand""]}}"
damora-therapeutics,damora-therapeutics-linkedin,https://www.linkedin.com/company/damora-therapeutics/jobs/,linkedin,"{""company_id"": ""109559449"", ""company_slug"": ""damora-therapeutics""}"
danaher,danaher-inventory-careers,https://danaher.wd1.myworkdayjobs.com/danaherjobs,workday,
danaher,danaher-masimo,https://egcu.fa.us6.oraclecloud.com/hcmUI/CandidateExperience/en/sites/CX/jobs,oracle_hcm,"{""host"": ""egcu.fa.us6.oraclecloud.com"", ""site"": ""CX"", ""jobs_count"": 104}"
dandelion,dandelion-ashby,https://jobs.ashbyhq.com/dandelion,ashby,"{""token"": ""dandelion""}"
danfoss,danfoss-careers,https://jobs.danfoss.com/,rss,"{""preset"": ""successfactors""}"
dares,dares-careers,https://dares.tech/work-with-us/,inline,"{""steps"": [{""text"": ""OPEN POSITIONS"", ""offset"": 4, ""field"": ""title""}, {""tag"": ""p"", ""field"": ""description"", ""html"": true, ""stop"": ""Please, send your CV""}], ""defaults"": {""locations"": [""Castelldefels, Barcelona, Spain""], ""employment_type"": ""full_time"", ""job_location_type"": ""hybrid""}}"
dark-wolf-solutions,dark-wolf-solutions-greenhouse,https://job-boards.greenhouse.io/darkwolfsolutions,greenhouse,"{""token"": ""darkwolfsolutions""}"
darktrace,darktrace-careers,https://darktrace.wd3.myworkdayjobs.com/DarktaceExternal,workday,"{""company"": ""darktrace"", ""wd_instance"": ""wd3"", ""site"": ""DarktaceExternal""}"
dash0,dash0-careers,https://jobs.ashbyhq.com/dash0,ashby,"{""token"": ""dash0""}"
dashlane,dashlane-greenhouse,https://job-boards.greenhouse.io/dashlane,greenhouse,"{""token"": ""dashlane""}"
databento,databento-greenhouse,https://job-boards.greenhouse.io/databento,greenhouse,"{""token"": ""databento""}"
databricks,databricks-careers,https://www.databricks.com/company/careers,greenhouse,"{""token"": ""databricks""}"
datacamp,datacamp-greenhouse,https://job-boards.greenhouse.io/datacamp,greenhouse,"{""token"": ""datacamp""}"
datacor,datacor-greenhouse,https://job-boards.greenhouse.io/datacor,greenhouse,"{""token"": ""datacor""}"
datadog,datadog-greenhouse,https://job-boards.greenhouse.io/datadog,greenhouse,"{""token"": ""datadog""}"
datadome,datadome-greenhouse,https://job-boards.greenhouse.io/ddome,greenhouse,"{""token"": ""ddome""}"
dataguard,dataguard-careers,https://jobs.ashbyhq.com/dataguard,ashby,"{""token"": ""dataguard""}"
datahub,datahub-greenhouse,https://job-boards.greenhouse.io/acryldata,greenhouse,"{""token"": ""acryldata""}"
dataiku,dataiku-greenhouse,https://job-boards.greenhouse.io/dataiku,greenhouse,"{""token"": ""dataiku""}"
datarails,datarails-greenhouse,https://job-boards.greenhouse.io/datarails,greenhouse,"{""token"": ""datarails""}"
datasnipper,datasnipper-ashby,https://jobs.ashbyhq.com/datasnipper,ashby,"{""token"": ""datasnipper""}"
datologyai,datologyai-ashby,https://jobs.ashbyhq.com/datologyai,ashby,"{""token"": ""datologyai""}"
dave,dave-ashby,https://jobs.ashbyhq.com/dave,ashby,"{""token"": ""dave""}"
dave-and-busters,dave-and-busters-careers,https://daveandbusters.wd1.myworkdayjobs.com/dave_and_busters_careers,workday,"{""company"": ""daveandbusters"", ""wd_instance"": ""wd1"", ""site"": ""Dave_and_Busters_Careers"", ""all_sites"": false}"
dave-and-busters,dave-and-busters-main-event,https://daveandbusters.wd1.myworkdayjobs.com/Main_Event_Careers,workday,"{""company"": ""daveandbusters"", ""wd_instance"": ""wd1"", ""site"": ""Main_Event_Careers"", ""all_sites"": false}"
davey-tree,davey-tree-careers,https://jobs.davey.com/,rss,"{""preset"": ""successfactors""}"
davey-tree,davey-tree-green-trees-arborcare,https://greentreesarborcareinc.com/careers-tree-jobs-wrentham-norfolk-dover-franklin-ma/,inline,"{""require_zero_proof"": true, ""steps"": [{""text"": ""Foreman"", ""field"": ""title"", ""regex"": ""(?i)(Foreman with CDL)""}, {""tag"": ""p"", ""field"": ""description"", ""html"": true, ""stop"": ""APPLY HERE:""}, {""text"": ""$25"", ""field"": ""salary"", ""optional"": true, ""from"": 0}, {""text"": ""Tap to Call"", ""from"": 0}], ""defaults"": {""locations"": [""Wrentham, Massachusetts, USA""], ""job_location_type"": ""onsite""}}"
david-zwirner,david-zwirner-greenhouse,https://job-boards.greenhouse.io/davidzwirnergallery,greenhouse,"{""token"": ""davidzwirnergallery""}"
davis-development,davis-development-greenhouse,https://job-boards.greenhouse.io/davisdevelopment,greenhouse,"{""token"": ""davisdevelopment""}"
davis-polk,davis-polk-careers-workday,https://davispolk.wd5.myworkdayjobs.com/business-professionals-services-usa,workday,"{""company"": ""davispolk"", ""wd_instance"": ""wd5"", ""site"": ""business-professionals-services-usa""}"
davita,davita-careers,https://davita.wd1.myworkdayjobs.com/dkc_external,workday,"{""company"": ""davita"", ""wd_instance"": ""wd1"", ""site"": ""DKC_External""}"
davita,davita-portugal,https://www.davita.pt/en/recrutamento/,inline,"{""render"": false, ""steps"": [{""tag"": ""div"", ""attr"": ""class=elementor-tab-title"", ""field"": ""title""}, {""tag"": ""p"", ""field"": ""description"", ""html"": true, ""stop_tag"": ""div""}], ""defaults_by_title"": {""Resident Physician – Rio Maior"": {""locations"": [""Rio Maior, Portugal""]}, ""Resident Physician – Óbidos"": {""locations"": [""Óbidos, Portugal""]}, ""Enfermeiro (m/f) - Beja"": {""locations"": [""Beja, Portugal""]}, ""Enfermeiro (m/f) - Óbidos"": {""locations"": [""Óbidos, Portugal""]}, ""Enfermeiro (m/f) - Alcobaça"": {""locations"": [""Alcobaça, Portugal""]}, ""Nurse (m/f) - Sintra"": {""locations"": [""Sintra, Portugal""]}, ""Nurse (m/f) - Mafra"": {""locations"": [""Mafra, Portugal""]}, ""Nurse (m/f) - Sacavém"": {""locations"": [""Sacavém, Portugal""]}, ""Nurse (m/f) – Benfica"": {""locations"": [""Benfica, Portugal""]}}}"
daylight,daylight-greenhouse,https://job-boards.greenhouse.io/daylight,greenhouse,"{""token"": ""daylight""}"
daymark-health,daymark-health-greenhouse,https://job-boards.greenhouse.io/daymarkhealth,greenhouse,"{""token"": ""daymarkhealth""}"
db-e-c-o-north-america,db-e-c-o-north-america-greenhouse,https://job-boards.greenhouse.io/dbeconorthamerica,greenhouse,"{""token"": ""dbeconorthamerica""}"
dbs,dbs-careers,https://dbs.wd3.myworkdayjobs.com/DBS_Careers,workday,"{""company"": ""dbs"", ""wd_instance"": ""wd3"", ""site"": ""DBS_Careers"", ""all_sites"": false}"
dbt-capital,dbt-capital-teamtailor,https://careers.dbt.se/jobs,rss,"{""preset"": ""teamtailor"", ""feed_url"": ""https://careers.dbt.se/jobs.rss""}"
dbt-labs,dbt-labs-greenhouse,https://job-boards.greenhouse.io/dbtlabsinc,greenhouse,"{""token"": ""dbtlabsinc""}"
debtbook,debtbook-greenhouse,https://job-boards.greenhouse.io/debtbook,greenhouse,"{""token"": ""debtbook""}"
debut-biotech,debut-biotech-greenhouse,https://job-boards.greenhouse.io/debutbiotech25,greenhouse,"{""token"": ""debutbiotech25""}"
decagon,decagon-ashby,https://jobs.ashbyhq.com/decagon,ashby,"{""token"": ""decagon""}"
decathlon-digital-fr,decathlon-digital-fr-greenhouse,https://job-boards.greenhouse.io/decathlontechnology,greenhouse,"{""token"": ""decathlontechnology""}"
decima-international,decima-international-greenhouse,https://job-boards.greenhouse.io/decimainternational,greenhouse,"{""token"": ""decimainternational""}"
decimal,decimal-ashby,https://jobs.ashbyhq.com/decimal,ashby,"{""token"": ""decimal""}"
deel,deel-careers,https://jobs.ashbyhq.com/deel,ashby,"{""token"": ""deel""}"
deepgram,deepgram-ashby,https://jobs.ashbyhq.com/deepgram,ashby,"{""token"": ""deepgram""}"
deepintent,deepintent-greenhouse,https://job-boards.greenhouse.io/deepintent,greenhouse,"{""token"": ""deepintent""}"
deepjudge,deepjudge-careers,https://jobs.ashbyhq.com/deepjudge,ashby,"{""token"": ""deepjudge""}"
deepl,deepl-ashby,https://jobs.ashbyhq.com/DeepL,ashby,"{""token"": ""DeepL""}"
deepmind,deepmind-careers,https://deepmind.google/about/careers/,greenhouse,"{""token"": ""deepmind""}"
deepnote,deepnote-ashby,https://jobs.ashbyhq.com/deepnote,ashby,"{""token"": ""deepnote""}"
deepseek,deepseek-campus,https://app.mokahr.com/campus_apply/high-flyer/4605,mokahr,"{""org_id"": ""high-flyer"", ""site_id"": 4605}"
deepseek,deepseek-careers,https://app.mokahr.com/social-recruitment/high-flyer/140576,mokahr,"{""org_id"": ""high-flyer"", ""site_id"": 140576}"
defense-unicorns,defense-unicorns-greenhouse,https://job-boards.greenhouse.io/defenseunicorns,greenhouse,"{""token"": ""defenseunicorns""}"
definitive-healthcare-us,definitive-healthcare-us-greenhouse,https://job-boards.greenhouse.io/definitivehc,greenhouse,"{""token"": ""definitivehc""}"
degreed,degreed-greenhouse,https://job-boards.greenhouse.io/degreed,greenhouse,"{""token"": ""degreed""}"
delair,delair-careers,https://delair.teamtailor.com/jobs,rss,"{""preset"": ""teamtailor"", ""feed_url"": ""https://delair.teamtailor.com/jobs.rss""}"
delian-alliance-industries,delian-alliance-industries-careers,https://jobs.ashbyhq.com/delian,ashby,"{""token"": ""delian""}"
delinea,delinea-ashby,https://jobs.ashbyhq.com/delinea,ashby,"{""token"": ""delinea""}"
deliveroo,deliveroo-careers,https://jobs.ashbyhq.com/deliveroo,ashby,"{""token"": ""deliveroo""}"
delivery-associates,delivery-associates-greenhouse,https://job-boards.greenhouse.io/deliveryassociates,greenhouse,"{""token"": ""deliveryassociates""}"
dell,dell-careers-workday,https://dell.wd1.myworkdayjobs.com/External,workday,"{""company"": ""dell"", ""wd_instance"": ""wd1"", ""site"": ""External""}"
deloitte,deloitte-careers-ca,https://careers.deloitte.ca/,rss,"{""preset"": ""successfactors"", ""feed_url"": ""https://careers.deloitte.ca/googlefeed.xml""}"
deloitte,deloitte-careers-global,https://applyglobal.deloitte.com,rss,"{""preset"": ""successfactors"", ""feed_url"": ""https://applyglobal.deloitte.com/googlefeed.xml""}"
deloitte-india,deloitte-india-careers,https://career44.sapsf.com/career?company=deloittesh,rss,"{""preset"": ""successfactors"", ""feed_url"": ""https://southasiacareers.deloitte.com/googlefeed.xml""}"
deloitte-southeast-asia,deloitte-southeast-asia-careers,https://jobs.sea.deloitte.com/,rss,"{""preset"": ""successfactors""}"
delphi,delphi-ashby,https://jobs.ashbyhq.com/delphi,ashby,"{""token"": ""delphi""}"
deltacapita,deltacapita-pinpoint,https://deltacapita.pinpointhq.com,pinpoint,"{""slug"": ""deltacapita""}"
dema,dema-teamtailor,https://dema.teamtailor.com/,rss,"{""preset"": ""teamtailor"", ""feed_url"": ""https://dema.teamtailor.com/jobs.rss""}"
demandbase,demandbase-ashby,https://jobs.ashbyhq.com/demandbase,ashby,"{""token"": ""demandbase""}"
dental365,dental365-greenhouse,https://job-boards.greenhouse.io/dental365,greenhouse,"{""token"": ""dental365""}"
dentsu,dentsu-careers-workday,https://dentsuaegis.wd3.myworkdayjobs.com/DAN_GLOBAL,workday,"{""company"": ""dentsuaegis"", ""wd_instance"": ""wd3"", ""site"": ""DAN_GLOBAL""}"
dept,dept-greenhouse,https://job-boards.greenhouse.io/dept,greenhouse,"{""token"": ""dept""}"
descript,descript-greenhouse,https://job-boards.greenhouse.io/descript,greenhouse,"{""token"": ""descript""}"
designed-conveyor-systems,designed-conveyor-systems-greenhouse,https://job-boards.greenhouse.io/designedconveyorsystems,greenhouse,"{""token"": ""designedconveyorsystems""}"
desmos,desmos-pinpoint,https://desmos.pinpointhq.com,pinpoint,"{""slug"": ""desmos""}"
detroit-lions,detroit-lions-greenhouse,https://job-boards.greenhouse.io/detroitlions,greenhouse,"{""token"": ""detroitlions""}"
deutsche-bank,deutsche-bank-dws,https://db.wd3.myworkdayjobs.com/en-US/DWSWebsite,workday,"{""company"": ""db"", ""wd_instance"": ""wd3"", ""site"": ""DWSWebsite"", ""all_sites"": false}"
deutsche-bank,deutsche-bank-main,https://db.wd3.myworkdayjobs.com/en-US/DBWebsite,workday,"{""company"": ""db"", ""wd_instance"": ""wd3"", ""site"": ""DBWebsite"", ""all_sites"": false}"
dev-technology,dev-technology-greenhouse,https://job-boards.greenhouse.io/devtechnology,greenhouse,"{""token"": ""devtechnology""}"
devoteam,devoteam-careers-singularity,https://www.careers-page.com/singularity-digital-enterprise,manatal,"{""slug"": ""singularity-digital-enterprise""}"
devoted-health,devoted-health-workday,https://devoted.wd1.myworkdayjobs.com/Devoted,workday,"{""tenant"": ""devoted"", ""board"": ""Devoted""}"
devrev,devrev-greenhouse,https://job-boards.greenhouse.io/devrev,greenhouse,"{""token"": ""devrev""}"
dexis,dexis-greenhouse,https://job-boards.greenhouse.io/dexisconsultinggroup,greenhouse,"{""token"": ""dexisconsultinggroup""}"
dexory,dexory-greenhouse,https://job-boards.greenhouse.io/Dexory,greenhouse,"{""token"": ""dexory""}"
dexter-energy,dexter-energy-careers,https://jobs.dexterenergy.ai/job-openings,recruitee,"{""slug"": ""careers-analytics"", ""api_base"": ""https://jobs.dexterenergy.ai""}"
dexterity,dexterity-lever,https://jobs.lever.co/dexterity,lever,"{""token"": ""dexterity""}"
dhi-group-inc,dhi-group-inc-greenhouse,https://job-boards.greenhouse.io/dhigroupinc,greenhouse,"{""token"": ""dhigroupinc""}"
dialectic,dialectic-greenhouse,https://job-boards.greenhouse.io/dialecticch,greenhouse,"{""token"": ""dialecticch""}"
dialogueai,dialogueai-ashby,https://jobs.ashbyhq.com/dialogueai,ashby,"{""token"": ""dialogueai""}"
dialpad,dialpad-greenhouse,https://job-boards.greenhouse.io/dialpad,greenhouse,"{""token"": ""dialpad""}"
diana-health,diana-health-greenhouse,https://job-boards.greenhouse.io/dianahealth94,greenhouse,"{""token"": ""dianahealth94""}"
dicks-sporting-goods,dicks-sporting-goods-careers,https://dickssportinggoods.wd1.myworkdayjobs.com/DSG,workday,"{""company"": ""dickssportinggoods"", ""wd_instance"": ""wd1"", ""site"": ""DSG""}"
dicks-sporting-goods,dicks-sporting-goods-gamechanger,https://jobs.ashbyhq.com/gamechanger,ashby,"{""token"": ""gamechanger""}"
dig-inn-restaurant-teams,dig-inn-restaurant-teams-greenhouse,https://job-boards.greenhouse.io/digrestaurants,greenhouse,"{""token"": ""digrestaurants""}"
digible,digible-greenhouse,https://job-boards.greenhouse.io/digible,greenhouse,"{""token"": ""digible""}"
digital-ops-tech-centre-dis-dotc,digital-ops-tech-centre-dis-dotc-greenhouse,https://job-boards.greenhouse.io/dotccareers,greenhouse,"{""token"": ""dotccareers""}"
diligent-corporation,diligent-corporation-greenhouse,https://job-boards.greenhouse.io/diligentcorporation,greenhouse,"{""token"": ""diligentcorporation""}"
diligent-robotics,diligent-robotics-greenhouse,https://job-boards.greenhouse.io/diligentrobotics,greenhouse,"{""token"": ""diligentrobotics""}"
diligent-services,diligent-services-greenhouse,https://job-boards.greenhouse.io/diligent,greenhouse,"{""token"": ""diligent""}"
dine-brands,dine-brands-careers,https://dinebrands.wd503.myworkdayjobs.com/restaurantcareersite,workday,
disco,disco-greenhouse,https://job-boards.greenhouse.io/disco,greenhouse,"{""token"": ""disco""}"
discord,discord-greenhouse,https://job-boards.greenhouse.io/discord,greenhouse,"{""token"": ""discord""}"
disney,disney-careers,https://disney.wd5.myworkdayjobs.com/disneycareer,workday,"{""company"": ""disney"", ""wd_instance"": ""wd5"", ""site"": ""disneycareer""}"
dispatch,dispatch-ashby,https://jobs.ashbyhq.com/dispatch,ashby,"{""token"": ""dispatch""}"
distantjob,distantjob-greenhouse,https://job-boards.greenhouse.io/distantjob,greenhouse,"{""token"": ""distantjob""}"
divergent,divergent-greenhouse,https://job-boards.greenhouse.io/divergent,greenhouse,"{""token"": ""divergent""}"
dkatalis,dkatalis-greenhouse,https://job-boards.greenhouse.io/dkatalislabs,greenhouse,"{""token"": ""dkatalislabs""}"
dlh,dlh-greenhouse,https://job-boards.greenhouse.io/dlhcorporation,greenhouse,"{""token"": ""dlhcorporation""}"
dlr-group,dlr-group-greenhouse,https://job-boards.greenhouse.io/dlrgroup,greenhouse,"{""token"": ""dlrgroup""}"
dmg-events,dmg-events-greenhouse,https://job-boards.greenhouse.io/dmgevents,greenhouse,"{""token"": ""dmgevents""}"
dna-script,dna-script-greenhouse,https://job-boards.eu.greenhouse.io/dnascript,greenhouse,"{""token"": ""dnascript""}"
dnata,dnata-czech-air-dispatch,https://air-dispatch.com/careers/,inline,"{""render"": false, ""fetch_contains"": ""Load Controller"", ""steps"": [{""tag"": ""h3"", ""text"": ""Load Controller"", ""field"": ""title"", ""regex"": ""^(Load Controller (?:Prague|Ostrava))""}, {""tag"": ""p"", ""field"": ""description"", ""html"": true, ""stop"": ""Submit""}], ""defaults"": {""employment_type"": ""full_time"", ""job_location_type"": ""onsite""}, ""defaults_by_title"": {""Load Controller Prague"": {""locations"": [""Prague, Czechia""]}, ""Load Controller Ostrava"": {""locations"": [""Ostrava, Czechia""]}}}"
dnata,dnata-netherlands,https://dnata.recruitee.com/,recruitee,"{""slug"": ""dnata"", ""api_base"": ""https://dnata.recruitee.com""}"
dnata,dnata-travel,https://jobs.dnatatravelcareers.com/jobs/vacancy/find/results/,earcu,"{""feed_url"": ""https://jobs.dnatatravelcareers.com/jobs/allvacancies/""}"
dnata,dnata-uk-en-route,https://en-route.com/careers/,rss,"{""preset"": ""generic"", ""feed_url"": ""https://en-route.com/category/careers/feed/"", ""url_transform"": {""find"": ""\\?.*$"", ""replace"": """"}}"
dndi,dndi-japan,https://dndijapan.org/jobs/,rss,"{""preset"": ""generic"", ""feed_url"": ""https://dndijapan.org/jobs/feed/""}"
doc,doc-greenhouse,https://job-boards.greenhouse.io/danieloconnellssons,greenhouse,"{""token"": ""danieloconnellssons""}"
docker,docker-ashby,https://jobs.ashbyhq.com/docker,ashby,"{""token"": ""docker""}"
doconomy,doconomy-careers,https://doconomy.teamtailor.com/jobs,rss,"{""preset"": ""teamtailor"", ""feed_url"": ""https://doconomy.teamtailor.com/jobs.rss""}"
docplanner,docplanner-careers,https://jobs.ashbyhq.com/docplanner,ashby,"{""token"": ""docplanner""}"
docplanner,docplanner-careers-doctoralia-brasil,https://jobs.ashbyhq.com/doctoralia-brasil,ashby,"{""token"": ""doctoralia-brasil""}"
docplanner,docplanner-careers-doctoralia-colombia,https://jobs.ashbyhq.com/doctoralia-colombia,ashby,"{""token"": ""doctoralia-colombia""}"
docplanner,docplanner-careers-doctoralia-mexico,https://jobs.ashbyhq.com/doctoralia-mexico,ashby,"{""token"": ""doctoralia-mexico""}"
docplanner,docplanner-careers-doctoralia-spain,https://jobs.ashbyhq.com/doctoralia-spain,ashby,"{""token"": ""doctoralia-spain""}"
docplanner,docplanner-careers-doktortakvimi,https://jobs.ashbyhq.com/doktortakvimi,ashby,"{""token"": ""doktortakvimi""}"
docplanner,docplanner-careers-jameda,https://jobs.ashbyhq.com/jameda,ashby,"{""token"": ""jameda""}"
docplanner,docplanner-careers-miodottore,https://jobs.ashbyhq.com/miodottore,ashby,"{""token"": ""miodottore""}"
docplanner,docplanner-careers-mydr,https://jobs.ashbyhq.com/mydr,ashby,"{""token"": ""mydr""}"
docplanner,docplanner-careers-tuotempo,https://jobs.ashbyhq.com/tuotempo,ashby,"{""token"": ""tuotempo""}"
docplanner,docplanner-careers-znany-lekarz,https://jobs.ashbyhq.com/znanyLekarz,ashby,"{""token"": ""znanyLekarz""}"
doctolib,doctolib-greenhouse,https://job-boards.greenhouse.io/doctolib,greenhouse,"{""token"": ""doctolib""}"
doctrin,doctrin-main,https://career.doctrin.se/jobs,rss,"{""preset"": ""teamtailor"", ""feed_url"": ""https://career.doctrin.se/jobs.rss""}"
doit,doit-greenhouse,https://job-boards.greenhouse.io/doitintl,greenhouse,"{""token"": ""doitintl""}"
dollar-tree,dollar-tree-canada,https://dollartree.wd5.myworkdayjobs.com/dollartreeca,workday,"{""company"": ""dollartree"", ""wd_instance"": ""wd5"", ""site"": ""dollartreeca"", ""all_sites"": false}"
dollar-tree,dollar-tree-us-careers,https://dollartree.wd5.myworkdayjobs.com/dollartreeus,workday,"{""company"": ""dollartree"", ""wd_instance"": ""wd5"", ""site"": ""dollartreeus"", ""all_sites"": false, ""search_text"": ""Dollar Tree""}"
dome-construction-corporation,dome-construction-corporation-greenhouse,https://job-boards.greenhouse.io/domeconstruction,greenhouse,"{""token"": ""domeconstruction""}"
domestika,domestika-careers,https://jobs.ashbyhq.com/domestika.org,ashby,"{""token"": ""domestika.org""}"
domino-data-lab,domino-data-lab-greenhouse,https://job-boards.greenhouse.io/dominodatalab,greenhouse,"{""token"": ""dominodatalab""}"
dominos,dominos-belgium,https://www.dominosjobs.be/vacatures,typify,
dominos,dominos-germany,https://www.dominosjobs.de/de/jobs,typify,
dominos,dominos-netherlands,https://www.werkenbijdominos.nl/typify-iframe/vacatures,typify,
domyn,domyn-careers,https://jobs.deel.com/domyn-spa,deel,"{""slug"": ""domyn-spa"", ""org_id"": ""c4aebfd5-51cc-47b8-8ab8-83af08bff14e"", ""board_id"": ""280b1307-4f36-4687-9ca1-1958dc1c5b02""}"
donorbox,donorbox-greenhouse,https://job-boards.greenhouse.io/donorbox,greenhouse,"{""token"": ""donorbox""}"
doodle,doodle-careers,https://careers.doodle.com/,rss,"{""preset"": ""teamtailor"", ""feed_url"": ""https://careers.doodle.com/jobs.rss""}"
doordash,doordash-careers,https://job-boards.greenhouse.io/doordashusa,greenhouse,"{""token"": ""doordashusa""}"
doordash,doordash-careers-au,https://job-boards.greenhouse.io/doordashaustralia,greenhouse,"{""token"": ""doordashaustralia""}"
doordash,doordash-careers-ca,https://job-boards.greenhouse.io/doordashcanada,greenhouse,"{""token"": ""doordashcanada""}"
doordash,doordash-careers-in,https://job-boards.greenhouse.io/doordashindia,greenhouse,"{""token"": ""doordashindia""}"
doordash,doordash-careers-intl,https://boards.greenhouse.io/doordashinternational,greenhouse,"{""token"": ""doordashinternational""}"
doordash,doordash-careers-mx,https://job-boards.greenhouse.io/doordashmexico,greenhouse,"{""token"": ""doordashmexico""}"
doordash,doordash-careers-wolt,https://careers.wolt.com/en/jobs,greenhouse,"{""token"": ""wolt""}"
doppel,doppel-careers,https://boards.greenhouse.io/doppel,greenhouse,"{""token"": ""doppel""}"
dormakaba,dormakaba-global,https://jobs.dormakaba.com/viewalljobs/?locale=en_US,rss,"{""preset"":""successfactors"",""feed_url"":""https://jobs.dormakaba.com/googlefeed.xml""}"
dormakaba,dormakaba-legic-apprenticeships,https://www.legic.com/company/careers/apprenticeship,inline,"{""fetch_urls"":[""https://www.legic.com/company/careers/apprenticeship/detail/info/lehrstelle-elektroniker-efz-1""],""fetch_contains"":""Lehrstelle"",""steps"":[{""tag"":""h1"",""field"":""title""},{""tag"":""p"",""field"":""description"",""stop"":""Weitere Informationen"",""html"":true}],""defaults"":{""locations"":[""Wetzikon, CH""],""job_location_type"":""onsite""}}"
dorsia,dorsia-greenhouse,https://job-boards.greenhouse.io/dorsia,greenhouse,"{""token"": ""dorsia""}"
doss,doss-ashby,https://jobs.ashbyhq.com/doss,ashby,"{""token"": ""doss""}"
dott,dott-careers,https://jobs.deel.com/dott,deel,"{""slug"": ""dott""}"
double,double-ashby,https://jobs.ashbyhq.com/double,ashby,"{""token"": ""double""}"
doubleverify,doubleverify-greenhouse,https://job-boards.greenhouse.io/doubleverify,greenhouse,"{""token"": ""doubleverify""}"
dovetail,dovetail-ashby,https://jobs.ashbyhq.com/dovetail,ashby,"{""token"": ""dovetail""}"
doximity,doximity-greenhouse,https://job-boards.greenhouse.io/doximity,greenhouse,"{""token"": ""doximity""}"
dr-dental,dr-dental-greenhouse,https://job-boards.greenhouse.io/drdental,greenhouse,"{""token"": ""drdental""}"
dr-squatch,dr-squatch-greenhouse,https://job-boards.greenhouse.io/drsquatch,greenhouse,"{""token"": ""drsquatch""}"
dragos,dragos-greenhouse,https://job-boards.greenhouse.io/dragos,greenhouse,"{""token"": ""dragos""}"
drata,drata-ashby,https://jobs.ashbyhq.com/drata,ashby,"{""token"": ""drata""}"
drayer-physical-therapy,drayer-physical-therapy-greenhouse,https://job-boards.greenhouse.io/drayerpt,greenhouse,"{""token"": ""drayerpt""}"
dream-security,dream-security-comeet,https://www.comeet.com/jobs/dreamgroup/99.002,comeet,
dreamsports,dreamsports-careers,https://jobs.lever.co/dreamsports,lever,"{""token"": ""dreamsports""}"
dreem-health,dreem-health-greenhouse,https://job-boards.greenhouse.io/dreemhealth,greenhouse,"{""token"": ""dreemhealth""}"
dressmann,dressmann-jobylon,https://cdn.jobylon.com/jobs/companies/2171/embed/v2/?page_size=1000,jobylon,"{""company_id"": ""2171""}"
drivetrain,drivetrain-lever,https://jobs.lever.co/drivetrain,lever,"{""token"": ""drivetrain""}"
drivewealth,drivewealth-greenhouse,https://job-boards.greenhouse.io/drivewealth,greenhouse,"{""token"": ""drivewealth""}"
dronamics,dronamics-careers,https://careers.dronamics.com/,recruitee,"{""api_base"": ""https://careers.dronamics.com""}"
dronedeploy,dronedeploy-lever,https://jobs.lever.co/dronedeploy,lever,"{""token"": ""dronedeploy""}"
dropbox,dropbox-greenhouse,https://job-boards.greenhouse.io/dropbox,greenhouse,"{""token"": ""dropbox""}"
druva,druva-greenhouse,https://job-boards.greenhouse.io/druva,greenhouse,"{""token"": ""druva""}"
drw,drw-greenhouse,https://job-boards.greenhouse.io/drweng,greenhouse,"{""token"": ""drweng""}"
drw-montreal,drw-montreal-greenhouse,https://job-boards.greenhouse.io/drwfr,greenhouse,"{""token"": ""drwfr""}"
dryft,dryft-ashby,https://jobs.ashbyhq.com/dryft,ashby,"{""token"": ""dryft""}"
dss-plus,dss-plus-global,https://consultdss.recruitee.com/jobs,recruitee,"{""slug"": ""consultdss"", ""api_base"": ""https://consultdss.recruitee.com""}"
dss-plus,dss-plus-proaction,https://recruiting.ultipro.ca/PRO5001PROA/JobBoard/4fbbaaba-d3de-4c8c-b7be-33c9ba238ae4,ukg,"{""host"": ""recruiting.ultipro.ca"", ""tenant"": ""PRO5001PROA"", ""board_id"": ""4fbbaaba-d3de-4c8c-b7be-33c9ba238ae4"", ""listing_url"": ""https://recruiting.ultipro.ca/PRO5001PROA/JobBoard/4fbbaaba-d3de-4c8c-b7be-33c9ba238ae4""}"
dsv,dsv-global,https://jobs.dsv.com/go/Jobs@DSV/2713001/,rss,"{""preset"": ""successfactors"", ""feed_url"": ""https://jobs.dsv.com/googlefeed.xml""}"
duck-duck-go,duck-duck-go-ashby,https://jobs.ashbyhq.com/duck-duck-go,ashby,"{""token"": ""duck-duck-go""}"
duckworks-millwork-solutions,duckworks-millwork-solutions-greenhouse,https://job-boards.greenhouse.io/duckworksmillworksolutions,greenhouse,"{""token"": ""duckworksmillworksolutions""}"
dude-perfect,dude-perfect-greenhouse,https://job-boards.greenhouse.io/dudeperfect,greenhouse,"{""token"": ""dudeperfect""}"
duetto-research,duetto-research-greenhouse,https://job-boards.greenhouse.io/duettoresearch,greenhouse,"{""token"": ""duettoresearch""}"
duna,duna-ashby,https://jobs.ashbyhq.com/duna,ashby,"{""token"": ""duna""}"
dune,dune-ashby,https://jobs.ashbyhq.com/dune,ashby,"{""token"": ""dune""}"
dunnhumby,dunnhumby-greenhouse,https://job-boards.greenhouse.io/dunnhumby,greenhouse,"{""token"": ""dunnhumby""}"
duolingo,duolingo-greenhouse,https://job-boards.greenhouse.io/duolingo,greenhouse,"{""token"": ""duolingo""}"
dupont,dupont-careers-wd,https://dupont.wd5.myworkdayjobs.com/Jobs,workday,
durable,durable-greenhouse,https://job-boards.greenhouse.io/durable,greenhouse,"{""token"": ""durable""}"
dusk,dusk-ashby,https://jobs.ashbyhq.com/dusk,ashby,"{""token"": ""dusk""}"
dust,dust-ashby,https://jobs.ashbyhq.com/dust,ashby,"{""token"": ""dust""}"
dustyrobotics,dustyrobotics-greenhouse,https://job-boards.greenhouse.io/dustyrobotics,greenhouse,"{""token"": ""dustyrobotics""}"
dutch-bros-coffee,dutch-bros-coffee-inventory-careers,https://dutchbros.wd1.myworkdayjobs.com/dbshops,workday,
dutchie,dutchie-greenhouse,https://job-boards.greenhouse.io/thedutchie,greenhouse,"{""token"": ""thedutchie""}"
dv-trading,dv-trading-greenhouse,https://job-boards.greenhouse.io/dvtrading,greenhouse,"{""token"": ""dvtrading""}"
dv01,dv01-greenhouse,https://job-boards.greenhouse.io/dv01,greenhouse,"{""token"": ""dv01""}"
dxc-technology,dxc-technology-careers,https://dxctechnology.wd1.myworkdayjobs.com/dxcjobs,workday,
dxc-technology,dxc-technology-careers-fds,https://www.linkedin.com/jobs/fds-a-dxc-technology-company-jobs-worldwide?f_C=18160437%2C20533386%2C18114432%2C11205564%2C11214645%2C11183353,linkedin,"{""company_ids"": [""18160437"", ""20533386"", ""18114432"", ""11205564"", ""11214645"", ""11183353""], ""canonical_numeric_job_urls"": true}"
dxc-technology,dxc-technology-careers-ma-linkedin,https://www.linkedin.com/company/dxcmorocco/jobs/,linkedin,"{""company_id"": ""28998441"", ""company_slug"": ""dxcmorocco"", ""canonical_numeric_job_urls"": true}"
dxc-technology,dxc-technology-careers-vn-linkedin,https://www.linkedin.com/company/dxc-technology-vietnam/jobs/,linkedin,"{""company_id"": ""18004637"", ""company_slug"": ""dxc-technology-vietnam"", ""canonical_numeric_job_urls"": true}"
dycom-industries,dycom-industries-careers,https://career41.sapsf.com/career?company=dycomindus,rss,"{""preset"": ""successfactors"", ""feed_url"": ""https://dycomind.jobs.hr.cloud.sap/googlefeed.xml""}"
dycom-industries,dycom-industries-careers-nti,https://nti.bamboohr.com/careers,bamboohr,"{""tenant"": ""nti""}"
dyna-robotics,dyna-robotics-ashby,https://jobs.ashbyhq.com/dyna-robotics,ashby,"{""token"": ""dyna-robotics""}"
dynamis-inc,dynamis-inc-greenhouse,https://job-boards.greenhouse.io/dynamisinc,greenhouse,"{""token"": ""dynamisinc""}"
dynamite-games,dynamite-games-greenhouse,https://job-boards.greenhouse.io/dynamitegames,greenhouse,"{""token"": ""dynamitegames""}"
dyopath,dyopath-greenhouse,https://job-boards.greenhouse.io/dyopath,greenhouse,"{""token"": ""dyopath""}"
e-s-fitness,e-s-fitness-greenhouse,https://job-boards.greenhouse.io/eosfitness,greenhouse,"{""token"": ""eosfitness""}"
e2b,e2b-ashby,https://jobs.ashbyhq.com/e2b,ashby,"{""token"": ""e2b""}"
earnin,earnin-greenhouse,https://job-boards.greenhouse.io/earnin,greenhouse,"{""token"": ""earnin""}"
easygo,easygo-greenhouse,https://job-boards.greenhouse.io/easygo,greenhouse,"{""token"": ""easygo""}"
easypost,easypost-recruitee,https://easypost.recruitee.com,recruitee,"{""token"": ""easypost""}"
easyship,easyship-greenhouse,https://job-boards.greenhouse.io/easyship,greenhouse,"{""token"": ""easyship""}"
ebanx,ebanx-greenhouse,https://job-boards.greenhouse.io/ebanx,greenhouse,"{""token"": ""ebanx""}"
echo,echo-ashby,https://jobs.ashbyhq.com/echo,ashby,"{""token"": ""echo""}"
echodyne-corp,echodyne-corp-greenhouse,https://job-boards.greenhouse.io/echodynecorp,greenhouse,"{""token"": ""echodynecorp""}"
eclinical-solutions,eclinical-solutions-greenhouse,https://job-boards.greenhouse.io/eclinicalsolutions,greenhouse,"{""token"": ""eclinicalsolutions""}"
eclipse-trading,eclipse-trading-greenhouse,https://job-boards.greenhouse.io/eclipsetrading,greenhouse,"{""token"": ""eclipsetrading""}"
ecoatm-gazelle,ecoatm-gazelle-greenhouse,https://job-boards.greenhouse.io/ecoatmgazelle,greenhouse,"{""token"": ""ecoatmgazelle""}"
ecom-agroindustrial,ecom-agroindustrial-global,https://ecomtradinggroup.teamtailor.com/jobs,rss,"{""preset"": ""teamtailor"", ""feed_url"": ""https://ecomtradinggroup.teamtailor.com/jobs.rss"", ""url_allowlist"": ""(?i)^https://(?:(?:(?:careers(?:latam|westafrica|asiapacific|brazil|mexico|europe|usa)\\.ecomtrading\\.com)|careerseurope\\.ecomgroup\\.com)|(?:ecom(?:latam|westafrica|asiapacific|brazil|mexico|europe|us)\\.teamtailor\\.com))/(?:(?:de|fr|it|en)/)?jobs/[0-9]+(?:-[^/?#]+)?$"", ""url_transform"": {""find"": ""(?i)^https://(?:careers|ecom)(latam|westafrica|asiapacific|brazil|mexico|europe|us)(?:a(?=\\.ecomtrading\\.com))?(?:\\.ecomtrading\\.com|\\.teamtailor\\.com|\\.ecomgroup\\.com)/(?:(?:de|fr|it|en)/)?jobs/([0-9]+)(?:-[^/?#]+)?$"", ""replace"": ""https://ecom\\1.teamtailor.com/jobs/\\2"", ""collision_policy"": ""prefer_source_pattern"", ""collision_preferred_source_patterns"": [""(?i)^https://careerseurope\\.ecomgroup\\.com/jobs/"", ""(?i)^https://ecom(?:latam|westafrica|asiapacific|brazil|mexico|europe|us)\\.teamtailor\\.com/en/jobs/"", ""(?i)^https://ecom(?:latam|westafrica|asiapacific|brazil|mexico|europe|us)\\.teamtailor\\.com/jobs/"", ""(?i)^https://ecom(?:latam|westafrica|asiapacific|brazil|mexico|europe|us)\\.teamtailor\\.com/de/jobs/"", ""(?i)^https://ecom(?:latam|westafrica|asiapacific|brazil|mexico|europe|us)\\.teamtailor\\.com/fr/jobs/"", ""(?i)^https://ecom(?:latam|westafrica|asiapacific|brazil|mexico|europe|us)\\.teamtailor\\.com/it/jobs/"", ""(?i)^https://careers(?:latam|westafrica|asiapacific|brazil|mexico|europe|usa)\\.ecomtrading\\.com/en/jobs/"", ""(?i)^https://careers(?:latam|westafrica|asiapacific|brazil|mexico|europe|usa)\\.ecomtrading\\.com/jobs/"", ""(?i)^https://careers(?:latam|westafrica|asiapacific|brazil|mexico|europe|usa)\\.ecomtrading\\.com/de/jobs/"", ""(?i)^https://careers(?:latam|westafrica|asiapacific|brazil|mexico|europe|usa)\\.ecomtrading\\.com/fr/jobs/"", ""(?i)^https://careers(?:latam|westafrica|asiapacific|brazil|mexico|europe|usa)\\.ecomtrading\\.com/it/jobs/""], ""collision_canonical_identity_regex"": ""(?i)^https://ecom(?:latam|westafrica|asiapacific|brazil|mexico|europe|us)\\.teamtailor\\.com/jobs/([0-9]+)$"", ""collision_source_identity_regex"": ""(?i)^https://(?:(?:(?:careers(?:latam|westafrica|asiapacific|brazil|mexico|europe|usa)\\.ecomtrading\\.com)|careerseurope\\.ecomgroup\\.com)|(?:ecom(?:latam|westafrica|asiapacific|brazil|mexico|europe|us)\\.teamtailor\\.com))/(?:(?:de|fr|it|en)/)?jobs/([0-9]+)(?:-[^/?#]+)?$"", ""collision_stream_buffer_limit"": 1000}}"
editasmedicine,editasmedicine-pinpoint,https://editasmedicine.pinpointhq.com,pinpoint,"{""slug"": ""editasmedicine""}"
edmentum,edmentum-greenhouse,https://job-boards.greenhouse.io/edmentum,greenhouse,"{""token"": ""edmentum""}"
edmond-de-rothschild,edmond-de-rothschild-careers,https://evht.fa.ocs.oraclecloud.eu/hcmUI/CandidateExperience/en/sites/CX_7001,oracle_hcm,"{""host"": ""evht.fa.ocs.oraclecloud.eu"", ""site"": ""CX_7001""}"
edo,edo-greenhouse,https://job-boards.greenhouse.io/edo,greenhouse,"{""token"": ""edo""}"
educate,educate-greenhouse,https://job-boards.greenhouse.io/educate,greenhouse,"{""token"": ""educate""}"
edwards-lifesciences,edwards-lifesciences-edwards-workday,https://edwards.wd5.myworkdayjobs.com/EdwardsCareers,workday,"{""company"": ""edwards"", ""wd_instance"": ""wd5"", ""site"": ""EdwardsCareers""}"
eei,eei-greenhouse,https://job-boards.greenhouse.io/eei,greenhouse,"{""token"": ""eei""}"
effectual,effectual-greenhouse,https://job-boards.greenhouse.io/effectual,greenhouse,"{""token"": ""effectual""}"
efficient-computer,efficient-computer-greenhouse,https://job-boards.greenhouse.io/efficientcomputer,greenhouse,"{""token"": ""efficientcomputer""}"
efg-international,efg-international-careers,https://fa-eqai-saasfaprod1.fa.ocs.oraclecloud.com/hcmUI/CandidateExperience/en/sites/CX_1001/jobs,oracle_hcm,"{""host"": ""fa-eqai-saasfaprod1.fa.ocs.oraclecloud.com"", ""site"": ""CX_1001""}"
egis-group,egis-group-careers-us-paycom,https://www.paycomonline.net/v4/ats/web.php/jobs?clientkey=C6D898A81CCCD1B20AB2D2325FE90D89&jpt=,paycom,"{""token"": ""C6D898A81CCCD1B20AB2D2325FE90D89""}"
egon-zehnder,egon-zehnder-linkedin-global,https://www.linkedin.com/company/egon-zehnder/jobs/,linkedin,"{""company_id"": ""5652"", ""company_slug"": ""egon-zehnder""}"
egym,egym-personio,https://jobs.ashbyhq.com/egym,ashby,"{""token"": ""egym""}"
ehl-group,ehl-group-singapore-jobstreet,https://sg.jobstreet.com/companies/ehl-educational-group-172077835588736/jobs,jobstreet,"{""host"":""sg.jobstreet.com"",""company_id"":""172077835588736"",""organisation_id"":""699133""}"
eiffage,eiffage-careers,https://eiffage.wd3.myworkdayjobs.com/Eiffage_Careers,workday,"{""company"": ""eiffage"", ""wd_instance"": ""wd3"", ""site"": ""Eiffage_Careers""}"
eiffage,eiffage-construction-belux,https://eiffage-bouw.cvw.io/?lang=nl-BE,cvwarehouse,
eigen-labs,eigen-labs-careers,https://jobs.ashbyhq.com/eigen-labs,ashby,"{""token"": ""eigen-labs""}"
eight-advisory,eight-advisory-careers,https://8advisory.recruitee.com/l/en/,recruitee,"{""slug"": ""8advisory"", ""api_base"": ""https://8advisory.recruitee.com""}"
eikon-therapeutics,eikon-therapeutics-greenhouse,https://job-boards.greenhouse.io/eikontherapeutics,greenhouse,"{""token"": ""eikontherapeutics""}"
einride,einride-global,https://careers.einride.tech/,jobylon,"{""company_id"": ""3143""}"
ekimetrics,ekimetrics-pinpoint,https://ekimetrics.pinpointhq.com,pinpoint,"{""slug"": ""ekimetrics""}"
ekn-engineering,ekn-engineering-greenhouse,https://job-boards.greenhouse.io/eknengineering,greenhouse,"{""token"": ""eknengineering""}"
elastic,elastic-greenhouse,https://job-boards.greenhouse.io/elastic,greenhouse,"{""token"": ""elastic""}"
elca-group,elca-group-careers,https://iaaras.fa.ocs.oraclecloud.com/hcmUI/CandidateExperience/en/sites/CX_4/requisitions,oracle_hcm,"{""host"": ""iaaras.fa.ocs.oraclecloud.com"", ""site"": ""CX_4""}"
electra,electra-teamtailor,https://careers.go-electra.com/jobs,rss,"{""preset"": ""teamtailor"", ""feed_url"": ""https://careers.go-electra.com/jobs.rss""}"
electrolux,electrolux-careers-workday,https://electrolux.wd3.myworkdayjobs.com/ElectroluxCareerSite,workday,"{""tenant"": ""electrolux"", ""site"": ""ElectroluxCareerSite""}"
electronx,electronx-ashby,https://jobs.ashbyhq.com/electronx,ashby,"{""token"": ""electronx""}"
eleos-health,eleos-health-greenhouse,https://job-boards.greenhouse.io/eleoshealth,greenhouse,"{""token"": ""eleoshealth""}"
eleqtron,eleqtron-recruitee,https://eleqtron.recruitee.com/,recruitee,"{""slug"": ""eleqtron""}"
elevance-health,elevance-health-careers,https://elevancehealth.wd1.myworkdayjobs.com/en-US/ANT,workday,"{""company"": ""elevancehealth"", ""wd_instance"": ""wd1"", ""site"": ""ANT"", ""all_sites"": false}"
elevance-health,elevance-health-careers-carelon-in,https://elevancehealth.wd1.myworkdayjobs.com/en-US/carelonglobal_in,workday,"{""company"": ""elevancehealth"", ""wd_instance"": ""wd1"", ""site"": ""carelonglobal_in"", ""all_sites"": false}"
elevance-health,elevance-health-careers-carelon-ph,https://elevancehealth.wd1.myworkdayjobs.com/en-US/carelonglobal_ph,workday,"{""company"": ""elevancehealth"", ""wd_instance"": ""wd1"", ""site"": ""carelonglobal_ph"", ""all_sites"": false}"
elevations-credit-union,elevations-credit-union-greenhouse,https://job-boards.greenhouse.io/elevationscreditunion,greenhouse,"{""token"": ""elevationscreditunion""}"
eleven,eleven-recruitee,https://eleven.recruitee.com,recruitee,"{""token"": ""eleven""}"
elevenlabs,elevenlabs-careers,https://jobs.ashbyhq.com/elevenlabs,ashby,"{""token"": ""elevenlabs""}"
elfbeauty,elfbeauty-pinpoint,https://elfbeauty.pinpointhq.com,pinpoint,"{""slug"": ""elfbeauty""}"
eliot-community-human-services,eliot-community-human-services-greenhouse,https://job-boards.greenhouse.io/eliotcommunityhumanservices,greenhouse,"{""token"": ""eliotcommunityhumanservices""}"
elite-dental-partners,elite-dental-partners-greenhouse,https://job-boards.greenhouse.io/elitedentalpartnersllc,greenhouse,"{""token"": ""elitedentalpartnersllc""}"
elite-technology,elite-technology-greenhouse,https://job-boards.greenhouse.io/elitetechnology,greenhouse,"{""token"": ""elitetechnology""}"
elligint-health,elligint-health-greenhouse,https://job-boards.greenhouse.io/elliginthealth,greenhouse,"{""token"": ""elliginthealth""}"
ellipsislabs,ellipsislabs-ashby,https://jobs.ashbyhq.com/ellipsislabs,ashby,"{""token"": ""ellipsislabs""}"
emag,emag-careers,https://teams.emag.ro/jobs/,greenhouse,"{""token"": ""emag""}"
emarketer,emarketer-greenhouse,https://job-boards.greenhouse.io/emarketer,greenhouse,"{""token"": ""emarketer""}"
embark,embark-pinpoint,https://embark.pinpointhq.com,pinpoint,"{""slug"": ""embark""}"
embrace,embrace-greenhouse,https://job-boards.greenhouse.io/embrace,greenhouse,"{""token"": ""embrace""}"
emergent-labs,emergent-labs-greenhouse,https://job-boards.greenhouse.io/emergentlabsinc,greenhouse,"{""token"": ""emergentlabsinc""}"
emerson,emerson-aspentech-careers,https://aspentech.wd5.myworkdayjobs.com/aspentech,workday,"{""company"": ""aspentech"", ""wd_instance"": ""wd5"", ""site"": ""aspentech""}"
emerson,emerson-careers,https://hdjq.fa.us2.oraclecloud.com/hcmUI/CandidateExperience/en/sites/CX_1,oracle_hcm,"{""total_count_tolerance"": 1, ""page_shortfall_tolerance"": 1}"
emerton,emerton-careers,https://emertongroup.recruitee.com,recruitee,"{""slug"": ""emertongroup"", ""api_base"": ""https://emertongroup.recruitee.com""}"
emirates-group,emirates-group-transguard,https://iaboey.fa.ocs.oraclecloud.com/hcmUI/CandidateExperience/en/sites/CX_2/requisitions,oracle_hcm,"{""host"": ""iaboey.fa.ocs.oraclecloud.com"", ""site"": ""CX_2"", ""jobs_count"": 91}"
emnify,emnify-global,https://www.emnify.com/careers/openings,greenhouse,"{""token"": ""emnify""}"
emory-healthcare,emory-healthcare-houston-county,https://hhc.wd5.myworkdayjobs.com/en-US/HHC,workday,"{""company"": ""hhc"", ""wd_instance"": ""wd5"", ""site"": ""HHC""}"
empirical,empirical-ashby,https://jobs.ashbyhq.com/empirical,ashby,"{""token"": ""empirical""}"
employment-opportunities-at-buzzfeed-inc,employment-opportunities-at-buzzfeed-inc-greenhouse,https://job-boards.greenhouse.io/buzzfeed,greenhouse,"{""token"": ""buzzfeed""}"
enable,enable-pinpoint,https://enable.pinpointhq.com,pinpoint,"{""slug"": ""enable""}"
enavate,enavate-greenhouse,https://job-boards.greenhouse.io/enavatecareers,greenhouse,"{""token"": ""enavatecareers""}"
encoura,encoura-greenhouse,https://job-boards.greenhouse.io/encoura,greenhouse,"{""token"": ""encoura""}"
endeavor-health,endeavor-health-careers,https://nshs.wd1.myworkdayjobs.com/ns-eeh,workday,
endor-labs,endor-labs-greenhouse,https://job-boards.greenhouse.io/endorlabs,greenhouse,"{""token"": ""endorlabs""}"
endress-hauser,endress-hauser-careers,https://careers.endress.com/,rss,"{""preset"": ""successfactors"", ""feed_url"": ""https://careers.endress.com/googlefeed.xml""}"
endress-hauser,endress-hauser-careers-ehs,https://jobs.endress-ehs.com/,rss,"{""preset"": ""successfactors"", ""feed_url"": ""https://jobs.endress-ehs.com/googlefeed.xml""}"
energy-dome,energy-dome-careers,https://energydome.com/careers/,inline,"{""steps"": [{""tag"": ""h3"", ""field"": ""title""}, {""tag"": ""p"", ""field"": ""description"", ""html"": true, ""stop_tag"": ""h3""}], ""defaults"": {""employment_type"": ""full_time""}}"
energy-exemplar,energy-exemplar-greenhouse,https://job-boards.greenhouse.io/energyexemplarllc,greenhouse,"{""token"": ""energyexemplarllc""}"
energy-solutions-usa,energy-solutions-usa-greenhouse,https://job-boards.greenhouse.io/energysolutions,greenhouse,"{""token"": ""energysolutions""}"
energy-vault,energy-vault-careers,https://jobs.lever.co/EnergyVault,lever,"{""token"": ""EnergyVault""}"
energyhub,energyhub-greenhouse,https://job-boards.greenhouse.io/energyhub,greenhouse,"{""token"": ""energyhub""}"
energytec-ai,energytec-ai-greenhouse,https://job-boards.greenhouse.io/etec,greenhouse,"{""token"": ""etec""}"
engelhart,engelhart-greenhouse,https://job-boards.greenhouse.io/engelhart,greenhouse,"{""token"": ""engelhart""}"
engflow,engflow-careers,https://api.ashbyhq.com/posting-api/job-board/engflow,ashby,"{""token"": ""engflow""}"
engie,engie-careers,https://jobs.engie.com/,rss,"{""preset"": ""successfactors"", ""feed_url"": ""https://jobs.engie.com/googlefeed.xml""}"
engine,engine-greenhouse,https://job-boards.greenhouse.io/engine,greenhouse,"{""token"": ""engine""}"
engineers-gate,engineers-gate-greenhouse,https://job-boards.greenhouse.io/engineersgate,greenhouse,"{""token"": ""engineersgate""}"
enhesa,enhesa-greenhouse,https://job-boards.greenhouse.io/enhesa,greenhouse,"{""token"": ""enhesa""}"
enigma,enigma-greenhouse,https://job-boards.greenhouse.io/enigmaio,greenhouse,"{""token"": ""enigmaio""}"
ennoble-care,ennoble-care-greenhouse,https://job-boards.greenhouse.io/ennoblecare,greenhouse,"{""token"": ""ennoblecare""}"
enova-international,enova-international-greenhouse,https://job-boards.greenhouse.io/enova,greenhouse,"{""token"": ""enova""}"
enpal,enpal-ashby,https://jobs.ashbyhq.com/enpal,ashby,
ensco-inc,ensco-inc-greenhouse,https://job-boards.greenhouse.io/ensco,greenhouse,"{""token"": ""ensco""}"
ensemble,ensemble-greenhouse,https://job-boards.greenhouse.io/ensemble,greenhouse,"{""token"": ""ensemble""}"
entera,entera-greenhouse,https://job-boards.greenhouse.io/entera,greenhouse,"{""token"": ""entera""}"
enterpret,enterpret-greenhouse,https://job-boards.greenhouse.io/enterpret,greenhouse,"{""token"": ""enterpret""}"
entersekt,entersekt-greenhouse,https://job-boards.greenhouse.io/entersekt,greenhouse,"{""token"": ""entersekt""}"
entrust,entrust-careers-workday,https://entrust.wd1.myworkdayjobs.com/EntrustCareers,workday,"{""company"": ""entrust"", ""wd_instance"": ""wd1"", ""site"": ""EntrustCareers""}"
enveritas,enveritas-greenhouse,https://job-boards.greenhouse.io/enveritas,greenhouse,"{""token"": ""enveritas""}"
envision-consulting,envision-consulting-greenhouse,https://job-boards.greenhouse.io/envisionconsulting,greenhouse,"{""token"": ""envisionconsulting""}"
enviva,enviva-greenhouse,https://job-boards.greenhouse.io/enviva,greenhouse,"{""token"": ""enviva""}"
envoy,envoy-careers,https://jobs.ashbyhq.com/envoy,ashby,"{""token"": ""envoy""}"
envoy-global-inc,envoy-global-inc-greenhouse,https://job-boards.greenhouse.io/envoyglobalinc,greenhouse,"{""token"": ""envoyglobalinc""}"
eos,eos-greenhouse,https://job-boards.greenhouse.io/eositsolutions,greenhouse,"{""token"": ""eositsolutions""}"
epfl,epfl-careers,https://careers.epfl.ch/search/?createNewAlert=false&q=&locationsearch=,rss,"{""preset"": ""successfactors"", ""feed_url"": ""https://careers.epfl.ch/googlefeed.xml""}"
epfl,epfl-csea,https://www.epfl.ch/labs/csea/openpositions/,inline,"{""require_zero_proof"": true, ""item_boundary_tag"": ""h2"", ""steps"": [{""tag"": ""h2"", ""field"": ""title""}, {""field"": ""description"", ""html"": true, ""to_end"": true}], ""defaults"": {""locations"": [""Lausanne, Switzerland""], ""employment_type"": ""full_time""}}"
epfl,epfl-gr-ost,https://www.epfl.ch/labs/gr-ost/open-positions/,inline,"{""require_zero_proof"": true, ""section_start"": {""tag"": ""h1"", ""text"": ""Open Positions""}, ""section_end"": {""tag"": ""div"", ""text"": ""Back to top""}, ""positions_per_listing"": 3, ""steps"": [{""tag"": ""p"", ""match_regex"": ""^There are three open PhD positions in our group\\.$"", ""field"": ""title"", ""regex"": ""^There are three open (PhD position)s in our group\\.$""}, {""tag"": ""p"", ""field"": ""description"", ""html"": true, ""to_end"": true}], ""defaults"": {""locations"": [""Lausanne, Switzerland""], ""employment_type"": ""full_time""}}"
epfl,epfl-hqc,https://www.epfl.ch/labs/hqc/open-positions/,inline,"{""require_zero_proof"": true, ""section_start"": {""tag"": ""h3"", ""text"": ""Postdoc positions available""}, ""section_end"": {""tag"": ""h3"", ""text"": ""PhD positions available""}, ""item_boundary_tag"": ""div"", ""steps"": [{""tag"": ""div"", ""field"": ""title""}, {""tag"": ""p"", ""field"": ""description"", ""html"": true, ""to_end"": true}], ""defaults"": {""locations"": [""Lausanne, Switzerland""], ""employment_type"": ""full_time""}}"
epfl,epfl-imos,https://www.epfl.ch/labs/imos/open-positions/,inline,"{""require_zero_proof"": true, ""section_start"": {""tag"": ""h1"", ""text"": ""Open positions""}, ""section_end"": {""tag"": ""div"", ""text"": ""Back to top""}, ""steps"": [{""tag"": ""div"", ""attr"": ""class=entry-content container-grid"", ""field"": ""title""}, {""field"": ""description"", ""html"": true, ""stop_attr"": ""class=entry-content container-grid""}], ""exclude_titles"": [""PhD Position in Hierarchical Graph Neural Networks for Multi-Scale Urban Energy Systems""], ""defaults"": {""locations"": [""Lausanne, Switzerland""], ""employment_type"": ""full_time""}, ""defaults_by_title"": {""Summer Internship in Computer Vision and Machine Learning"": {""employment_type"": ""internship""}}}"
epfl,epfl-lanes,https://www.epfl.ch/labs/lanes/page-31692-en-html/,inline,"{""require_zero_proof"": true, ""item_boundary_tag"": ""h3"", ""steps"": [{""tag"": ""h3"", ""field"": ""title""}, {""tag"": ""p"", ""field"": ""description"", ""html"": true, ""to_end"": true}], ""defaults"": {""locations"": [""Lausanne, Switzerland""], ""employment_type"": ""full_time""}}"
epfl,epfl-las,https://www.epfl.ch/labs/las/openings/,inline,"{""require_zero_proof"": true, ""item_boundary_tag"": ""h2"", ""steps"": [{""tag"": ""h2"", ""match_regex"": ""^PhD position$"", ""field"": ""title"", ""optional"": true}, {""tag"": ""p"", ""field"": ""description"", ""html"": true, ""to_end"": true}], ""defaults"": {""locations"": [""Lausanne, Switzerland""], ""employment_type"": ""full_time""}}"
epfl,epfl-lemaitre,https://www.epfl.ch/labs/lemaitrelab/lemaitre-lab/open_positions/,inline,"{""require_zero_proof"": true, ""section_start"": {""tag"": ""h1"", ""text"": ""Open Positions""}, ""section_end"": {""tag"": ""div"", ""text"": ""Back to top""}, ""steps"": [{""tag"": ""h3"", ""text"": ""Innate immunity in Drosophila""}, {""tag"": ""h3"", ""match_regex"": ""^PhD student$"", ""field"": ""title""}, {""tag"": ""p"", ""field"": ""description"", ""html"": true, ""to_end"": true}], ""defaults"": {""locations"": [""Lausanne, Switzerland""], ""employment_type"": ""full_time""}}"
epfl,epfl-lfim,https://www.epfl.ch/labs/lfim/openings/,inline,"{""require_zero_proof"": true, ""section_start"": {""tag"": ""div"", ""match_regex"": ""^Postdoc positions$""}, ""section_end"": {""tag"": ""p"", ""match_regex"": ""^Master/Semester projects$""}, ""steps"": [{""match_regex"": ""^\\d+\\.\\s+"", ""field"": ""title"", ""regex"": ""^\\d+\\.\\s+(.+)""}, {""field"": ""description"", ""html"": true, ""stop_regex"": ""^\\d+\\.\\s+""}], ""defaults"": {""locations"": [""Sion, Switzerland""], ""employment_type"": ""full_time""}}"
epfl,epfl-lpdc,https://www.epfl.ch/labs/lpdc/openings/,inline,"{""require_zero_proof"": true, ""item_boundary_tag"": ""h3"", ""steps"": [{""tag"": ""h3"", ""match_regex"": ""^(?:PhD Positions|Post-doc Positions)$"", ""field"": ""title"", ""optional"": true}, {""tag"": ""p"", ""field"": ""description"", ""html"": true, ""to_end"": true}], ""defaults"": {""locations"": [""Lausanne, Switzerland""], ""employment_type"": ""full_time""}}"
epfl,epfl-lrm,https://www.epfl.ch/labs/lrm/job-openings/,inline,"{""require_zero_proof"": true, ""steps"": [{""tag"": ""p"", ""match_regex"": ""^Postdoctoral positions in NMR spectroscopy$"", ""field"": ""title""}, {""tag"": ""p"", ""field"": ""description"", ""html"": true, ""to_end"": true}], ""defaults"": {""locations"": [""Lausanne, Switzerland""], ""employment_type"": ""full_time""}}"
epfl,epfl-luxs,https://www.epfl.ch/labs/luxs/openings/,inline,"{""require_zero_proof"": true, ""section_start"": {""tag"": ""p"", ""text"": ""Ph.D. Positions""}, ""section_end"": {""tag"": ""p"", ""match_regex"": ""^For applications and further information""}, ""item_boundary_tag"": ""li"", ""description_from_title"": true, ""steps"": [{""tag"": ""li"", ""field"": ""title""}], ""defaults"": {""locations"": [""Lausanne, Switzerland""], ""employment_type"": ""full_time""}}"
epfl,epfl-mesobio,https://www.epfl.ch/labs/mesobio/open-positions/,inline,"{""require_zero_proof"": true, ""steps"": [{""tag"": ""p"", ""match_regex"": ""^Current Openings for "", ""field"": ""title"", ""regex"": ""^(.*?)(?:\\s*\\(Updated[^)]*\\))?$""}, {""tag"": ""p"", ""field"": ""description"", ""html"": true, ""to_end"": true}], ""defaults"": {""locations"": [""Lausanne, Switzerland""], ""employment_type"": ""full_time""}}"
epfl,epfl-phd-edbb,https://www.epfl.ch/education/phd/edbb-biotechnology-and-bioengineering/edbb-open-positions/,inline,"{""require_zero_proof"": true, ""section_start"": {""tag"": ""h1"", ""text"": ""EDBB Open positions""}, ""section_end"": {""tag"": ""h2"", ""text"": ""Upcoming EDBB Openings""}, ""preserve_single_location"": true, ""steps"": [{""tag"": ""div"", ""match_regex"": ""^•"", ""field"": ""title"", ""regex"": ""^•\\s*(.+?)(?:\\s*\\((?:posted|updated)\\s+[^)]*\\))?$""}, {""tag"": ""p"", ""field"": ""description"", ""html"": true, ""stop_tag"": ""div""}], ""defaults"": {""locations"": [""Lausanne, Switzerland""], ""employment_type"": ""full_time"", ""valid_through"": ""2026-11-01""}, ""valid_through_patterns"": [{""regex"": ""Application deadline:\\s*(\\d{2}\\.\\d{2}\\.\\d{4})"", ""format"": ""%d.%m.%Y""}, {""regex"": ""Application deadline:\\s*([A-Za-z]+ \\d{1,2}, \\d{4})"", ""format"": ""%B %d, %Y""}, {""regex"": ""Application deadline:\\s*(\\d{1,2}(?:st|nd|rd|th)? [A-Za-z]+ \\d{4})"", ""format"": ""%d %B %Y""}], ""exclude_expired"": true}"
epfl,epfl-phd-edma,https://www.epfl.ch/education/phd/edma-mathematics/edma-open-positions/,inline,"{""require_zero_proof"": true, ""steps"": [{""tag"": ""td"", ""text"": ""Deadline""}, {""tag"": ""td"", ""offset"": 1, ""field"": ""title"", ""regex"": ""^(.+?)(?:\\s+Research area:.*)?$""}, {""tag"": ""td"", ""offset"": 1, ""field"": ""description"", ""html"": true}, {""tag"": ""td"", ""field"": ""valid_through""}], ""defaults"": {""locations"": [""Lausanne, Switzerland""], ""employment_type"": ""full_time""}, ""valid_through_format"": ""%B %d, %Y"", ""exclude_expired"": true}"
epfl,epfl-phd-edms,https://www.epfl.ch/education/phd/edms-molecular-life-sciences/edms-open-positions/,inline,"{""require_zero_proof"": true, ""description_from_title"": true, ""steps"": [{""tag"": ""td"", ""optional"": true}, {""tag"": ""td"", ""field"": ""title"", ""regex"": ""^(.+?)(?:\\s*\\(\\d+\\s+positions?\\)\\.?)?$"", ""optional"": true}], ""defaults"": {""locations"": [""Lausanne, Switzerland""]}}"
epfl,epfl-phd-edne,https://www.epfl.ch/education/phd/edne-neuroscience/edne-open-positions/,inline,"{""require_zero_proof"": true, ""section_start"": {""text"": ""Deadline, 1st November""}, ""section_end"": {""tag"": ""p"", ""text"": ""More positions may be still posted!""}, ""item_boundary_tag"": ""p"", ""steps"": [{""tag"": ""p"", ""match_regex"": ""^.+? Laboratory(?:(?: of| for) .+?)?(?:,| has | encourages | reverse-engineers )"", ""field"": ""title"", ""regex"": ""^(.+? Laboratory(?:(?: of| for) .+?)?)(?:,| has | encourages | reverse-engineers )"", ""optional"": true}, {""tag"": ""p"", ""from"": 0, ""field"": ""description"", ""html"": true}], ""defaults"": {""locations"": [""Lausanne, Switzerland""], ""employment_type"": ""full_time"", ""valid_through"": ""2026-11-01""}, ""defaults_by_title"": {""Courtine Laboratory of Spinal Cord Repair"": {""locations"": [""Geneva, Switzerland""]}, ""Hummel Laboratory of Clinical Neuroengineering"": {""locations"": [""Sion, Switzerland""]}, ""Mathis A. Laboratory of Computational Neuroscience & AI"": {""locations"": [""Geneva, Switzerland""]}}}"
epfl,epfl-spc-phd,https://www.epfl.ch/research/domains/swiss-plasma-center/education/education_doctoralschool/phdpositions/,inline,"{""require_zero_proof"": true, ""item_boundary_tag"": ""h3"", ""steps"": [{""tag"": ""h3"", ""field"": ""title""}, {""field"": ""description"", ""html"": true, ""stop_tag"": ""h3""}], ""exclude_titles"": [""Open positions in experimental physics on the TCV tokamak"", ""Open positions in experimental physics in the Basic Plasma Physics group"", ""Open positions in superconductivity for fusion""], ""defaults"": {""locations"": [""Lausanne, Switzerland""], ""employment_type"": ""full_time""}}"
epic-brokers,epic-brokers-greenhouse,https://job-boards.greenhouse.io/edgewoodpartnersinsurancecenter,greenhouse,"{""token"": ""edgewoodpartnersinsurancecenter""}"
epic-games,epic-games-greenhouse,https://job-boards.greenhouse.io/epicgames,greenhouse,"{""token"": ""epicgames""}"
epic-kids-inc,epic-kids-inc-greenhouse,https://job-boards.greenhouse.io/epickids,greenhouse,"{""token"": ""epickids""}"
epirus,epirus-careers,https://job-boards.greenhouse.io/epirus,greenhouse,"{""token"": ""epirus""}"
episode-six,episode-six-greenhouse,https://job-boards.greenhouse.io/episodesix,greenhouse,"{""token"": ""episodesix""}"
episode-six-us,episode-six-us-greenhouse,https://job-boards.greenhouse.io/episodesixlinkedin,greenhouse,"{""token"": ""episodesixlinkedin""}"
eqt-corporation,eqt-corporation-greenhouse,https://job-boards.greenhouse.io/eqtcorporation,greenhouse,"{""token"": ""eqtcorporation""}"
eqt-group,eqt-group-greenhouse,https://job-boards.greenhouse.io/eqtpartners,greenhouse,"{""token"": ""eqtpartners""}"
equal-experts,equal-experts-greenhouse,https://job-boards.greenhouse.io/equalexperts,greenhouse,"{""token"": ""equalexperts""}"
equal1,equal1-ashby,https://jobs.ashbyhq.com/equal1,ashby,"{""token"": ""equal1""}"
eqvilent,eqvilent-greenhouse,https://job-boards.greenhouse.io/eqvilentjobs,greenhouse,"{""token"": ""eqvilentjobs""}"
eraneos,eraneos-netherlands-recruitee,https://eraneos.recruitee.com/,recruitee,"{""slug"": ""eraneos""}"
eraneos,eraneos-spain-recruitee,https://eraneosiberia.recruitee.com/,recruitee,"{""slug"": ""eraneosiberia""}"
eraneos,eraneos-switzerland-workday,https://eraneos.wd3.myworkdayjobs.com/Eraneos_External_Career_Site,workday,"{""company"": ""eraneos"", ""wd_instance"": ""wd3"", ""site"": ""Eraneos_External_Career_Site""}"
ergon,ergon-careers,https://www.ergon.ch/en/careers/jobs,recruitee,"{""api_base"": ""https://apply.ergon.ch""}"
ericsson,ericsson-pinpoint,https://ericsson.pinpointhq.com,pinpoint,"{""slug"": ""ericsson""}"
ernest,ernest-greenhouse,https://job-boards.greenhouse.io/ernestpackagingsolutions,greenhouse,"{""token"": ""ernestpackagingsolutions""}"
escribers,escribers-greenhouse,https://job-boards.greenhouse.io/escribers,greenhouse,"{""token"": ""escribers""}"
espresso,espresso-ashby,https://jobs.ashbyhq.com/espresso,ashby,"{""token"": ""espresso""}"
esri,esri-careers,https://job-boards.greenhouse.io/esri,greenhouse,"{""token"": ""esri""}"
ess,ess-greenhouse,https://job-boards.greenhouse.io/ess,greenhouse,"{""token"": ""ess""}"
essentia-health,essentia-health-careers,https://essentiahealth.wd1.myworkdayjobs.com/essentia_health,workday,
ethereum-foundation,ethereum-foundation-careers,https://jobs.ashbyhq.com/ethereum-foundation,ashby,"{""token"": ""ethereum-foundation""}"
ethernovia-inc,ethernovia-inc-greenhouse,https://job-boards.greenhouse.io/ethernovia,greenhouse,"{""token"": ""ethernovia""}"
ethon-ai,ethon-ai-careers,https://ethonai.recruitee.com,recruitee,
ethos-life,ethos-life-greenhouse,https://job-boards.greenhouse.io/ethoslife,greenhouse,"{""token"": ""ethoslife""}"
ethyca,ethyca-ashby,https://jobs.ashbyhq.com/ethyca,ashby,"{""token"": ""ethyca""}"
etisalat,etisalat-careers,https://iaayey.fa.ocs.oraclecloud26.com/hcmUI/CandidateExperience/en/sites/CX_1,oracle_hcm,
etsy,etsy-careers-workday,https://etsy.wd5.myworkdayjobs.com/Etsy_Careers,workday,"{""company"": ""etsy"", ""wd_instance"": ""wd5"", ""site"": ""Etsy_Careers""}"
euclid-power,euclid-power-greenhouse,https://job-boards.greenhouse.io/euclidpower,greenhouse,"{""token"": ""euclidpower""}"
eudia,eudia-greenhouse,https://job-boards.greenhouse.io/eudia,greenhouse,"{""token"": ""eudia""}"
euronext,euronext-careers-workday,https://hrhub.wd3.myworkdayjobs.com/Euronext_Career_Page,workday,"{""company"": ""hrhub"", ""wd_instance"": ""wd3"", ""site"": ""Euronext_Career_Page""}"
euronext,euronext-careers-wttj,https://www.welcometothejungle.com/en/companies/euronext/jobs,welcometothejungle,
european-aquatics,european-aquatics-job-offers,https://europeanaquatics.org/about-european-aquatics/ea-job-offers/,inline,"{""fetch_urls"": [""https://europeanaquatics.org/wp-json/wp/v2/pages?slug=ea-job-offers&_fields=content.rendered""], ""fetch_json_path"": ""[0].content.rendered"", ""fetch_contains"": ""JOB OFFERS"", ""empty_selector"": "".elementor-widget-heading h5"", ""empty_text"": ""No vacancies are currently available"", ""empty_requires_no_jobs"": true, ""item_boundary"": {""tag"": ""h2"", ""attr"": ""class=elementor-heading-title""}, ""preserve_single_location"": true, ""steps"": [{""tag"": ""h2"", ""attr"": ""class=elementor-heading-title"", ""field"": ""title""}, {""match_regex"": ""(?i)(?:LOCATION:|WORK ARRANGEMENT:\\s*(?:Based in|Office location))"", ""field"": ""location"", ""regex"": ""(?i)(?:LOCATION:\\s*|WORK ARRANGEMENT:\\s*(?:Based in|Office location)\\s*)(.+?)(?:START DATE|WORKING HOURS|EMPLOYER|APPLY BY|\\s+with working arrangements|\\s+with occasional travel|$)"", ""optional"": true}, {""field"": ""description"", ""html"": true, ""to_end"": true}], ""defaults_by_title"": {""Sport Assistant Aquatics"": {""locations"": [""Nyon, Switzerland""]}}, ""exclude_titles"": [""Sustainability Intern"", ""Aquatics Social Responsibility Project Manager"", ""European Aquatics Academy Project Manager"", ""Sport Assistant Aquatics"", ""Sport Assistant Water Polo"", ""European Aquatics Service Team""]}"
european-broadcasting-union,european-broadcasting-union-main,https://ebujobs.teamtailor.com/,rss,"{""preset"": ""teamtailor"", ""feed_url"": ""https://ebujobs.teamtailor.com/jobs.rss""}"
european-free-trade-association,european-free-trade-association-teamtailor,https://efta.teamtailor.com/jobs,rss,"{""preset"": ""teamtailor"", ""feed_url"": ""https://efta.teamtailor.com/jobs.rss""}"
eutelsat,eutelsat-eutelsat,https://careers.eutelsat.com/search/,rss,"{""preset"": ""successfactors"", ""feed_url"": ""https://careers.eutelsat.com/googlefeed.xml""}"
eve-legal,eve-legal-careers,https://job-boards.greenhouse.io/eve,greenhouse,"{""token"": ""eve""}"
ever,ever-greenhouse,https://job-boards.greenhouse.io/ever,greenhouse,"{""token"": ""ever""}"
everbridge,everbridge-pinpoint,https://everbridge.pinpointhq.com,pinpoint,"{""slug"": ""everbridge""}"
everdriven,everdriven-greenhouse,https://job-boards.greenhouse.io/everdriven,greenhouse,"{""token"": ""everdriven""}"
evergreen-nephrology,evergreen-nephrology-greenhouse,https://job-boards.greenhouse.io/evergreennephrology,greenhouse,"{""token"": ""evergreennephrology""}"
evergreen-services-group,evergreen-services-group-greenhouse,https://job-boards.greenhouse.io/evergreenservicesgroup,greenhouse,"{""token"": ""evergreenservicesgroup""}"
everlane,everlane-greenhouse,https://job-boards.greenhouse.io/everlane,greenhouse,"{""token"": ""everlane""}"
everlaw,everlaw-greenhouse,https://job-boards.greenhouse.io/everlaw,greenhouse,"{""token"": ""everlaw""}"
everlywell,everlywell-lever,https://jobs.lever.co/everlywell,lever,"{""token"": ""everlywell""}"
everpure,everpure-greenhouse,https://job-boards.greenhouse.io/purestorage,greenhouse,"{""token"": ""purestorage""}"
evervault,evervault-ashby,https://jobs.ashbyhq.com/evervault,ashby,"{""token"": ""evervault""}"
everway,everway-greenhouse,https://job-boards.greenhouse.io/everway,greenhouse,"{""token"": ""everway""}"
every-io,every-io-ashby,https://jobs.ashbyhq.com/every-io,ashby,"{""token"": ""every-io""}"
evestia-clinical,evestia-clinical-careers,https://careers.evestiaclinical.com/,rss,"{""preset"": ""teamtailor"", ""feed_url"": ""https://careers.evestiaclinical.com/jobs.rss""}"
evismart,evismart-greenhouse,https://job-boards.greenhouse.io/evismart,greenhouse,"{""token"": ""evismart""}"
evolutionary-scale,evolutionary-scale-greenhouse,https://job-boards.greenhouse.io/evolutionaryscale,greenhouse,"{""token"": ""evolutionaryscale""}"
evolutioniq,evolutioniq-greenhouse,https://job-boards.greenhouse.io/evolutioniq,greenhouse,"{""token"": ""evolutioniq""}"
evolve,evolve-ashby,https://jobs.ashbyhq.com/evolve,ashby,"{""token"": ""evolve""}"
evyd-technology,evyd-technology-greenhouse,https://job-boards.greenhouse.io/evydtech,greenhouse,"{""token"": ""evydtech""}"
exa,exa-recruitee,https://exa.recruitee.com,recruitee,"{""token"": ""exa""}"
exa-ai,exa-ai-careers,https://jobs.ashbyhq.com/exa,ashby,
exadel-inc-website,exadel-inc-website-greenhouse,https://job-boards.greenhouse.io/exadelinc,greenhouse,"{""token"": ""exadelinc""}"
exante,exante-greenhouse,https://job-boards.greenhouse.io/xntltd,greenhouse,"{""token"": ""xntltd""}"
excel-sports-management,excel-sports-management-greenhouse,https://job-boards.greenhouse.io/excelsportsmanagement,greenhouse,"{""token"": ""excelsportsmanagement""}"
execujet,execujet-bamboohr,https://luxaviation.bamboohr.com/careers,bamboohr,"{""tenant"": ""luxaviation"", ""description_include_regex"": ""(?i)(?:^ExecuJet\\b|\\bExecuJet(?:\\s+[\\w-]+)?['’]s\\s+FBO\\b)""}"
exein,exein-greenhouse,https://job-boards.eu.greenhouse.io/exeinspa,greenhouse,"{""token"": ""exeinspa""}"
exl,exl-careers,https://fa-ewjt-saasfaprod1.fa.ocs.oraclecloud.com/hcmUI/CandidateExperience/en/sites/CX_2,oracle_hcm,
exodus-movement-inc,exodus-movement-inc-greenhouse,https://job-boards.greenhouse.io/exodus54,greenhouse,"{""token"": ""exodus54""}"
exotrail,exotrail-careers,https://careers.exotrail.com/jobs,rss,"{""preset"": ""teamtailor"", ""feed_url"": ""https://careers.exotrail.com/jobs.rss""}"
exowatt,exowatt-careers,https://jobs.lever.co/exowatt,lever,"{""token"": ""exowatt""}"
exp,exp-pinpoint,https://exp.pinpointhq.com,pinpoint,"{""slug"": ""exp""}"
expedia-group,expedia-group-careers,https://expedia.wd108.myworkdayjobs.com/search,workday,"{""company"": ""expedia"", ""wd_instance"": ""wd108"", ""site"": ""search""}"
expressvpn,expressvpn-greenhouse,https://job-boards.greenhouse.io/expressvpn,greenhouse,"{""token"": ""expressvpn""}"
extend,extend-ashby,https://jobs.ashbyhq.com/extend,ashby,"{""token"": ""extend""}"
extend,extend-greenhouse,https://job-boards.greenhouse.io/extend,greenhouse,"{""token"": ""extend""}"
extenteam-client-roles,extenteam-client-roles-greenhouse,https://job-boards.greenhouse.io/extenteam,greenhouse,"{""token"": ""extenteam""}"
extrahop,extrahop-greenhouse,https://job-boards.greenhouse.io/extrahopnetworks,greenhouse,"{""token"": ""extrahopnetworks""}"
exxonmobil,exxonmobil-main,https://jobs.exxonmobil.com/,rss,"{""preset"": ""successfactors""}"
ey,ey-careers,https://careers.ey.com/ey/search/,rss,"{""preset"": ""successfactors"", ""feed_url"": ""https://careers.ey.com/googlefeed.xml""}"
ey,ey-cz-almacareer,https://ey.jobs.cz/,almacareer,{}
ey,ey-recruitee,https://ey.recruitee.com,recruitee,"{""token"": ""ey""}"
eye-security,eye-security-ashby,https://jobs.ashbyhq.com/eye-security,ashby,"{""token"": ""eye-security""}"
ezcater-inc,ezcater-inc-greenhouse,https://job-boards.greenhouse.io/ezcaterinc,greenhouse,"{""token"": ""ezcaterinc""}"
f-schumacher-co,f-schumacher-co-greenhouse,https://job-boards.greenhouse.io/fschumacherco,greenhouse,"{""token"": ""fschumacherco""}"
f2-ai,f2-ai-ashby,https://jobs.ashbyhq.com/f2-ai,ashby,"{""token"": ""f2-ai""}"
fable,fable-ashby,https://jobs.ashbyhq.com/fable,ashby,"{""token"": ""fable""}"
fabrion,fabrion-ashby,https://jobs.ashbyhq.com/fabrion,ashby,"{""token"": ""fabrion""}"
factor,factor-lever,https://jobs.lever.co/factor,lever,"{""token"": ""factor""}"
factored,factored-greenhouse,https://job-boards.greenhouse.io/factored,greenhouse,"{""token"": ""factored""}"
factorial-energy,factorial-energy-greenhouse,https://job-boards.greenhouse.io/factorialenergy,greenhouse,"{""token"": ""factorialenergy""}"
factris,factris-careers,https://www.factris.com/en/career/,inline,"{""render"": false, ""steps"": [{""text"": ""Operations Specialist"", ""field"": ""title""}, {""tag"": ""p"", ""field"": ""description"", ""html"": true, ""stop_tag"": ""h2""}, {""text"": ""Schiedam"", ""field"": ""location"", ""regex"": ""(Schiedam)"", ""optional"": true, ""from"": 0}], ""defaults"": {""employment_type"": ""full_time""}}"
faircom-new-york,faircom-new-york-greenhouse,https://job-boards.greenhouse.io/faircomny,greenhouse,"{""token"": ""faircomny""}"
faire,faire-greenhouse,https://job-boards.greenhouse.io/faire,greenhouse,"{""token"": ""faire""}"
fairlife,fairlife-greenhouse,https://job-boards.greenhouse.io/fairlife,greenhouse,"{""token"": ""fairlife""}"
fal,fal-greenhouse,https://job-boards.greenhouse.io/fal,greenhouse,"{""token"": ""fal""}"
falconx,falconx-greenhouse,https://job-boards.greenhouse.io/falconx,greenhouse,"{""token"": ""falconx""}"
fam-brands,fam-brands-greenhouse,https://job-boards.greenhouse.io/fambrands,greenhouse,"{""token"": ""fambrands""}"
family-of-kidz,family-of-kidz-greenhouse,https://job-boards.greenhouse.io/familyofkidz,greenhouse,"{""token"": ""familyofkidz""}"
familywell,familywell-greenhouse,https://job-boards.greenhouse.io/familywell,greenhouse,"{""token"": ""familywell""}"
fanvue-com,fanvue-com-ashby,https://jobs.ashbyhq.com/fanvue.com,ashby,"{""token"": ""fanvue.com""}"
far-ai,far-ai-ashby,https://jobs.ashbyhq.com/far.ai,ashby,"{""token"": ""far.ai""}"
faraday-future,faraday-future-greenhouse,https://job-boards.greenhouse.io/faradayfuture,greenhouse,"{""token"": ""faradayfuture""}"
farfetch,farfetch-lever,https://jobs.lever.co/farfetch,lever,"{""token"": ""farfetch""}"
farther,farther-greenhouse,https://job-boards.greenhouse.io/fartherfinance,greenhouse,"{""token"": ""fartherfinance""}"
fashion-nova,fashion-nova-greenhouse,https://job-boards.greenhouse.io/fashionnova,greenhouse,"{""token"": ""fashionnova""}"
fastino-labs,fastino-labs-careers,https://jobs.ashbyhq.com/fastino-ai,ashby,
fastly,fastly-greenhouse,https://job-boards.greenhouse.io/fastly,greenhouse,"{""token"": ""fastly""}"
fathom-video,fathom-video-ashby,https://jobs.ashbyhq.com/fathom.video,ashby,"{""token"": ""fathom.video""}"
federato,federato-greenhouse,https://job-boards.greenhouse.io/federato,greenhouse,"{""token"": ""federato""}"
feedzai,feedzai-greenhouse,https://job-boards.greenhouse.io/feedzai,greenhouse,"{""token"": ""feedzai""}"
fender,fender-greenhouse,https://job-boards.greenhouse.io/fender,greenhouse,"{""token"": ""fender""}"
ferrero,ferrero-fbc,https://www.fbccareers.com/search/,rss,"{""preset"": ""successfactors"", ""feed_url"": ""https://www.fbccareers.com/googlefeed.xml"", ""variant"": ""feed""}"
ferrero,ferrero-ferrara,https://jobs.ferrarausa.com/search/?createNewAlert=false&optionsFacetsDD_customfield1=&optionsFacetsDD_customfield2=&optionsFacetsDD_location=&q=,rss,"{""preset"": ""successfactors"", ""feed_url"": ""https://jobs.ferrarausa.com/googlefeed.xml"", ""variant"": ""feed""}"
ferrero,ferrero-global,https://jobs.ferrero.com/search/?q=&sortColumn=referencedate&sortDirection=desc,rss,"{""preset"": ""successfactors"", ""feed_url"": ""https://jobs.ferrero.com/googlefeed.xml"", ""variant"": ""feed""}"
ferrero,ferrero-wells,https://hcsb.fa.us2.oraclecloud.com/hcmUI/CandidateExperience/en/sites/CX_1,oracle_hcm,"{""host"": ""hcsb.fa.us2.oraclecloud.com"", ""site"": ""CX_1"", ""jobs_count"": 64}"
ferring-pharmaceuticals,ferring-pharmaceuticals-global-workday,https://ferring.wd3.myworkdayjobs.com/Ferring,workday,"{""company"": ""ferring"", ""wd_instance"": ""wd3"", ""site"": ""Ferring""}"
fetch,fetch-greenhouse,https://job-boards.greenhouse.io/fetch,greenhouse,"{""token"": ""fetch""}"
feverup,feverup-greenhouse,https://job-boards.greenhouse.io/feverup,greenhouse,"{""token"": ""feverup""}"
ffg-finanzcheck-finanzportale-gmbh,ffg-finanzcheck-finanzportale-gmbh-greenhouse,https://job-boards.greenhouse.io/finanzcheck,greenhouse,"{""token"": ""finanzcheck""}"
fgs-global,fgs-global-greenhouse,https://job-boards.greenhouse.io/fgsglobal,greenhouse,"{""token"": ""fgsglobal""}"
fia,fia-careers,https://careers.fia.com/,rss,"{""preset"": ""generic"", ""feed_url"": ""https://careers.fia.com/rss.php""}"
fia,fia-region1,https://www.fiaregion1.com/about-us/opportunities/,inline,"{""fetch_contains"": ""class=\""title-job\"""", ""steps"": [{""tag"": ""div"", ""attr"": ""class=title-job"", ""field"": ""title""}, {""tag"": ""p"", ""field"": ""description"", ""html"": true, ""stop_attr"": ""class=title-job""}], ""exclude_title_regex"": ""(?i)^\\s*(?:(?:call|invitation|request)\\s+for\\s+(?:tenders?|proposals?|quotations?)\\b|tender\\b)"", ""defaults"": {""locations"": [""Brussels, Belgium""]}}"
fictiv,fictiv-greenhouse,https://job-boards.greenhouse.io/fictiv,greenhouse,"{""token"": ""fictiv""}"
fidelity-international,fidelity-international-professionals,https://fil.wd3.myworkdayjobs.com/en-US/001,workday,"{""company"": ""fil"", ""wd_instance"": ""wd3"", ""site"": ""001""}"
fidelity-investments,fidelity-investments-careers-canada,https://fil.wd3.myworkdayjobs.com/fidelitycanada,workday,"{""company"": ""fil"", ""wd_instance"": ""wd3"", ""site"": ""fidelitycanada"", ""all_sites"": false}"
fidelity-investments,fidelity-investments-inventory-careers,https://fmr.wd1.myworkdayjobs.com/fidelitycareers,workday,
fieldwire,fieldwire-greenhouse,https://job-boards.greenhouse.io/fieldwire,greenhouse,"{""token"": ""fieldwire""}"
fielmann,fielmann-careers,https://fielmann.wd3.myworkdayjobs.com/external,workday,
fifth-third-bank,fifth-third-bank-careers,https://fifththird.wd5.myworkdayjobs.com/53careers,workday,
figma,figma-careers,https://boards.greenhouse.io/figma,greenhouse,"{""token"": ""figma""}"
figure,figure-greenhouse,https://job-boards.greenhouse.io/figureai,greenhouse,"{""token"": ""figureai""}"
figure-lending,figure-lending-greenhouse,https://job-boards.greenhouse.io/figure,greenhouse,"{""token"": ""figure""}"
files-com,files-com-greenhouse,https://job-boards.greenhouse.io/filescom,greenhouse,"{""token"": ""filescom""}"
filigran,filigran-careers,https://jobs.ashbyhq.com/filigran,ashby,"{""token"": ""filigran""}"
filmhub,filmhub-careers,https://jobs.ashbyhq.com/filmhub,ashby,"{""token"": ""filmhub""}"
filson,filson-greenhouse,https://job-boards.greenhouse.io/filson,greenhouse,"{""token"": ""filson""}"
fin,fin-ashby,https://jobs.ashbyhq.com/fin,ashby,"{""token"": ""fin""}"
financial-technology-partners,financial-technology-partners-greenhouse,https://job-boards.greenhouse.io/financialtechnologypartners,greenhouse,"{""token"": ""financialtechnologypartners""}"
financial-times,financial-times-greenhouse,https://job-boards.greenhouse.io/financialtimes33,greenhouse,"{""token"": ""financialtimes33""}"
finch,finch-lever,https://jobs.lever.co/finch,lever,"{""token"": ""finch""}"
finix,finix-lever,https://jobs.lever.co/finix,lever,"{""token"": ""finix""}"
finn,finn-careers,https://jobs.lever.co/finn,lever,"{""token"": ""finn""}"
finster-ai,finster-ai-greenhouse,https://job-boards.greenhouse.io/finsterai,greenhouse,"{""token"": ""finsterai""}"
fireblocks,fireblocks-greenhouse,https://job-boards.greenhouse.io/fireblocks,greenhouse,"{""token"": ""fireblocks""}"
firecrawl,firecrawl-ashby,https://jobs.ashbyhq.com/firecrawl,ashby,"{""token"": ""firecrawl""}"
firestorm,firestorm-gem,https://jobs.gem.com/firestorm,gem,"{""slug"": ""firestorm""}"
firetiger,firetiger-ashby,https://jobs.ashbyhq.com/firetiger,ashby,"{""token"": ""firetiger""}"
fireworks-ai,fireworks-ai-greenhouse,https://job-boards.greenhouse.io/fireworksai,greenhouse,"{""token"": ""fireworksai""}"
firmus,firmus-pinpoint,https://firmus.pinpointhq.com,pinpoint,"{""slug"": ""firmus""}"
firmus-technologies,firmus-technologies-greenhouse,https://job-boards.greenhouse.io/firmus,greenhouse,"{""token"": ""firmus""}"
first-connect-insurance,first-connect-insurance-greenhouse,https://job-boards.greenhouse.io/firstconnectinsurance,greenhouse,"{""token"": ""firstconnectinsurance""}"
first-student,first-student-careers,https://firststudent.wd1.myworkdayjobs.com/firststudent,workday,
firstmind,firstmind-greenhouse,https://job-boards.greenhouse.io/firstmind,greenhouse,"{""token"": ""firstmind""}"
firstprinciples,firstprinciples-greenhouse,https://job-boards.greenhouse.io/firstprinciples,greenhouse,"{""token"": ""firstprinciples""}"
fis-amount,fis-amount-greenhouse,https://job-boards.greenhouse.io/amount,greenhouse,"{""token"": ""amount""}"
fiserv,fiserv-careers-workday,https://fiserv.wd5.myworkdayjobs.com/EXT,workday,"{""tenant"": ""fiserv"", ""site_id"": ""EXT""}"
five-below,five-below-careers,https://fivebelow.wd1.myworkdayjobs.com/fivebelowcareers,workday,
five-rings-llc-careers,five-rings-llc-careers-greenhouse,https://job-boards.greenhouse.io/fiveringsllc,greenhouse,"{""token"": ""fiveringsllc""}"
five-rings-llc-events,five-rings-llc-events-greenhouse,https://job-boards.greenhouse.io/fiveringsevents,greenhouse,"{""token"": ""fiveringsevents""}"
five9,five9-greenhouse,https://job-boards.greenhouse.io/five9,greenhouse,"{""token"": ""five9""}"
fivetran,fivetran-greenhouse,https://job-boards.greenhouse.io/fivetran,greenhouse,"{""token"": ""fivetran""}"
fjallraven,fjallraven-jobylon,https://cdn.jobylon.com/jobs/companies/2300/embed/v2/?page_size=1000,jobylon,"{""company_id"": ""2300""}"
flaglerhealth,flaglerhealth-ashby,https://jobs.ashbyhq.com/flaglerhealth,ashby,"{""token"": ""flaglerhealth""}"
flagship-pioneering-inc,flagship-pioneering-inc-greenhouse,https://job-boards.greenhouse.io/flagshippioneeringinc,greenhouse,"{""token"": ""flagshippioneeringinc""}"
flagstone-group-ltd,flagstone-group-ltd-greenhouse,https://job-boards.greenhouse.io/flagstone,greenhouse,"{""token"": ""flagstone""}"
flatiron-health,flatiron-health-greenhouse,https://job-boards.greenhouse.io/flatironhealth,greenhouse,"{""token"": ""flatironhealth""}"
fleek,fleek-ashby,https://jobs.ashbyhq.com/fleek,ashby,"{""token"": ""fleek""}"
fleetio,fleetio-greenhouse,https://job-boards.greenhouse.io/fleetio,greenhouse,"{""token"": ""fleetio""}"
fleetworks,fleetworks-ashby,https://jobs.ashbyhq.com/fleetworks,ashby,"{""token"": ""fleetworks""}"
fleetworthy,fleetworthy-greenhouse,https://job-boards.greenhouse.io/bestpass,greenhouse,"{""token"": ""bestpass""}"
fletcher-jones-automotive-group,fletcher-jones-automotive-group-greenhouse,https://job-boards.greenhouse.io/fletcherjonesautomotivegroup,greenhouse,"{""token"": ""fletcherjonesautomotivegroup""}"
flex,flex-greenhouse,https://job-boards.greenhouse.io/flex,greenhouse,"{""token"": ""flex""}"
flex-ltd,flex-ltd-anord-mardix,https://flextronics.wd1.myworkdayjobs.com/en-US/Anord_Mardix_Careers/jobs,workday,"{""company"": ""flextronics"", ""wd_instance"": ""wd1"", ""site"": ""Anord_Mardix_Careers"", ""all_sites"": false}"
flex-ltd,flex-ltd-careers,https://flextronics.wd1.myworkdayjobs.com/careers,workday,
flex-ltd,flex-ltd-crown,https://flextronics.wd1.myworkdayjobs.com/Crown_Careers,workday,"{""company"": ""flextronics"", ""wd_instance"": ""wd1"", ""site"": ""Crown_Careers"", ""all_sites"": false}"
flex-ltd,flex-ltd-ep2,https://recruiting.paylocity.com/recruiting/jobs/All/a2df5e6a-3455-4384-ae07-b67638998a71/Electrical-Power-Products,paylocity,
flex-ltd,flex-ltd-jetcool,https://flextronics.wd1.myworkdayjobs.com/JetCool_Careers,workday,"{""company"": ""flextronics"", ""wd_instance"": ""wd1"", ""site"": ""JetCool_Careers"", ""all_sites"": false}"
flex-ltd,flex-ltd-sheldahl,https://flextronics.wd1.myworkdayjobs.com/en-US/Sheldahl_Careers,workday,"{""company"": ""flextronics"", ""wd_instance"": ""wd1"", ""site"": ""Sheldahl_Careers"", ""all_sites"": false}"
flexport,flexport-greenhouse,https://job-boards.greenhouse.io/flexport,greenhouse,"{""token"": ""flexport""}"
flighthub,flighthub-greenhouse,https://job-boards.greenhouse.io/flighthub,greenhouse,"{""token"": ""flighthub""}"
flint,flint-ashby,https://jobs.ashbyhq.com/flint,ashby,"{""token"": ""flint""}"
flip,flip-greenhouse,https://job-boards.greenhouse.io/flip,greenhouse,"{""token"": ""flip""}"
flipkart,flipkart-turbohire,https://flipkart.turbohire.co/careerpage/4d757ba0-3d57-448a-b82c-238ed87ac90f,turbohire,"{""org_id"": ""4d757ba0-3d57-448a-b82c-238ed87ac90f""}"
flir,flir-careers,https://flir.wd1.myworkdayjobs.com/flircareers,workday,
flix,flix-global,https://flix.careers/jobs/,greenhouse,"{""token"": ""flix""}"
flo-health,flo-health-greenhouse,https://job-boards.greenhouse.io/flohealth,greenhouse,"{""token"": ""flohealth""}"
float,float-ashby,https://jobs.ashbyhq.com/float,ashby,"{""token"": ""float""}"
flock-homes,flock-homes-greenhouse,https://job-boards.greenhouse.io/flockhomes,greenhouse,"{""token"": ""flockhomes""}"
flock-safety,flock-safety-careers,https://jobs.ashbyhq.com/Flock%20Safety,ashby,"{""token"": ""Flock Safety""}"
flora,flora-ashby,https://jobs.ashbyhq.com/flora,ashby,"{""token"": ""flora""}"
florence,florence-recruitee,https://florence.recruitee.com,recruitee,"{""token"": ""florence""}"
floryn,floryn-careers,https://jobs.floryn.com/,recruitee,"{""api_base"": ""https://jobs.floryn.com""}"
flow-traders,flow-traders-greenhouse,https://job-boards.greenhouse.io/flowtraders,greenhouse,"{""token"": ""flowtraders""}"
flowfuse,flowfuse-greenhouse,https://job-boards.greenhouse.io/flowfuse,greenhouse,"{""token"": ""flowfuse""}"
flutterflow,flutterflow-ashby,https://jobs.ashbyhq.com/flutterflow,ashby,"{""token"": ""flutterflow""}"
flux,flux-ashby,https://jobs.ashbyhq.com/flux,ashby,"{""token"": ""flux""}"
fluxon,fluxon-greenhouse,https://job-boards.greenhouse.io/fluxon,greenhouse,"{""token"": ""fluxon""}"
flyr,flyr-greenhouse,https://job-boards.greenhouse.io/flyr,greenhouse,"{""token"": ""flyr""}"
fmol-health,fmol-health-careers,https://eqtm.fa.us2.oraclecloud.com/hcmUI/CandidateExperience/en/sites/fmolhs-careers,oracle_hcm,
fnz,fnz-careers,https://fnz.wd3.myworkdayjobs.com/fnz_careers,workday,"{""company"": ""fnz"", ""wd_instance"": ""wd3"", ""site"": ""fnz_careers""}"
focus,focus-ashby,https://jobs.ashbyhq.com/focus,ashby,"{""token"": ""focus""}"
focus-financial-partners,focus-financial-partners-greenhouse,https://job-boards.greenhouse.io/focusfinancialpartners,greenhouse,"{""token"": ""focusfinancialpartners""}"
focus-partners-australia-escala-partners,focus-partners-australia-escala-partners-greenhouse,https://job-boards.greenhouse.io/focuspartnersaustralia,greenhouse,"{""token"": ""focuspartnersaustralia""}"
focused-energy,focused-energy-ashby,https://jobs.ashbyhq.com/focused,ashby,"{""token"": ""focused""}"
foley-hoag-llp,foley-hoag-llp-greenhouse,https://job-boards.greenhouse.io/foleyhoag,greenhouse,"{""token"": ""foleyhoag""}"
folio,folio-ashby,https://jobs.ashbyhq.com/folio,ashby,"{""token"": ""folio""}"
follett-software-llc,follett-software-llc-greenhouse,https://job-boards.greenhouse.io/follettsoftware,greenhouse,"{""token"": ""follettsoftware""}"
fora-financial,fora-financial-greenhouse,https://job-boards.greenhouse.io/forafinancial,greenhouse,"{""token"": ""forafinancial""}"
forbes,forbes-greenhouse,https://job-boards.greenhouse.io/forbes,greenhouse,"{""token"": ""forbes""}"
ford,ford-oracle-hcm,https://efds.fa.em5.oraclecloud.com/hcmUI/CandidateExperience/en/sites/CX_1/jobs,oracle_hcm,
forerunner,forerunner-ashby,https://jobs.ashbyhq.com/forerunner,ashby,"{""token"": ""forerunner""}"
forge,forge-ashby,https://jobs.ashbyhq.com/forge,ashby,"{""token"": ""forge""}"
forge-biologics,forge-biologics-greenhouse,https://job-boards.greenhouse.io/forgebiologics,greenhouse,"{""token"": ""forgebiologics""}"
form,form-lever,https://jobs.lever.co/form,lever,"{""token"": ""form""}"
form-health,form-health-greenhouse,https://job-boards.greenhouse.io/formhealth,greenhouse,"{""token"": ""formhealth""}"
forma,forma-ashby,https://jobs.ashbyhq.com/forma,ashby,"{""token"": ""forma""}"
formance,formance-ashby,https://jobs.ashbyhq.com/formance,ashby,"{""token"": ""formance""}"
formation-bio,formation-bio-greenhouse,https://job-boards.greenhouse.io/formationbio,greenhouse,"{""token"": ""formationbio""}"
formenergy,formenergy-ashby,https://jobs.ashbyhq.com/formenergy,ashby,"{""token"": ""formenergy""}"
formlabs,formlabs-greenhouse,https://job-boards.greenhouse.io/formlabs,greenhouse,"{""token"": ""formlabs""}"
forte,forte-greenhouse,https://job-boards.greenhouse.io/forte,greenhouse,"{""token"": ""forte""}"
forter,forter-greenhouse,https://job-boards.greenhouse.io/forter,greenhouse,"{""token"": ""forter""}"
fortinet,fortinet-careers,https://edel.fa.us2.oraclecloud.com/hcmUI/CandidateExperience/en/sites/CX_1,oracle_hcm,"{""total_count_tolerance"": 1}"
fortinet,fortinet-federal,https://evpq.fa.us8.oraclecloud.com/hcmUI/CandidateExperience/en/sites/CX_1/jobs,oracle_hcm,
forto,forto-ashby,https://jobs.ashbyhq.com/forto,ashby,"{""token"": ""forto""}"
forum-ventures,forum-ventures-ashby,https://jobs.ashbyhq.com/forum-ventures,ashby,"{""token"": ""forum-ventures""}"
forward-networks,forward-networks-greenhouse,https://job-boards.greenhouse.io/forwardnetworks,greenhouse,"{""token"": ""forwardnetworks""}"
fospha,fospha-greenhouse,https://job-boards.greenhouse.io/fosphamarketing,greenhouse,"{""token"": ""fosphamarketing""}"
fossa,fossa-greenhouse,https://job-boards.greenhouse.io/fossainc,greenhouse,"{""token"": ""fossainc""}"
found,found-greenhouse,https://job-boards.greenhouse.io/found,greenhouse,"{""token"": ""found""}"
foundation-risk-partners,foundation-risk-partners-greenhouse,https://job-boards.greenhouse.io/foundationriskpartners,greenhouse,"{""token"": ""foundationriskpartners""}"
founders-green-animal-hospital,founders-green-animal-hospital-greenhouse,https://job-boards.greenhouse.io/founders,greenhouse,"{""token"": ""founders""}"
foundry-robotics,foundry-robotics-ashby,https://jobs.ashbyhq.com/foundry-robotics,ashby,"{""token"": ""foundry-robotics""}"
four-hands,four-hands-greenhouse,https://job-boards.greenhouse.io/fourhands,greenhouse,"{""token"": ""fourhands""}"
four-seasons,four-seasons-careers,https://fourseasons.wd3.myworkdayjobs.com/search,workday,
four-seasons,four-seasons-careers-yachts-corporate,https://mhchowneroperatorfourseasonsyachts.bamboohr.com/careers,bamboohr,"{""tenant"": ""mhchowneroperatorfourseasonsyachts""}"
fourkites,fourkites-greenhouse,https://job-boards.greenhouse.io/fourkites,greenhouse,"{""token"": ""fourkites""}"
foursquare,foursquare-ashby,https://jobs.ashbyhq.com/foursquare,ashby,"{""token"": ""foursquare""}"
fourthline,fourthline-greenhouse,https://job-boards.eu.greenhouse.io/fourthline,greenhouse,"{""token"": ""fourthline""}"
foxglove,foxglove-ashby,https://jobs.ashbyhq.com/foxglove,ashby,"{""token"": ""foxglove""}"
franciscan-health,franciscan-health-careers,https://franciscanalliance.wd5.myworkdayjobs.com/fa_external_career_site,workday,
frankenburg-technologies,frankenburg-technologies-careers,https://careers.frankenburg.tech/jobs,rss,"{""preset"": ""teamtailor"", ""feed_url"": ""https://careers.frankenburg.tech/jobs.rss""}"
fraunhofer-gesellschaft,fraunhofer-gesellschaft-careers,https://jobs.fraunhofer.de/,rss,"{""preset"": ""successfactors""}"
fraunhofer-gesellschaft,fraunhofer-gesellschaft-uk,https://www.cap.fraunhofer.co.uk/en/careers.html,inline,"{""fetch_contains"": ""There are currently 17 places advertised"", ""section_start"": {""tag"": ""h4"", ""text"": ""NEW published December 2025""}, ""section_end"": {""tag"": ""p"", ""text"": ""Some of our newest students""}, ""steps"": [{""tag"": ""p"", ""text"": ""PhD and EngD Studentships"", ""field"": ""title""}, {""tag"": ""p"", ""text"": ""There are currently 17 places advertised"", ""field"": ""description"", ""html"": true, ""to_end"": true}], ""positions_per_listing"": 17, ""defaults"": {""locations"": [""United Kingdom""]}}"
fraunhofer-gesellschaft,fraunhofer-gesellschaft-usa,https://www.fraunhofer.org/en/startpage/career-opportunities.html,inline,"{""render"": false, ""include_hidden"": true, ""require_zero_proof"": true, ""section_start"": {""tag"": ""h2"", ""text"": ""Open Positions""}, ""section_end"": {""tag"": ""h2"", ""text"": ""Employment Policies""}, ""item_boundary"": {""tag"": ""h2"", ""match_regex"": ""^(Internship Program|Post Doc and Master.s Degree Early Career Employment Opportunities)$""}, ""steps"": [{""tag"": ""h2"", ""match_regex"": ""^(Internship Program|Post Doc and Master.s Degree Early Career Employment Opportunities)$"", ""field"": ""title""}, {""field"": ""description"", ""html"": true, ""to_end"": true}], ""defaults"": {""locations"": [""Plymouth, MI, USA"", ""East Lansing, MI, USA"", ""Riverdale, MD, USA"", ""Brookline, MA, USA""], ""employment_type"": ""contract"", ""job_location_type"": ""onsite""}, ""defaults_by_title"": {""Internship Program"": {""employment_type"": ""internship""}, ""Post Doc and Master's Degree Early Career Employment Opportunities"": {""employment_type"": ""contract""}}}"
freed,freed-ashby,https://jobs.ashbyhq.com/freed,ashby,"{""token"": ""freed""}"
freedom-together-foundation,freedom-together-foundation-greenhouse,https://job-boards.greenhouse.io/thejpbfoundation,greenhouse,"{""token"": ""thejpbfoundation""}"
freeform,freeform-greenhouse,https://job-boards.greenhouse.io/freeformfuturecorp,greenhouse,"{""token"": ""freeformfuturecorp""}"
freenome,freenome-greenhouse,https://job-boards.greenhouse.io/freenome,greenhouse,"{""token"": ""freenome""}"
freenow,freenow-greenhouse,https://job-boards.greenhouse.io/freenow,greenhouse,"{""token"": ""freenow""}"
freeplay,freeplay-ashby,https://jobs.ashbyhq.com/freeplay,ashby,"{""token"": ""freeplay""}"
freetrade,freetrade-ashby,https://jobs.ashbyhq.com/freetrade,ashby,"{""token"": ""freetrade"", ""blast_radius_floor"": 0.9}"
freewill,freewill-ashby,https://jobs.ashbyhq.com/freewill,ashby,"{""token"": ""freewill""}"
fresenius-kabi,fresenius-kabi-switzerland,https://freseniusglobal.wd3.myworkdayjobs.com/de-DE/FK_CH_Careers,workday,"{""company"": ""freseniusglobal"", ""wd_instance"": ""wd3"", ""site"": ""FK_CH_Careers"", ""all_sites"": false}"
fresenius-kabi,fresenius-kabi-us,https://freseniusglobal.wd3.myworkdayjobs.com/FK_Careers,workday,"{""company"": ""freseniusglobal"", ""wd_instance"": ""wd3"", ""site"": ""FK_Careers"", ""all_sites"": false}"
fresenius-medical-care,fresenius-medical-care-careers,https://freseniusmedicalcare.wd3.myworkdayjobs.com/fme,workday,
fresh-prints,fresh-prints-greenhouse,https://job-boards.greenhouse.io/freshprints,greenhouse,"{""token"": ""freshprints""}"
freshfields,freshfields-careers-workday,https://freshfields.wd3.myworkdayjobs.com/FBD_101,workday,"{""company"": ""freshfields"", ""wd_instance"": ""wd3"", ""site"": ""FBD_101""}"
freshpaint,freshpaint-ashby,https://jobs.ashbyhq.com/freshpaint,ashby,"{""token"": ""freshpaint""}"
fressnapf-maxizoo,fressnapf-maxizoo-careers,https://careers.fressnapf-maxizoo.com/,rss,"{""preset"": ""successfactors"", ""feed_url"": ""https://careers.fressnapf-maxizoo.com/googlefeed.xml"", ""variant"": ""feed""}"
freudenberg,freudenberg-careers,https://freudenberg.wd3.myworkdayjobs.com/freudenberg-group,workday,
freudenberg,freudenberg-eagleburgmann-japan,https://www.ekkeagle.com/jp/ebj/recruit-requirements/,inline,"{""require_zero_proof"": true, ""preserve_single_location"": true, ""steps"": [{""match_regex"": ""^(\u7dcf\u5408\u8077.*\u6280\u8853\u7cfb.*\u4e8b\u52d9\u7cfb.*|\u2460\u6280\u80fd\u8077.*|\u2461\u793e\u5185SE.*)$"", ""field"": ""title""}, {""tag"": ""p"", ""field"": ""description"", ""html"": true, ""stop_regex"": ""^(\u30ad\u30e3\u30ea\u30a2\u63a1\u7528\u306e\u52df\u96c6\u8981\u9805|\u2460\u6280\u80fd\u8077.*|\u2461\u793e\u5185SE.*|ENTRY|.*\u30c8\u30c3\u30d7\u30da\u30fc\u30b8\u52df\u96c6\u8981\u9805\u3092\u77e5\u308b.*)$""}], ""defaults"": {""locations"": [""Gosen, Niigata, Japan""], ""employment_type"": ""full_time""}}"
froda,froda-teamtailor,https://join.froda.se/jobs,rss,"{""preset"": ""teamtailor"", ""feed_url"": ""https://join.froda.se/jobs.rss""}"
frontcareers,frontcareers-ashby,https://jobs.ashbyhq.com/frontcareers,ashby,"{""token"": ""frontcareers""}"
frontier-dermatology-provider-careers,frontier-dermatology-provider-careers-greenhouse,https://job-boards.greenhouse.io/frontierdermatologyprovidercareers,greenhouse,"{""token"": ""frontierdermatologyprovidercareers""}"
frontify,frontify-careers,https://jobs.lever.co/frontify,lever,"{""token"": ""frontify""}"
fti-consulting,fti-consulting-global,https://fticonsulting.wd108.myworkdayjobs.com/FTIConsultingCareers,workday,"{""company"": ""fticonsulting"", ""wd_instance"": ""wd108"", ""site"": ""FTIConsultingCareers""}"
fueled,fueled-greenhouse,https://job-boards.greenhouse.io/fueledcareers,greenhouse,"{""token"": ""fueledcareers""}"
fuku,fuku-careers-arros,https://www.arros.ai/careers/,inline,"{""item_boundary_tag"": ""h3"", ""include_hidden"": true, ""preserve_single_location"": true, ""require_zero_proof"": true, ""exclude_titles"": [""Work with cutting-edge AI and real-world impact"", ""Flexible, collaborative remote-first culture"", ""Grow with a fast-scaling startup with a global reach""], ""steps"": [{""tag"": ""h3"", ""field"": ""title""}, {""text"": ""Location"", ""field"": ""location"", ""regex"": ""^Location(.+)$"", ""split"": "" / "", ""optional"": true}, {""text"": ""Working model"", ""match_regex"": ""Working model(Hybrid|Remote|On-site|Onsite)"", ""field"": ""job_location_type"", ""regex"": ""^Working model(.+)$"", ""optional"": true}, {""text"": ""Scope"", ""field"": ""employment_type"", ""regex"": ""^Scope(.+)$"", ""optional"": true}, {""tag"": ""p"", ""field"": ""description"", ""html"": true, ""from"": 0, ""stop"": ""Enterprise Ready"", ""to_end"": true, ""optional"": true}]}"
fulenwider-enterprises,fulenwider-enterprises-careers,https://www.paycomonline.net/v4/ats/web.php/portal/9f4b6a3080fd0d39f0296591dc73e450/career-page,paycom,"{""token"": ""9f4b6a3080fd0d39f0296591dc73e450""}"
fulfil-solutions,fulfil-solutions-greenhouse,https://job-boards.greenhouse.io/fulfil,greenhouse,"{""token"": ""fulfil""}"
fullstory,fullstory-ashby,https://jobs.ashbyhq.com/fullstory,ashby,"{""token"": ""fullstory""}"
function-health,function-health-careers,https://jobs.gem.com/function-health,gem,"{""slug"": ""function-health""}"
fundingcircle,fundingcircle-pinpoint,https://fundingcircle.pinpointhq.com,pinpoint,"{""slug"": ""fundingcircle""}"
fundraise-up,fundraise-up-greenhouse,https://job-boards.greenhouse.io/fundraiseup,greenhouse,"{""token"": ""fundraiseup""}"
funga-pbc,funga-pbc-greenhouse,https://job-boards.greenhouse.io/funga,greenhouse,"{""token"": ""funga""}"
further-ai,further-ai-careers,https://jobs.ashbyhq.com/furtherai,ashby,"{""token"": ""furtherai""}"
fuse,fuse-ashby,https://jobs.ashbyhq.com/fuse,ashby,"{""token"": ""fuse""}"
fusion-worldwide,fusion-worldwide-greenhouse,https://job-boards.greenhouse.io/fusionworldwide,greenhouse,"{""token"": ""fusionworldwide""}"
fuze-health,fuze-health-greenhouse,https://job-boards.greenhouse.io/fuzehealth,greenhouse,"{""token"": ""fuzehealth""}"
g-p,g-p-greenhouse,https://job-boards.greenhouse.io/globalizationpartners,greenhouse,"{""token"": ""globalizationpartners""}"
g-research,g-research-workday,https://gresearch.wd103.myworkdayjobs.com/G-Research,workday,"{""company"": ""gresearch"", ""wd_instance"": ""wd103"", ""site"": ""G-Research""}"
g2it,g2it-greenhouse,https://job-boards.greenhouse.io/g2it,greenhouse,"{""token"": ""g2it""}"
galaxy,galaxy-greenhouse,https://job-boards.greenhouse.io/galaxydigitalservices,greenhouse,"{""token"": ""galaxydigitalservices""}"
galderma,galderma-workday,https://galderma.wd3.myworkdayjobs.com/External,workday,"{""company"": ""galderma"", ""wd_instance"": ""wd3"", ""site"": ""External""}"
galileo,galileo-greenhouse,https://job-boards.greenhouse.io/galileo,greenhouse,"{""token"": ""galileo""}"
galileo-financial-technologies,galileo-financial-technologies-greenhouse,https://job-boards.greenhouse.io/galileofinancialtechnologies,greenhouse,"{""token"": ""galileofinancialtechnologies""}"
galileo-global-education,galileo-global-education-careers,https://galileo.wd3.myworkdayjobs.com/galileo_career_site,workday,"{""company"": ""galileo"", ""wd_instance"": ""wd3"", ""site"": ""galileo_career_site"", ""all_sites"": false}"
galileo-global-education,galileo-global-education-careers-akad,https://galileo.wd3.myworkdayjobs.com/akad_career_site,workday,"{""company"": ""galileo"", ""wd_instance"": ""wd3"", ""site"": ""akad_career_site"", ""all_sites"": false}"
galileo-global-education,galileo-global-education-careers-bellecour-alternance,https://galileo.wd3.myworkdayjobs.com/bellecour-alternance,workday,"{""company"": ""galileo"", ""wd_instance"": ""wd3"", ""site"": ""bellecour-alternance"", ""all_sites"": false}"
galileo-global-education,galileo-global-education-careers-centro-mexico,https://galileo.wd3.myworkdayjobs.com/centro_mexico_careersite,workday,"{""company"": ""galileo"", ""wd_instance"": ""wd3"", ""site"": ""centro_mexico_careersite"", ""all_sites"": false}"
galileo-global-education,galileo-global-education-careers-digital-campus-alternance,https://galileo.wd3.myworkdayjobs.com/digital-campus-alternance,workday,"{""company"": ""galileo"", ""wd_instance"": ""wd3"", ""site"": ""digital-campus-alternance"", ""all_sites"": false}"
galileo-global-education,galileo-global-education-careers-elije-alternance,https://galileo.wd3.myworkdayjobs.com/elije-alternance,workday,"{""company"": ""galileo"", ""wd_instance"": ""wd3"", ""site"": ""elije-alternance"", ""all_sites"": false}"
galileo-global-education,galileo-global-education-careers-emlyon,https://galileo.wd3.myworkdayjobs.com/emlyon_career_site,workday,"{""company"": ""galileo"", ""wd_instance"": ""wd3"", ""site"": ""emlyon_career_site"", ""all_sites"": false}"
galileo-global-education,galileo-global-education-careers-emlyon-faculty,https://galileo.wd3.myworkdayjobs.com/emlyonfac_career_site,workday,"{""company"": ""galileo"", ""wd_instance"": ""wd3"", ""site"": ""emlyonfac_career_site"", ""all_sites"": false}"
galileo-global-education,galileo-global-education-careers-esarc-alternance,https://galileo.wd3.myworkdayjobs.com/esarc-alternance,workday,"{""company"": ""galileo"", ""wd_instance"": ""wd3"", ""site"": ""esarc-alternance"", ""all_sites"": false}"
galileo-global-education,galileo-global-education-careers-esg-alternance,https://galileo.wd3.myworkdayjobs.com/esg-alternance,workday,"{""company"": ""galileo"", ""wd_instance"": ""wd3"", ""site"": ""esg-alternance"", ""all_sites"": false}"
galileo-global-education,galileo-global-education-careers-esg-finance-alternance,https://galileo.wd3.myworkdayjobs.com/esg-finance-alternance,workday,"{""company"": ""galileo"", ""wd_instance"": ""wd3"", ""site"": ""esg-finance-alternance"", ""all_sites"": false}"
galileo-global-education,galileo-global-education-careers-esg-immobilier,https://galileo.wd3.myworkdayjobs.com/esg-immobilier,workday,"{""company"": ""galileo"", ""wd_instance"": ""wd3"", ""site"": ""esg-immobilier"", ""all_sites"": false}"
galileo-global-education,galileo-global-education-careers-esg-luxe-alternance,https://galileo.wd3.myworkdayjobs.com/esg-luxe-alternance,workday,"{""company"": ""galileo"", ""wd_instance"": ""wd3"", ""site"": ""esg-luxe-alternance"", ""all_sites"": false}"
galileo-global-education,galileo-global-education-careers-esg-sport-alternance,https://galileo.wd3.myworkdayjobs.com/esg-sport-alternance,workday,"{""company"": ""galileo"", ""wd_instance"": ""wd3"", ""site"": ""esg-sport-alternance"", ""all_sites"": false}"
galileo-global-education,galileo-global-education-careers-esg-tourisme-alternance,https://galileo.wd3.myworkdayjobs.com/esg-tourisme-alternance,workday,"{""company"": ""galileo"", ""wd_instance"": ""wd3"", ""site"": ""esg-tourisme-alternance"", ""all_sites"": false}"
galileo-global-education,galileo-global-education-careers-esgci-alternance,https://galileo.wd3.myworkdayjobs.com/esgci-alternance,workday,"{""company"": ""galileo"", ""wd_instance"": ""wd3"", ""site"": ""esgci-alternance"", ""all_sites"": false}"
galileo-global-education,galileo-global-education-careers-esgrh-alternance,https://galileo.wd3.myworkdayjobs.com/esgrh-alternance,workday,"{""company"": ""galileo"", ""wd_instance"": ""wd3"", ""site"": ""esgrh-alternance"", ""all_sites"": false}"
galileo-global-education,galileo-global-education-careers-euc-cyprus,https://galileo.wd3.myworkdayjobs.com/european_university_cyprus_career_site,workday,"{""company"": ""galileo"", ""wd_instance"": ""wd3"", ""site"": ""european_university_cyprus_career_site"", ""all_sites"": false}"
galileo-global-education,galileo-global-education-careers-germany,https://galileo.wd3.myworkdayjobs.com/global_education_germany_career_site,workday,"{""company"": ""galileo"", ""wd_instance"": ""wd3"", ""site"": ""global_education_germany_career_site"", ""all_sites"": false}"
galileo-global-education,galileo-global-education-careers-hetic-alternance,https://galileo.wd3.myworkdayjobs.com/hetic-alternance,workday,"{""company"": ""galileo"", ""wd_instance"": ""wd3"", ""site"": ""hetic-alternance"", ""all_sites"": false}"
galileo-global-education,galileo-global-education-careers-hub,https://galileo.wd3.myworkdayjobs.com/hub_career_site,workday,"{""company"": ""galileo"", ""wd_instance"": ""wd3"", ""site"": ""hub_career_site"", ""all_sites"": false}"
galileo-global-education,galileo-global-education-careers-iesa-alternance,https://galileo.wd3.myworkdayjobs.com/iesa-alternance,workday,"{""company"": ""galileo"", ""wd_instance"": ""wd3"", ""site"": ""iesa-alternance"", ""all_sites"": false}"
galileo-global-education,galileo-global-education-careers-ieu-mexico,https://galileo.wd3.myworkdayjobs.com/ieu_mexico_career_site,workday,"{""company"": ""galileo"", ""wd_instance"": ""wd3"", ""site"": ""ieu_mexico_career_site"", ""all_sites"": false}"
galileo-global-education,galileo-global-education-careers-ipeth-mexico,https://galileo.wd3.myworkdayjobs.com/ipeth_mexico_career_site,workday,"{""company"": ""galileo"", ""wd_instance"": ""wd3"", ""site"": ""ipeth_mexico_career_site"", ""all_sites"": false}"
galileo-global-education,galileo-global-education-careers-istituto-marangoni,https://galileo.wd3.myworkdayjobs.com/istituto_marangoni_career_site,workday,"{""company"": ""galileo"", ""wd_instance"": ""wd3"", ""site"": ""istituto_marangoni_career_site"", ""all_sites"": false}"
galileo-global-education,galileo-global-education-careers-italia,https://galileo.wd3.myworkdayjobs.com/galileo_global_education_italia_career_site,workday,"{""company"": ""galileo"", ""wd_instance"": ""wd3"", ""site"": ""galileo_global_education_italia_career_site"", ""all_sites"": false}"
galileo-global-education,galileo-global-education-careers-itam-alternance,https://galileo.wd3.myworkdayjobs.com/itam-alternance,workday,"{""company"": ""galileo"", ""wd_instance"": ""wd3"", ""site"": ""itam-alternance"", ""all_sites"": false}"
galileo-global-education,galileo-global-education-careers-lisaa-alternance,https://galileo.wd3.myworkdayjobs.com/lisaa-alternance,workday,"{""company"": ""galileo"", ""wd_instance"": ""wd3"", ""site"": ""lisaa-alternance"", ""all_sites"": false}"
galileo-global-education,galileo-global-education-careers-macromedia-akademie,https://galileo.wd3.myworkdayjobs.com/macromedia_akademie_career_site,workday,"{""company"": ""galileo"", ""wd_instance"": ""wd3"", ""site"": ""macromedia_akademie_career_site"", ""all_sites"": false}"
galileo-global-education,galileo-global-education-careers-macromedia-university,https://galileo.wd3.myworkdayjobs.com/macromedia_university_career_site,workday,"{""company"": ""galileo"", ""wd_instance"": ""wd3"", ""site"": ""macromedia_university_career_site"", ""all_sites"": false}"
galileo-global-education,galileo-global-education-careers-mba-esg-alternance,https://galileo.wd3.myworkdayjobs.com/mba-esg-alternance,workday,"{""company"": ""galileo"", ""wd_instance"": ""wd3"", ""site"": ""mba-esg-alternance"", ""all_sites"": false}"
galileo-global-education,galileo-global-education-careers-naba,https://galileo.wd3.myworkdayjobs.com/naba_career_site,workday,"{""company"": ""galileo"", ""wd_instance"": ""wd3"", ""site"": ""naba_career_site"", ""all_sites"": false}"
galileo-global-education,galileo-global-education-careers-narratiiv-alternance,https://galileo.wd3.myworkdayjobs.com/narratiiv-alternance,workday,"{""company"": ""galileo"", ""wd_instance"": ""wd3"", ""site"": ""narratiiv-alternance"", ""all_sites"": false}"
galileo-global-education,galileo-global-education-careers-noroff,https://galileo.wd3.myworkdayjobs.com/Noroff_careersite,workday,"{""company"": ""galileo"", ""wd_instance"": ""wd3"", ""site"": ""Noroff_careersite"", ""all_sites"": false}"
galileo-global-education,galileo-global-education-careers-pfh,https://galileo.wd3.myworkdayjobs.com/pfh_career_site,workday,"{""company"": ""galileo"", ""wd_instance"": ""wd3"", ""site"": ""pfh_career_site"", ""all_sites"": false}"
galileo-global-education,galileo-global-education-careers-psb-alternance,https://galileo.wd3.myworkdayjobs.com/psb-alternance,workday,"{""company"": ""galileo"", ""wd_instance"": ""wd3"", ""site"": ""psb-alternance"", ""all_sites"": false}"
galileo-global-education,galileo-global-education-careers-pstb-alternance,https://galileo.wd3.myworkdayjobs.com/pstb-alternance,workday,"{""company"": ""galileo"", ""wd_instance"": ""wd3"", ""site"": ""pstb-alternance"", ""all_sites"": false}"
galileo-global-education,galileo-global-education-careers-regents-london,https://galileo.wd3.myworkdayjobs.com/regents_university_london_careersite,workday,"{""company"": ""galileo"", ""wd_instance"": ""wd3"", ""site"": ""regents_university_london_careersite"", ""all_sites"": false}"
galileo-global-education,galileo-global-education-careers-tai,https://galileo.wd3.myworkdayjobs.com/TAI_career_site,workday,"{""company"": ""galileo"", ""wd_instance"": ""wd3"", ""site"": ""TAI_career_site"", ""all_sites"": false}"
galileo-global-education,galileo-global-education-careers-ucimed,https://galileo.wd3.myworkdayjobs.com/UCIMED_careersite,workday,"{""company"": ""galileo"", ""wd_instance"": ""wd3"", ""site"": ""UCIMED_careersite"", ""all_sites"": false}"
galliker,galliker-apprenticeships,https://www.galliker.com/jobs-karriere/lehrlingsausbildung,inline,"{""steps"":[{""tag"":""h4"",""attr"":""class=mb-2"",""field"":""title"",""optional"":true},{""tag"":""div"",""attr"":""class=d-flex flex-wrap fs-xs pt-2"",""field"":""location"",""optional"":true},{""tag"":""li"",""field"":""description"",""html"":true,""stop"":""Jetzt Bewerben"",""optional"":true}]}"
gallup,gallup-greenhouse,https://job-boards.greenhouse.io/gallup,greenhouse,"{""token"": ""gallup""}"
gam-investments,gam-investments-gam-workday,https://gam.wd3.myworkdayjobs.com/GAM,workday,"{""company"": ""gam"", ""wd_instance"": ""wd3"", ""site"": ""GAM""}"
game-seven,game-seven-greenhouse,https://job-boards.greenhouse.io/gameseven,greenhouse,"{""token"": ""gameseven""}"
gametime-united,gametime-united-greenhouse,https://job-boards.greenhouse.io/gametimeunited,greenhouse,"{""token"": ""gametimeunited""}"
gamma,gamma-ashby,https://jobs.ashbyhq.com/gamma,ashby,"{""token"": ""gamma""}"
garda-capital-partners,garda-capital-partners-greenhouse,https://job-boards.greenhouse.io/gardacp,greenhouse,"{""token"": ""gardacp""}"
garner-health,garner-health-greenhouse,https://job-boards.greenhouse.io/garnerhealth,greenhouse,"{""token"": ""garnerhealth""}"
gartner,gartner-careers,https://gartner.wd5.myworkdayjobs.com/ext,workday,
gas-south,gas-south-greenhouse,https://job-boards.greenhouse.io/gassouth,greenhouse,"{""token"": ""gassouth""}"
gate,gate-lever,https://jobs.lever.co/gate,lever,"{""token"": ""gate""}"
gather-ai,gather-ai-greenhouse,https://job-boards.greenhouse.io/gatherai,greenhouse,"{""token"": ""gatherai""}"
gatik-ai,gatik-ai-greenhouse,https://job-boards.greenhouse.io/gatikaiinc,greenhouse,"{""token"": ""gatikaiinc""}"
ge-healthcare,ge-healthcare-careers,https://gehc.wd5.myworkdayjobs.com/gehc_externalsite,workday,
ge-healthcare,ge-healthcare-careers-china-campus,https://app.mokahr.com/campus-recruitment/gehc/142250,mokahr,"{""org_id"": ""gehc"", ""site_id"": 142250}"
ge-healthcare,ge-healthcare-nmp-japan,https://www.nmp.co.jp/saiyo/recruit/career.html,inline,"{""require_zero_proof"": true, ""item_boundary_tag"": ""h2"", ""steps"": [{""tag"": ""h2"", ""field"": ""title"", ""regex"": ""^(.+?)(?:（現在募集中）|$)""}, {""tag"": ""dt"", ""field"": ""description"", ""html"": true, ""to_end"": true}], ""defaults"": {""locations"": [""Japan""], ""employment_type"": ""full_time""}, ""exclude_titles"": [""選考フロー"", ""応募"", ""エントリーシート（履歴書）提出"", ""適性検査（WEB）"", ""面接（複数回）"", ""合格（内定）"", ""リファレンスチェック"", ""研究職（現在募集しておりません）"", ""正規雇用労働者の中途採用比率"", ""連絡先"", ""関連リンク"", ""採用に関するお問い合わせ""]}"
ge-vernova,ge-vernova-global-external,https://gevernova.wd5.myworkdayjobs.com/Vernova_ExternalSite,workday,"{""company"": ""gevernova"", ""wd_instance"": ""wd5"", ""site"": ""Vernova_ExternalSite"", ""sites"": [""Vernova_ExternalSite"", ""Only_Confidential_Executive_Recruiting""]}"
ge-vernova,ge-vernova-prolec-field-service,https://workforcenow.adp.com/mascsr/default/mdf/recruitment/recruitment.html?cid=4f2488ef-4bca-483d-b781-fe39c53a74c2&ccId=19000101_000001&lang=en_US,adp,"{""cid"": ""4f2488ef-4bca-483d-b781-fe39c53a74c2"", ""cc_id"": ""19000101_000001"", ""locale"": ""en_US""}"
gearset,gearset-pinpoint,https://gearset.pinpointhq.com,pinpoint,"{""slug"": ""gearset""}"
gecko-robotics,gecko-robotics-ashby,https://jobs.ashbyhq.com/gecko-robotics,ashby,"{""token"": ""gecko-robotics""}"
geely-holding-group,geely-holding-group-campus,https://campus.geely.com/,mokahr,"{""org_id"": ""geely"", ""site_id"": 78436}"
geely-holding-group,geely-holding-group-careers,https://job.geely.com/social-recruitment/geely/96123,mokahr,"{""org_id"": ""geely"", ""site_id"": 96123, ""partitions"": [{""board_url"": ""https://autojob.geely.com/social-recruitment/geely/102042"", ""site_id"": 102042}, {""board_url"": ""https://app.mokahr.com/social-recruitment/geely/102003"", ""site_id"": 102003}, {""board_url"": ""https://job.geelytech.com/social-recruitment/geely/96001"", ""site_id"": 96001}, {""board_url"": ""https://job.geelycv.com/social-recruitment/geely/94066"", ""site_id"": 94066}]}"
geisinger,geisinger-careers,https://geisinger.wd5.myworkdayjobs.com/geisingerexternal,workday,
gelato,gelato-ashby,https://jobs.ashbyhq.com/gelato,ashby,"{""token"": ""gelato""}"
gelato,gelato-greenhouse,https://job-boards.greenhouse.io/gelato,greenhouse,"{""token"": ""gelato""}"
gelber-group,gelber-group-greenhouse,https://job-boards.greenhouse.io/gelbergroup,greenhouse,"{""token"": ""gelbergroup""}"
gelber-group-handshake,gelber-group-handshake-greenhouse,https://job-boards.greenhouse.io/gelberhandshake,greenhouse,"{""token"": ""gelberhandshake""}"
gemini,gemini-greenhouse,https://job-boards.greenhouse.io/gemini,greenhouse,"{""token"": ""gemini""}"
genea,genea-greenhouse,https://job-boards.greenhouse.io/genea,greenhouse,"{""token"": ""genea""}"
general-assembly,general-assembly-greenhouse,https://job-boards.greenhouse.io/generalassembly,greenhouse,"{""token"": ""generalassembly""}"
general-atlantic,general-atlantic-greenhouse,https://job-boards.greenhouse.io/generalatlantic,greenhouse,"{""token"": ""generalatlantic""}"
general-dynamics,general-dynamics-gdit,https://gdit.wd5.myworkdayjobs.com/External_Career_Site,workday,"{""tenant"": ""gdit"", ""board"": ""External_Career_Site""}"
general-dynamics,general-dynamics-gulfstream,https://careers.gulfstream.com/search/,rss,"{""url"": ""https://careers.gulfstream.com/googlefeed.xml"", ""preset"": ""successfactors""}"
general-dynamics,general-dynamics-jet-aviation,https://jobs.jetaviation.com/search/,rss,"{""url"": ""https://jobs.jetaviation.com/googlefeed.xml"", ""preset"": ""successfactors""}"
general-dynamics,general-dynamics-nassco,https://jobs.nassco.com/search/,rss,"{""url"": ""https://jobs.nassco.com/googlefeed.xml"", ""preset"": ""successfactors""}"
general-matter,general-matter-greenhouse,https://job-boards.greenhouse.io/generalmatter,greenhouse,"{""token"": ""generalmatter""}"
general-mills,general-mills-careers,https://genmills.wd1.myworkdayjobs.com/GMI_External_Careers,workday,"{""company"": ""genmills"", ""wd_instance"": ""wd1"", ""site"": ""GMI_External_Careers""}"
general-motors,general-motors-careers,https://generalmotors.wd5.myworkdayjobs.com/careers_gm,workday,
general-motors,general-motors-careers-gm-financial,https://fa-exvu-saasfaprod1.fa.ocs.oraclecloud.com/hcmUI/CandidateExperience/en/sites/CX_1/jobs,oracle_hcm,
general-motors,general-motors-careers-ultium-spring-hill,https://workforcenow.adp.com/mascsr/default/mdf/recruitment/recruitment.html?ccId=9200679039949_2&cid=3aada650-9516-4fad-a8af-527c53c40e64&lang=en_US&type=JS,adp,"{""cid"": ""3aada650-9516-4fad-a8af-527c53c40e64"", ""cc_id"": ""9200679039949_2"", ""locale"": ""en_US""}"
general-motors,general-motors-careers-ultium-warren,https://workforcenow.adp.com/mascsr/default/mdf/recruitment/recruitment.html?ccId=9200679038627_2&cid=3aada650-9516-4fad-a8af-527c53c40e64&lang=en_US&type=JS,adp,"{""cid"": ""3aada650-9516-4fad-a8af-527c53c40e64"", ""cc_id"": ""9200679038627_2"", ""locale"": ""en_US""}"
generate-biomedicines,generate-biomedicines-greenhouse,https://job-boards.greenhouse.io/generatebiomedicines,greenhouse,"{""token"": ""generatebiomedicines""}"
genertec,genertec-careers,https://genertec.zhiye.com/,beisen,
genesis-ai,genesis-ai-ashby,https://jobs.ashbyhq.com/genesis,ashby,"{""token"": ""genesis""}"
genesis-molecular-ai,genesis-molecular-ai-careers,https://jobs.ashbyhq.com/genesis-molecular-ai,ashby,"{""token"": ""genesis-molecular-ai""}"
genesys,genesys-careers-workday,https://genesys.wd1.myworkdayjobs.com/Genesys,workday,"{""tenant"": ""genesys"", ""instance"": ""Genesys""}"
genetix-biotherapeutics,genetix-biotherapeutics-greenhouse,https://job-boards.greenhouse.io/genetixbiotherapeutics,greenhouse,"{""token"": ""genetixbiotherapeutics""}"
geneva-airport,geneva-airport-careers,https://emplois.geneve-aeroport.ch/go/offres-emploi/9050455/,rss,"{""preset"": ""generic"", ""feed_url"": ""https://emplois.geneve-aeroport.ch/services/rss/category/?catid=9050455"", ""url_filter"": ""/job/""}"
geneva-call,geneva-call-careers,https://www.genevacall.org/careers/,inline,"{""fetch_contains"": ""jobs__item__title"", ""steps"": [{""tag"": ""h3"", ""attr"": ""class=jobs__item__title"", ""field"": ""title""}, {""text"": ""Duty Station"", ""field"": ""location"", ""regex"": ""Duty Station:\\s*(.+)""}, {""tag"": ""p"", ""field"": ""description"", ""html"": true, ""stop_tag"": [""h2"", ""h3""]}]}"
geneva-call,geneva-call-tenders,https://www.genevacall.org/tenders/,inline,"{""fetch_contains"": ""jobs__item__title"", ""steps"": [{""tag"": ""h3"", ""attr"": ""class=jobs__item__title"", ""field"": ""title""}, {""tag"": ""p"", ""field"": ""description"", ""html"": true, ""stop_tag"": [""h2"", ""h3""]}], ""valid_through_regex"": ""Deadline for Receipt of Proposals.*?(\\d{1,2}(?:st|nd|rd|th)?\\s+\\w+\\s+\\d{4})"", ""valid_through_format"": ""%d %B %Y"", ""exclude_expired"": true}"
geneva-graduate-institute,geneva-graduate-institute-staff,https://erecruit.graduateinstitute.ch/recrutement/?page=advertisement,rss,"{""preset"": ""generic"", ""feed_url"": ""https://erecruit.graduateinstitute.ch/recrutement/rss.php""}"
geneva-trading,geneva-trading-greenhouse,https://job-boards.greenhouse.io/genevatrading,greenhouse,"{""token"": ""genevatrading""}"
genies,genies-ashby,https://jobs.ashbyhq.com/genies,ashby,"{""token"": ""genies""}"
genius-sports,genius-sports-greenhouse,https://job-boards.greenhouse.io/geniussports,greenhouse,"{""token"": ""geniussports""}"
genomics,genomics-careers,https://jobs.ashbyhq.com/genomics,ashby,"{""org"": ""genomics""}"
genpact,genpact-careers,https://genpact.wd108.myworkdayjobs.com/External_Careers,workday,
genpeach-ai,genpeach-ai-careers,https://jobs.ashbyhq.com/genpeach,ashby,"{""token"": ""genpeach""}"
genscript-probio,genscript-probio-greenhouse,https://job-boards.greenhouse.io/genscript,greenhouse,"{""token"": ""genscript""}"
gensyn,gensyn-greenhouse,https://job-boards.greenhouse.io/gensyn,greenhouse,"{""token"": ""gensyn""}"
genuine-parts-company,genuine-parts-company-careers,https://genpt.wd1.myworkdayjobs.com/careers,workday,
georg-fischer,georg-fischer-global-workday,https://georgfischer.wd103.myworkdayjobs.com/GeorgFischer_Careers,workday,"{""company"": ""georgfischer"", ""wd_instance"": ""wd103"", ""site"": ""GeorgFischer_Careers""}"
geotab,geotab-greenhouse,https://job-boards.greenhouse.io/geotab,greenhouse,"{""token"": ""geotab""}"
get-well-network,get-well-network-greenhouse,https://job-boards.greenhouse.io/getwellnetwork,greenhouse,"{""token"": ""getwellnetwork""}"
getnet,getnet-careers,https://job-boards.eu.greenhouse.io/getnet,greenhouse,
getnet,getnet-pagonxt,https://job-boards.eu.greenhouse.io/pagonxt,greenhouse,
gett,gett-pinpoint,https://gett.pinpointhq.com,pinpoint,"{""slug"": ""gett""}"
getyourguide,getyourguide-careers,https://boards.greenhouse.io/getyourguide,greenhouse,"{""token"": ""getyourguide""}"
ghost,ghost-greenhouse,https://job-boards.greenhouse.io/ghost,greenhouse,"{""token"": ""ghost""}"
ghx,ghx-greenhouse,https://job-boards.greenhouse.io/globalhealthcareexchangeinc,greenhouse,"{""token"": ""globalhealthcareexchangeinc""}"
gichd,gichd-beehire,https://app.beehire.com/career/gichd,beehire,"{""slug"": ""gichd""}"
giga-energy,giga-energy-greenhouse,https://job-boards.greenhouse.io/gigaenergy,greenhouse,"{""token"": ""gigaenergy""}"
gilead,gilead-careers,https://gilead.wd1.myworkdayjobs.com/gileadcareers,workday,"{""company"": ""gilead"", ""wd_instance"": ""wd1"", ""site"": ""gileadcareers""}"
gilion,gilion-teamtailor,https://careers.gilion.com/jobs,rss,"{""preset"": ""teamtailor"", ""feed_url"": ""https://careers.gilion.com/jobs.rss""}"
gillig,gillig-greenhouse,https://job-boards.greenhouse.io/gillig,greenhouse,"{""token"": ""gillig""}"
ginkgo-bioworks-inc,ginkgo-bioworks-inc-greenhouse,https://job-boards.greenhouse.io/ginkgobioworks,greenhouse,"{""token"": ""ginkgobioworks""}"
gitbook,gitbook-ashby,https://jobs.ashbyhq.com/gitbook,ashby,"{""token"": ""gitbook""}"
gitguardian,gitguardian-careers,https://careers.gitguardian.com/jobs,rss,"{""preset"": ""teamtailor"", ""feed_url"": ""https://careers.gitguardian.com/jobs.rss""}"
gitlab,gitlab-greenhouse,https://job-boards.greenhouse.io/gitlab,greenhouse,"{""token"": ""gitlab""}"
givecampus,givecampus-greenhouse,https://job-boards.greenhouse.io/givecampus,greenhouse,"{""token"": ""givecampus""}"
givedirectly,givedirectly-greenhouse,https://job-boards.greenhouse.io/givedirectly,greenhouse,"{""token"": ""givedirectly""}"
givewell,givewell-greenhouse,https://job-boards.greenhouse.io/givewell,greenhouse,"{""token"": ""givewell""}"
glance,glance-greenhouse,https://job-boards.greenhouse.io/glance,greenhouse,"{""token"": ""glance""}"
glean,glean-greenhouse,https://job-boards.greenhouse.io/gleanwork,greenhouse,"{""token"": ""gleanwork""}"
glencore,glencore-careers-astron-workday,https://glencore.wd3.myworkdayjobs.com/astronenergy,workday,"{""company"": ""glencore"", ""wd_instance"": ""wd3"", ""site"": ""astronenergy""}"
glencore,glencore-careers-coal-workday,https://gcaa.wd3.myworkdayjobs.com/GCAA_Careers,workday,"{""company"": ""gcaa"", ""wd_instance"": ""wd3"", ""site"": ""GCAA_Careers""}"
glencore,glencore-careers-copper,https://careers.glencorecopper.com/search/,rss,"{""preset"": ""successfactors"", ""feed_url"": ""https://careers.glencorecopper.com/googlefeed.xml""}"
glencore,glencore-careers-evr,https://jobs.lever.co/evr,lever,"{""token"": ""evr""}"
glencore,glencore-careers-uk-wx,https://job-boards.eu.greenhouse.io/glencoreukwx,greenhouse,"{""token"": ""glencoreukwx""}"
glia,glia-pinpoint,https://glia.pinpointhq.com,pinpoint,"{""slug"": ""glia""}"
glide,glide-ashby,https://jobs.ashbyhq.com/glide,ashby,"{""token"": ""glide""}"
glide,glide-greenhouse,https://job-boards.greenhouse.io/glide,greenhouse,"{""token"": ""glide""}"
glide,glide-lever,https://jobs.lever.co/glide,lever,"{""token"": ""glide""}"
glimpse,glimpse-careers,https://jobs.ashbyhq.com/glimpse,ashby,"{""token"": ""glimpse""}"
global-accelerator,global-accelerator-greenhouse,https://job-boards.greenhouse.io/globalaccelerator,greenhouse,"{""token"": ""globalaccelerator""}"
global-elite-empire-consultants,global-elite-empire-consultants-careers,https://jobs.lever.co/globalelitecareers,lever,
global-energy-alliance-for-people-and-planet-global-energy-alliance-llc,global-energy-alliance-for-people-and-planet-global-energy-alliance-llc-greenhouse,https://job-boards.greenhouse.io/globalenergyallianceforpeopleandplanetgeappllc,greenhouse,"{""token"": ""globalenergyallianceforpeopleandplanetgeappllc""}"
global-partners,global-partners-careers,https://global.wd1.myworkdayjobs.com/globalpartnerscareers,workday,
globalfoundries,globalfoundries-careers-workday,https://globalfoundries.wd1.myworkdayjobs.com/External,workday,"{""company"": ""globalfoundries"", ""wd_instance"": ""wd1"", ""site"": ""External""}"
globalli,globalli-greenhouse,https://job-boards.greenhouse.io/globalli,greenhouse,"{""token"": ""globalli""}"
glossgenius,glossgenius-greenhouse,https://job-boards.greenhouse.io/glossgenius,greenhouse,"{""token"": ""glossgenius""}"
glossier,glossier-greenhouse,https://job-boards.greenhouse.io/glossier,greenhouse,"{""token"": ""glossier""}"
glydways,glydways-greenhouse,https://job-boards.greenhouse.io/glydways,greenhouse,"{""token"": ""glydways""}"
goals,goals-teamtailor,https://tt.playgoals.com/jobs,rss,"{""preset"": ""teamtailor"", ""feed_url"": ""https://tt.playgoals.com/jobs.rss""}"
goat-group,goat-group-greenhouse,https://job-boards.greenhouse.io/goatgroup,greenhouse,"{""token"": ""goatgroup""}"
gocardless,gocardless-greenhouse,https://job-boards.greenhouse.io/gocardless,greenhouse,"{""token"": ""gocardless""}"
gofundme,gofundme-greenhouse,https://job-boards.greenhouse.io/gofundme,greenhouse,"{""token"": ""gofundme""}"
goguardian,goguardian-greenhouse,https://job-boards.greenhouse.io/goguardian,greenhouse,"{""token"": ""goguardian""}"
goldbeck,goldbeck-careers,https://goldbeck.wd103.myworkdayjobs.com/goldbeck-jobs,workday,
golden-apple-foundation-careers,golden-apple-foundation-careers-greenhouse,https://job-boards.greenhouse.io/goldenapplefoundationcareers,greenhouse,"{""token"": ""goldenapplefoundationcareers""}"
golden-state,golden-state-greenhouse,https://job-boards.greenhouse.io/goldenstate,greenhouse,"{""token"": ""goldenstate""}"
goldman-sachs,goldman-sachs-careers-oracle,https://hdpc.fa.us2.oraclecloud.com/hcmUI/CandidateExperience/en/sites/CampusHiring/requisitions,oracle_hcm,"{""host"": ""hdpc.fa.us2.oraclecloud.com"", ""site"": ""CampusHiring""}"
golinks,golinks-ashby,https://jobs.ashbyhq.com/golinks,ashby,"{""token"": ""golinks""}"
gong-io,gong-io-greenhouse,https://job-boards.greenhouse.io/gongio,greenhouse,"{""token"": ""gongio""}"
good-job-games,good-job-games-greenhouse,https://job-boards.greenhouse.io/goodjobgames,greenhouse,"{""token"": ""goodjobgames""}"
gooddata,gooddata-ashby,https://jobs.ashbyhq.com/gooddata,ashby,"{""token"": ""gooddata""}"
goodfire,goodfire-greenhouse,https://job-boards.greenhouse.io/goodfire,greenhouse,"{""token"": ""goodfire""}"
goodnotes,goodnotes-greenhouse,https://job-boards.greenhouse.io/goodnotes,greenhouse,"{""token"": ""goodnotes""}"
goodway-group,goodway-group-greenhouse,https://job-boards.greenhouse.io/goodwaygroup,greenhouse,"{""token"": ""goodwaygroup""}"
goody,goody-ashby,https://jobs.ashbyhq.com/goody,ashby,"{""token"": ""goody""}"
goop,goop-greenhouse,https://job-boards.greenhouse.io/goop,greenhouse,"{""token"": ""goop""}"
gopuff,gopuff-lever,https://jobs.lever.co/gopuff,lever,"{""token"": ""gopuff""}"
gore-mutual-insurance,gore-mutual-insurance-greenhouse,https://job-boards.greenhouse.io/goremutualinsurance,greenhouse,"{""token"": ""goremutualinsurance""}"
gorgias,gorgias-ashby,https://jobs.ashbyhq.com/gorgias,ashby,"{""token"": ""gorgias""}"
gorgias,gorgias-recruitee,https://gorgias.recruitee.com,recruitee,"{""token"": ""gorgias""}"
gorjana,gorjana-greenhouse,https://job-boards.greenhouse.io/gorjana,greenhouse,"{""token"": ""gorjana""}"
gorman-bunch-orthodontics,gorman-bunch-orthodontics-greenhouse,https://job-boards.greenhouse.io/gormanbunch,greenhouse,"{""token"": ""gormanbunch""}"
gostudent,gostudent-greenhouse,https://job-boards.greenhouse.io/gostudent,greenhouse,"{""token"": ""gostudent""}"
gotion-inc,gotion-inc-greenhouse,https://job-boards.greenhouse.io/gotion,greenhouse,"{""token"": ""gotion""}"
govini,govini-greenhouse,https://job-boards.greenhouse.io/govini,greenhouse,"{""token"": ""govini""}"
govsignals,govsignals-ashby,https://jobs.ashbyhq.com/govsignals,ashby,"{""token"": ""govsignals"", ""blast_radius_floor"": 0.9}"
govtech-barbados,govtech-barbados-greenhouse,https://job-boards.greenhouse.io/govtechbarbados,greenhouse,"{""token"": ""govtechbarbados""}"
gptzero,gptzero-ashby,https://jobs.ashbyhq.com/gptzero,ashby,"{""token"": ""gptzero""}"
gr-n-confections,gr-n-confections-greenhouse,https://job-boards.greenhouse.io/eatgron,greenhouse,"{""token"": ""eatgron""}"
gr-ns,gr-ns-greenhouse,https://job-boards.greenhouse.io/gruns,greenhouse,"{""token"": ""gruns""}"
gr8-tech,gr8-tech-careers,https://job-boards.eu.greenhouse.io/gr8tech,greenhouse,"{""token"": ""gr8tech""}"
gradial,gradial-greenhouse,https://job-boards.greenhouse.io/gradial,greenhouse,"{""token"": ""gradial""}"
gradient-ai,gradient-ai-greenhouse,https://job-boards.greenhouse.io/gradientai,greenhouse,"{""token"": ""gradientai""}"
gradyent,gradyent-careers,https://job-boards.eu.greenhouse.io/gradyent,greenhouse,"{""token"": ""gradyent""}"
grafana-labs,grafana-labs-greenhouse,https://job-boards.greenhouse.io/grafanalabs,greenhouse,"{""token"": ""grafanalabs""}"
graham-capital-management-l-p,graham-capital-management-l-p-greenhouse,https://job-boards.greenhouse.io/grahamcapitalmanagement,greenhouse,"{""token"": ""grahamcapitalmanagement""}"
grail,grail-lever,https://jobs.lever.co/grailbio,lever,"{""token"": ""grailbio""}"
gram-games,gram-games-greenhouse,https://job-boards.greenhouse.io/gramgamescareers,greenhouse,"{""token"": ""gramgamescareers""}"
grand,grand-ashby,https://jobs.ashbyhq.com/grand,ashby,"{""token"": ""grand""}"
grand-games,grand-games-lever,https://jobs.lever.co/grand,lever,"{""token"": ""grand""}"
grant-thornton,grant-thornton-australia,https://grantthorntonaus.wd105.myworkdayjobs.com/GTA,workday,"{""company"": ""grantthorntonaus"", ""wd_instance"": ""wd105"", ""site"": ""GTA""}"
grant-thornton,grant-thornton-austria,https://grantthorntonaustria.recruitee.com/,recruitee,"{""slug"": ""grantthorntonaustria"", ""api_base"": ""https://grantthorntonaustria.recruitee.com""}"
grant-thornton,grant-thornton-belgium,https://careers.grantthornton.be/l/nl/,recruitee,"{""slug"": ""careers-analytics"", ""api_base"": ""https://careers.grantthornton.be""}"
grant-thornton,grant-thornton-canada-rcgt,https://rcgt.wd3.myworkdayjobs.com/en-US/External,workday,"{""company"": ""rcgt"", ""wd_instance"": ""wd3"", ""site"": ""External""}"
grant-thornton,grant-thornton-channel-islands,https://gtci.pinpointhq.com/,pinpoint,"{""slug"": ""gtci""}"
grant-thornton,grant-thornton-oracle-global,https://ehzq.fa.us2.oraclecloud.com/hcmUI/CandidateExperience/en/sites/GrantThorntonPhilippines,oracle_hcm,
grant-thornton,grant-thornton-uk,https://ukgrantt.wd3.myworkdayjobs.com/CareersGrantThornton,workday,"{""company"": ""ukgrantt"", ""wd_instance"": ""wd3"", ""site"": ""CareersGrantThornton""}"
graphcore,graphcore-greenhouse,https://job-boards.greenhouse.io/graphcore,greenhouse,"{""token"": ""graphcore""}"
graphite,graphite-ashby,https://jobs.ashbyhq.com/graphite,ashby,"{""token"": ""graphite""}"
gravis-robotics,gravis-robotics-careers,https://jobs.lever.co/gravisrobotics,lever,"{""token"": ""gravisrobotics""}"
gravityclimate,gravityclimate-ashby,https://jobs.ashbyhq.com/gravityclimate,ashby,"{""token"": ""gravityclimate""}"
graymatter-robotics,graymatter-robotics-ashby,https://jobs.ashbyhq.com/graymatter-robotics,ashby,"{""token"": ""graymatter-robotics""}"
grayscale-investments,grayscale-investments-greenhouse,https://job-boards.greenhouse.io/grayscaleinvestments,greenhouse,"{""token"": ""grayscaleinvestments""}"
greatquestion,greatquestion-careers,https://jobs.ashbyhq.com/greatquestion,ashby,"{""token"": ""greatquestion""}"
green-thumb,green-thumb-greenhouse,https://job-boards.greenhouse.io/greenthumbindustries,greenhouse,"{""token"": ""greenthumbindustries""}"
greenlight-financial-technology,greenlight-financial-technology-lever,https://jobs.lever.co/greenlight,lever,"{""token"": ""greenlight""}"
greenpeace-usa,greenpeace-usa-greenhouse,https://job-boards.greenhouse.io/greenpeace,greenhouse,"{""token"": ""greenpeace""}"
greenworks,greenworks-greenhouse,https://job-boards.greenhouse.io/greenworkssunriseglobalmarketing,greenhouse,"{""token"": ""greenworkssunriseglobalmarketing""}"
grepr,grepr-careers,https://jobs.ashbyhq.com/grepr,ashby,"{""token"": ""grepr""}"
greptile,greptile-ashby,https://jobs.ashbyhq.com/greptile,ashby,"{""token"": ""greptile""}"
greystar,greystar-careers,https://greystar.wd1.myworkdayjobs.com/external,workday,"{""company"": ""greystar"", ""wd_instance"": ""wd1"", ""site"": ""external""}"
griffin,griffin-ashby,https://jobs.ashbyhq.com/griffin,ashby,"{""token"": ""griffin""}"
griffis-residential,griffis-residential-greenhouse,https://job-boards.greenhouse.io/griffisresidential,greenhouse,"{""token"": ""griffisresidential""}"
grifols,grifols-careers,https://jobsearch.grifols.com/,rss,"{""preset"": ""successfactors""}"
grifols,grifols-careers-egypt,https://www.careers-page.com/grifols-egypt-for-plasma-derivatives,manatal,"{""slug"": ""grifols-egypt-for-plasma-derivatives""}"
groome-industrial-service-group,groome-industrial-service-group-greenhouse,https://job-boards.greenhouse.io/groomecareers,greenhouse,"{""token"": ""groomecareers""}"
gropyus,gropyus-careers,https://job-boards.eu.greenhouse.io/gropyus,greenhouse,"{""token"": ""gropyus""}"
groq,groq-gem,https://jobs.gem.com/groq,gem,"{""token"": ""groq""}"
group14-technologies,group14-technologies-greenhouse,https://job-boards.greenhouse.io/group14,greenhouse,"{""token"": ""group14""}"
groupe-mutuel,groupe-mutuel-careers,https://groupemutuel.csod.com/ux/ats/careersite/4/home?c=groupemutuel,cornerstone,"{""tenant"": ""groupemutuel"", ""site_id"": 4, ""corp"": ""groupemutuel""}"
groupon,groupon-greenhouse,https://job-boards.greenhouse.io/groupon,greenhouse,"{""token"": ""groupon""}"
grove-collaborative,grove-collaborative-greenhouse,https://job-boards.greenhouse.io/grovecollaborative,greenhouse,"{""token"": ""grovecollaborative""}"
grover,grover-greenhouse,https://job-boards.greenhouse.io/grover,greenhouse,"{""token"": ""grover""}"
grow,grow-recruitee,https://grow.recruitee.com,recruitee,"{""token"": ""grow""}"
grow-therapy,grow-therapy-greenhouse,https://job-boards.greenhouse.io/growtherapy,greenhouse,"{""token"": ""growtherapy""}"
growe,growe-greenhouse,https://job-boards.greenhouse.io/growe,greenhouse,"{""token"": ""growe""}"
groww,groww-greenhouse,https://job-boards.greenhouse.io/groww,greenhouse,"{""token"": ""groww""}"
grupo-quintoandar,grupo-quintoandar-greenhouse,https://job-boards.greenhouse.io/quintoandar,greenhouse,"{""token"": ""quintoandar""}"
gs-retail,gs-retail-careers,https://gsretail.recruiter.co.kr/career/home,recruiter_co_kr,"{""slug"": ""gsretail""}"
gsa-capital,gsa-capital-careers,https://www.gsacapital.com/join-us,greenhouse,"{""token"": ""gsacapital""}"
gsk,gsk-careers,https://jobs.gsk.com/en-gb/jobs,workday,"{""company"": ""gsk"", ""wd_instance"": ""wd5"", ""site"": ""GSKCareers""}"
guardio,guardio-comeet,https://www.comeet.com/jobs/guardio/57.000,comeet,"{""company"": ""guardio"", ""board_id"": ""57.000""}"
guardz,guardz-greenhouse,https://job-boards.eu.greenhouse.io/guardz,greenhouse,"{""token"": ""guardz""}"
guerrilla-games,guerrilla-games-greenhouse,https://job-boards.greenhouse.io/guerrilla-games,greenhouse,"{""token"": ""guerrilla-games""}"
guidehouse,guidehouse-careers,https://guidehouse.wd1.myworkdayjobs.com/external,workday,
guidelight-health,guidelight-health-greenhouse,https://job-boards.greenhouse.io/guidelighthealth,greenhouse,"{""token"": ""guidelighthealth""}"
guidepoint,guidepoint-greenhouse,https://job-boards.greenhouse.io/guidepoint,greenhouse,"{""token"": ""guidepoint""}"
guidepoint-security,guidepoint-security-greenhouse,https://job-boards.greenhouse.io/guidepointsecurity,greenhouse,"{""token"": ""guidepointsecurity""}"
guidepost-montessori,guidepost-montessori-greenhouse,https://job-boards.greenhouse.io/guidepostmontessori,greenhouse,"{""token"": ""guidepostmontessori""}"
guidewheel,guidewheel-greenhouse,https://job-boards.greenhouse.io/guidewheel,greenhouse,"{""token"": ""guidewheel""}"
guild,guild-ashby,https://jobs.ashbyhq.com/guild,ashby,"{""token"": ""guild""}"
guild,guild-greenhouse,https://job-boards.greenhouse.io/guild,greenhouse,"{""token"": ""guild""}"
gunvor,gunvor-workday,https://gunvor.wd3.myworkdayjobs.com/Gunvor_Careers,workday,"{""company"": ""gunvor"", ""wd_instance"": ""wd3"", ""site"": ""Gunvor_Careers""}"
gusto-inc,gusto-inc-greenhouse,https://job-boards.greenhouse.io/gusto,greenhouse,"{""token"": ""gusto""}"
guthrie,guthrie-careers,https://elfw.fa.us2.oraclecloud.com/hcmUI/CandidateExperience/en/sites/CX_1,oracle_hcm,"{""total_count_tolerance"": 5}"
guzman-y-gomez,guzman-y-gomez-careers-sg,https://www.gyg.com.sg/join-us,inline,"{""render"": false, ""require_zero_proof"": true, ""item_boundary"": {""match_regex"": ""^(Restaurant Manager|Chef|Service Crew)$""}, ""source_url_selector"": ""a[href*='/jobs-available-positions/']"", ""source_url_attribute"": ""href"", ""steps"": [{""match_regex"": ""^(Restaurant Manager|Chef|Service Crew)$"", ""field"": ""title""}, {""field"": ""description"", ""html"": true, ""stop"": ""Apply Now""}], ""defaults"": {""locations"": [""Singapore, SG""]}}"
gwi,gwi-greenhouse,https://job-boards.greenhouse.io/globalwebindex,greenhouse,"{""token"": ""globalwebindex""}"
gxo,gxo-careers,https://jobs.gxo.com/,rss,"{""preset"": ""successfactors""}"
gymshark,gymshark-greenhouse,https://job-boards.greenhouse.io/gymshark,greenhouse,"{""token"": ""gymshark""}"
h-company,h-company-careers,https://jobs.ashbyhq.com/hcompany,ashby,"{""token"": ""hcompany""}"
h3x-technologies,h3x-technologies-ashby,https://jobs.ashbyhq.com/h3x-technologies,ashby,"{""token"": ""h3x-technologies""}"
haast,haast-ashby,https://jobs.ashbyhq.com/haast,ashby,"{""token"": ""haast""}"
habitat-health,habitat-health-greenhouse,https://job-boards.greenhouse.io/habitathealth,greenhouse,"{""token"": ""habitathealth""}"
hackerone,hackerone-ashby,https://jobs.ashbyhq.com/hackerone,ashby,"{""token"": ""hackerone""}"
hackerrank-careers,hackerrank-careers-greenhouse,https://job-boards.greenhouse.io/hackerrank,greenhouse,"{""token"": ""hackerrank""}"
hadean,hadean-careers,https://hadean.teamtailor.com/jobs,rss,"{""preset"": ""teamtailor"", ""feed_url"": ""https://hadean.teamtailor.com/jobs.rss""}"
hadrian,hadrian-careers,https://careers.hadrian.io/jobs,pinpoint,"{""slug"": ""hadrian""}"
haier-group,haier-group-careers-fpa,https://haier.wd3.myworkdayjobs.com/FPA_External_Career_Site,workday,"{""company"": ""haier"", ""wd_instance"": ""wd3"", ""site"": ""FPA_External_Career_Site""}"
haize-labs,haize-labs-greenhouse,https://job-boards.greenhouse.io/haizelabs,greenhouse,"{""token"": ""haizelabs""}"
hala,hala-greenhouse,https://job-boards.greenhouse.io/hala,greenhouse,"{""token"": ""hala""}"
halcyon,halcyon-greenhouse,https://job-boards.greenhouse.io/halcyon,greenhouse,"{""token"": ""halcyon""}"
haleon,haleon-germany-china-russia,https://gsknch.wd3.myworkdayjobs.com/GSKCareers,workday,"{""company"": ""gsknch"", ""wd_instance"": ""wd3"", ""site"": ""GSKCareers""}"
handelsbanken,handelsbanken-jobylon,https://cdn.jobylon.com/jobs/companies/2204/embed/v2/?page_size=1000,jobylon,"{""company_id"": ""2204""}"
hang,hang-ashby,https://jobs.ashbyhq.com/hang,ashby,"{""token"": ""hang""}"
hanmi-pharm,hanmi-pharm-careers,https://hanmi.recruiter.co.kr/career/home,recruiter_co_kr,"{""slug"": ""hanmi""}"
hanwha-renewables,hanwha-renewables-greenhouse,https://job-boards.greenhouse.io/hanwharenewables,greenhouse,"{""token"": ""hanwharenewables""}"
happy-money,happy-money-greenhouse,https://job-boards.greenhouse.io/happymoney,greenhouse,"{""token"": ""happymoney""}"
happyrobot,happyrobot-careers,https://jobs.ashbyhq.com/happyrobot.ai,ashby,"{""token"": ""happyrobot.ai""}"
harbinger-motors-inc,harbinger-motors-inc-greenhouse,https://job-boards.greenhouse.io/harbingermotors,greenhouse,"{""token"": ""harbingermotors""}"
harbor,harbor-greenhouse,https://job-boards.greenhouse.io/harborglobal,greenhouse,"{""token"": ""harborglobal""}"
harmattan-ai,harmattan-ai-careers,https://jobs.ashbyhq.com/harmattan-ai,ashby,"{""token"": ""harmattan-ai""}"
harmonic,harmonic-ashby,https://jobs.ashbyhq.com/harmonic,ashby,"{""token"": ""harmonic""}"
harmonic,harmonic-greenhouse,https://job-boards.greenhouse.io/harmonic,greenhouse,"{""token"": ""harmonic""}"
harmony,harmony-recruitee,https://harmony.recruitee.com,recruitee,"{""token"": ""harmony""}"
harness,harness-greenhouse,https://job-boards.greenhouse.io/harnessinc,greenhouse,"{""token"": ""harnessinc""}"
harper-group,harper-group-greenhouse,https://job-boards.greenhouse.io/harpergroup,greenhouse,"{""token"": ""harpergroup""}"
harris-associates,harris-associates-greenhouse,https://job-boards.greenhouse.io/harrisassociates,greenhouse,"{""token"": ""harrisassociates""}"
harrison-ai,harrison-ai-ashby,https://jobs.ashbyhq.com/harrison.ai,ashby,"{""token"": ""harrison.ai""}"
harrow-inc,harrow-inc-greenhouse,https://job-boards.greenhouse.io/harrowhealth,greenhouse,"{""token"": ""harrowhealth""}"
harry-s,harry-s-greenhouse,https://job-boards.greenhouse.io/harrys,greenhouse,"{""token"": ""harrys""}"
harvey,harvey-ashby,https://jobs.ashbyhq.com/harvey,ashby,"{""token"": ""harvey""}"
hasbro,hasbro-greenhouse,https://job-boards.greenhouse.io/hasbro,greenhouse,"{""token"": ""hasbro""}"
hatch,hatch-ashby,https://jobs.ashbyhq.com/hatch,ashby,"{""token"": ""hatch""}"
hatch,hatch-greenhouse,https://job-boards.greenhouse.io/hatchcareers,greenhouse,"{""token"": ""hatchcareers""}"
hatch-ltd,hatch-ltd-careers,https://jobs.hatch.com/,rss,"{""preset"": ""successfactors""}"
havas,havas-careers-workday,https://wd3.myworkdaysite.com/recruiting/havas/GroupExternalCareerSite/,workday,"{""company"": ""havas"", ""wd_instance"": ""wd3"", ""site"": ""GroupExternalCareerSite""}"
havas,havas-careers-workday-health,https://wd3.myworkdaysite.com/recruiting/havas/HealthYouExternalCareerSite,workday,"{""company"": ""havas"", ""wd_instance"": ""wd3"", ""site"": ""HealthYouExternalCareerSite""}"
havells,havells-careers,https://iabgcp.fa.ocs.oraclecloud.com/hcmUI/CandidateExperience/en/sites/cx_1,oracle_hcm,
haven-interactive-studios,haven-interactive-studios-greenhouse,https://job-boards.greenhouse.io/haven,greenhouse,"{""token"": ""haven""}"
havenhub,havenhub-greenhouse,https://job-boards.greenhouse.io/havenhub,greenhouse,"{""token"": ""havenhub""}"
havocai,havocai-ashby,https://jobs.ashbyhq.com/havocai,ashby,"{""token"": ""havocai""}"
hawk,hawk-ashby,https://jobs.ashbyhq.com/hawk,ashby,"{""token"": ""hawk""}"
hawkeye360,hawkeye360-recruitee,https://hawkeye360.recruitee.com,recruitee,"{""token"": ""hawkeye360""}"
hawthorne-machinery-co,hawthorne-machinery-co-greenhouse,https://job-boards.greenhouse.io/hawthornemachineryco,greenhouse,"{""token"": ""hawthornemachineryco""}"
haystack-news,haystack-news-careers,https://jobs.ashbyhq.com/haystacknews,ashby,"{""token"": ""haystacknews""}"
hazel-health,hazel-health-greenhouse,https://job-boards.greenhouse.io/hazel,greenhouse,"{""token"": ""hazel""}"
hca-healthcare,hca-healthcare-careers-uk,https://wd3.myworkdaysite.com/recruiting/hcahealthcare/hcacareers,workday,"{""company"": ""hcahealthcare"", ""wd_instance"": ""wd3"", ""site"": ""hcacareers""}"
hcltech,hcltech-careers,https://careers.hcltech.com/,rss,"{""url"": ""https://careers.hcltech.com/googlefeed.xml"", ""preset"": ""successfactors""}"
hdfc-bank,hdfc-bank-careers-homeloans,https://homeloans.hdfc.bank.in/careers/current-vacancies,inline,"{""render"": false, ""steps"": [{""tag"": ""div"", ""attr"": ""class=job-title"", ""field"": ""title""}, {""tag"": ""span"", ""attr"": ""class=place"", ""field"": ""location"", ""optional"": true}, {""tag"": ""h3"", ""text"": ""Job Description"", ""offset"": 1, ""field"": ""description"", ""html"": true, ""stop_tag"": ""h3""}]}"
headlands-research,headlands-research-greenhouse,https://job-boards.greenhouse.io/headlandsresearch,greenhouse,"{""token"": ""headlandsresearch""}"
headout-li,headout-li-greenhouse,https://job-boards.greenhouse.io/headoutlinkedin,greenhouse,"{""token"": ""headoutlinkedin""}"
headspace,headspace-greenhouse,https://job-boards.greenhouse.io/hs,greenhouse,"{""token"": ""hs""}"
headway,headway-greenhouse,https://job-boards.greenhouse.io/headway,greenhouse,"{""token"": ""headway""}"
healtheconnections,healtheconnections-careers,https://boards.greenhouse.io/healtheconnections,greenhouse,
healthpartners,healthpartners-careers,https://fa-etnv-saasfaprod1.fa.ocs.oraclecloud.com/hcmUI/CandidateExperience/en/sites/healthpartners,oracle_hcm,
healthverity,healthverity-greenhouse,https://job-boards.greenhouse.io/healthverity,greenhouse,"{""token"": ""healthverity""}"
hear-com-in,hear-com-in-greenhouse,https://job-boards.greenhouse.io/hearcomin,greenhouse,"{""token"": ""hearcomin""}"
hear-com-us,hear-com-us-greenhouse,https://job-boards.greenhouse.io/hearcom,greenhouse,"{""token"": ""hearcom""}"
heart-aerospace,heart-aerospace-greenhouse,https://job-boards.greenhouse.io/heartaerospace,greenhouse,"{""token"": ""heartaerospace""}"
heartflow,heartflow-greenhouse,https://job-boards.greenhouse.io/heartflowinc,greenhouse,"{""token"": ""heartflowinc""}"
hebbia,hebbia-greenhouse,https://job-boards.greenhouse.io/hebbia,greenhouse,"{""token"": ""hebbia""}"
hedra,hedra-careers,https://jobs.ashbyhq.com/hedra,ashby,"{""token"": ""hedra""}"
hedvig,hedvig-teamtailor,https://hedvig.teamtailor.com/jobs,rss,"{""preset"": ""teamtailor"", ""feed_url"": ""https://hedvig.teamtailor.com/jobs.rss""}"
heidelberg-materials,heidelberg-materials-careers,https://heidelbergmaterials.wd3.myworkdayjobs.com/global_hm_career_site,workday,"{""company"": ""heidelbergmaterials"", ""wd_instance"": ""wd3"", ""site"": ""Global_HM_Career_Site""}"
heidelberg-materials,heidelberg-materials-careers-benelux,https://heidelbergmaterialsbenelux.recruitee.com/,recruitee,"{""slug"": ""heidelbergmaterialsbenelux""}"
heidelberg-materials,heidelberg-materials-careers-czechia,https://heidelbergmaterials.jobs.cz/,almacareer,{}
helium-10,helium-10-greenhouse,https://job-boards.greenhouse.io/helium10,greenhouse,"{""token"": ""helium10""}"
hello-heart,hello-heart-greenhouse,https://job-boards.greenhouse.io/helloheart,greenhouse,"{""token"": ""helloheart""}"
hellofresh,hellofresh-greenhouse,https://job-boards.greenhouse.io/hellofresh,greenhouse,"{""token"": ""hellofresh""}"
help-scout,help-scout-ashby,https://jobs.ashbyhq.com/helpscout,ashby,"{""token"": ""helpscout""}"
helsing,helsing-greenhouse,https://job-boards.greenhouse.io/helsing,greenhouse,"{""token"": ""helsing""}"
hemnet,hemnet-careers,https://career.hemnet.se/jobs,rss,"{""preset"": ""teamtailor"", ""feed_url"": ""https://career.hemnet.se/jobs.rss""}"
hengrui-pharmaceuticals,hengrui-pharmaceuticals-careers,https://app.mokahr.com/social-recruitment/hengrui/145996,mokahr,"{""org_id"": ""hengrui"", ""site_id"": 145996}"
hengrui-pharmaceuticals,hengrui-pharmaceuticals-careers-campus,https://app.mokahr.com/campus-recruitment/hengrui/145997,mokahr,"{""org_id"": ""hengrui"", ""site_id"": 145997}"
hengrui-pharmaceuticals,hengrui-pharmaceuticals-careers-global-linkedin,https://www.linkedin.com/company/hengrui-pharma/jobs,linkedin,"{""company_id"": ""3997932"", ""company_slug"": ""hengrui-pharma""}"
hengrui-pharmaceuticals,hengrui-pharmaceuticals-careers-us,https://www.linkedin.com/jobs/hengrui-usa-jobs-worldwide,linkedin,"{""company_id"": ""81517062"", ""company_slug"": ""luzsana-biotechnology""}"
henkel,henkel-careers,https://henkel.csod.com/ux/ats/careersite/1/home?c=henkel,cornerstone,
herald,herald-greenhouse,https://job-boards.greenhouse.io/heraldapi,greenhouse,"{""token"": ""heraldapi""}"
here,here-greenhouse,https://job-boards.greenhouse.io/hereio,greenhouse,"{""token"": ""hereio""}"
hermes,hermes-inventory-careers,https://fa-eoic-saasfaprod1.fa.ocs.oraclecloud.com/hcmUI/CandidateExperience/en/sites/CX_12001,oracle_hcm,
hermeus,hermeus-pinpoint,https://hermeus.pinpointhq.com,pinpoint,"{""slug"": ""hermeus""}"
heron-power,heron-power-careers,https://jobs.ashbyhq.com/heron-power,ashby,"{""token"": ""heron-power""}"
hertz,hertz-careers,https://fa-evlf-saasfaprod1.fa.ocs.oraclecloud.com/hcmUI/CandidateExperience/en/sites/CX_1,oracle_hcm,
hes-so-valais-wallis,hes-so-valais-wallis-careers,https://www.hevs.ch/fr/emplois/,recruitee,"{""slug"": ""hessovalaiswallis"", ""api_base"": ""https://hessovalaiswallis.recruitee.com""}"
hex-technologies,hex-technologies-greenhouse,https://job-boards.greenhouse.io/hextechnologies,greenhouse,"{""token"": ""hextechnologies""}"
hexagon-bio,hexagon-bio-greenhouse,https://job-boards.greenhouse.io/hexagonbio,greenhouse,"{""token"": ""hexagonbio""}"
hexarmor,hexarmor-greenhouse,https://job-boards.greenhouse.io/hexarmor,greenhouse,"{""token"": ""hexarmor""}"
hexaware,hexaware-bps-careers,https://fa-etqo-saasfaprod1.fa.ocs.oraclecloud.com/hcmUI/CandidateExperience/en/sites/CX_2/requisitions,oracle_hcm,"{""host"": ""fa-etqo-saasfaprod1.fa.ocs.oraclecloud.com"", ""site"": ""CX_2""}"
hexaware,hexaware-careers,https://fa-etqo-saasfaprod1.fa.ocs.oraclecloud.com/hcmUI/CandidateExperience/en/sites/CX_1/requisitions,oracle_hcm,"{""host"": ""fa-etqo-saasfaprod1.fa.ocs.oraclecloud.com"", ""site"": ""CX_1""}"
heygen,heygen-greenhouse,https://job-boards.greenhouse.io/heygen,greenhouse,"{""token"": ""heygen""}"
heytea,heytea-careers,https://heytea.zhiye.com/,beisen,
heytea,heytea-careers-global,https://www.linkedin.com/company/heytea/jobs/,linkedin,"{""company_id"": ""29502606"", ""company_slug"": ""heytea""}"
hibu,hibu-greenhouse,https://job-boards.greenhouse.io/hibu,greenhouse,"{""token"": ""hibu""}"
hidden-events,hidden-events-greenhouse,https://job-boards.greenhouse.io/jshiddenevents,greenhouse,"{""token"": ""jshiddenevents""}"
higgsfield-ai,higgsfield-ai-careers,https://jobs.ashbyhq.com/higgsfieldai,ashby,"{""token"": ""higgsfieldai""}"
highdive,highdive-greenhouse,https://job-boards.greenhouse.io/highdive,greenhouse,"{""token"": ""highdive""}"
higher-logic,higher-logic-greenhouse,https://job-boards.greenhouse.io/higherlogic,greenhouse,"{""token"": ""higherlogic""}"
highmark-health,highmark-health-careers,https://highmarkhealth.wd1.myworkdayjobs.com/highmark,workday,
highnote,highnote-greenhouse,https://job-boards.greenhouse.io/highnote,greenhouse,"{""token"": ""highnote""}"
hightouch,hightouch-greenhouse,https://job-boards.greenhouse.io/hightouch,greenhouse,"{""token"": ""hightouch""}"
hiive,hiive-ashby,https://jobs.ashbyhq.com/hiive,ashby,"{""token"": ""hiive""}"
hike-medical,hike-medical-ashby,https://jobs.ashbyhq.com/hike-medical,ashby,"{""token"": ""hike-medical""}"
hill-house-home,hill-house-home-greenhouse,https://job-boards.greenhouse.io/hillhousehome,greenhouse,"{""token"": ""hillhousehome""}"
hillel-international,hillel-international-greenhouse,https://job-boards.greenhouse.io/hillel,greenhouse,"{""token"": ""hillel""}"
hilton,hilton-careers-global,https://efet.fa.us2.oraclecloud.com/hcmUI/CandidateExperience/en/sites/CX_1009/jobs,oracle_hcm,
hilton-grand-vacations,hilton-grand-vacations-careers,https://efuq.fa.us6.oraclecloud.com/hcmUI/CandidateExperience/en/sites/HiltonGrandVacations,oracle_hcm,
hippo-insurance,hippo-insurance-greenhouse,https://job-boards.greenhouse.io/hippo70,greenhouse,"{""token"": ""hippo70""}"
hippo-insurance,hippo-insurance-swingdev,https://jobs.lever.co/swingdev,lever,"{""token"": ""swingdev""}"
hippocratic-ai,hippocratic-ai-ashby,https://jobs.ashbyhq.com/Hippocratic%20AI,ashby,"{""token"": ""Hippocratic AI""}"
hirslanden,hirslanden-careers,https://careers.mediclinic.com/Hirslanden/go/Search-by-Keyword-MCCH-D/5071401/,rss,"{""preset"": ""successfactors"", ""feed_url"": ""https://careers.mediclinic.com/googlefeed.xml"", ""job_filter"": {""include"": ""(?i)Hirslanden""}}"
hitachi,hitachi-careers,https://hitachi.wd1.myworkdayjobs.com/hitachi,workday,"{""company"": ""hitachi"", ""wd_instance"": ""wd1"", ""site"": ""hitachi""}"
hive,hive-greenhouse,https://job-boards.greenhouse.io/hive,greenhouse,"{""token"": ""hive""}"
hive,hive-lever,https://jobs.lever.co/hive,lever,"{""token"": ""hive""}"
hive-financial-systems,hive-financial-systems-greenhouse,https://job-boards.greenhouse.io/hivefinancialsystems,greenhouse,"{""token"": ""hivefinancialsystems""}"
hivemq,hivemq-ashby,https://jobs.ashbyhq.com/hivemq,ashby,"{""token"": ""hivemq""}"
hivestack,hivestack-greenhouse,https://job-boards.greenhouse.io/hivestack,greenhouse,"{""token"": ""hivestack""}"
hiya,hiya-ashby,https://jobs.ashbyhq.com/hiya,ashby,"{""token"": ""hiya""}"
hm-group,hm-group-careers-sellpy,https://career.sellpy.se/jobs,rss,"{""preset"": ""teamtailor"", ""feed_url"": ""https://career.sellpy.se/jobs.rss"", ""url_allowlist"": ""^https://career\\.sellpy\\.se/jobs/[0-9]+(?:-[^/?#]+)?$"", ""url_transform"": {""find"": ""^https://career\\.sellpy\\.se/jobs/([0-9]+)(?:-[^/?#]+)?$"", ""replace"": ""https://career.sellpy.se/jobs/\\1""}}"
hoist-finance,hoist-finance-spain-teamtailor,https://hoistspain.teamtailor.com/,rss,"{""preset"": ""teamtailor"", ""feed_url"": ""https://hoistspain.teamtailor.com/jobs.rss""}"
holcim,holcim-careers,https://careers.holcimgroup.com/go/All-Jobs/8790902/,rss,"{""preset"": ""successfactors"", ""feed_url"": ""https://careers.holcimgroup.com/googlefeed.xml""}"
home-depot,home-depot-careers-ca,https://homedepot.wd5.myworkdayjobs.com/CareerDepotCanada,workday,"{""company"": ""homedepot"", ""wd_instance"": ""wd5"", ""site"": ""CareerDepotCanada""}"
home-depot,home-depot-careers-workday,https://homedepot.wd5.myworkdayjobs.com/CareerDepot,workday,"{""company"": ""homedepot"", ""wd_instance"": ""wd5"", ""site"": ""CareerDepot""}"
homebase,homebase-ashby,https://jobs.ashbyhq.com/homebase,ashby,"{""token"": ""homebase""}"
homelight,homelight-greenhouse,https://job-boards.greenhouse.io/homelight,greenhouse,"{""token"": ""homelight""}"
hometap,hometap-greenhouse,https://job-boards.greenhouse.io/hometap,greenhouse,"{""token"": ""hometap""}"
homevision,homevision-ashby,https://jobs.ashbyhq.com/homevision,ashby,"{""token"": ""homevision""}"
homeward,homeward-greenhouse,https://job-boards.greenhouse.io/homewardhealth,greenhouse,"{""token"": ""homewardhealth""}"
honda,honda-careers-asia-oceania,https://careers.hondaasiaoceania.com/viewalljobs/,rss,"{""url"": ""https://careers.hondaasiaoceania.com/googlefeed.xml"", ""preset"": ""successfactors""}"
honda,honda-careers-canada,https://ch.wd3.myworkdayjobs.com/Honda_Canada,workday,"{""tenant"": ""ch"", ""board_id"": ""Honda_Canada""}"
honda,honda-careers-europe,https://jobs.honda.eu/,rss,"{""url"": ""https://jobs.honda.eu/googlefeed.xml"", ""preset"": ""successfactors""}"
hone-health,hone-health-greenhouse,https://job-boards.greenhouse.io/honehealth,greenhouse,"{""token"": ""honehealth""}"
honeycomb-io,honeycomb-io-greenhouse,https://job-boards.greenhouse.io/honeycomb,greenhouse,"{""token"": ""honeycomb""}"
honeywell,honeywell-careers,https://ibqbjb.fa.ocs.oraclecloud.com/hcmUI/CandidateExperience/en/sites/Honeywell/jobs,oracle_hcm,"{""host"": ""ibqbjb.fa.ocs.oraclecloud.com"", ""site"": ""CX_1""}"
honeywell-aerospace,honeywell-aerospace-global,https://icfcjb.fa.ocs.oraclecloud.com/hcmUI/CandidateExperience/en/sites/Aerospace,oracle_hcm,
honeywell-aerospace,honeywell-aerospace-kcnsc,https://career-hcm03.ns2cloud.com/career?company=KCPHCM03&career_ns=job_listing_summary&resultType=XML,rss,"{""preset"": ""successfactors"", ""variant"": ""legacy_xml"", ""feed_url"": ""https://career-hcm03.ns2cloud.com/career?company=KCPHCM03&career_ns=job_listing_summary&resultType=XML"", ""company"": ""KCPHCM03""}"
honor,honor-greenhouse,https://job-boards.greenhouse.io/honor,greenhouse,"{""token"": ""honor""}"
hook,hook-ashby,https://jobs.ashbyhq.com/hook,ashby,"{""token"": ""hook""}"
hook,hook-greenhouse,https://job-boards.greenhouse.io/hook,greenhouse,"{""token"": ""hook""}"
hookmusic,hookmusic-ashby,https://jobs.ashbyhq.com/hookmusic,ashby,"{""token"": ""hookmusic""}"
hootsuite,hootsuite-greenhouse,https://job-boards.greenhouse.io/hootsuite,greenhouse,"{""token"": ""hootsuite""}"
hopper,hopper-ashby,https://jobs.ashbyhq.com/hopper,ashby,"{""token"": ""hopper""}"
hoppr,hoppr-greenhouse,https://job-boards.greenhouse.io/hoppr,greenhouse,"{""token"": ""hoppr""}"
hopskipdrive,hopskipdrive-greenhouse,https://job-boards.greenhouse.io/hopskipdrive,greenhouse,"{""token"": ""hopskipdrive""}"
horace-mann,horace-mann-greenhouse,https://job-boards.greenhouse.io/horacemannservicecorporation,greenhouse,"{""token"": ""horacemannservicecorporation""}"
horizon-industries,horizon-industries-greenhouse,https://job-boards.greenhouse.io/horizonindustrieslimited,greenhouse,"{""token"": ""horizonindustrieslimited""}"
hornbach,hornbach-careers,https://jobs.hornbach.com/,rss,"{""preset"": ""successfactors""}"
house-buyers-of-america,house-buyers-of-america-careers,https://job-boards.greenhouse.io/housebuyersofamerica,greenhouse,
houseaccount,houseaccount-greenhouse,https://job-boards.greenhouse.io/houseaccount,greenhouse,"{""token"": ""houseaccount""}"
housecall-pro,housecall-pro-greenhouse,https://job-boards.greenhouse.io/housecall,greenhouse,"{""token"": ""housecall""}"
housemarque,housemarque-greenhouse,https://job-boards.greenhouse.io/housemarque,greenhouse,"{""token"": ""housemarque""}"
housinganywhere-group,housinganywhere-group-greenhouse,https://job-boards.greenhouse.io/housinganywhere,greenhouse,"{""token"": ""housinganywhere""}"
houston-methodist,houston-methodist-careers,https://houstonmethodist.wd12.myworkdayjobs.com/GTI,workday,
hover,hover-greenhouse,https://job-boards.greenhouse.io/hover,greenhouse,"{""token"": ""hover""}"
howden,howden-netherlands-recruitee,https://werkenbij.howdennederland.nl/alle-vacatures,recruitee,"{""slug"": ""careers-analytics"", ""api_base"": ""https://werkenbij.howdennederland.nl""}"
howden,howden-workday-global,https://hyperiongrp.wd3.myworkdayjobs.com/Hyperion_External,workday,"{""company"": ""hyperiongrp"", ""wd_instance"": ""wd3"", ""site"": ""Hyperion_External""}"
hoyoverse,hoyoverse-greenhouse,https://job-boards.greenhouse.io/hoyoverse,greenhouse,"{""token"": ""hoyoverse""}"
hp,hp-recruitee,https://hp.recruitee.com,recruitee,"{""token"": ""hp""}"
hp-hood,hp-hood-greenhouse,https://job-boards.greenhouse.io/hoodhp,greenhouse,"{""token"": ""hoodhp""}"
hp-inc,hp-inc-careers,https://hp.wd5.myworkdayjobs.com/externalcareersite,workday,
hp-iq,hp-iq-greenhouse,https://job-boards.greenhouse.io/hpiq,greenhouse,"{""token"": ""hpiq""}"
hpe,hpe-careers,https://hpe.wd5.myworkdayjobs.com/Jobsathpe,workday,"{""company"": ""hpe"", ""wd_instance"": ""wd5"", ""site"": ""Jobsathpe""}"
hpr,hpr-greenhouse,https://job-boards.greenhouse.io/hyannisportresearch,greenhouse,"{""token"": ""hyannisportresearch""}"
hsbc,hsbc-careers,https://apply.careers.hsbc.com/search/,rss,"{""preset"":""successfactors"",""feed_url"":""https://apply.careers.hsbc.com/googlefeed.xml""}"
hsbc,hsbc-malta,https://www.hsbc.com.mt/careers/hbmt/,inline,"{""section_start"":{""tag"":""h2"",""text"":""Current opportunities""},""section_end"":{""tag"":""h2"",""text"":""Submitting your application and contacting us""},""item_boundary_tag"":""h3"",""require_zero_proof"":true,""steps"":[{""tag"":""h3"",""field"":""title""},{""tag"":""p"",""field"":""description"",""html"":true,""stop_tag"":""h3""}],""defaults"":{""locations"":[""Malta""],""employment_type"":""full_time""},""defaults_by_title"":{""Regulatory Reporting Officer"":{""valid_through"":""2026-09-02""}}}"
hsbc,hsbc-saudi,https://careers.hsbcsaudi.com/search/,rss,"{""preset"":""successfactors"",""feed_url"":""https://careers.hsbcsaudi.com/googlefeed.xml""}"
httpie,httpie-ashby,https://jobs.ashbyhq.com/httpie,ashby,"{""token"": ""httpie""}"
huawei,huawei-careers-ch,https://careers.huaweirc.ch/jobs,rss,"{""preset"": ""teamtailor"", ""feed_url"": ""https://careers.huaweirc.ch/jobs.rss""}"
huawei,huawei-careers-de,https://huaweiresearchcentergermanyaustria.teamtailor.com/jobs,rss,"{""preset"": ""teamtailor"", ""feed_url"": ""https://huaweiresearchcentergermanyaustria.teamtailor.com/jobs.rss""}"
huawei,huawei-careers-dk,https://huaweidenmark.teamtailor.com/jobs,rss,"{""preset"": ""teamtailor"", ""feed_url"": ""https://huaweidenmark.teamtailor.com/jobs.rss""}"
huawei,huawei-careers-eu,https://huaweidusseldorf-1719303222.teamtailor.com/jobs,rss,"{""preset"": ""teamtailor"", ""feed_url"": ""https://huaweidusseldorf-1719303222.teamtailor.com/jobs.rss""}"
huawei,huawei-careers-fi,https://huaweifinland.teamtailor.com/jobs,rss,"{""preset"": ""teamtailor"", ""feed_url"": ""https://huaweifinland.teamtailor.com/jobs.rss""}"
huawei,huawei-careers-fi-rd,https://huaweifinlandrnd.teamtailor.com/jobs,rss,"{""preset"": ""teamtailor"", ""feed_url"": ""https://huaweifinlandrnd.teamtailor.com/jobs.rss""}"
huawei,huawei-careers-ie,https://huaweiireland.teamtailor.com/jobs,rss,"{""preset"": ""teamtailor"", ""feed_url"": ""https://huaweiireland.teamtailor.com/jobs.rss""}"
huawei,huawei-careers-no,https://huaweinorway.teamtailor.com/jobs,rss,"{""preset"": ""teamtailor"", ""feed_url"": ""https://huaweinorway.teamtailor.com/jobs.rss""}"
huawei,huawei-careers-se,https://huawei.teamtailor.com/jobs,rss,"{""preset"": ""teamtailor"", ""feed_url"": ""https://huawei.teamtailor.com/jobs.rss""}"
huawei,huawei-careers-se-rd,https://huaweisweden.teamtailor.com/jobs,rss,"{""preset"": ""teamtailor"", ""feed_url"": ""https://huaweisweden.teamtailor.com/jobs.rss""}"
huawei,huawei-careers-uk,https://huaweiuk.teamtailor.com/jobs,rss,"{""preset"": ""teamtailor"", ""feed_url"": ""https://huaweiuk.teamtailor.com/jobs.rss""}"
hub-international,hub-international-careers,https://hubinternational.wd1.myworkdayjobs.com/hubinternational,workday,
hubbell,hubbell-careers,https://careers.hubbell.com/,rss,"{""preset"": ""successfactors""}"
hubspot,hubspot-greenhouse,https://job-boards.greenhouse.io/hubspotjobs,greenhouse,"{""token"": ""hubspotjobs""}"
hubstaff,hubstaff-ashby,https://jobs.ashbyhq.com/hubstaff,ashby,"{""token"": ""hubstaff""}"
hudl,hudl-greenhouse,https://job-boards.greenhouse.io/hudl,greenhouse,"{""token"": ""hudl""}"
hudson-river-trading,hudson-river-trading-greenhouse,https://job-boards.greenhouse.io/wehrtyou,greenhouse,"{""token"": ""wehrtyou""}"
hugeinc,hugeinc-greenhouse,https://job-boards.greenhouse.io/hugeinc,greenhouse,"{""token"": ""hugeinc""}"
humaans,humaans-ashby,https://jobs.ashbyhq.com/humaans,ashby,"{""token"": ""humaans""}"
human-agency,human-agency-greenhouse,https://job-boards.greenhouse.io/humanagency,greenhouse,"{""token"": ""humanagency""}"
human-interest,human-interest-greenhouse,https://job-boards.greenhouse.io/humaninterest,greenhouse,"{""token"": ""humaninterest""}"
human-rights-watch,human-rights-watch-greenhouse,https://job-boards.greenhouse.io/humanrightswatch,greenhouse,"{""token"": ""humanrightswatch""}"
humansignal,humansignal-greenhouse,https://job-boards.greenhouse.io/humansignal,greenhouse,"{""token"": ""humansignal""}"
hume-ai,hume-ai-greenhouse,https://job-boards.greenhouse.io/humeai,greenhouse,"{""token"": ""humeai""}"
hungryroot,hungryroot-greenhouse,https://job-boards.greenhouse.io/hungryroot,greenhouse,"{""token"": ""hungryroot""}"
hunters,hunters-careers,https://www.hunters.security/careers,comeet,"{""company_id"": ""67.007"", ""token"": ""7672C6A163533D11D9C429F33D10250333D1""}"
huntington,huntington-careers,https://huntington.wd12.myworkdayjobs.com/hnbcareers,workday,
huntress,huntress-greenhouse,https://job-boards.greenhouse.io/huntress,greenhouse,"{""token"": ""huntress""}"
hut-8,hut-8-greenhouse,https://job-boards.greenhouse.io/hut8,greenhouse,"{""token"": ""hut8""}"
hy-vee,hy-vee-careers,https://hyvee.wd1.myworkdayjobs.com/HyVeeCareers,workday,
hydrosat,hydrosat-careers,https://careers.hydrosat.com/,recruitee,"{""slug"": ""careers-analytics"", ""api_base"": ""https://careers.hydrosat.com""}"
hyperbolic,hyperbolic-ashby,https://jobs.ashbyhq.com/hyperbolic,ashby,"{""token"": ""hyperbolic""}"
hyperexponential,hyperexponential-careers,https://jobs.ashbyhq.com/hyperexponential,ashby,"{""token"": ""hyperexponential""}"
hyperiondev,hyperiondev-greenhouse,https://job-boards.greenhouse.io/hyperiondev,greenhouse,"{""token"": ""hyperiondev""}"
hypersonica,hypersonica-lever,https://jobs.lever.co/hypersonica-prod,lever,"{""token"": ""hypersonica-prod""}"
hyphen-connect-limited,hyphen-connect-limited-greenhouse,https://job-boards.greenhouse.io/hyphenconnect,greenhouse,"{""token"": ""hyphenconnect""}"
hypori,hypori-greenhouse,https://job-boards.greenhouse.io/hypori,greenhouse,"{""token"": ""hypori""}"
hystar,hystar-careers,https://careers.hystar.com/,rss,"{""preset"": ""teamtailor"", ""feed_url"": ""https://careers.hystar.com/jobs.rss""}"
hyundai-motor,hyundai-motor-careers-amea,https://careers-amea.hyundai-corp.net,rss,"{""preset"": ""successfactors""}"
hyundai-motor,hyundai-motor-careers-americas,https://careers-americas.hyundai.com,rss,"{""preset"": ""successfactors""}"
hyundai-motor,hyundai-motor-careers-europe,https://jobs.hyundai-europe.com,rss,"{""preset"": ""successfactors""}"
hyundai-motor,hyundai-motor-careers-india,https://careers.hyundai.co.in,rss,"{""preset"": ""successfactors""}"
ians,ians-greenhouse,https://job-boards.greenhouse.io/ians,greenhouse,"{""token"": ""ians""}"
ibex-medical-analytics,ibex-medical-analytics-careers,https://ib1.recruitee.com/,recruitee,"{""slug"": ""ib1""}"
ibm,ibm-recruitee,https://ibm.recruitee.com,recruitee,"{""token"": ""ibm""}"
icapital,icapital-greenhouse,https://job-boards.greenhouse.io/icapitalnetwork,greenhouse,"{""token"": ""icapitalnetwork""}"
ice-miller,ice-miller-greenhouse,https://job-boards.greenhouse.io/icemiller,greenhouse,"{""token"": ""icemiller""}"
iceye,iceye-global,https://apply.workable.com/iceye/,ashby,"{""token"": ""iceye""}"
iceye,iceye-us,https://jobs.ashbyhq.com/iceye-us-jobs,ashby,"{""token"": ""iceye-us-jobs""}"
icon,icon-careers,https://icon.wd3.myworkdayjobs.com/broadbean_external,workday,
iconiq,iconiq-greenhouse,https://job-boards.greenhouse.io/iconiq,greenhouse,"{""token"": ""iconiq""}"
id-me,id-me-greenhouse,https://job-boards.greenhouse.io/idme,greenhouse,"{""token"": ""idme""}"
id-quantique,id-quantique-greenhouse-eu,https://job-boards.eu.greenhouse.io/idquantique,greenhouse,"{""token"": ""idquantique""}"
ideo,ideo-greenhouse,https://job-boards.greenhouse.io/ideo,greenhouse,"{""token"": ""ideo""}"
ideogram,ideogram-ashby,https://jobs.ashbyhq.com/ideogram,ashby,"{""token"": ""ideogram""}"
ieq-capital,ieq-capital-greenhouse,https://job-boards.greenhouse.io/ieqcapital,greenhouse,"{""token"": ""ieqcapital""}"
iflytek,iflytek-careers,https://iflytek.zhiye.com/,beisen,
iflytek,iflytek-careers-global-linkedin,https://www.linkedin.com/jobs/iflytek-co.-ltd.-jobs-worldwide,linkedin,"{""company_id"": ""2083155""}"
ifood,ifood-greenhouse,https://job-boards.greenhouse.io/ifoodcarreiras,greenhouse,"{""token"": ""ifoodcarreiras""}"
ift,ift-greenhouse,https://job-boards.greenhouse.io/iftother,greenhouse,"{""token"": ""iftother""}"
iherb,iherb-greenhouse,https://job-boards.greenhouse.io/iherb,greenhouse,"{""token"": ""iherb""}"
ihg,ihg-careers,https://fa-evax-saasfaprod1.fa.ocs.oraclecloud.com/hcmUI/CandidateExperience/en/sites/CX_1001,oracle_hcm,"{""offset_overlap"": 1, ""page_shortfall_tolerance"": 1, ""total_count_tolerance"": 1}"
ikea-cz,ikea-cz-almacareer,https://ikea.jobs.cz/,almacareer,{}
ilitch,ilitch-careers,https://ilitch.wd5.myworkdayjobs.com/lc,workday,
ilitch,ilitch-motorcity-casino,https://mccemail.rec.pro.ukg.net/DET1500DETR/JobBoard/07354e91-9ac6-469a-ac87-0c8f45f12427/,ukg,"{""host"": ""mccemail.rec.pro.ukg.net"", ""tenant"": ""DET1500DETR"", ""board_id"": ""07354e91-9ac6-469a-ac87-0c8f45f12427"", ""listing_url"": ""https://mccemail.rec.pro.ukg.net/DET1500DETR/JobBoard/07354e91-9ac6-469a-ac87-0c8f45f12427""}"
illumio,illumio-ashby,https://jobs.ashbyhq.com/illumio,ashby,"{""token"": ""illumio""}"
imagen-technologies,imagen-technologies-greenhouse,https://job-boards.greenhouse.io/imagentechnologies,greenhouse,"{""token"": ""imagentechnologies""}"
imagination,imagination-pinpoint,https://imagination.pinpointhq.com,pinpoint,"{""slug"": ""imagination""}"
imagine-pediatrics,imagine-pediatrics-greenhouse,https://job-boards.greenhouse.io/imaginepediatrics,greenhouse,"{""token"": ""imaginepediatrics""}"
imagine-worldwide,imagine-worldwide-greenhouse,https://job-boards.greenhouse.io/imagineworldwide,greenhouse,"{""token"": ""imagineworldwide""}"
imbibe,imbibe-greenhouse,https://job-boards.greenhouse.io/imbibeinc,greenhouse,"{""token"": ""imbibeinc""}"
imc,imc-greenhouse,https://job-boards.greenhouse.io/imc,greenhouse,"{""token"": ""imc""}"
imd,imd-careers,https://jobs.imd.org/,rss,"{""preset"": ""successfactors"", ""feed_url"": ""https://jobs.imd.org/googlefeed.xml""}"
immatics,immatics-careers-de,https://immatics.wd3.myworkdayjobs.com/Immatics_External,workday,"{""company"": ""immatics"", ""wd_instance"": ""wd3"", ""site"": ""Immatics_External""}"
immersivelabs,immersivelabs-ashby,https://jobs.ashbyhq.com/immersivelabs,ashby,"{""token"": ""immersivelabs""}"
impact-com,impact-com-greenhouse,https://job-boards.greenhouse.io/impact,greenhouse,"{""token"": ""impact""}"
impinj,impinj-greenhouse,https://job-boards.greenhouse.io/impinjexternal,greenhouse,"{""token"": ""impinjexternal""}"
impiricus,impiricus-greenhouse,https://job-boards.greenhouse.io/impiricus,greenhouse,"{""token"": ""impiricus""}"
implenia,implenia-global,https://jobs.implenia.com/search/,rss,"{""preset"": ""successfactors"", ""feed_url"": ""https://jobs.implenia.com/googlefeed.xml"", ""variant"": ""feed"", ""resolve_job_invite_identity"": true, ""job_filter"": {""exclude"": ""(?i)wincasa""}, ""url_allowlist"": ""^https://jobs\\.implenia\\.com/job/[^/?#]+/[1-9]\\d{0,11}-[a-z]{2}_[A-Z]{2}/$"", ""url_transform"": {""find"": ""^https://jobs\\.implenia\\.com/job/[^/?#]+/([1-9]\\d{0,11})-[a-z]{2}_[A-Z]{2}/$"", ""replace"": ""https://jobs.implenia.com/job-invite/\\1/"", ""collision_policy"": ""prefer_source_pattern"", ""collision_preferred_source_patterns"": [""-de_DE/$"", ""-fr_FR/$"", ""-it_IT/$"", ""-en_GB/$"", ""-en_US/$"", ""-sv_SE/$"", ""-nb_NO/$""], ""collision_canonical_identity_regex"": ""^https://jobs\\.implenia\\.com/job-invite/([1-9]\\d{0,11})/$"", ""collision_identity_metadata_key"": ""job_invite_id"", ""collision_stream_buffer_limit"": 1000}}"
imply,imply-careers,https://boards.greenhouse.io/imply,greenhouse,"{""token"": ""imply""}"
imprint,imprint-ashby,https://jobs.ashbyhq.com/imprint,ashby,"{""token"": ""imprint""}"
improbable,improbable-ashby,https://jobs.ashbyhq.com/improbable,ashby,"{""token"": ""improbable""}"
imubit,imubit-greenhouse,https://job-boards.greenhouse.io/imubit,greenhouse,"{""token"": ""imubit""}"
in-the-pocket,in-the-pocket-greenhouse,https://job-boards.greenhouse.io/inthepocket,greenhouse,"{""token"": ""inthepocket""}"
inceptive,inceptive-careers,https://boards.greenhouse.io/inceptive,greenhouse,"{""token"": ""inceptive""}"
incharge-energy,incharge-energy-greenhouse,https://job-boards.greenhouse.io/inchargeenergy,greenhouse,"{""token"": ""inchargeenergy""}"
incident,incident-ashby,https://jobs.ashbyhq.com/incident,ashby,"{""token"": ""incident""}"
incident-iq,incident-iq-greenhouse,https://job-boards.greenhouse.io/incidentiq,greenhouse,"{""token"": ""incidentiq""}"
includedhealth,includedhealth-pinpoint,https://includedhealth.pinpointhq.com,pinpoint,"{""slug"": ""includedhealth""}"
incode,incode-careers-gh,https://job-boards.greenhouse.io/incode,greenhouse,
indent,indent-ashby,https://jobs.ashbyhq.com/indent,ashby,"{""token"": ""indent""}"
index-ventures,index-ventures-lever,https://jobs.lever.co/indexventures,lever,"{""token"": ""indexventures""}"
indiana-university-health,indiana-university-health-careers,https://ekcm.fa.us6.oraclecloud.com/hcmUI/CandidateExperience/en/sites/CX,oracle_hcm,
indie-campers,indie-campers-careers,https://job-boards.greenhouse.io/indiecampers,greenhouse,
inditex-tech,inditex-tech-careers-tech,https://zara.recruitee.com/,recruitee,"{""slug"": ""zara""}"
indosuez-wealth-management,indosuez-wealth-management-azqore,https://azqoresa.teamtailor.com/en/jobs,rss,"{""preset"":""teamtailor"",""feed_url"":""https://azqoresa.teamtailor.com/jobs.rss""}"
inductive-bio,inductive-bio-ashby,https://jobs.ashbyhq.com/inductive-bio,ashby,"{""token"": ""inductive-bio""}"
industrial-electric-manufacturing,industrial-electric-manufacturing-greenhouse,https://job-boards.greenhouse.io/industrialelectricmanufacturing,greenhouse,"{""token"": ""industrialelectricmanufacturing""}"
industrious-labs,industrious-labs-greenhouse,https://job-boards.greenhouse.io/industriouslabs,greenhouse,"{""token"": ""industriouslabs""}"
ineffable-intelligence,ineffable-intelligence-careers,https://jobs.ashbyhq.com/ineffable,ashby,"{""token"": ""ineffable""}"
infinite-machine,infinite-machine-careers,https://api.ashbyhq.com/posting-api/job-board/infinite-machine,ashby,"{""token"": ""infinite-machine""}"
infinitus-systems,infinitus-systems-careers,https://api.ashbyhq.com/posting-api/job-board/infinitus,ashby,"{""token"": ""infinitus""}"
infinity-constellation,infinity-constellation-ashby,https://jobs.ashbyhq.com/infinity-constellation,ashby,"{""token"": ""infinity-constellation""}"
infisical,infisical-ashby,https://jobs.ashbyhq.com/infisical,ashby,"{""token"": ""infisical""}"
inflection-ai,inflection-ai-greenhouse,https://job-boards.greenhouse.io/inflectionai,greenhouse,"{""token"": ""inflectionai""}"
influxdata,influxdata-careers,https://jobs.ashbyhq.com/influxdata,ashby,"{""token"": ""influxdata""}"
infuse,infuse-greenhouse,https://job-boards.greenhouse.io/infuse,greenhouse,"{""token"": ""infuse""}"
ing,ing-careers,https://ing.wd3.myworkdayjobs.com/icsgblcor,workday,
inhome-therapy,inhome-therapy-greenhouse,https://job-boards.greenhouse.io/inhometherapy,greenhouse,"{""token"": ""inhometherapy""}"
inizio,inizio-greenhouse,https://job-boards.greenhouse.io/inizio,greenhouse,"{""token"": ""inizio""}"
inizio-ignite,inizio-ignite-greenhouse,https://job-boards.greenhouse.io/ashfieldadvisory,greenhouse,"{""token"": ""ashfieldadvisory""}"
inizio-ignite-putnam,inizio-ignite-putnam-greenhouse,https://job-boards.greenhouse.io/putnamassociatesllc,greenhouse,"{""token"": ""putnamassociatesllc""}"
inizio-ignite-research-partnership,inizio-ignite-research-partnership-greenhouse,https://job-boards.greenhouse.io/researchpartnership,greenhouse,"{""token"": ""researchpartnership""}"
inizio-ignite-stem,inizio-ignite-stem-greenhouse,https://job-boards.greenhouse.io/stemhealthcare,greenhouse,"{""token"": ""stemhealthcare""}"
inizio-ignite-vynamic,inizio-ignite-vynamic-greenhouse,https://job-boards.greenhouse.io/vynamic,greenhouse,"{""token"": ""vynamic""}"
inizio-medical,inizio-medical-greenhouse,https://job-boards.greenhouse.io/iniziomedical,greenhouse,"{""token"": ""iniziomedical""}"
inkhouse,inkhouse-greenhouse,https://job-boards.greenhouse.io/inkhousehq,greenhouse,"{""token"": ""inkhousehq""}"
inkind,inkind-greenhouse,https://job-boards.greenhouse.io/inkind,greenhouse,"{""token"": ""inkind""}"
inmobi,inmobi-greenhouse,https://job-boards.greenhouse.io/inmobi,greenhouse,"{""token"": ""inmobi""}"
innatera,innatera-ashby,https://jobs.ashbyhq.com/innatera,ashby,"{""token"": ""innatera""}"
inngest,inngest-ashby,https://jobs.ashbyhq.com/inngest,ashby,"{""token"": ""inngest""}"
inova,inova-careers,https://elar.fa.us2.oraclecloud.com/hcmUI/CandidateExperience/en/sites/CX_1,oracle_hcm,"{""proxy"": true}"
insify,insify-lever,https://jobs.lever.co/insify,lever,"{""token"": ""insify""}"
insitro,insitro-ashby,https://jobs.ashbyhq.com/insitro,ashby,"{""token"": ""insitro""}"
insomnia-cookies,insomnia-cookies-careers,https://jobs.lever.co/insomniacookies,lever,
insomnia-cookies,insomnia-cookies-careers-uk,https://jobs.eu.lever.co/insomniacookiesuk,lever,"{""token"": ""insomniacookiesuk""}"
insomniac-games,insomniac-games-greenhouse,https://job-boards.greenhouse.io/insomniac,greenhouse,"{""token"": ""insomniac""}"
inspira-education,inspira-education-greenhouse,https://job-boards.greenhouse.io/inspiraeducation,greenhouse,"{""token"": ""inspiraeducation""}"
inspiration-commerce-group,inspiration-commerce-group-ashby,https://jobs.ashbyhq.com/inspiration-commerce-group,ashby,"{""token"": ""inspiration-commerce-group""}"
inspire-medical-systems-inc,inspire-medical-systems-inc-greenhouse,https://job-boards.greenhouse.io/inspiremedicalsystemsinc,greenhouse,"{""token"": ""inspiremedicalsystemsinc""}"
inspiren,inspiren-greenhouse,https://job-boards.greenhouse.io/inspiren,greenhouse,"{""token"": ""inspiren""}"
instabase,instabase-greenhouse,https://job-boards.greenhouse.io/instabase,greenhouse,"{""token"": ""instabase""}"
instacart,instacart-careers,https://job-boards.greenhouse.io/embed/job_board?for=instacart,greenhouse,"{""token"": ""instacart""}"
instawork,instawork-greenhouse,https://job-boards.greenhouse.io/instawork,greenhouse,"{""token"": ""instawork""}"
instead,instead-greenhouse,https://job-boards.greenhouse.io/instead,greenhouse,"{""token"": ""instead""}"
instride,instride-greenhouse,https://job-boards.greenhouse.io/instride,greenhouse,"{""token"": ""instride""}"
instructure,instructure-ashby,https://jobs.ashbyhq.com/instructure,ashby,"{""token"": ""instructure""}"
instrumental,instrumental-careers,https://jobs.gem.com/instrumental-inc-,gem,"{""slug"": ""instrumental-inc-""}"
insurello,insurello-insurello,https://careers.insurello.se/,rss,"{""preset"": ""teamtailor"", ""feed_url"": ""https://careers.insurello.se/jobs.rss""}"
insurely,insurely-careers,https://careers.insurely.com/,rss,"{""preset"": ""teamtailor"", ""feed_url"": ""https://careers.insurely.com/jobs.rss""}"
insurify,insurify-greenhouse,https://job-boards.greenhouse.io/insurify,greenhouse,"{""token"": ""insurify""}"
insurtech-insights,insurtech-insights-greenhouse,https://job-boards.greenhouse.io/insurtechinsights,greenhouse,"{""token"": ""insurtechinsights""}"
integrafec,integrafec-greenhouse,https://job-boards.greenhouse.io/integra,greenhouse,"{""token"": ""integra""}"
integrated-specialty-coverages-llc,integrated-specialty-coverages-llc-greenhouse,https://job-boards.greenhouse.io/isccareers,greenhouse,"{""token"": ""isccareers""}"
integrity-rehab-group,integrity-rehab-group-greenhouse,https://job-boards.greenhouse.io/integrityrehabgroup,greenhouse,"{""token"": ""integrityrehabgroup""}"
intel,intel-careers,https://intel.wd1.myworkdayjobs.com/External,workday,
intel,intel-careers-altera,https://altera.wd1.myworkdayjobs.com/Altera,workday,
intellum-inc,intellum-inc-greenhouse,https://job-boards.greenhouse.io/intelluminc,greenhouse,"{""token"": ""intelluminc""}"
inter-con-security,inter-con-security-careers,https://www.paycomonline.net/v4/ats/web.php/portal/9cc558e6db931f02aa88a617ab1856cd/career-page,paycom,
interactive-brokers,interactive-brokers-greenhouse,https://job-boards.greenhouse.io/ibkr,greenhouse,"{""token"": ""ibkr""}"
interactive-brokers-external,interactive-brokers-external-greenhouse,https://job-boards.greenhouse.io/ibkrexternal,greenhouse,"{""token"": ""ibkrexternal""}"
intercom,intercom-greenhouse,https://job-boards.greenhouse.io/intercom,greenhouse,"{""token"": ""intercom""}"
interface-ai,interface-ai-greenhouse,https://job-boards.greenhouse.io/interfaceai,greenhouse,"{""token"": ""interfaceai""}"
intermex-wire-transfer,intermex-wire-transfer-greenhouse,https://job-boards.greenhouse.io/intermexwiretransfer,greenhouse,"{""token"": ""intermexwiretransfer""}"
intermountain-health,intermountain-health-careers,https://imh.wd108.myworkdayjobs.com/intermountaincareers,workday,"{""company"": ""imh"", ""wd_instance"": ""wd108"", ""site"": ""intermountaincareers"", ""split_facet"": ""Location_Country""}"
internal-job-board,internal-job-board-greenhouse,https://job-boards.greenhouse.io/internaljobsatlush,greenhouse,"{""token"": ""internaljobsatlush""}"
international-electrotechnical-commission,international-electrotechnical-commission-linkedin,https://www.linkedin.com/company/iecstandards/jobs/,linkedin,"{""company_id"": ""793542"", ""company_slug"": ""iecstandards""}"
international-labour-organization,international-labour-organization-careers,https://jobs.ilo.org/go/All-Jobs/2842101/,rss,"{""preset"": ""successfactors"", ""feed_url"": ""https://jobs.ilo.org/services/rss/category/?catid=2842101""}"
international-olympic-committee,international-olympic-committee-ioc-successfactors,https://ioc.jobs.hr.cloud.sap/go/All-Jobs/9666201/,rss,"{""preset"": ""successfactors"", ""feed_url"": ""https://ioc.jobs.hr.cloud.sap/googlefeed.xml""}"
international-table-tennis-federation,international-table-tennis-federation-ittf-bamboohr,https://ittf.bamboohr.com/careers,bamboohr,"{""tenant"": ""ittf""}"
international-testing-agency,international-testing-agency-careers,https://ita.sport/join-the-ita/,inline,"{""fetch_contains"": ""Intelligence Analyst"", ""steps"": [{""match_regex"": ""^Intelligence Analyst$"", ""field"": ""title""}, {""text"": ""21 August 2026"", ""field"": ""date_posted"", ""regex"": ""(21 August 2026)"", ""optional"": true}, {""tag"": ""p"", ""field"": ""description"", ""html"": true, ""stop_regex"": ""Doping Control Officers and Blood Collection Officers""}], ""defaults"": {""locations"": [""Lausanne, Switzerland"", ""Budapest, Hungary""], ""employment_type"": ""full_time""}}"
interplay,interplay-ashby,https://jobs.ashbyhq.com/interplay,ashby,"{""token"": ""interplay""}"
interstellar-lab,interstellar-lab-greenhouse,https://job-boards.greenhouse.io/interstellarlab,greenhouse,"{""token"": ""interstellarlab""}"
intertek,intertek-global,https://hcog.fa.em2.oraclecloud.com/hcmUI/CandidateExperience/en/sites/CX_2001,oracle_hcm,
interview-engineering,interview-engineering-greenhouse,https://job-boards.greenhouse.io/interviewengineering,greenhouse,"{""token"": ""interviewengineering""}"
interview-kickstart,interview-kickstart-greenhouse,https://job-boards.greenhouse.io/interviewkickstart,greenhouse,"{""token"": ""interviewkickstart""}"
interworks,interworks-greenhouse,https://job-boards.greenhouse.io/interworks,greenhouse,"{""token"": ""interworks""}"
intesa-sanpaolo,intesa-sanpaolo-careers,https://jobs.intesasanpaolo.com/search/,rss,"{""preset"": ""successfactors"", ""feed_url"": ""https://jobs.intesasanpaolo.com/googlefeed.xml""}"
intradiem,intradiem-greenhouse,https://job-boards.greenhouse.io/intradiem,greenhouse,"{""token"": ""intradiem""}"
intrinsic,intrinsic-careers,https://boards.greenhouse.io/intrinsicrobotics,greenhouse,"{""token"": ""intrinsicrobotics""}"
intro,intro-careers,https://jobs.ashbyhq.com/intro,ashby,"{""token"": ""intro""}"
intus,intus-ashby,https://jobs.ashbyhq.com/intus,ashby,"{""token"": ""intus""}"
inversion,inversion-greenhouse,https://job-boards.greenhouse.io/inversionspace,greenhouse,"{""token"": ""inversionspace""}"
invert,invert-ashby,https://jobs.ashbyhq.com/invert,ashby,"{""token"": ""invert""}"
investors-community-bank,investors-community-bank-greenhouse,https://job-boards.greenhouse.io/icb,greenhouse,"{""token"": ""icb""}"
invgate,invgate-greenhouse,https://job-boards.greenhouse.io/invgate,greenhouse,"{""token"": ""invgate""}"
invisible-technologies,invisible-technologies-careers,https://job-boards.greenhouse.io/agency,greenhouse,
invisible-technologies,invisible-technologies-greenhouse,https://job-boards.greenhouse.io/invisibletech,greenhouse,"{""token"": ""invisibletech""}"
invited-clubs,invited-clubs-careers,https://ecwl.fa.us2.oraclecloud.com/hcmUI/CandidateExperience/en/sites/CX_1,oracle_hcm,
invivyd,invivyd-greenhouse,https://job-boards.greenhouse.io/invivyd,greenhouse,"{""token"": ""invivyd""}"
inworld-ai,inworld-ai-ashby,https://jobs.ashbyhq.com/inworld-ai,ashby,"{""token"": ""inworld-ai""}"
inworld-ai,inworld-ai-careers,https://inworld.ai/career,ashby,"{""token"": ""inworld-ai""}"
ionos-de,ionos-de-greenhouse,https://job-boards.greenhouse.io/ionos,greenhouse,"{""token"": ""ionos""}"
ionq,ionq-greenhouse,https://job-boards.greenhouse.io/ionq,greenhouse,"{""token"": ""ionq""}"
iovance-biotherapeutics,iovance-biotherapeutics-greenhouse,https://job-boards.greenhouse.io/iovancebiotherapeutics,greenhouse,"{""token"": ""iovancebiotherapeutics""}"
iowa-cannabis-company,iowa-cannabis-company-greenhouse,https://job-boards.greenhouse.io/iowacannabiscompany,greenhouse,"{""token"": ""iowacannabiscompany""}"
ipsy,ipsy-greenhouse,https://job-boards.greenhouse.io/personalizedbeautydiscoveryincdbaipsy,greenhouse,"{""token"": ""personalizedbeautydiscoveryincdbaipsy""}"
ipx-power-usa-llc,ipx-power-usa-llc-greenhouse,https://job-boards.greenhouse.io/ipxpower,greenhouse,"{""token"": ""ipxpower""}"
iqm,iqm-careers,https://iqm.teamtailor.com/jobs,rss,"{""preset"": ""teamtailor"", ""feed_url"": ""https://iqm.teamtailor.com/jobs.rss""}"
iqvia,iqvia-careers,https://iqvia.wd1.myworkdayjobs.com/iqvia,workday,
iqvia,iqvia-language-solutions,https://iqvia.iqvia.teamtailor-enterprise.com/jobs,rss,"{""preset"": ""teamtailor"", ""feed_url"": ""https://iqvia.iqvia.teamtailor-enterprise.com/jobs.rss""}"
irisity,irisity-careers,https://career.irisity.com/jobs,rss,"{""preset"": ""teamtailor"", ""feed_url"": ""https://career.irisity.com/jobs.rss""}"
isaac,isaac-greenhouse,https://job-boards.greenhouse.io/isaac,greenhouse,"{""token"": ""isaac""}"
isar-aerospace,isar-aerospace-careers,https://www.isaraerospace.com/careers,greenhouse,"{""token"": ""isaraerospace""}"
iso,iso-csod,https://iso.csod.com/ats/careersite/search.aspx?c=iso&site=5,cornerstone,"{""tenant"": ""iso"", ""site_id"": 5, ""corp"": ""iso""}"
isomorphic-labs,isomorphic-labs-careers,https://job-boards.greenhouse.io/isomorphiclabs,greenhouse,"{""token"": ""isomorphiclabs""}"
ispot,ispot-greenhouse,https://job-boards.greenhouse.io/ispottv,greenhouse,"{""token"": ""ispottv""}"
iss-stoxx,iss-stoxx-iss-careers,https://issgovernance.wd1.myworkdayjobs.com/ISScareers,workday,"{""company"": ""issgovernance"", ""wd_instance"": ""wd1"", ""site"": ""ISScareers""}"
itd-tech,itd-tech-greenhouse,https://job-boards.greenhouse.io/itd,greenhouse,"{""token"": ""itd""}"
iterable,iterable-greenhouse,https://job-boards.greenhouse.io/iterable,greenhouse,"{""token"": ""iterable""}"
iterative-health,iterative-health-greenhouse,https://job-boards.greenhouse.io/iterativehealth,greenhouse,"{""token"": ""iterativehealth""}"
its-logistics-llc,its-logistics-llc-greenhouse,https://job-boards.greenhouse.io/itslogisticsllc,greenhouse,"{""token"": ""itslogisticsllc""}"
itu,itu-careers,https://jobs.itu.int/go/View-all-categories/8942455/,rss,"{""preset"": ""successfactors"", ""feed_url"": ""https://jobs.itu.int/googlefeed.xml""}"
ivalua,ivalua-greenhouse,https://job-boards.greenhouse.io/ivalua,greenhouse,"{""token"": ""ivalua""}"
ixl-learning,ixl-learning-greenhouse,https://job-boards.greenhouse.io/ixllearning,greenhouse,"{""token"": ""ixllearning""}"
ixm,ixm-china-campus,https://app.mokahr.com/campus-recruitment/ixmetals/140496?locale=zh-CN,mokahr,"{""org_id"": ""ixmetals"", ""site_id"": 140496, ""locale"": ""zh-CN""}"
ixm,ixm-linkedin,https://www.linkedin.com/company/ixm/jobs/,linkedin,"{""company_id"": ""18656467"", ""company_slug"": ""ixm"", ""keywords"": ""IXM""}"
j-crew,j-crew-careers,https://jcrew.wd1.myworkdayjobs.com/jcrewcareers,workday,
j-d-irving,j-d-irving-careers,https://hcpd.fa.ca2.oraclecloud.com/hcmUI/CandidateExperience/en/sites/Careers,oracle_hcm,
jabil,jabil-careers,https://jabil.wd5.myworkdayjobs.com/jabil_careers,workday,
jade-biosciences,jade-biosciences-greenhouse,https://job-boards.greenhouse.io/jadebiosciences,greenhouse,"{""token"": ""jadebiosciences""}"
jane-street,jane-street-greenhouse,https://job-boards.greenhouse.io/janestreet,greenhouse,"{""token"": ""janestreet""}"
jane-street-events,jane-street-events-greenhouse,https://job-boards.greenhouse.io/janestreetevents,greenhouse,"{""token"": ""janestreetevents""}"
janea-systems,janea-systems-greenhouse,https://job-boards.greenhouse.io/janeasystems,greenhouse,"{""token"": ""janeasystems""}"
january,january-ashby,https://jobs.ashbyhq.com/january,ashby,"{""token"": ""january""}"
jasper,jasper-careers,https://jobs.ashbyhq.com/Jasper%20AI,ashby,"{""token"": ""Jasper AI""}"
jazzx-ai,jazzx-ai-greenhouse,https://job-boards.greenhouse.io/jazzx-ai,greenhouse,"{""token"": ""jazzx-ai""}"
jbs-dev,jbs-dev-ashby,https://jobs.ashbyhq.com/jbs-dev,ashby,"{""token"": ""jbs-dev""}"
jbs-usa,jbs-usa-jbs-australia-careers,https://careers.jbssa.com.au/,rss,"{""preset"": ""successfactors"", ""feed_url"": ""https://careers.jbssa.com.au/googlefeed.xml""}"
jd-finish-line,jd-finish-line-careers,https://jdgroupnam.wd1.myworkdayjobs.com/jdfl_store_careers,workday,"{""company"": ""jdgroupnam"", ""wd_instance"": ""wd1"", ""site"": ""JDFL_Store_Careers"", ""all_sites"": false}"
jd-finish-line,jd-finish-line-corporate,https://jdgroupnam.wd1.myworkdayjobs.com/JDFL_Corporate_Careers,workday,"{""company"": ""jdgroupnam"", ""wd_instance"": ""wd1"", ""site"": ""JDFL_Corporate_Careers"", ""all_sites"": false}"
jd-finish-line,jd-finish-line-customer-care-distribution,https://jdgroupnam.wd1.myworkdayjobs.com/JDFL_CC_DC_Careers,workday,"{""company"": ""jdgroupnam"", ""wd_instance"": ""wd1"", ""site"": ""JDFL_CC_DC_Careers"", ""all_sites"": false}"
jd-sports,jd-sports-belgium,https://job-boards.greenhouse.io/jdsportsbe,greenhouse,"{""token"": ""jdsportsbe""}"
jd-sports,jd-sports-central-eastern-europe,https://miggroup.com/pl/praca-salonach-sprzedazy-polska/,inline,"{""include_hidden"": true, ""item_boundary"": {""tag"": ""h1"", ""match_regex"": ""(?i)JD Sports""}, ""preserve_single_location"": true, ""require_zero_proof"": true, ""steps"": [{""tag"": ""h1"", ""field"": ""title""}, {""tag"": ""p"", ""match_regex"": ""(?i)^Lokalizacja:"", ""field"": ""location"", ""regex"": ""(?i)^Lokalizacja:\\s*(.+)""}, {""tag"": ""p"", ""field"": ""description"", ""html"": true, ""to_end"": true}]}"
jd-sports,jd-sports-france,https://job-boards.greenhouse.io/jdsportsfr,greenhouse,"{""token"": ""jdsportsfr""}"
jd-sports,jd-sports-greenhouse,https://job-boards.greenhouse.io/jdsports,greenhouse,"{""token"": ""jdsports""}"
jd-sports,jd-sports-netherlands,https://job-boards.greenhouse.io/jdsportsnl,greenhouse,"{""token"": ""jdsportsnl""}"
jd-sports,jd-sports-portugal,https://job-boards.greenhouse.io/jdsportspt,greenhouse,"{""token"": ""jdsportspt""}"
jd-sports,jd-sports-southeast-asia,https://job-boards.greenhouse.io/jdsportssea,greenhouse,"{""token"": ""jdsportssea""}"
jd-sports,jd-sports-spain,https://job-boards.greenhouse.io/jdsportses,greenhouse,"{""token"": ""jdsportses""}"
jd-sports,jd-sports-us-retail,https://jdgroupnam.wd1.myworkdayjobs.com/JD_Careers,workday,"{""company"": ""jdgroupnam"", ""wd_instance"": ""wd1"", ""site"": ""JD_Careers"", ""all_sites"": false}"
jeeves,jeeves-careers,https://jobs.lever.co/tryjeeves,lever,"{""company"": ""tryjeeves""}"
jefferson-health,jefferson-health-careers,https://jeffersonhealth.wd5.myworkdayjobs.com/thomasjeffersonexternal,workday,
jefferson-health,jefferson-health-lehigh-valley,https://lvhn.wd1.myworkdayjobs.com/LVHN,workday,"{""company"": ""lvhn"", ""wd_instance"": ""wd1"", ""site"": ""LVHN""}"
jeil-pharmaceutical,jeil-pharmaceutical-careers,https://jeil.recruiter.co.kr/career/home,recruiter_co_kr,"{""slug"": ""jeil""}"
jeju-air,jeju-air-careers,https://jejuair.recruiter.co.kr/career/home,recruiter_co_kr,"{""slug"": ""jejuair""}"
jellyfish,jellyfish-ashby,https://jobs.ashbyhq.com/jellyfish,ashby,"{""token"": ""jellyfish""}"
jellyfishcareers,jellyfishcareers-ashby,https://jobs.ashbyhq.com/jellyfishcareers,ashby,"{""token"": ""jellyfishcareers""}"
jensen-hughes,jensen-hughes-greenhouse,https://job-boards.greenhouse.io/jensenhughes,greenhouse,"{""token"": ""jensenhughes""}"
jeronimo-martins,jeronimo-martins-careers,https://careers.jeronimomartins.com/,rss,"{""preset"": ""successfactors""}"
jerry,jerry-pinpoint,https://jerry.pinpointhq.com,pinpoint,"{""slug"": ""jerry""}"
jetbrains,jetbrains-careers,https://boards.greenhouse.io/jetbrains,greenhouse,
jetzero,jetzero-greenhouse,https://job-boards.greenhouse.io/jetzero,greenhouse,"{""token"": ""jetzero""}"
jfrog,jfrog-greenhouse,https://job-boards.greenhouse.io/jfrog,greenhouse,"{""token"": ""jfrog""}"
jimmy,jimmy-careers,https://www.jimmy-energy.eu/carrieres,jarvi,"{""public_api_key"": ""d7124329-e3af-42ad-805c-9aef07f173b4"", ""currency"": ""EUR""}"
jll,jll-careers,https://jll.wd1.myworkdayjobs.com/jllcareers,workday,"{""company"": ""jll"", ""wd_instance"": ""wd1"", ""site"": ""jllcareers"", ""all_sites"": false}"
job-board,job-board-greenhouse,https://job-boards.greenhouse.io/corelight,greenhouse,"{""token"": ""corelight""}"
jobandtalent,jobandtalent-careers,https://jobs.lever.co/jobandtalent,lever,"{""token"": ""jobandtalent""}"
jobber,jobber-ashby,https://jobs.ashbyhq.com/jobber,ashby,"{""token"": ""jobber""}"
johns-hopkins-health-system,johns-hopkins-health-system-aramco-healthcare,https://careers.jhah.com/search/,rss,"{""preset"": ""successfactors"", ""feed_url"": ""https://careers.jhah.com/googlefeed.xml"", ""variant"": ""feed""}"
johns-hopkins-health-system,johns-hopkins-health-system-careers,https://career4.successfactors.com/career?company=SFHUP,rss,"{""preset"": ""successfactors"", ""variant"": ""legacy"", ""host"": ""career4.successfactors.com"", ""company"": ""SFHUP"", ""listing_url"": ""https://career4.successfactors.com/career?company=SFHUP&career_ns=job_listing_summary&navBarLevel=JOB_SEARCH""}"
johnson-and-johnson,johnson-and-johnson-careers,https://jj.wd5.myworkdayjobs.com/JJ,workday,
johnson-controls,johnson-controls-careers,https://jci.wd5.myworkdayjobs.com/jci,workday,"{""company"": ""jci"", ""wd_instance"": ""wd5"", ""site"": ""jci""}"
johnson-controls,johnson-controls-federal-systems,https://jcifederal.bamboohr.com/careers,bamboohr,"{""tenant"": ""jcifederal""}"
johnson-law-group,johnson-law-group-greenhouse,https://job-boards.greenhouse.io/johnsonlawgroup,greenhouse,"{""token"": ""johnsonlawgroup""}"
join-our-talent-community,join-our-talent-community-greenhouse,https://job-boards.greenhouse.io/axontalentcommunity,greenhouse,"{""token"": ""axontalentcommunity""}"
join-the-folx-team,join-the-folx-team-greenhouse,https://job-boards.greenhouse.io/folxhealth,greenhouse,"{""token"": ""folxhealth""}"
jomboy-media,jomboy-media-greenhouse,https://job-boards.greenhouse.io/jomboymedia,greenhouse,"{""token"": ""jomboymedia""}"
josko-services,josko-services-greenhouse,https://job-boards.greenhouse.io/joskoasp,greenhouse,"{""token"": ""joskoasp""}"
jpmorgan,jpmorgan-careers,https://jpmc.fa.oraclecloud.com/hcmUI/CandidateExperience/en/sites/CX_1001/requisitions,oracle_hcm,"{""host"": ""jpmc.fa.oraclecloud.com"", ""site"": ""CX_1001""}"
jti,jti-careers,https://jobs.jti.com/,rss,"{""preset"": ""successfactors""}"
jua,jua-ashby,https://jobs.ashbyhq.com/jua,ashby,"{""token"": ""jua""}"
judi-health,judi-health-greenhouse,https://job-boards.greenhouse.io/capitalrx,greenhouse,"{""token"": ""capitalrx""}"
juicebox,juicebox-ashby,https://jobs.ashbyhq.com/juicebox,ashby,"{""token"": ""juicebox""}"
jukebox-health,jukebox-health-greenhouse,https://job-boards.greenhouse.io/jukeboxhealth,greenhouse,"{""token"": ""jukeboxhealth""}"
julius,julius-ashby,https://jobs.ashbyhq.com/julius,ashby,"{""token"": ""julius""}"
julius-baer,julius-baer-careers,https://juliusbaer.wd3.myworkdayjobs.com/External,workday,
jumia,jumia-greenhouse,https://job-boards.greenhouse.io/jumia,greenhouse,"{""token"": ""jumia""}"
jumio,jumio-greenhouse,https://job-boards.greenhouse.io/jumio,greenhouse,"{""token"": ""jumio""}"
jump,jump-ashby,https://jobs.ashbyhq.com/jump,ashby,"{""token"": ""jump""}"
jump,jump-recruitee,https://jump.recruitee.com,recruitee,"{""token"": ""jump""}"
jump-app,jump-app-ashby,https://jobs.ashbyhq.com/jump-app,ashby,"{""token"": ""jump-app""}"
jump-crypto,jump-crypto-greenhouse,https://job-boards.greenhouse.io/jumpcrypto,greenhouse,"{""token"": ""jumpcrypto""}"
jump-trading,jump-trading-greenhouse,https://job-boards.greenhouse.io/jumptrading,greenhouse,"{""token"": ""jumptrading""}"
jungle-scout,jungle-scout-greenhouse,https://job-boards.greenhouse.io/junglescout,greenhouse,"{""token"": ""junglescout""}"
juni,juni-careers,https://careers.juni.co/jobs,rss,"{""preset"": ""teamtailor"", ""feed_url"": ""https://careers.juni.co/jobs.rss""}"
juno,juno-greenhouse,https://job-boards.greenhouse.io/juno,greenhouse,"{""token"": ""juno""}"
justworks,justworks-greenhouse,https://job-boards.greenhouse.io/justworks,greenhouse,"{""token"": ""justworks""}"
juul-labs,juul-labs-greenhouse,https://job-boards.greenhouse.io/juullabs,greenhouse,"{""token"": ""juullabs""}"
k-health,k-health-greenhouse,https://job-boards.greenhouse.io/khealthcareers,greenhouse,"{""token"": ""khealthcareers""}"
k-id,k-id-careers,https://api.ashbyhq.com/posting-api/job-board/k-id,ashby,"{""token"": ""k-id""}"
k-water,k-water-careers,https://k-water.recruiter.co.kr/career/home,recruiter_co_kr,"{""slug"": ""k-water""}"
k2-space,k2-space-greenhouse,https://job-boards.greenhouse.io/k2spacecorporation,greenhouse,"{""token"": ""k2spacecorporation""}"
kaiko-ai,kaiko-ai-careers,https://jobs.kaiko.ai/,rss,"{""preset"": ""teamtailor""}"
kairos-power,kairos-power-greenhouse,https://job-boards.greenhouse.io/kairospower,greenhouse,"{""token"": ""kairospower""}"
kaizen-labs,kaizen-labs-careers,https://jobs.ashbyhq.com/kaizenlabs,ashby,"{""token"": ""kaizenlabs""}"
kalepa,kalepa-greenhouse,https://job-boards.greenhouse.io/kalepa,greenhouse,"{""token"": ""kalepa""}"
kalles-group,kalles-group-greenhouse,https://job-boards.greenhouse.io/kallesgroup,greenhouse,"{""token"": ""kallesgroup""}"
kalshi,kalshi-ashby,https://jobs.ashbyhq.com/kalshi,ashby,"{""token"": ""kalshi""}"
kalshi,kalshi-greenhouse,https://job-boards.greenhouse.io/kalshi,greenhouse,"{""token"": ""kalshi""}"
kapitus,kapitus-greenhouse,https://job-boards.greenhouse.io/kapitus,greenhouse,"{""token"": ""kapitus""}"
karat,karat-greenhouse,https://job-boards.greenhouse.io/karat,greenhouse,"{""token"": ""karat""}"
karbon,karbon-greenhouse,https://job-boards.greenhouse.io/karbon,greenhouse,"{""token"": ""karbon""}"
kargo,kargo-greenhouse,https://job-boards.greenhouse.io/kargo,greenhouse,"{""token"": ""kargo""}"
karya,karya-greenhouse,https://job-boards.greenhouse.io/karya,greenhouse,"{""token"": ""karya""}"
kasa,kasa-greenhouse,https://job-boards.greenhouse.io/kasa,greenhouse,"{""token"": ""kasa""}"
kaufland,kaufland-careers,https://jobs.kaufland.com/,rss,"{""preset"": ""successfactors"", ""url_filter"": {""exclude"": ""/Cesko/""}}"
kaufland-cz,kaufland-cz-almacareer,https://kaufland.jobs.cz/,almacareer,{}
kavak,kavak-lever,https://jobs.lever.co/kavak,lever,"{""token"": ""kavak""}"
kayak,kayak-ashby,https://jobs.ashbyhq.com/kayak,ashby,"{""token"": ""kayak""}"
kayak,kayak-careers,https://job-boards.greenhouse.io/kayak,greenhouse,"{""token"": ""kayak""}"
kb-cz,kb-cz-almacareer,https://kb.jobs.cz/,almacareer,{}
kbr,kbr-careers-aspire-defence,https://aspiredefenceserviceslimited-1747731241.teamtailor.com/,rss,"{""preset"": ""teamtailor"", ""feed_url"": ""https://aspiredefenceserviceslimited-1747731241.teamtailor.com/jobs.rss""}"
kbra,kbra-greenhouse,https://job-boards.greenhouse.io/krollbondratingagency,greenhouse,"{""token"": ""krollbondratingagency""}"
keeper-security,keeper-security-greenhouse,https://job-boards.greenhouse.io/keepersecurity,greenhouse,"{""token"": ""keepersecurity""}"
keepit,keepit-careers,https://careers.keepit.com/jobs,rss,"{""preset"": ""teamtailor"", ""feed_url"": ""https://careers.keepit.com/jobs.rss""}"
keller-postman,keller-postman-greenhouse,https://job-boards.greenhouse.io/kellerpostman,greenhouse,"{""token"": ""kellerpostman""}"
kelluu,kelluu-careers,https://jobs.ashbyhq.com/kelluu,ashby,"{""token"": ""kelluu""}"
kentik,kentik-greenhouse,https://job-boards.greenhouse.io/kentik,greenhouse,"{""token"": ""kentik""}"
kepler-communications,kepler-communications-lever,https://jobs.lever.co/kepler,lever,"{""token"": ""kepler""}"
kepler-group,kepler-group-greenhouse,https://job-boards.greenhouse.io/keplergroup,greenhouse,"{""token"": ""keplergroup""}"
kernal-biologics-inc,kernal-biologics-inc-greenhouse,https://job-boards.greenhouse.io/kernalbio,greenhouse,"{""token"": ""kernalbio""}"
kernel,kernel-ashby,https://jobs.ashbyhq.com/kernel,ashby,"{""token"": ""kernel""}"
kesko,kesko-jobylon,https://cdn.jobylon.com/jobs/companies/2413/embed/v2/?page_size=1000,jobylon,"{""company_id"": ""2413""}"
kestra,kestra-ashby,https://jobs.ashbyhq.com/kestra,ashby,"{""token"": ""kestra""}"
ketryx,ketryx-greenhouse,https://job-boards.greenhouse.io/ketryx,greenhouse,"{""token"": ""ketryx""}"
kettle,kettle-greenhouse,https://job-boards.greenhouse.io/kettle,greenhouse,"{""token"": ""kettle""}"
keycard-labs,keycard-labs-ashby,https://jobs.ashbyhq.com/keycard-labs,ashby,"{""token"": ""keycard-labs""}"
keyloop,keyloop-careers,https://jobs.lever.co/keyloop,lever,"{""token"": ""keyloop""}"
keystone,keystone-ashby,https://jobs.ashbyhq.com/keystone,ashby,"{""token"": ""keystone""}"
keystone,keystone-greenhouse,https://job-boards.greenhouse.io/keystone,greenhouse,"{""token"": ""keystone""}"
kfc,kfc-cz-almacareer,https://kfc.jobs.cz/,almacareer,{}
khan-academy,khan-academy-greenhouse,https://job-boards.greenhouse.io/khanacademy,greenhouse,"{""token"": ""khanacademy""}"
kiavi,kiavi-greenhouse,https://job-boards.greenhouse.io/kiavi,greenhouse,"{""token"": ""kiavi""}"
kickstarter-pbc,kickstarter-pbc-greenhouse,https://job-boards.greenhouse.io/kickstarter,greenhouse,"{""token"": ""kickstarter""}"
kiddom,kiddom-lever,https://jobs.lever.co/kiddom,lever,"{""token"": ""kiddom""}"
kilocode,kilocode-ashby,https://jobs.ashbyhq.com/kilocode,ashby,"{""token"": ""kilocode""}"
kimberly-clark,kimberly-clark-careers,https://kimberlyclark.wd1.myworkdayjobs.com/GLOBAL,workday,"{""company"": ""kimberlyclark"", ""wd_instance"": ""wd1"", ""site"": ""GLOBAL""}"
kin,kin-ashby,https://jobs.ashbyhq.com/kin,ashby,"{""token"": ""kin""}"
kinder-s,kinder-s-greenhouse,https://job-boards.greenhouse.io/kinders,greenhouse,"{""token"": ""kinders""}"
kindred,kindred-ashby,https://jobs.ashbyhq.com/kindred,ashby,"{""token"": ""kindred""}"
kinexon,kinexon-greenhouse,https://boards.eu.greenhouse.io/kinexon,greenhouse,"{""token"": ""kinexon""}"
kinexus-group,kinexus-group-greenhouse,https://job-boards.greenhouse.io/kinexus,greenhouse,"{""token"": ""kinexus""}"
kion-group,kion-group-careers,https://kiongroup.wd3.myworkdayjobs.com/kiongroup,workday,
kira,kira-ashby,https://jobs.ashbyhq.com/kira,ashby,"{""token"": ""kira""}"
kit,kit-ashby,https://jobs.ashbyhq.com/kit,ashby,"{""token"": ""kit""}"
kitchenpark,kitchenpark-greenhouse,https://job-boards.greenhouse.io/kitchenpark,greenhouse,"{""token"": ""kitchenpark""}"
kittl,kittl-ashby,https://jobs.ashbyhq.com/kittl,ashby,"{""token"": ""kittl""}"
kiwi,kiwi-pinpoint,https://kiwi.pinpointhq.com,pinpoint,"{""slug"": ""kiwi""}"
kizen,kizen-greenhouse,https://job-boards.greenhouse.io/kizen,greenhouse,"{""token"": ""kizen""}"
kla,kla-ann-arbor,https://kla.wd1.myworkdayjobs.com/AnnArbor,workday,"{""tenant"": ""kla"", ""board"": ""AnnArbor""}"
kla,kla-careers,https://kla.wd1.myworkdayjobs.com/Search,workday,"{""tenant"": ""kla"", ""board"": ""Search""}"
kla,kla-university-recruiting,https://kla.wd1.myworkdayjobs.com/UR,workday,"{""tenant"": ""kla"", ""board"": ""UR""}"
klarna,klarna-careers,https://jobs.deel.com/klarna,deel,"{""slug"": ""klarna""}"
klaviyo,klaviyo-greenhouse,https://job-boards.greenhouse.io/klaviyo,greenhouse,"{""token"": ""klaviyo""}"
klaviyo-campus,klaviyo-campus-greenhouse,https://job-boards.greenhouse.io/klaviyocampus,greenhouse,"{""token"": ""klaviyocampus""}"
knitwell-group,knitwell-group-careers,https://knitwellgroup.wd1.myworkdayjobs.com/us_retail_jobs,workday,
knoetic,knoetic-ashby,https://jobs.ashbyhq.com/knoetic,ashby,"{""token"": ""knoetic""}"
knot,knot-ashby,https://jobs.ashbyhq.com/knot,ashby,"{""token"": ""knot""}"
knowbe4,knowbe4-greenhouse,https://job-boards.greenhouse.io/knowbe4,greenhouse,"{""token"": ""knowbe4""}"
knowlix,knowlix-ashby,https://jobs.ashbyhq.com/knowlix,ashby,"{""token"": ""knowlix""}"
known,known-ashby,https://jobs.ashbyhq.com/known,ashby,"{""token"": ""known""}"
known,known-greenhouse,https://job-boards.greenhouse.io/known,greenhouse,"{""token"": ""known""}"
knownwell,knownwell-careers,https://jobs.lever.co/knownwell,lever,"{""token"": ""knownwell""}"
koalafi,koalafi-greenhouse,https://job-boards.greenhouse.io/koalafi,greenhouse,"{""token"": ""koalafi""}"
kobold-metals,kobold-metals-greenhouse,https://job-boards.greenhouse.io/koboldmetals,greenhouse,"{""token"": ""koboldmetals""}"
kobold-metals-drc,kobold-metals-drc-greenhouse,https://job-boards.greenhouse.io/koboldmetalsdrc,greenhouse,"{""token"": ""koboldmetalsdrc""}"
kobold-metals-zambia,kobold-metals-zambia-greenhouse,https://job-boards.greenhouse.io/zambold,greenhouse,"{""token"": ""zambold""}"
koddi,koddi-greenhouse,https://job-boards.greenhouse.io/koddi,greenhouse,"{""token"": ""koddi""}"
kodiak,kodiak-greenhouse,https://job-boards.greenhouse.io/kodiak,greenhouse,"{""token"": ""kodiak""}"
kodiak-solutions,kodiak-solutions-greenhouse,https://job-boards.greenhouse.io/kodiaksolutions,greenhouse,"{""token"": ""kodiaksolutions""}"
kodland,kodland-careers,https://kodland.pinpointhq.com,pinpoint,"{""slug"": ""kodland""}"
kognic,kognic-careers,https://careers.kognic.com/jobs,rss,"{""preset"": ""teamtailor"", ""feed_url"": ""https://careers.kognic.com/jobs.rss""}"
koley-jessen-p-c-l-l-o,koley-jessen-p-c-l-l-o-greenhouse,https://job-boards.greenhouse.io/koleyjessen,greenhouse,"{""token"": ""koleyjessen""}"
koleyjessen,koleyjessen-pinpoint,https://koleyjessen.pinpointhq.com,pinpoint,"{""slug"": ""koleyjessen""}"
kolmac-integrated-behavioral-health,kolmac-integrated-behavioral-health-greenhouse,https://job-boards.greenhouse.io/kolmacintegratedbehavioralhealth,greenhouse,"{""token"": ""kolmacintegratedbehavioralhealth""}"
kolmar-korea,kolmar-korea-careers,https://kolmar.recruiter.co.kr/career/home,recruiter_co_kr,"{""slug"": ""kolmar""}"
komax,komax-cirris,https://www.paycomonline.net/v4/ats/web.php/portal/8A447BC5FCD6B95C1D0610E61444DA92/career-page,paycom,"{""token"": ""8a447bc5fcd6b95c1d0610e61444da92""}"
komax,komax-komax,https://jobs.komaxgroup.com/,rss,"{""preset"": ""successfactors"", ""feed_url"": ""https://jobs.komaxgroup.com/googlefeed.xml""}"
kombo,kombo-ashby,https://jobs.ashbyhq.com/kombo,ashby,"{""token"": ""kombo""}"
komodo-health,komodo-health-greenhouse,https://job-boards.greenhouse.io/komodohealth,greenhouse,"{""token"": ""komodohealth""}"
kone,kone-careers,https://kone.wd3.myworkdayjobs.com/careers,workday,
kong,kong-ashby,https://jobs.ashbyhq.com/kong,ashby,"{""token"": ""kong""}"
konovo,konovo-greenhouse,https://job-boards.greenhouse.io/konovo,greenhouse,"{""token"": ""konovo""}"
konux,konux-greenhouse,https://job-boards.greenhouse.io/konux,greenhouse,"{""token"": ""konux""}"
korean-air,korean-air-careers,https://koreanair.recruiter.co.kr/career/home,recruiter_co_kr,"{""slug"": ""koreanair""}"
kotak-mahindra-bank,kotak-mahindra-bank-careers,https://hcbt.fa.em2.oraclecloud.com/hcmUI/CandidateExperience/en/sites/CX/jobs,oracle_hcm,"{""host"": ""hcbt.fa.em2.oraclecloud.com"", ""site"": ""CX""}"
kp-group,kp-group-careers,https://kpgroup.keka.com/careers,keka,
kpmg,kpmg-at,https://bewerbung.kpmg.at,rss,"{""preset"": ""successfactors"", ""feed_url"": ""https://bewerbung.kpmg.at/googlefeed.xml""}"
kpmg,kpmg-cz-almacareer,https://kpmg.jobs.cz/,almacareer,{}
kpmg,kpmg-de,https://jobs.kpmg.de,rss,"{""preset"": ""successfactors"", ""feed_url"": ""https://jobs.kpmg.de/googlefeed.xml""}"
kpmg,kpmg-es,https://carreras.kpmg.es/,rss,"{""preset"": ""successfactors"", ""feed_url"": ""https://carreras.kpmg.es/googlefeed.xml""}"
kpmg,kpmg-it,https://careers.kpmg.it/,rss,"{""preset"": ""successfactors"", ""feed_url"": ""https://careers.kpmg.it/googlefeed.xml""}"
kpmg,kpmg-lu,https://careers.kpmg.lu,rss,"{""preset"": ""successfactors"", ""feed_url"": ""https://careers.kpmg.lu/googlefeed.xml""}"
kpmg,kpmg-me,https://slccareers.kpmg.com,rss,"{""preset"": ""successfactors"", ""feed_url"": ""https://slccareers.kpmg.com/googlefeed.xml""}"
kpmg,kpmg-no-jobylon,https://cdn.jobylon.com/jobs/companies/2481/embed/v2/?page_size=1000,jobylon,"{""company_id"": ""2481""}"
kpmg,kpmg-nz,https://jobs.lever.co/kpmgnz,lever,"{""token"": ""kpmgnz""}"
kpmg,kpmg-sg,https://careers.kpmg.com.sg,rss,"{""preset"": ""successfactors"", ""feed_url"": ""https://careers.kpmg.com.sg/googlefeed.xml""}"
kraft-heinz,kraft-heinz-careers-ru,https://hh.ru/employer/107868,headhunter,"{""employer_id"": ""107868"", ""host"": ""hh.ru"", ""proxy"": true}"
krafton-americas,krafton-americas-greenhouse,https://job-boards.greenhouse.io/kraftonamericas,greenhouse,"{""token"": ""kraftonamericas""}"
krafton-montr-al-studio,krafton-montr-al-studio-greenhouse,https://job-boards.greenhouse.io/studiokraftonboard,greenhouse,"{""token"": ""studiokraftonboard""}"
kraken,kraken-careers,https://jobs.ashbyhq.com/kraken.com,ashby,"{""token"": ""kraken.com""}"
kraken-energy,kraken-energy-careers,https://jobs.lever.co/kraken123,lever,"{""token"": ""kraken123""}"
krea-ai,krea-ai-careers,https://jobs.ashbyhq.com/krea,ashby,"{""token"": ""krea""}"
kroger,kroger-8451,https://job-boards.greenhouse.io/8451,greenhouse,"{""token"": ""8451""}"
kroger,kroger-careers,https://eluq.fa.us2.oraclecloud.com/hcmUI/CandidateExperience/en/sites/CX_2001,oracle_hcm,"{""host"": ""eluq.fa.us2.oraclecloud.com"", ""site"": ""CX_2001""}"
kroger,kroger-home-chef,https://job-boards.greenhouse.io/homechef,greenhouse,"{""token"": ""homechef""}"
kronans-apotek,kronans-apotek-jobylon,https://cdn.jobylon.com/jobs/companies/2062/embed/v2/?page_size=1000,jobylon,"{""company_id"": ""2062""}"
kronos-research,kronos-research-greenhouse,https://job-boards.greenhouse.io/kronosresearch,greenhouse,"{""token"": ""kronosresearch""}"
kt,kt-careers-recruiter,https://kt.recruiter.co.kr/career/home,recruiter_co_kr,"{""slug"": ""kt""}"
kuehne-nagel,kuehne-nagel-imc-office,https://www.imcc.com/careers/administrative-careers/,adp,"{""cid"": ""35811c2a-a414-49af-a084-6cfaae89fdf0"", ""cc_id"": ""19000101_000001"", ""locale"": ""en_US""}"
kulfi-collective,kulfi-collective-greenhouse,https://job-boards.greenhouse.io/kulficollective,greenhouse,"{""token"": ""kulficollective""}"
kunai,kunai-greenhouse,https://job-boards.greenhouse.io/kunai,greenhouse,"{""token"": ""kunai""}"
kura-oncology,kura-oncology-greenhouse,https://job-boards.greenhouse.io/kuraoncology,greenhouse,"{""token"": ""kuraoncology""}"
kustomer,kustomer-ashby,https://jobs.ashbyhq.com/kustomer,ashby,"{""token"": ""kustomer""}"
kyndryl,kyndryl-careers,https://kyndryl.wd5.myworkdayjobs.com/kyndrylprofessionalcareers,workday,
kyo,kyo-greenhouse,https://job-boards.greenhouse.io/kyocare,greenhouse,"{""token"": ""kyocare""}"
kyowa-kirin-north-america,kyowa-kirin-north-america-greenhouse,https://job-boards.greenhouse.io/kyowakirinusa90,greenhouse,"{""token"": ""kyowakirinusa90""}"
l3harris-technologies,l3harris-technologies-careers,https://jobs.l3harris.com/,rss,"{""preset"": ""successfactors""}"
la-senza,la-senza-greenhouse,https://job-boards.greenhouse.io/lasenza,greenhouse,"{""token"": ""lasenza""}"
la-senza,la-senza-lever,https://jobs.lever.co/lasenza,lever,"{""token"": ""lasenza""}"
la28,la28-greenhouse,https://job-boards.greenhouse.io/la2028,greenhouse,"{""token"": ""la2028""}"
la28-web,la28-web-greenhouse,https://job-boards.greenhouse.io/la28careers,greenhouse,"{""token"": ""la28careers""}"
labcorp,labcorp-careers,https://labcorp.wd1.myworkdayjobs.com/external,workday,
labelbox,labelbox-greenhouse,https://job-boards.greenhouse.io/labelbox,greenhouse,"{""token"": ""labelbox""}"
lakera,lakera-careers,https://jobs.ashbyhq.com/lakera.ai,ashby,"{""token"": ""lakera.ai""}"
lambda,lambda-ashby,https://jobs.ashbyhq.com/lambda,ashby,"{""token"": ""lambda""}"
lancedb,lancedb-ashby,https://jobs.ashbyhq.com/lancedb,ashby,"{""token"": ""lancedb""}"
langchain,langchain-careers,https://jobs.ashbyhq.com/langchain,ashby,"{""board_token"": ""langchain""}"
langdock,langdock-ashby,https://jobs.ashbyhq.com/langdock,ashby,"{""token"": ""langdock""}"
langfuse,langfuse-ashby,https://jobs.ashbyhq.com/langfuse,ashby,"{""token"": ""langfuse""}"
lantern,lantern-greenhouse,https://job-boards.greenhouse.io/employerdirecthealthcare,greenhouse,"{""token"": ""employerdirecthealthcare""}"
lantmannen,lantmannen-jobylon,https://cdn.jobylon.com/jobs/companies/1767/embed/v2/?page_size=1000,jobylon,"{""company_id"": ""1767""}"
larkin-street-youth-services,larkin-street-youth-services-greenhouse,https://job-boards.greenhouse.io/larkinstreetyouthservices,greenhouse,"{""token"": ""larkinstreetyouthservices""}"
lasko-products,lasko-products-greenhouse,https://job-boards.greenhouse.io/laskoproducts,greenhouse,"{""token"": ""laskoproducts""}"
lassie,lassie-ashby,https://jobs.ashbyhq.com/lassie,ashby,"{""token"": ""lassie""}"
lastpass,lastpass-greenhouse,https://job-boards.greenhouse.io/lastpass,greenhouse,"{""token"": ""lastpass""}"
later,later-greenhouse,https://job-boards.greenhouse.io/later,greenhouse,"{""token"": ""later""}"
latitude-ai,latitude-ai-greenhouse,https://job-boards.greenhouse.io/latitude,greenhouse,"{""token"": ""latitude""}"
lattice,lattice-greenhouse,https://job-boards.greenhouse.io/lattice,greenhouse,"{""token"": ""lattice""}"
launch-potato,launch-potato-greenhouse,https://job-boards.greenhouse.io/launch2,greenhouse,"{""token"": ""launch2""}"
launchdarkly,launchdarkly-greenhouse,https://job-boards.greenhouse.io/launchdarkly,greenhouse,"{""token"": ""launchdarkly""}"
launchpad-technologies,launchpad-technologies-greenhouse,https://job-boards.greenhouse.io/launchpadtechnologiesinc,greenhouse,"{""token"": ""launchpadtechnologiesinc""}"
laurel,laurel-ashby,https://jobs.ashbyhq.com/laurel,ashby,"{""token"": ""laurel""}"
lavendo,lavendo-ashby,https://jobs.ashbyhq.com/lavendo,ashby,"{""token"": ""lavendo""}"
lawdepot,lawdepot-ashby,https://jobs.ashbyhq.com/lawdepot,ashby,"{""token"": ""lawdepot""}"
lawzero,lawzero-greenhouse,https://job-boards.greenhouse.io/lawzero,greenhouse,"{""token"": ""lawzero""}"
layer-health,layer-health-greenhouse,https://job-boards.greenhouse.io/layerhealth,greenhouse,"{""token"": ""layerhealth""}"
layerfi,layerfi-ashby,https://jobs.ashbyhq.com/layerfi,ashby,"{""token"": ""layerfi""}"
layerzero-labs,layerzero-labs-greenhouse,https://job-boards.greenhouse.io/layerzerolabs,greenhouse,"{""token"": ""layerzerolabs""}"
lcmc-health,lcmc-health-careers,https://lcmchealth.wd1.myworkdayjobs.com/lcmchealth,workday,
leading-educators-careers,leading-educators-careers-greenhouse,https://job-boards.greenhouse.io/leadingeducators,greenhouse,"{""token"": ""leadingeducators""}"
league-inc,league-inc-greenhouse,https://job-boards.greenhouse.io/leagueinc,greenhouse,"{""token"": ""leagueinc""}"
leap,leap-ashby,https://jobs.ashbyhq.com/leap,ashby,"{""token"": ""leap""}"
leapmotor,leapmotor-careers,https://leapmotor.zhiye.com/,beisen,
leapsome,leapsome-ashby,https://jobs.ashbyhq.com/leapsome,ashby,"{""token"": ""leapsome""}"
leapwork,leapwork-greenhouse,https://job-boards.greenhouse.io/leapwork,greenhouse,"{""token"": ""leapwork""}"
learneo,learneo-greenhouse,https://job-boards.greenhouse.io/learneo,greenhouse,"{""token"": ""learneo""}"
learning-care-group,learning-care-group-careers,https://ejql.fa.us6.oraclecloud.com/hcmUI/CandidateExperience/en/sites/CX,oracle_hcm,"{""host"": ""ejql.fa.us6.oraclecloud.com"", ""site"": ""CX"", ""offset_overlap"": 5, ""total_count_tolerance"": 1}"
learning-commons,learning-commons-greenhouse,https://job-boards.greenhouse.io/education,greenhouse,"{""token"": ""education""}"
learnlux,learnlux-greenhouse,https://job-boards.greenhouse.io/learnlux,greenhouse,"{""token"": ""learnlux""}"
learnupon,learnupon-greenhouse,https://job-boards.greenhouse.io/learnupon,greenhouse,"{""token"": ""learnupon""}"
leclanche,leclanche-global-linkedin,https://www.linkedin.com/company/leclanch-sa/jobs/,linkedin,"{""company_id"": ""1543467"", ""company_slug"": ""leclanch-sa""}"
ledger,ledger-ashby,https://jobs.ashbyhq.com/ledger,ashby,"{""token"": ""ledger""}"
ledger,ledger-lever,https://jobs.lever.co/ledger,lever,"{""token"": ""ledger""}"
ledgy,ledgy-greenhouse,https://job-boards.greenhouse.io/ledgy,greenhouse,"{""token"": ""ledgy""}"
legal-services-nyc,legal-services-nyc-greenhouse,https://job-boards.greenhouse.io/legalservicesnyc,greenhouse,"{""token"": ""legalservicesnyc""}"
legalzoom,legalzoom-pinpoint,https://legalzoom.pinpointhq.com,pinpoint,"{""slug"": ""legalzoom""}"
legend-biotech-us,legend-biotech-us-greenhouse,https://job-boards.greenhouse.io/legendcareers,greenhouse,"{""token"": ""legendcareers""}"
legends-global,legends-global-careers,https://asmglobal.wd1.myworkdayjobs.com/careers,workday,
legends-global,legends-global-europe,https://eujobs.legendsglobal.com,rss,"{""preset"": ""teamtailor"", ""feed_url"": ""https://eujobs.legendsglobal.com/jobs.rss""}"
legion,legion-greenhouse,https://job-boards.greenhouse.io/legion,greenhouse,"{""token"": ""legion""}"
legion-intelligence,legion-intelligence-greenhouse,https://job-boards.greenhouse.io/yurtsai,greenhouse,"{""token"": ""yurtsai""}"
legionhealth,legionhealth-ashby,https://jobs.ashbyhq.com/legionhealth,ashby,"{""token"": ""legionhealth""}"
legora,legora-ashby,https://jobs.ashbyhq.com/legora,ashby,"{""token"": ""legora""}"
leidos,leidos-biomed,https://leidosbiomed.csodfed.com/ux/ats/careersite/4/home?c=leidosbiomed,cornerstone,"{""tenant"": ""leidosbiomed"", ""site_id"": 4, ""corp"": ""leidosbiomed"", ""domain"": ""csodfed.com""}"
leidos,leidos-careers,https://leidos.wd5.myworkdayjobs.com/external,workday,
leidos,leidos-qtc,https://recruiting2.ultipro.com/QTC1000QTC/JobBoard/401507f4-5ffa-4c84-b89c-0ebfae8d9292,ukg,"{""host"": ""recruiting2.ultipro.com"", ""tenant"": ""QTC1000QTC"", ""board_id"": ""401507f4-5ffa-4c84-b89c-0ebfae8d9292"", ""listing_url"": ""https://recruiting2.ultipro.com/QTC1000QTC/JobBoard/401507f4-5ffa-4c84-b89c-0ebfae8d9292""}"
lemlist,lemlist-ashby,https://jobs.ashbyhq.com/lemlist,ashby,"{""token"": ""lemlist""}"
lemonade,lemonade-ashby,https://jobs.ashbyhq.com/lemonade,ashby,"{""token"": ""lemonade""}"
lendingtree,lendingtree-greenhouse,https://job-boards.greenhouse.io/lendingtree,greenhouse,"{""token"": ""lendingtree""}"
lendo,lendo-jobylon,https://cdn.jobylon.com/jobs/companies/1296/embed/v2/?page_size=1000,jobylon,"{""company_id"": ""1296""}"
lens,lens-ashby,https://jobs.ashbyhq.com/lens,ashby,"{""token"": ""lens""}"
leona-health,leona-health-careers,https://jobs.ashbyhq.com/leona,ashby,"{""token"": ""leona""}"
leonardo,leonardo-global,https://leonardocompany.wd3.myworkdayjobs.com/LeonardoCareerSite,workday,"{""company"": ""leonardocompany"", ""wd_instance"": ""wd3"", ""site"": ""LeonardoCareerSite""}"
les-fermes-debout,les-fermes-debout-careers,https://carriere.lesfermesdebout.fr/jobs,rss,"{""preset"": ""teamtailor"", ""feed_url"": ""https://carriere.lesfermesdebout.fr/jobs.rss""}"
letta,letta-ashby,https://jobs.ashbyhq.com/letta,ashby,"{""token"": ""letta""}"
levanta,levanta-greenhouse,https://job-boards.greenhouse.io/levanta,greenhouse,"{""token"": ""levanta""}"
level,level-ashby,https://jobs.ashbyhq.com/level,ashby,"{""token"": ""level""}"
level-access,level-access-greenhouse,https://job-boards.greenhouse.io/levelaccess,greenhouse,"{""token"": ""levelaccess""}"
levi-strauss,levi-strauss-careers,https://levistraussandco.wd5.myworkdayjobs.com/external,workday,"{""company"": ""levistraussandco"", ""wd_instance"": ""wd5"", ""site"": ""External""}"
levio,levio-greenhouse,https://job-boards.greenhouse.io/levio,greenhouse,"{""token"": ""levio""}"
levitate,levitate-greenhouse,https://job-boards.greenhouse.io/levitate,greenhouse,"{""token"": ""levitate""}"
lexly,lexly-main,https://lexly1.teamtailor.com/jobs,rss,"{""preset"": ""teamtailor"", ""feed_url"": ""https://lexly1.teamtailor.com/jobs.rss""}"
leyden-labs,leyden-labs-recruitee,https://leydenlabs.recruitee.com/,recruitee,"{""slug"": ""leydenlabs""}"
leydenjar-technologies,leydenjar-technologies-careers,https://leydenjar.recruitee.com/,recruitee,"{""slug"": ""leydenjar""}"
lg,lg-careers-greenhouse,https://job-boards.greenhouse.io/lgelectronics,greenhouse,"{""token"": ""lgelectronics""}"
lg-energy-solution-arizona,lg-energy-solution-arizona-greenhouse,https://job-boards.greenhouse.io/lgenergyaz,greenhouse,"{""token"": ""lgenergyaz""}"
lgt-group,lgt-group-capital-partners-workday,https://lgtcp.wd502.myworkdayjobs.com/lgtcpcurrentvacancies,workday,"{""company"": ""lgtcp"", ""wd_instance"": ""wd502"", ""site"": ""lgtcpcurrentvacancies""}"
lgt-group,lgt-group-global,https://lgt.wd3.myworkdayjobs.com/lgtcurrentvacancies,workday,"{""company"": ""lgt"", ""wd_instance"": ""wd3"", ""site"": ""lgtcurrentvacancies""}"
li-fi,li-fi-ashby,https://jobs.ashbyhq.com/li.fi,ashby,"{""token"": ""li.fi""}"
liberate,liberate-greenhouse,https://job-boards.greenhouse.io/liberate,greenhouse,"{""token"": ""liberate""}"
liberis,liberis-greenhouse,https://job-boards.greenhouse.io/liberis,greenhouse,"{""token"": ""liberis""}"
lidl,lidl-careers,https://jobs.lidl/,rss,"{""preset"": ""successfactors""}"
liebherr,liebherr-careers,https://careers.liebherr.com/,rss,"{""preset"": ""successfactors"", ""variant"": ""feed"", ""feed_url"": ""https://careers.liebherr.com/googlefeed.xml""}"
life-skills-autism-academy,life-skills-autism-academy-greenhouse,https://job-boards.greenhouse.io/lifeskillsautismacademy,greenhouse,"{""token"": ""lifeskillsautismacademy""}"
life-trading,life-trading-greenhouse,https://job-boards.greenhouse.io/lifetrading,greenhouse,"{""token"": ""lifetrading""}"
life360,life360-greenhouse,https://job-boards.greenhouse.io/life360,greenhouse,"{""token"": ""life360""}"
lifepoint-health,lifepoint-health-careers,https://ibnjjb.fa.ocs.oraclecloud.com/hcmUI/CandidateExperience/en/sites/CX_1,oracle_hcm,"{""duplicate_row_tolerance"": 5, ""offset_overlap"": 20, ""total_count_tolerance"": 5}"
lifestance-health,lifestance-health-careers,https://jobs.lever.co/lifestance,lever,
lifestance-health,lifestance-health-workday,https://lifestance.wd5.myworkdayjobs.com/Careers,workday,"{""company"": ""lifestance"", ""wd_instance"": ""wd5"", ""site"": ""Careers""}"
lifetime,lifetime-careers,https://lifetime.wd1.myworkdayjobs.com/lifetime,workday,
liftoff,liftoff-greenhouse,https://job-boards.greenhouse.io/liftoff,greenhouse,"{""token"": ""liftoff""}"
light,light-ashby,https://jobs.ashbyhq.com/light,ashby,"{""token"": ""light""}"
lightdash,lightdash-ashby,https://jobs.ashbyhq.com/lightdash,ashby,"{""token"": ""lightdash""}"
lightfeather-io-llc,lightfeather-io-llc-greenhouse,https://job-boards.greenhouse.io/lightfeatheriollc,greenhouse,"{""token"": ""lightfeatheriollc""}"
lightforce-orthodontics,lightforce-orthodontics-greenhouse,https://job-boards.greenhouse.io/lightforceorthodontics,greenhouse,"{""token"": ""lightforceorthodontics""}"
lightfully-behavioral-health,lightfully-behavioral-health-greenhouse,https://job-boards.greenhouse.io/merakimanagement,greenhouse,"{""token"": ""merakimanagement""}"
lighthouse,lighthouse-greenhouse,https://job-boards.greenhouse.io/lighthouse,greenhouse,"{""token"": ""lighthouse""}"
lightmatter,lightmatter-greenhouse,https://job-boards.greenhouse.io/lightmatter,greenhouse,"{""token"": ""lightmatter""}"
lightning,lightning-ashby,https://jobs.ashbyhq.com/lightning,ashby,"{""token"": ""lightning""}"
lightning-ai,lightning-ai-greenhouse,https://job-boards.greenhouse.io/lightningai,greenhouse,"{""token"": ""lightningai""}"
lightricks,lightricks-careers,https://boards.greenhouse.io/lightricks,greenhouse,"{""token"": ""lightricks""}"
lightspark,lightspark-careers,https://jobs.ashbyhq.com/lightspark,ashby,"{""token"": ""lightspark""}"
lightspeed-commerce,lightspeed-commerce-greenhouse,https://job-boards.greenhouse.io/lightspeedhq,greenhouse,"{""token"": ""lightspeedhq""}"
lightspeed-commerce-fr,lightspeed-commerce-fr-greenhouse,https://job-boards.greenhouse.io/lightspeedhqfr,greenhouse,"{""token"": ""lightspeedhqfr""}"
lightspeed-dms,lightspeed-dms-greenhouse,https://job-boards.greenhouse.io/lightspeeddms,greenhouse,"{""token"": ""lightspeeddms""}"
lightspeed-systems,lightspeed-systems-greenhouse,https://job-boards.greenhouse.io/lightspeedsystems,greenhouse,"{""token"": ""lightspeedsystems""}"
lightspeedhq,lightspeedhq-ashby,https://jobs.ashbyhq.com/lightspeedhq,ashby,"{""token"": ""lightspeedhq""}"
lila-sciences,lila-sciences-greenhouse,https://job-boards.greenhouse.io/lilasciences,greenhouse,"{""token"": ""lilasciences""}"
lincoln-property-company,lincoln-property-company-greenhouse,https://job-boards.greenhouse.io/lpc,greenhouse,"{""token"": ""lpc""}"
lincoln-property-company-through-linkedin,lincoln-property-company-through-linkedin-greenhouse,https://job-boards.greenhouse.io/lincoln,greenhouse,"{""token"": ""lincoln""}"
lindt-spruengli,lindt-spruengli-careers-workday,https://lindtspruengli.wd103.myworkdayjobs.com/LindtSpruengliGroupCareers,workday,"{""company"": ""lindtspruengli"", ""wd_instance"": ""wd103"", ""site"": ""LindtSpruengliGroupCareers""}"
lindushealth,lindushealth-ashby,https://jobs.ashbyhq.com/lindushealth,ashby,"{""token"": ""lindushealth""}"
linear,linear-ashby,https://jobs.ashbyhq.com/linear,ashby,"{""token"": ""linear""}"
link,link-greenhouse,https://job-boards.greenhouse.io/link,greenhouse,"{""token"": ""link""}"
linklaters,linklaters-careers,https://linklaters.wd3.myworkdayjobs.com/Linklaters,workday,"{""company"": ""linklaters"", ""wd_instance"": ""wd3"", ""site"": ""Linklaters""}"
linkup,linkup-careers,https://jobs.ashbyhq.com/Linkup,ashby,"{""token"": ""Linkup""}"
linq,linq-greenhouse,https://job-boards.greenhouse.io/emslinqinc,greenhouse,"{""token"": ""emslinqinc""}"
lio,lio-careers,https://jobs.ashbyhq.com/lio,ashby,"{""token"": ""lio""}"
liquid-ai,liquid-ai-careers,https://jobs.ashbyhq.com/liquid-ai,ashby,"{""token"": ""liquid-ai""}"
liquid-death,liquid-death-greenhouse,https://job-boards.greenhouse.io/liquiddeath,greenhouse,"{""token"": ""liquiddeath""}"
liquid-i-v,liquid-i-v-greenhouse,https://job-boards.greenhouse.io/liquidiv,greenhouse,"{""token"": ""liquidiv""}"
liquid-personnel,liquid-personnel-careers,https://job-boards.greenhouse.io/liquidpersonnel,greenhouse,
lirio,lirio-greenhouse,https://job-boards.greenhouse.io/lirio,greenhouse,"{""token"": ""lirio""}"
lithic,lithic-greenhouse,https://job-boards.greenhouse.io/lithic,greenhouse,"{""token"": ""lithic""}"
litify,litify-greenhouse,https://job-boards.greenhouse.io/litify,greenhouse,"{""token"": ""litify""}"
litmus-automation,litmus-automation-ashby,https://jobs.ashbyhq.com/litmus,ashby,"{""token"": ""litmus""}"
little-people-s-landing,little-people-s-landing-greenhouse,https://job-boards.greenhouse.io/lpl,greenhouse,"{""token"": ""lpl""}"
littlepay,littlepay-greenhouse,https://job-boards.greenhouse.io/littlepay,greenhouse,"{""token"": ""littlepay""}"
live-nation,live-nation-belgium,https://www.livenation.be/wearehiring,inline,"{""section_start"": {""tag"": ""h4"", ""text"": ""Vacature""}, ""section_end"": {""tag"": ""h4"", ""text"": ""Poste vacant""}, ""item_boundary_tag"": ""h1"", ""require_zero_proof"": true, ""steps"": [{""tag"": ""h1"", ""match_regex"": ""^BOOKER$"", ""field"": ""title""}, {""tag"": ""p"", ""field"": ""description"", ""html"": true, ""to_end"": true}], ""defaults"": {""locations"": [""Mechelen, Belgium""], ""employment_type"": ""full_time""}}"
live-nation,live-nation-careers,https://livenation.wd503.myworkdayjobs.com/lnexternalsite,workday,
livekit,livekit-ashby,https://jobs.ashbyhq.com/livekit,ashby,"{""token"": ""livekit""}"
livescore-group,livescore-group-greenhouse,https://job-boards.greenhouse.io/livescore9,greenhouse,"{""token"": ""livescore9""}"
llamaindex,llamaindex-ashby,https://jobs.ashbyhq.com/llamaindex,ashby,"{""token"": ""llamaindex""}"
lloyds,lloyds-workday,https://lloyds.wd3.myworkdayjobs.com/Lloyds-of-London,workday,"{""company"": ""lloyds"", ""wd_instance"": ""wd3"", ""site"": ""Lloyds-of-London""}"
lloyds-register,lloyds-register-global,https://jobs.lr.org/,rss,"{""preset"": ""successfactors"", ""feed_url"": ""https://jobs.lr.org/googlefeed.xml""}"
llr-partners,llr-partners-greenhouse,https://job-boards.greenhouse.io/llrpartnersjobs,greenhouse,"{""token"": ""llrpartnersjobs""}"
lmarena,lmarena-careers,https://jobs.ashbyhq.com/arena,ashby,"{""token"": ""arena""}"
lnfusedinnovations,lnfusedinnovations-recruitee,https://lnfusedinnovations.recruitee.com,recruitee,"{""token"": ""lnfusedinnovations""}"
loadsmart,loadsmart-lever,https://jobs.lever.co/loadsmart,lever,"{""token"": ""loadsmart""}"
lob,lob-greenhouse,https://job-boards.greenhouse.io/lob,greenhouse,"{""token"": ""lob""}"
loblaw,loblaw-lifemark,https://workforcenow.adp.com/mascsr/default/mdf/recruitment/recruitment.html?ccId=19000101_000001&cid=fece8f4b-0227-4caf-9cd1-0b464217347b&lang=en_CA&selectedMenuKey=CurrentOpenings,adp,"{""cid"": ""fece8f4b-0227-4caf-9cd1-0b464217347b"", ""cc_id"": ""19000101_000001"", ""locale"": ""en_CA""}"
loblaw,loblaw-lifemark-quebec,https://workforcenow.adp.com/mascsr/default/mdf/recruitment/recruitment.html?ccId=9200050907433_2&cid=fece8f4b-0227-4caf-9cd1-0b464217347b&client=pedjc&lang=fr_CA&selectedMenuKey=CurrentOpenings,adp,"{""cid"": ""fece8f4b-0227-4caf-9cd1-0b464217347b"", ""cc_id"": ""9200050907433_2"", ""locale"": ""fr_CA""}"
loblaw,loblaw-qhr,https://workforcenow.adp.com/mascsr/default/mdf/recruitment/recruitment.html?ccId=19000101_000001&cid=11728fbf-dde8-4557-864b-e406c0cf7b19&lang=en_CA,adp,"{""cid"": ""11728fbf-dde8-4557-864b-e406c0cf7b19"", ""cc_id"": ""19000101_000001"", ""locale"": ""en_CA""}"
loblaw,loblaw-tnt-linkedin,https://www.linkedin.com/company/t-t-supermarket/jobs/,linkedin,"{""company_id"": ""714293"", ""company_slug"": ""t-t-supermarket""}"
local-initiatives-support-corporation,local-initiatives-support-corporation-greenhouse,https://job-boards.greenhouse.io/lisc,greenhouse,"{""token"": ""lisc""}"
loccitane-group,loccitane-group-careers-global,https://careers-group.loccitane.com/search/,rss,"{""preset"": ""successfactors"", ""feed_url"": ""https://careers-group.loccitane.com/googlefeed.xml""}"
loccitane-group,loccitane-group-poland,https://pl.loccitane.com/pages/faq-kariera,inline,"{""render"": false, ""steps"": [{""tag"": ""p"", ""text"": ""Aktualnie poszukujemy do naszych salon\u00f3w"", ""field"": ""title"", ""regex"": ""(Aktualnie poszukujemy do naszych salon\u00f3w)""}, {""tag"": ""p"", ""text"": ""Aktualnie poszukujemy do naszych salon\u00f3w"", ""from"": 0, ""field"": ""description"", ""regex"": ""(Aktualnie poszukujemy do naszych salon\u00f3w.*?Informujemy)"", ""html"": true}], ""defaults"": {""locations"": [""Krak\u00f3w, Poland"", ""Warsaw, Poland"", ""Wroc\u0142aw, Poland"", ""\u0141\u00f3d\u017a, Poland"", ""Gdynia, Poland""]}}"
loccitane-group,loccitane-group-uk-ireland,https://jobs-ukie.loccitane.com/jobs,rss,"{""preset"": ""teamtailor"", ""feed_url"": ""https://jobs-ukie.loccitane.com/jobs.rss""}"
locus-robotics,locus-robotics-greenhouse,https://job-boards.greenhouse.io/locusrobotics,greenhouse,"{""token"": ""locusrobotics""}"
lodestar,lodestar-greenhouse,https://job-boards.greenhouse.io/lodestarspace,greenhouse,"{""token"": ""lodestarspace""}"
lodestar-space,lodestar-space-greenhouse,https://job-boards.eu.greenhouse.io/lodestarspace,greenhouse,"{""token"": ""lodestarspace""}"
lodgify,lodgify-careers,https://jobs.lever.co/lodgify,lever,"{""token"": ""lodgify""}"
logicgate,logicgate-greenhouse,https://job-boards.greenhouse.io/logicgate,greenhouse,"{""token"": ""logicgate""}"
logicmanager,logicmanager-pinpoint,https://logicmanager.pinpointhq.com,pinpoint,"{""slug"": ""logicmanager""}"
logitech,logitech-careers,https://logitech.wd5.myworkdayjobs.com/Logitech,workday,
logos,logos-greenhouse,https://job-boards.greenhouse.io/logos,greenhouse,"{""token"": ""logos""}"
loka-inc,loka-inc-greenhouse,https://job-boards.greenhouse.io/lokainc,greenhouse,"{""token"": ""lokainc""}"
lombard-odier,lombard-odier-careers,https://lombardodier.wd3.myworkdayjobs.com/Lombard_Odier_Careers,workday,
long-lake-management,long-lake-management-careers,https://jobs.ashbyhq.com/long-lake,ashby,"{""token"": ""long-lake""}"
lonza,lonza-careers,https://lonza.wd3.myworkdayjobs.com/Lonza_Careers,workday,
lookout-inc,lookout-inc-greenhouse,https://job-boards.greenhouse.io/lookoutinc,greenhouse,"{""token"": ""lookoutinc""}"
loop,loop-greenhouse,https://job-boards.greenhouse.io/loop,greenhouse,"{""token"": ""loop""}"
loreal,loreal-aesop,https://aesop.wd3.myworkdayjobs.com/aesopcareers,workday,"{""company"": ""aesop"", ""wd_instance"": ""wd3"", ""site"": ""aesopcareers""}"
loreal,loreal-medik8,https://careers.medik8.com/jobs,rss,"{""preset"": ""teamtailor"", ""feed_url"": ""https://careers.medik8.com/jobs.rss""}"
lorikeet,lorikeet-ashby,https://jobs.ashbyhq.com/lorikeet,ashby,"{""token"": ""lorikeet""}"
lottie,lottie-ashby,https://jobs.ashbyhq.com/lottie,ashby,"{""token"": ""lottie""}"
lovable,lovable-ashby,https://jobs.ashbyhq.com/lovable,ashby,"{""token"": ""lovable""}"
lseg,lseg-careers,https://lseg.wd3.myworkdayjobs.com/careers,workday,
ltimindtree,ltimindtree-careers-global,https://careers.ltimindtree.com/search/,rss,"{""preset"": ""successfactors"", ""feed_url"": ""https://careers.ltimindtree.com/googlefeed.xml""}"
ltk-usa,ltk-usa-greenhouse,https://job-boards.greenhouse.io/shopltk,greenhouse,"{""token"": ""shopltk""}"
ltse,ltse-careers,https://job-boards.greenhouse.io/ltse,greenhouse,"{""token"": ""ltse""}"
lucid-bots,lucid-bots-greenhouse,https://job-boards.greenhouse.io/lucidbots,greenhouse,"{""token"": ""lucidbots""}"
lucid-motors,lucid-motors-greenhouse,https://job-boards.greenhouse.io/lucidmotors,greenhouse,"{""token"": ""lucidmotors""}"
lucid-software,lucid-software-greenhouse,https://job-boards.greenhouse.io/lucidsoftware,greenhouse,"{""token"": ""lucidsoftware""}"
lufthansa-group,lufthansa-group-ita-airways,https://career.ita-airways.com/?locale=en_US,rss,"{""preset"": ""successfactors"", ""feed_url"": ""https://career.ita-airways.com/googlefeed.xml""}"
lufthansa-group,lufthansa-group-lsg-skychefs-us,https://careers.lsgskychefs.com/go/View-All-Jobs/9595200/,rss,"{""preset"": ""successfactors"", ""feed_url"": ""https://careers.lsgskychefs.com/googlefeed.xml""}"
luma-ai,luma-ai-gem,https://jobs.gem.com/lumalabs-ai,gem,"{""token"": ""lumalabs-ai""}"
luma-health,luma-health-greenhouse,https://job-boards.greenhouse.io/lumahealth,greenhouse,"{""token"": ""lumahealth""}"
luma-vision,luma-vision-careers,https://luma-vision.hirehive.com/,hirehive,"{""slug"": ""luma-vision"", ""defaults"": {""job_location_type"": ""hybrid""}}"
lumana,lumana-ashby,https://jobs.ashbyhq.com/lumana,ashby,"{""token"": ""lumana""}"
lumapps,lumapps-main,https://job.lumapps.com/jobs,rss,"{""preset"": ""teamtailor"", ""feed_url"": ""https://job.lumapps.com/jobs.rss""}"
lumera,lumera-careers,https://jobs.lumera.com/jobs,rss,"{""preset"": ""teamtailor"", ""feed_url"": ""https://jobs.lumera.com/jobs.rss""}"
lumimeds,lumimeds-greenhouse,https://job-boards.greenhouse.io/lumimeds,greenhouse,"{""token"": ""lumimeds""}"
lumindigital,lumindigital-pinpoint,https://lumindigital.pinpointhq.com,pinpoint,"{""slug"": ""lumindigital""}"
lumos,lumos-greenhouse,https://job-boards.greenhouse.io/lumosfiber,greenhouse,"{""token"": ""lumosfiber""}"
lumos-identity,lumos-identity-careers,https://job-boards.greenhouse.io/lumos,greenhouse,"{""token"": ""lumos""}"
lunar,lunar-ashby,https://jobs.ashbyhq.com/lunar,ashby,"{""token"": ""lunar""}"
lunar-energy,lunar-energy-greenhouse,https://job-boards.greenhouse.io/lunarenergy,greenhouse,"{""token"": ""lunarenergy""}"
luno,luno-greenhouse,https://job-boards.greenhouse.io/luno,greenhouse,"{""token"": ""luno""}"
lush,lush-pinpoint,https://lush.pinpointhq.com,pinpoint,"{""slug"": ""lush""}"
lush-handmade-cosmetics,lush-handmade-cosmetics-greenhouse,https://job-boards.greenhouse.io/lush,greenhouse,"{""token"": ""lush""}"
luxor,luxor-ashby,https://jobs.ashbyhq.com/luxor,ashby,"{""token"": ""luxor""}"
luzia,luzia-teamtailor,https://luzia.teamtailor.com/jobs,rss,"{""preset"": ""teamtailor"", ""feed_url"": ""https://luzia.teamtailor.com/jobs.rss""}"
lvmh,lvmh-careers,https://www.lvmh.com/en/join-us/our-job-offers,pinpoint,"{""slug"": ""lvmh""}"
lydech-thermal-acoustic-solutions-tas,lydech-thermal-acoustic-solutions-tas-greenhouse,https://job-boards.greenhouse.io/lydech,greenhouse,"{""token"": ""lydech""}"
lyft,lyft-careers,https://boards.greenhouse.io/lyft,greenhouse,
lyko,lyko-jobylon,https://cdn.jobylon.com/jobs/companies/2420/embed/v2/?page_size=1000,jobylon,"{""company_id"": ""2420""}"
lynx-analytics,lynx-analytics-greenhouse,https://job-boards.greenhouse.io/lynxanalytics,greenhouse,"{""token"": ""lynxanalytics""}"
lyra-health,lyra-health-lever,https://jobs.lever.co/lyrahealth,lever,"{""token"": ""lyrahealth""}"
lysa,lysa-careers,https://careers.lysa.se/jobs,rss,"{""preset"": ""teamtailor"", ""feed_url"": ""https://careers.lysa.se/jobs.rss""}"
m-booth,m-booth-greenhouse,https://job-boards.greenhouse.io/mbooth,greenhouse,"{""token"": ""mbooth""}"
m1,m1-recruitee,https://m1.recruitee.com,recruitee,"{""token"": ""m1""}"
m3,m3-greenhouse,https://job-boards.greenhouse.io/m3,greenhouse,"{""token"": ""m3""}"
m9-solutions,m9-solutions-greenhouse,https://job-boards.greenhouse.io/m9solutions,greenhouse,"{""token"": ""m9solutions""}"
mabl,mabl-greenhouse,https://job-boards.greenhouse.io/mabl,greenhouse,"{""token"": ""mabl""}"
mach-industries,mach-industries-main,https://jobs.ashbyhq.com/mach,ashby,"{""token"": ""mach""}"
macys,macys-bloomingdales,https://ebwh.fa.us2.oraclecloud.com/hcmUI/CandidateExperience/en/sites/CX_1002,oracle_hcm,
macys,macys-bluemercury,https://ebwh.fa.us2.oraclecloud.com/hcmUI/CandidateExperience/en/sites/CX_4001,oracle_hcm,
macys,macys-careers,https://ebwh.fa.us2.oraclecloud.com/hcmUI/CandidateExperience/en/sites/CX_1001,oracle_hcm,
madano,madano-greenhouse,https://job-boards.greenhouse.io/madano,greenhouse,"{""token"": ""madano""}"
madison-energy-infrastructure,madison-energy-infrastructure-greenhouse,https://job-boards.greenhouse.io/madisonenergyinfrastructure,greenhouse,"{""token"": ""madisonenergyinfrastructure""}"
maersk,maersk-careers,https://maersk.wd3.myworkdayjobs.com/Maersk_Careers,workday,"{""company"": ""maersk"", ""wd_instance"": ""wd3"", ""site"": ""Maersk_Careers""}"
magic,magic-pinpoint,https://magic.pinpointhq.com,pinpoint,"{""slug"": ""magic""}"
magic-leap,magic-leap-greenhouse,https://job-boards.greenhouse.io/magicleap,greenhouse,"{""token"": ""magicleap""}"
magiceden,magiceden-ashby,https://jobs.ashbyhq.com/magiceden,ashby,"{""token"": ""magiceden""}"
magna,magna-careers,https://magna.wd3.myworkdayjobs.com/magna,workday,
magnolia,magnolia-greenhouse,https://job-boards.greenhouse.io/magnolia,greenhouse,"{""token"": ""magnolia""}"
mahindra-group,mahindra-group-careers,https://jobs.mahindracareers.com/,rss,"{""preset"": ""successfactors"", ""feed_url"": ""https://jobs.mahindracareers.com/googlefeed.xml""}"
mainstay,mainstay-ashby,https://jobs.ashbyhq.com/mainstay,ashby,"{""token"": ""mainstay""}"
maintainx,maintainx-greenhouse,https://job-boards.greenhouse.io/maintainx,greenhouse,"{""token"": ""maintainx""}"
majestic-labs-ai,majestic-labs-ai-comeet,https://www.comeet.com/jobs/majesticlabs/AA.004,comeet,"{""company"": ""majesticlabs"", ""board_id"": ""AA.004""}"
make-a-wish-america,make-a-wish-america-greenhouse,https://job-boards.greenhouse.io/makeawishamerica,greenhouse,"{""token"": ""makeawishamerica""}"
makersite,makersite-recruitee,https://makersitegmbh.recruitee.com/,recruitee,"{""slug"": ""makersitegmbh""}"
maki-people,maki-people-main,https://jobs.ashbyhq.com/maki,ashby,"{""token"": ""maki""}"
mako,mako-greenhouse,https://job-boards.greenhouse.io/mako,greenhouse,"{""token"": ""mako""}"
mambu,mambu-pinpoint,https://mambu.pinpointhq.com,pinpoint,"{""slug"": ""mambu""}"
mammoth,mammoth-pinpoint,https://mammoth.pinpointhq.com,pinpoint,"{""slug"": ""mammoth""}"
mammoth-brands,mammoth-brands-greenhouse,https://job-boards.greenhouse.io/mammothbrands,greenhouse,"{""token"": ""mammothbrands""}"
man-group,man-group-greenhouse,https://job-boards.greenhouse.io/mangroup,greenhouse,"{""token"": ""mangroup""}"
manomano,manomano-careers,https://careers.manomano.jobs/jobs,rss,"{""preset"": ""teamtailor"", ""feed_url"": ""https://careers.manomano.jobs/jobs.rss""}"
manor,manor-positions,https://positions.manor.ch/,rss,"{""preset"": ""successfactors"", ""feed_url"": ""https://positions.manor.ch/googlefeed.xml"", ""variant"": ""feed""}"
manscaped,manscaped-greenhouse,https://job-boards.greenhouse.io/manscaped,greenhouse,"{""token"": ""manscaped""}"
mantra-health,mantra-health-greenhouse,https://job-boards.greenhouse.io/mantrahealth,greenhouse,"{""token"": ""mantrahealth""}"
manulife-and-john-hancock,manulife-and-john-hancock-careers,https://manulife.wd3.myworkdayjobs.com/mfcjh_jobs,workday,
manychat,manychat-greenhouse,https://job-boards.greenhouse.io/manychat,greenhouse,"{""token"": ""manychat""}"
manypets,manypets-global,https://many-group.com/careers/opportunities/,greenhouse,"{""token"": ""manygroup""}"
maple,maple-ashby,https://jobs.ashbyhq.com/maple,ashby,"{""token"": ""maple""}"
maplight-therapeutics,maplight-therapeutics-greenhouse,https://job-boards.greenhouse.io/maplighttherapeutics,greenhouse,"{""token"": ""maplighttherapeutics""}"
mariana-minerals,mariana-minerals-careers,https://jobs.ashbyhq.com/marianaminerals,ashby,"{""token"": ""marianaminerals""}"
mark-spain-real-estate,mark-spain-real-estate-greenhouse,https://job-boards.greenhouse.io/markspainrealestate,greenhouse,"{""token"": ""markspainrealestate""}"
mark43,mark43-greenhouse,https://job-boards.greenhouse.io/mark43,greenhouse,"{""token"": ""mark43""}"
marketaxess,marketaxess-greenhouse,https://job-boards.greenhouse.io/marketaxesscorporation,greenhouse,"{""token"": ""marketaxesscorporation""}"
marksandspencer,marksandspencer-pinpoint,https://marksandspencer.pinpointhq.com,pinpoint,"{""slug"": ""marksandspencer""}"
marmon,marmon-careers,https://marmon.wd501.myworkdayjobs.com/marmon_careers,workday,
marqeta,marqeta-greenhouse,https://job-boards.greenhouse.io/marqeta,greenhouse,"{""token"": ""marqeta""}"
marqvision,marqvision-greenhouse,https://job-boards.greenhouse.io/marqvision,greenhouse,"{""token"": ""marqvision""}"
marqvision,marqvision-lever,https://jobs.lever.co/marqvision,lever,"{""token"": ""marqvision""}"
marriott,marriott-careers,https://ejwl.fa.us2.oraclecloud.com/hcmUI/CandidateExperience/en/sites/CX,oracle_hcm,
marsh,marsh-careers,https://mmc.wd1.myworkdayjobs.com/MMC,workday,
marshmallow,marshmallow-ashby,https://jobs.ashbyhq.com/marshmallow,ashby,"{""token"": ""marshmallow""}"
martell-ventures,martell-ventures-greenhouse,https://job-boards.greenhouse.io/martellgrowthsolutions,greenhouse,"{""token"": ""martellgrowthsolutions""}"
marvel-fusion,marvel-fusion-greenhouse,https://job-boards.eu.greenhouse.io/marvelfusion,greenhouse,"{""token"": ""marvelfusion""}"
mass-general-brigham,mass-general-brigham-careers,https://massgeneralbrigham.wd1.myworkdayjobs.com/mgbexternal,workday,
massar-capital,massar-capital-greenhouse,https://job-boards.greenhouse.io/massarcapital,greenhouse,"{""token"": ""massarcapital""}"
mastercard,mastercard-careers-wd,https://mastercard.wd1.myworkdayjobs.com/CorporateCareers,workday,"{""company"": ""mastercard"", ""wd_instance"": ""wd1"", ""site"": ""CorporateCareers""}"
masterclass,masterclass-greenhouse,https://job-boards.greenhouse.io/masterclass,greenhouse,"{""token"": ""masterclass""}"
material-bank,material-bank-greenhouse,https://job-boards.greenhouse.io/materialbank,greenhouse,"{""token"": ""materialbank""}"
materialize,materialize-greenhouse,https://job-boards.greenhouse.io/materialize,greenhouse,"{""token"": ""materialize""}"
materialsecurity,materialsecurity-ashby,https://jobs.ashbyhq.com/materialsecurity,ashby,"{""token"": ""materialsecurity""}"
mather-headquarters,mather-headquarters-greenhouse,https://job-boards.greenhouse.io/matherheadquarters,greenhouse,"{""token"": ""matherheadquarters""}"
matrix,matrix-pinpoint,https://matrix.pinpointhq.com,pinpoint,"{""slug"": ""matrix""}"
matte-projects,matte-projects-greenhouse,https://job-boards.greenhouse.io/matteprojects,greenhouse,"{""token"": ""matteprojects""}"
mattermost,mattermost-greenhouse,https://job-boards.greenhouse.io/mattermost,greenhouse,"{""token"": ""mattermost""}"
maurices,maurices-careers,https://maurices.wd5.myworkdayjobs.com/us_retail_jobs,workday,
maven,maven-greenhouse,https://job-boards.greenhouse.io/mavensecuritiesholdingltd,greenhouse,"{""token"": ""mavensecuritiesholdingltd""}"
maven-clinic,maven-clinic-greenhouse,https://job-boards.greenhouse.io/mavenclinic,greenhouse,"{""token"": ""mavenclinic""}"
maven-emerging-talent,maven-emerging-talent-greenhouse,https://job-boards.greenhouse.io/emergingtalent,greenhouse,"{""token"": ""emergingtalent""}"
mavenoid,mavenoid-careers,https://jobs.eu.lever.co/mavenoid,lever,"{""token"": ""mavenoid"", ""region"": ""eu""}"
may-mobility,may-mobility-greenhouse,https://job-boards.greenhouse.io/maymobility,greenhouse,"{""token"": ""maymobility""}"
mayflower,mayflower-careers,https://mayflower.recruitee.com,recruitee,"{""slug"": ""mayflower"", ""api_base"": ""https://mayflower.recruitee.com""}"
mayo-clinic,mayo-clinic-careers,https://fa-euwp-saasfaprod1.fa.ocs.oraclecloud.com/hcmUI/CandidateExperience/en/sites/mayo-us,oracle_hcm,
maze-therapeutics,maze-therapeutics-careers,https://boards.greenhouse.io/mazetherapeutics,greenhouse,"{""token"": ""mazetherapeutics""}"
mcadams,mcadams-greenhouse,https://job-boards.greenhouse.io/mcadams,greenhouse,"{""token"": ""mcadams""}"
mccullough-robertson,mccullough-robertson-greenhouse,https://job-boards.greenhouse.io/mcculloughrobertson,greenhouse,"{""token"": ""mcculloughrobertson""}"
mcdonalds,mcdonalds-cz-almacareer,https://mcdonalds.jobs.cz/,almacareer,{}
mcdonalds,mcdonalds-dk,https://cdn.jobylon.com/jobs/company-groups/241/embed/v2/?page_size=1000,jobylon,"{""company_group_id"": ""241""}"
mcdonalds,mcdonalds-fi,https://cdn.jobylon.com/jobs/companies/1927/embed/v2/?page_size=1000,jobylon,"{""company_id"": ""1927""}"
mcdonalds,mcdonalds-gr,https://mcdonalds.gr/kariera/,inline,"{""steps"": [{""tag"": ""div"", ""attr"": ""id~=elementor-tab-title-8[0-9]+$"", ""field"": ""title""}, {""tag"": ""div"", ""attr"": ""id~=elementor-tab-content-8[0-9]+$"", ""field"": ""description"", ""html"": true}], ""defaults"": {""locations"": [""Greece""]}}"
mcdonalds,mcdonalds-kr,https://mcdonalds.recruiter.co.kr/career/home,recruiter_co_kr,"{""slug"": ""mcdonalds""}"
mcdonalds,mcdonalds-nc,https://www.mcdonalds.nc/carrieres,inline,"{""steps"": [{""tag"": ""h2"", ""attr"": ""class~=text-secondary"", ""field"": ""title""}, {""tag"": ""div"", ""attr"": ""class~=container-carriere"", ""field"": ""description"", ""html"": true}], ""defaults"": {""locations"": [""New Caledonia""]}}"
mcdonalds,mcdonalds-no,https://cdn.jobylon.com/jobs/companies/2081/embed/v2/?page_size=1000,jobylon,"{""company_id"": ""2081""}"
mcdonalds,mcdonalds-reunion,https://www.mcdonaldsreunion.com/candidature,inline,"{""steps"": [{""tag"": ""span"", ""attr"": ""class~=mcd-faq__panel-title-text"", ""field"": ""title""}, {""tag"": ""div"", ""attr"": ""class~=mcd-faq__panel-body"", ""field"": ""description"", ""html"": true, ""optional"": true}], ""defaults"": {""locations"": [""Reunion""]}}"
mcdonalds,mcdonalds-rs,https://www.mcdonalds.rs/zaposlenje/prijavi-se/,inline,"{""steps"": [{""tag"": ""p"", ""attr"": ""class~=title"", ""field"": ""title""}, {""tag"": ""div"", ""attr"": ""class~=accordion-content__inner"", ""field"": ""description"", ""html"": true}], ""defaults"": {""locations"": [""Serbia""]}}"
mcdonalds,mcdonalds-se,https://cdn.jobylon.com/jobs/companies/1955/embed/v2/?page_size=1000,jobylon,"{""company_id"": ""1955""}"
mcdonalds,mcdonalds-sg,https://careers.mcdonalds.com.sg/roles/,inline,"{""proxy"": true, ""transient_403"": true, ""transport_attempts"": 3, ""steps"": [{""tag"": ""h2"", ""attr"": ""class=title"", ""field"": ""title""}, {""tag"": ""p"", ""field"": ""description"", ""html"": true, ""stop_tag"": ""h2""}], ""defaults"": {""locations"": [""Singapore""]}}"
mcdonalds,mcdonalds-sk-almacareer,https://mcdonalds.topjobs.sk/,almacareer,{}
mcdonalds,mcdonalds-th,https://www.mcdonalds.co.th/joinUs,inline,"{""steps"": [{""tag"": ""a"", ""attr"": ""data-toggle=collapse"", ""field"": ""title""}, {""tag"": ""div"", ""attr"": ""class~=panel-body"", ""field"": ""description"", ""html"": true}], ""defaults"": {""locations"": [""Thailand""]}}"
mcg-health,mcg-health-greenhouse,https://job-boards.greenhouse.io/mcghealth,greenhouse,"{""token"": ""mcghealth""}"
mcmaster-carr,mcmaster-carr-greenhouse,https://job-boards.greenhouse.io/mcmastercarr,greenhouse,"{""token"": ""mcmastercarr""}"
mco,mco-greenhouse,https://job-boards.greenhouse.io/mco,greenhouse,"{""token"": ""mco""}"
mechanize,mechanize-ashby,https://jobs.ashbyhq.com/mechanize,ashby,"{""token"": ""mechanize""}"
medal,medal-ashby,https://jobs.ashbyhq.com/medal,ashby,"{""token"": ""medal""}"
medecins-sans-frontieres-doctors-without-borders-field,medecins-sans-frontieres-doctors-without-borders-field-greenhouse,https://job-boards.greenhouse.io/workoverseas,greenhouse,"{""token"": ""workoverseas""}"
medecins-sans-frontieres-doctors-without-borders-united-states,medecins-sans-frontieres-doctors-without-borders-united-states-greenhouse,https://job-boards.greenhouse.io/msfcareers,greenhouse,"{""token"": ""msfcareers""}"
medeloop,medeloop-greenhouse,https://job-boards.greenhouse.io/medeloop,greenhouse,"{""token"": ""medeloop""}"
medely,medely-ashby,https://jobs.ashbyhq.com/medely,ashby,"{""token"": ""medely""}"
mediamarktsaturn,mediamarktsaturn-careers-global,https://careers.mediamarktsaturn.com/search/,rss,"{""preset"": ""successfactors"", ""feed_url"": ""https://careers.mediamarktsaturn.com/googlefeed.xml"", ""url_allowlist"": ""^https://careers\\.mediamarktsaturn\\.com/[A-Za-z][A-Za-z0-9]*/job/[^/?#]+/\\d+/$"", ""url_transform"": {""find"": ""^https://careers\\.mediamarktsaturn\\.com/[A-Za-z][A-Za-z0-9]*/job/[^/?#]+/(\\d+)/$"", ""replace"": ""https://careers.mediamarktsaturn.com/job/_/\\1/"", ""collision_policy"": ""prefer_source_pattern"", ""collision_preferred_source_patterns"": [""^https://careers\\.mediamarktsaturn\\.com/MediaMarktSaturn/"", ""^https://careers\\.mediamarktsaturn\\.com/MediaMarktCH/"", ""^https://careers\\.mediamarktsaturn\\.com/""], ""collision_canonical_identity_regex"": ""^https://careers\\.mediamarktsaturn\\.com/job/_/(\\d+)/$"", ""collision_identity_metadata_key"": ""id"", ""collision_stream_buffer_limit"": 5000}}"
medical-informatics-engineering,medical-informatics-engineering-greenhouse,https://job-boards.greenhouse.io/medicalinformaticsengineering,greenhouse,"{""token"": ""medicalinformaticsengineering""}"
medier,medier-greenhouse,https://job-boards.greenhouse.io/medier,greenhouse,"{""token"": ""medier""}"
medsien,medsien-greenhouse,https://job-boards.greenhouse.io/medsien,greenhouse,"{""token"": ""medsien""}"
medtronic,medtronic-careers,https://medtronic.wd1.myworkdayjobs.com/MedtronicCareers,workday,
megazone,megazone-ashby,https://jobs.ashbyhq.com/megazone,ashby,"{""token"": ""megazone""}"
meijer,meijer-careers,https://meijer.wd5.myworkdayjobs.com/meijer_stores_hourly,workday,
meinian-onehealth,meinian-onehealth-careers,https://health-100.zhiye.com/Social,beisen,"{""tenant"": ""health-100"", ""variant"": ""legacy"", ""listing_path"": ""/Social"", ""legacy_template"": ""standard""}"
mejuri,mejuri-greenhouse,https://job-boards.greenhouse.io/mejuri,greenhouse,"{""token"": ""mejuri""}"
melio,melio-greenhouse,https://job-boards.greenhouse.io/melio,greenhouse,"{""token"": ""melio""}"
melotech,melotech-ashby,https://jobs.ashbyhq.com/melotech,ashby,"{""token"": ""melotech""}"
meltplan,meltplan-greenhouse,https://job-boards.greenhouse.io/meltplan,greenhouse,"{""token"": ""meltplan""}"
mem-protocol,mem-protocol-careers,https://jobs.ashbyhq.com/mem,ashby,"{""token"": ""mem""}"
memed-diagnostics,memed-diagnostics-careers,https://www.me-med.com/careers/,inline,"{""render"": false, ""steps"": [{""tag"": ""p"", ""text"": ""Who are we?"", ""offset"": -1, ""field"": ""title"", ""regex"": ""^(.+?)\\s*\\(location\\s*[\u2013-]""}, {""tag"": ""p"", ""text"": ""Who are we?"", ""offset"": -1, ""field"": ""location"", ""regex"": ""\\(location\\s*[\u2013-]\\s*([^\\)]+)\\)""}, {""tag"": ""p"", ""field"": ""description"", ""html"": true, ""stop_tag"": ""h3"", ""stop"": ""We are always happy""}]}"
memx,memx-greenhouse,https://job-boards.greenhouse.io/memx,greenhouse,"{""token"": ""memx""}"
mena-consultant,mena-consultant-greenhouse,https://job-boards.greenhouse.io/menaconsultant,greenhouse,"{""token"": ""menaconsultant""}"
mend-io,mend-io-ashby,https://jobs.ashbyhq.com/mend-io,ashby,"{""token"": ""mend-io""}"
mento,mento-greenhouse,https://job-boards.greenhouse.io/mento,greenhouse,"{""token"": ""mento""}"
mercari,mercari-greenhouse,https://job-boards.greenhouse.io/mercari,greenhouse,"{""token"": ""mercari""}"
mercer-advisors,mercer-advisors-greenhouse,https://job-boards.greenhouse.io/merceradvisors,greenhouse,"{""token"": ""merceradvisors""}"
merck,merck-careers,https://jobs.vibrantm.com/,rss,"{""preset"": ""successfactors""}"
merck,merck-springworks,https://boards.greenhouse.io/springsworkstherapeutics,greenhouse,"{""token"": ""springsworkstherapeutics""}"
mercury,mercury-greenhouse,https://job-boards.greenhouse.io/mercury,greenhouse,"{""token"": ""mercury""}"
merge,merge-pinpoint,https://merge.pinpointhq.com,pinpoint,"{""slug"": ""merge""}"
merge-api,merge-api-greenhouse,https://job-boards.greenhouse.io/merge,greenhouse,"{""token"": ""merge""}"
meridian,meridian-ashby,https://jobs.ashbyhq.com/meridian,ashby,"{""token"": ""meridian""}"
meridian-partners,meridian-partners-greenhouse,https://job-boards.greenhouse.io/meridianpartners,greenhouse,"{""token"": ""meridianpartners""}"
merit,merit-workday,https://merit.wd503.myworkdayjobs.com/Merit,workday,"{""company"": ""merit"", ""wd_instance"": ""wd503"", ""site"": ""Merit""}"
merit-america,merit-america-greenhouse,https://job-boards.greenhouse.io/meritamerica,greenhouse,"{""token"": ""meritamerica""}"
meriton,meriton-greenhouse,https://job-boards.greenhouse.io/meriton,greenhouse,"{""token"": ""meriton""}"
merqube-inc,merqube-inc-greenhouse,https://job-boards.greenhouse.io/merqube,greenhouse,"{""token"": ""merqube""}"
mesh,mesh-greenhouse,https://job-boards.greenhouse.io/mesh,greenhouse,"{""token"": ""mesh""}"
meshy,meshy-ashby,https://jobs.ashbyhq.com/meshy,ashby,"{""token"": ""meshy""}"
met-group,met-group-mega-group,https://megagroupinternational.recruitee.com/,recruitee,"{""slug"": ""megagroupinternational""}"
metabase,metabase-lever,https://jobs.lever.co/metabase,lever,"{""token"": ""metabase""}"
metabit-technology-llc,metabit-technology-llc-greenhouse,https://job-boards.greenhouse.io/metabittechnologyllc,greenhouse,"{""token"": ""metabittechnologyllc""}"
metacore,metacore-greenhouse,https://job-boards.greenhouse.io/metacore,greenhouse,"{""token"": ""metacore""}"
metalab,metalab-greenhouse,https://job-boards.greenhouse.io/metalab,greenhouse,"{""token"": ""metalab""}"
method,method-ashby,https://jobs.ashbyhq.com/method,ashby,"{""token"": ""method""}"
method-security,method-security-careers,https://jobs.ashbyhq.com/method.security,ashby,"{""token"": ""method.security""}"
meticulous,meticulous-ashby,https://jobs.ashbyhq.com/meticulous,ashby,"{""token"": ""meticulous""}"
metos,metos-main,https://metos.global/en/join-us/,inline,"{""steps"": [{""tag"": ""div"", ""attr"": ""class=elementor-tab-title"", ""field"": ""title""}, {""tag"": ""p"", ""field"": ""description"", ""stop"": ""Apply via contact form"", ""html"": true}], ""defaults"": {""locations"": [""Weiz, Austria""]}}"
metox-international-inc,metox-international-inc-greenhouse,https://job-boards.greenhouse.io/metoxinternationalinc,greenhouse,"{""token"": ""metoxinternationalinc""}"
metronome,metronome-greenhouse,https://job-boards.greenhouse.io/metronome,greenhouse,"{""token"": ""metronome""}"
metropolis,metropolis-greenhouse,https://job-boards.greenhouse.io/metropolis,greenhouse,"{""token"": ""metropolis""}"
metropolitan-commercial-bank,metropolitan-commercial-bank-greenhouse,https://job-boards.greenhouse.io/metropolitancommercialbank,greenhouse,"{""token"": ""metropolitancommercialbank""}"
mews,mews-global,https://boards-api.greenhouse.io/v1/boards/mewssystems/jobs,greenhouse,"{""token"": ""mewssystems""}"
mgt-insurance,mgt-insurance-greenhouse,https://job-boards.greenhouse.io/mgtinsurance,greenhouse,"{""token"": ""mgtinsurance""}"
mhi,mhi-careers,https://mhicareers.com/viewalljobs/,rss,"{""preset"": ""successfactors"", ""feed_url"": ""https://mhicareers.com/googlefeed.xml""}"
mhi,mhi-careers-eu,https://mhiecpd.recruitee.com/,recruitee,"{""company"": ""mhiecpd""}"
michael-bonsby-hvac-plumbing-electrical,michael-bonsby-hvac-plumbing-electrical-greenhouse,https://job-boards.greenhouse.io/bonsbyhvacplumbing,greenhouse,"{""token"": ""bonsbyhvacplumbing""}"
michelin,michelin-careers,https://michelinhr.wd3.myworkdayjobs.com/michelin,workday,
michels-corporation,michels-corporation-careers,https://job-boards.greenhouse.io/michelscorporation,greenhouse,
micron,micron-careers,https://micron.wd1.myworkdayjobs.com/external,workday,
midi-health,midi-health-greenhouse,https://job-boards.greenhouse.io/midihealth,greenhouse,"{""token"": ""midihealth""}"
midstream,midstream-careers,https://jobs.ashbyhq.com/midstream,ashby,"{""token"": ""midstream""}"
mill,mill-greenhouse,https://job-boards.greenhouse.io/mill,greenhouse,"{""token"": ""mill""}"
million-dollar-baby-co,million-dollar-baby-co-greenhouse,https://job-boards.greenhouse.io/milliondollarbabyco,greenhouse,"{""token"": ""milliondollarbabyco""}"
mimic,mimic-careers,https://jobs.gem.com/mimicrobotics-com,gem,"{""token"": ""mimicrobotics-com""}"
mind-robotics,mind-robotics-careers,https://jobs.ashbyhq.com/mindrobotics,ashby,"{""token"": ""mindrobotics""}"
mindbody,mindbody-greenhouse,https://job-boards.greenhouse.io/mindbody,greenhouse,"{""token"": ""mindbody""}"
mineralys-therapeutics,mineralys-therapeutics-greenhouse,https://job-boards.greenhouse.io/mineralystherapeutics,greenhouse,"{""token"": ""mineralystherapeutics""}"
minio,minio-greenhouse,https://job-boards.greenhouse.io/minio,greenhouse,"{""token"": ""minio""}"
minitab,minitab-greenhouse,https://job-boards.greenhouse.io/minitab,greenhouse,"{""token"": ""minitab""}"
minnesota-cannabis-services,minnesota-cannabis-services-greenhouse,https://job-boards.greenhouse.io/mcs,greenhouse,"{""token"": ""mcs""}"
mintlify,mintlify-ashby,https://jobs.ashbyhq.com/mintlify,ashby,"{""token"": ""mintlify""}"
mio-partners,mio-partners-greenhouse,https://job-boards.greenhouse.io/miopartners,greenhouse,"{""token"": ""miopartners""}"
miq-digital,miq-digital-greenhouse,https://job-boards.greenhouse.io/miqdigital,greenhouse,"{""token"": ""miqdigital""}"
mirage,mirage-careers,https://jobs.ashbyhq.com/mirage,ashby,"{""token"": ""mirage""}"
mirakl,mirakl-greenhouse,https://job-boards.greenhouse.io/mirakl,greenhouse,"{""token"": ""mirakl""}"
mirakl-labs,mirakl-labs-greenhouse,https://job-boards.greenhouse.io/mirakllabs,greenhouse,"{""token"": ""mirakllabs""}"
mirelo-ai,mirelo-ai-careers,https://api.ashbyhq.com/posting-api/job-board/mirelo,ashby,"{""token"": ""mirelo""}"
miro,miro-careers-gh,https://job-boards.greenhouse.io/realtimeboardglobal,greenhouse,"{""token"": ""realtimeboardglobal""}"
mirum-pharmaceuticals,mirum-pharmaceuticals-greenhouse,https://job-boards.greenhouse.io/mirumpharmaceuticals,greenhouse,"{""token"": ""mirumpharmaceuticals""}"
misfits-market,misfits-market-greenhouse,https://job-boards.greenhouse.io/misfitsmarket,greenhouse,"{""token"": ""misfitsmarket""}"
miso,miso-ashby,https://jobs.ashbyhq.com/miso,ashby,"{""token"": ""miso""}"
mission-lane,mission-lane-greenhouse,https://job-boards.greenhouse.io/missionlane,greenhouse,"{""token"": ""missionlane""}"
mistral-ai,mistral-ai-careers,https://jobs.ashbyhq.com/mistral.ai,ashby,"{""token"": ""mistral.ai""}"
mithril,mithril-greenhouse,https://job-boards.greenhouse.io/mithril,greenhouse,"{""token"": ""mithril""}"
mithrl,mithrl-ashby,https://jobs.ashbyhq.com/mithrl,ashby,"{""token"": ""mithrl""}"
mitigram,mitigram-careers,https://careers.mitigram.com/,rss,"{""preset"": ""teamtailor"", ""feed_url"": ""https://careers.mitigram.com/jobs.rss""}"
mitratech,mitratech-greenhouse,https://job-boards.greenhouse.io/mitratech,greenhouse,"{""token"": ""mitratech""}"
mitsogo-inc,mitsogo-inc-greenhouse,https://job-boards.greenhouse.io/mitsogoinc,greenhouse,"{""token"": ""mitsogoinc""}"
mitsubishi-motors-north-america-inc,mitsubishi-motors-north-america-inc-greenhouse,https://job-boards.greenhouse.io/mitsubishimotorsna,greenhouse,"{""token"": ""mitsubishimotorsna""}"
mixpanel,mixpanel-greenhouse,https://job-boards.greenhouse.io/mixpanel,greenhouse,"{""token"": ""mixpanel""}"
mks-pamp,mks-pamp-primary,https://careers.mkspamp.com/jobs,rss,"{""preset"": ""teamtailor"", ""feed_url"": ""https://careers.mkspamp.com/jobs.rss""}"
mlb-job-board-only,mlb-job-board-only-greenhouse,https://job-boards.greenhouse.io/mlbevents,greenhouse,"{""token"": ""mlbevents""}"
mntn,mntn-greenhouse,https://job-boards.greenhouse.io/mntn,greenhouse,"{""token"": ""mntn""}"
mob-entertainment,mob-entertainment-greenhouse,https://job-boards.greenhouse.io/mobentertainment,greenhouse,"{""token"": ""mobentertainment""}"
mobilelink,mobilelink-careers,https://www.paycomonline.net/v4/ats/web.php/portal/d1dc522a4523c9d4adc4d4fe2e9437a5/career-page,paycom,
mobileye,mobileye-lever,https://jobs.eu.lever.co/mobileye,lever,"{""token"": ""mobileye"", ""region"": ""eu""}"
mobilityware,mobilityware-greenhouse,https://job-boards.greenhouse.io/mobilityware,greenhouse,"{""token"": ""mobilityware""}"
mochi-health,mochi-health-greenhouse,https://job-boards.greenhouse.io/mochihealth,greenhouse,"{""token"": ""mochihealth""}"
modal,modal-careers,https://jobs.ashbyhq.com/modal,ashby,
modern-animal,modern-animal-greenhouse,https://job-boards.greenhouse.io/modernanimal,greenhouse,"{""token"": ""modernanimal""}"
modern-health,modern-health-greenhouse,https://job-boards.greenhouse.io/modernhealth,greenhouse,"{""token"": ""modernhealth""}"
moderna,moderna-main,https://modernatx.wd1.myworkdayjobs.com/en-US/M_tx,workday,"{""company"": ""modernatx"", ""wd_instance"": ""wd1"", ""site"": ""M_tx""}"
modernfi,modernfi-careers,https://api.ashbyhq.com/posting-api/job-board/modernfi,ashby,"{""token"": ""modernfi""}"
modernizing-medicine-inc,modernizing-medicine-inc-workday,https://modmed.wd501.myworkdayjobs.com/ModMed12,workday,"{""company"": ""modmed"", ""wd_instance"": ""wd501"", ""site"": ""ModMed12""}"
moderntreasury,moderntreasury-ashby,https://jobs.ashbyhq.com/moderntreasury,ashby,"{""token"": ""moderntreasury""}"
modulr,modulr-greenhouse,https://job-boards.greenhouse.io/modulrfinance,greenhouse,"{""token"": ""modulrfinance""}"
modus-create,modus-create-greenhouse,https://job-boards.greenhouse.io/moduscreate,greenhouse,"{""token"": ""moduscreate""}"
moelis,moelis-careers-workday,https://moelis.wd1.myworkdayjobs.com/Experienced-Hires,workday,"{""company"": ""moelis"", ""wd_instance"": ""wd1"", ""site"": ""Experienced-Hires""}"
moia-gmbh,moia-gmbh-greenhouse,https://job-boards.greenhouse.io/moia,greenhouse,"{""token"": ""moia""}"
molg,molg-ashby,https://jobs.ashbyhq.com/molg,ashby,"{""token"": ""molg""}"
mollie,mollie-careers,https://jobs.ashbyhq.com/mollie/,ashby,"{""token"": ""mollie""}"
moloco,moloco-greenhouse,https://job-boards.greenhouse.io/moloco,greenhouse,"{""token"": ""moloco""}"
momence,momence-greenhouse,https://job-boards.greenhouse.io/momence,greenhouse,"{""token"": ""momence""}"
moment,moment-ashby,https://jobs.ashbyhq.com/moment,ashby,"{""token"": ""moment""}"
momentum,momentum-greenhouse,https://job-boards.greenhouse.io/momentumcompany3,greenhouse,"{""token"": ""momentumcompany3""}"
momentum-financial-services-group,momentum-financial-services-group-greenhouse,https://job-boards.greenhouse.io/momentumfinancialservicesgroup,greenhouse,"{""token"": ""momentumfinancialservicesgroup""}"
monad-foundation,monad-foundation-ashby,https://jobs.ashbyhq.com/monad.foundation,ashby,"{""token"": ""monad.foundation""}"
mondelez,mondelez-careers,https://mdlz.wd3.myworkdayjobs.com/External,workday,
moneyboxapp,moneyboxapp-pinpoint,https://moneyboxapp.pinpointhq.com,pinpoint,"{""slug"": ""moneyboxapp""}"
moneyhero-group,moneyhero-group-greenhouse,https://job-boards.greenhouse.io/moneyherogroup,greenhouse,"{""token"": ""moneyherogroup""}"
moneysmart-group,moneysmart-group-greenhouse,https://job-boards.greenhouse.io/moneysmart,greenhouse,"{""token"": ""moneysmart""}"
mongodb,mongodb-greenhouse,https://job-boards.greenhouse.io/mongodb,greenhouse,"{""token"": ""mongodb""}"
moniepoint,moniepoint-greenhouse,https://job-boards.greenhouse.io/moniepoint,greenhouse,"{""token"": ""moniepoint""}"
monro,monro-careers,https://ibqmjb.fa.ocs.oraclecloud.com/hcmUI/CandidateExperience/en/sites/Monro-Careers,oracle_hcm,
monroe-tractor,monroe-tractor-greenhouse,https://job-boards.greenhouse.io/monroetractor,greenhouse,"{""token"": ""monroetractor""}"
monumental,monumental-ashby,https://jobs.ashbyhq.com/monumental,ashby,"{""token"": ""monumental""}"
monumental-sports-entertainment,monumental-sports-entertainment-greenhouse,https://job-boards.greenhouse.io/monumentalsports,greenhouse,"{""token"": ""monumentalsports""}"
monzo,monzo-careers,https://job-boards.greenhouse.io/monzo,greenhouse,"{""token"": ""monzo""}"
moonlite,moonlite-greenhouse,https://job-boards.greenhouse.io/moonlite,greenhouse,"{""token"": ""moonlite""}"
morgan-morgan-p-a,morgan-morgan-p-a-greenhouse,https://job-boards.greenhouse.io/morganmorganjobsapplynow,greenhouse,"{""token"": ""morganmorganjobsapplynow""}"
morgan-stanley,morgan-stanley-workday,https://ms.wd5.myworkdayjobs.com/External,workday,"{""company"": ""ms"", ""wd_instance"": ""wd5"", ""site"": ""External""}"
morning-brew-inc,morning-brew-inc-lever,https://jobs.lever.co/morningbrew,lever,"{""token"": ""morningbrew""}"
morse-micro,morse-micro-ashby,https://jobs.ashbyhq.com/morse-micro,ashby,"{""token"": ""morse-micro""}"
morse-micro,morse-micro-greenhouse,https://job-boards.greenhouse.io/morsemicro,greenhouse,"{""token"": ""morsemicro""}"
mortenson,mortenson-careers,https://fa-esgu-saasfaprod1.fa.ocs.oraclecloud.com/hcmUI/CandidateExperience/en/sites/CX_1,oracle_hcm,
mosaic,mosaic-ashby,https://jobs.ashbyhq.com/mosaic,ashby,"{""token"": ""mosaic""}"
moss-new-york-llc,moss-new-york-llc-greenhouse,https://job-boards.greenhouse.io/mossnewyorkllc,greenhouse,"{""token"": ""mossnewyorkllc""}"
motherduck,motherduck-ashby,https://jobs.ashbyhq.com/motherduck,ashby,"{""token"": ""motherduck""}"
motion,motion-ashby,https://jobs.ashbyhq.com/motion,ashby,"{""token"": ""motion""}"
motional,motional-greenhouse,https://job-boards.greenhouse.io/motional,greenhouse,"{""token"": ""motional""}"
motive,motive-greenhouse,https://job-boards.greenhouse.io/gomotive,greenhouse,"{""token"": ""gomotive""}"
motorola-solutions,motorola-solutions-careers-workday,https://motorolasolutions.wd5.myworkdayjobs.com/Careers,workday,"{""tenant"": ""motorolasolutions"", ""job_board"": ""Careers""}"
mount-sinai-health-system,mount-sinai-health-system-careers,https://ejis.fa.us6.oraclecloud.com/hcmUI/CandidateExperience/en/sites/CX,oracle_hcm,"{""offset_overlap"": 5, ""total_count_tolerance"": 1, ""page_shortfall_tolerance"": 1}"
mount-sinai-health-system,mount-sinai-health-system-south-nassau,https://snchprd-law-lm01.cloud.infor.com:1444/lmghr/CandidateSelfService/lm?_frommenu=true&context.dataarea=lmghr&context.session.key.JobBoard=EXTERNAL&context.session.key.HROrganization=1000,infor,"{""origin"": ""https://snchprd-law-lm01.cloud.infor.com:1444"", ""dataarea"": ""lmghr"", ""job_board"": ""EXTERNAL"", ""hr_organization"": ""1000""}"
movement-strategy,movement-strategy-greenhouse,https://job-boards.greenhouse.io/movementstrategy,greenhouse,"{""token"": ""movementstrategy""}"
mozilla,mozilla-greenhouse,https://job-boards.greenhouse.io/mozilla,greenhouse,"{""token"": ""mozilla""}"
mq-referrals-only,mq-referrals-only-greenhouse,https://job-boards.greenhouse.io/mqreferrals,greenhouse,"{""token"": ""mqreferrals""}"
mr-apple,mr-apple-greenhouse,https://job-boards.greenhouse.io/mrapple,greenhouse,"{""token"": ""mrapple""}"
mr-apple-careers-site,mr-apple-careers-site-greenhouse,https://job-boards.greenhouse.io/mrapplecareers,greenhouse,"{""token"": ""mrapplecareers""}"
mrbeast,mrbeast-greenhouse,https://job-boards.greenhouse.io/mrbeastyoutube,greenhouse,"{""token"": ""mrbeastyoutube""}"
mrbeast-contract-jobs,mrbeast-contract-jobs-greenhouse,https://job-boards.greenhouse.io/aplayers,greenhouse,"{""token"": ""aplayers""}"
ms-amlin,ms-amlin-workday-global,https://msamlin.wd3.myworkdayjobs.com/MSAmlinCareers,workday,"{""company"": ""msamlin"", ""wd_instance"": ""wd3"", ""site"": ""MSAmlinCareers"", ""all_sites"": false}"
msc,msc-cargo-linkedin,https://www.linkedin.com/company/msc-mediterranean-shipping-co--s-a-/jobs/,linkedin,"{""company_slug"": ""msc-mediterranean-shipping-co--s-a-"", ""company_id"": ""586414""}"
msd,msd-careers,https://msd.wd5.myworkdayjobs.com/searchjobs,workday,"{""company"": ""msd"", ""wd_instance"": ""wd5"", ""site"": ""searchjobs""}"
msd,msd-japan-new-grads,https://www.recruit.msd.co.jp/recruitment/,inline,"{""render"": false, ""include_hidden"": true, ""require_zero_proof"": true, ""section_start"": {""tag"": ""h2"", ""text"": ""\u52df\u96c6\u8981\u9805""}, ""section_end"": {""tag"": ""h2"", ""text"": ""\u3082\u3063\u3068MSD\u3092\u77e5\u308b""}, ""item_boundary"": {""tag"": ""h3"", ""match_regex"": ""^(MR\u8077|\u30e1\u30c7\u30a3\u30ab\u30eb\u30a2\u30d5\u30a7\u30a2\u30fc\u30ba\u8077|\u751f\u7523\u672c\u90e8\u8077|\u958b\u767a\u8077|\u7d71\u8a08\u8077)$""}, ""preserve_single_location"": true, ""steps"": [{""tag"": ""h3"", ""match_regex"": ""^(MR\u8077|\u30e1\u30c7\u30a3\u30ab\u30eb\u30a2\u30d5\u30a7\u30a2\u30fc\u30ba\u8077|\u751f\u7523\u672c\u90e8\u8077|\u958b\u767a\u8077|\u7d71\u8a08\u8077)$"", ""field"": ""title""}, {""text"": ""\u52e4\u52d9\u5730"", ""offset"": 1, ""field"": ""location""}, {""tag"": ""p"", ""field"": ""description"", ""html"": true, ""stop"": ""\u304a\u4ed5\u4e8b\u4f53\u9a13\u30d7\u30ed\u30b0\u30e9\u30e0"", ""from"": 0}], ""defaults"": {""employment_type"": ""full_time""}}"
msf,msf-careers-recruitee,https://msf.recruitee.com,recruitee,"{""slug"": ""msf"", ""api_base"": ""https://msf.recruitee.com""}"
msf,msf-careers-successfactors-ocba,https://careers.msf-applications.org,rss,"{""preset"": ""successfactors"", ""feed_url"": ""https://careers.msf-applications.org/googlefeed.xml""}"
msf,msf-careers-workday-france,https://msf.wd3.myworkdayjobs.com/msf_france_terrain,workday,"{""company"": ""msf"", ""wd_instance"": ""wd3"", ""site"": ""msf_france_terrain""}"
msf,msf-careers-workday-oca,https://msfoca.wd103.myworkdayjobs.com/en-US/artsen_zonder_grenzen,workday,"{""company"": ""msfoca"", ""wd_instance"": ""wd103"", ""site"": ""artsen_zonder_grenzen""}"
mt-bank,mt-bank-careers,https://mtb.wd5.myworkdayjobs.com/mtb,workday,
mthree-recruiting-portal,mthree-recruiting-portal-greenhouse,https://job-boards.greenhouse.io/mthreerecruitingportal,greenhouse,"{""token"": ""mthreerecruitingportal""}"
mtn-group,mtn-group-oracle-hcm,https://ehle.fa.em2.oraclecloud.com/hcmUI/CandidateExperience/en/sites/CX_1/requisitions,oracle_hcm,
mu-group,mu-group-careers,https://mu.zhiye.com/,beisen,
muck-rack,muck-rack-greenhouse,https://job-boards.greenhouse.io/muckrack,greenhouse,"{""token"": ""muckrack""}"
mufg,mufg-careers,https://mufgub.wd3.myworkdayjobs.com/mufg-careers,workday,"{""company"": ""mufgub"", ""wd_instance"": ""wd3"", ""site"": ""mufg-careers"", ""all_sites"": false}"
mufg,mufg-danamon,https://careers.danamon.co.id/viewalljobs/,rss,"{""preset"": ""successfactors"", ""feed_url"": ""https://careers.danamon.co.id/googlefeed.xml""}"
mufg,mufg-early-careers,https://mufgub.wd3.myworkdayjobs.com/MUFG-EarlyCareers,workday,"{""company"": ""mufgub"", ""wd_instance"": ""wd3"", ""site"": ""MUFG-EarlyCareers"", ""all_sites"": false}"
mufg,mufg-esmart-engineering,https://career.kabu.com/recruit/index.html,inline,"{""render"": false, ""require_zero_proof"": true, ""steps"": [{""match_regex"": ""^(?:フロントエンド|アプリケーション|DevOps|インフラ|ネットワーク|データベース|SRE|セキュリティ)エンジニア$"", ""field"": ""title""}, {""field"": ""description"", ""html"": true, ""stop_regex"": ""^(?:フロントエンド|アプリケーション|DevOps|インフラ|ネットワーク|データベース|SRE|セキュリティ)エンジニア$""}], ""defaults"": {""locations"": [""東京都千代田区霞が関3-2-5 霞が関ビルディング24F""], ""employment_type"": ""full_time"", ""job_location_type"": ""hybrid""}}"
mufg,mufg-first-sentier,https://eoiv.fa.ap1.oraclecloud.com/hcmUI/CandidateExperience/en/sites/CX_2001/jobs,oracle_hcm,"{""host"": ""eoiv.fa.ap1.oraclecloud.com"", ""site"": ""CX_2001""}"
mufg,mufg-pension-market-services,https://hcmn.fa.ap1.oraclecloud.com/hcmUI/CandidateExperience/en/sites/CX_1001/jobs,oracle_hcm,"{""host"": ""hcmn.fa.ap1.oraclecloud.com"", ""site"": ""CX_1001""}"
multiply,multiply-ashby,https://jobs.ashbyhq.com/multiply,ashby,"{""token"": ""multiply""}"
multiverse,multiverse-ashby,https://jobs.ashbyhq.com/multiverse,ashby,"{""token"": ""multiverse""}"
multiverse,multiverse-stackfuel-germany,https://jobs.ashbyhq.com/stackfuel,ashby,"{""token"": ""stackfuel""}"
multiverse-computing,multiverse-computing-main,https://multiversecomputing.teamtailor.com/,rss,"{""preset"": ""teamtailor"", ""feed_url"": ""https://multiversecomputing.teamtailor.com/jobs.rss""}"
muon-space,muon-space-greenhouse,https://job-boards.greenhouse.io/muonspace,greenhouse,"{""token"": ""muonspace""}"
mural,mural-ashby,https://jobs.ashbyhq.com/mural,ashby,"{""token"": ""mural""}"
museum-of-science,museum-of-science-greenhouse,https://job-boards.greenhouse.io/themuseumofscience,greenhouse,"{""token"": ""themuseumofscience""}"
mux,mux-ashby,https://jobs.ashbyhq.com/mux,ashby,"{""token"": ""mux""}"
myers-holum,myers-holum-greenhouse,https://job-boards.greenhouse.io/mhi,greenhouse,"{""token"": ""mhi""}"
myfitnesspal,myfitnesspal-greenhouse,https://job-boards.greenhouse.io/myfitnesspal,greenhouse,"{""token"": ""myfitnesspal""}"
myfunded-futures,myfunded-futures-greenhouse,https://job-boards.greenhouse.io/myfundedfutures,greenhouse,"{""token"": ""myfundedfutures""}"
mynt,mynt-careers,https://career.mynt.com/jobs,rss,"{""preset"": ""teamtailor"", ""feed_url"": ""https://career.mynt.com/jobs.rss""}"
myriad360,myriad360-greenhouse,https://job-boards.greenhouse.io/myriad360,greenhouse,"{""token"": ""myriad360""}"
myrspoven,myrspoven-career,https://myrspoven.com/career,inline,"{""render"": false, ""steps"": [{""tag"": ""div"", ""attr"": ""class=flex flex-1 flex-wrap items-center"", ""field"": ""title""}, {""tag"": ""div"", ""attr"": ""class=flex flex-wrap gap-3 text-sm"", ""field"": ""location"", ""regex"": ""\ud83d\udccd\\s*([^/]+?)(?:\\s*/|\\s*\ud83d\udd50)""}, {""text"": ""About the role""}, {""tag"": ""p"", ""field"": ""description"", ""html"": true, ""stop"": ""Apply for this position""}], ""defaults"": {""employment_type"": ""full_time"", ""job_location_type"": ""hybrid""}}"
myshell,myshell-greenhouse,https://job-boards.greenhouse.io/myshell,greenhouse,"{""token"": ""myshell""}"
mystenlabs,mystenlabs-ashby,https://jobs.ashbyhq.com/mystenlabs,ashby,"{""token"": ""mystenlabs""}"
myvillage,myvillage-ashby,https://jobs.ashbyhq.com/myvillage,ashby,"{""token"": ""myvillage""}"
n-ix,n-ix-greenhouse,https://job-boards.greenhouse.io/nix,greenhouse,"{""token"": ""nix""}"
n1,n1-ashby,https://jobs.ashbyhq.com/n1,ashby,"{""token"": ""n1""}"
n26,n26-greenhouse,https://job-boards.greenhouse.io/n26,greenhouse,"{""token"": ""n26""}"
n8n,n8n-ashby,https://jobs.ashbyhq.com/n8n,ashby,"{""token"": ""n8n""}"
nabis,nabis-greenhouse,https://job-boards.greenhouse.io/nabis,greenhouse,"{""token"": ""nabis""}"
nabla,nabla-careers,https://jobs.ashbyhq.com/nabla,ashby,"{""token"": ""nabla""}"
namespace,namespace-ashby,https://jobs.ashbyhq.com/namespace,ashby,"{""token"": ""namespace""}"
nanonets,nanonets-greenhouse,https://job-boards.greenhouse.io/nanonets,greenhouse,"{""token"": ""nanonets""}"
nansen,nansen-careers,https://boards.greenhouse.io/nansen,greenhouse,"{""token"": ""nansen""}"
nansen-ai,nansen-ai-greenhouse,https://job-boards.greenhouse.io/nansen,greenhouse,"{""token"": ""nansen""}"
narvar,narvar-greenhouse,https://job-boards.greenhouse.io/narvar,greenhouse,"{""token"": ""narvar""}"
nas-company,nas-company-greenhouse,https://job-boards.greenhouse.io/nascompany,greenhouse,"{""token"": ""nascompany""}"
nash,nash-careers,https://jobs.ashbyhq.com/Nash,ashby,"{""token"": ""Nash""}"
natera,natera-greenhouse,https://job-boards.greenhouse.io/natera,greenhouse,"{""token"": ""natera""}"
national-design-build-services,national-design-build-services-greenhouse,https://job-boards.greenhouse.io/nationaldbs1,greenhouse,"{""token"": ""nationaldbs1""}"
national-life-insurance-company,national-life-insurance-company-greenhouse,https://job-boards.greenhouse.io/nationallifeinsurancecompany,greenhouse,"{""token"": ""nationallifeinsurancecompany""}"
national-science-center-kharkiv-institute-of-physics-and-technology,national-science-center-kharkiv-institute-of-physics-and-technology-vacancies,https://www.kipt.kharkov.ua/ua/vacancy.html,kipt,"{""max_age_days"":30,""default_location"":""Kharkiv, Ukraine""}"
naturalmotion,naturalmotion-greenhouse,https://job-boards.greenhouse.io/nmcareers,greenhouse,"{""token"": ""nmcareers""}"
nature-s-bakery,nature-s-bakery-greenhouse,https://job-boards.greenhouse.io/naturesbakery,greenhouse,"{""token"": ""naturesbakery""}"
naughty-dog,naughty-dog-greenhouse,https://job-boards.greenhouse.io/naughtydog,greenhouse,"{""token"": ""naughtydog""}"
nava-pbc,nava-pbc-greenhouse,https://job-boards.greenhouse.io/navapbc,greenhouse,"{""token"": ""navapbc""}"
navan,navan-greenhouse,https://job-boards.greenhouse.io/tripactions,greenhouse,"{""token"": ""tripactions""}"
naver-vietnam,naver-vietnam-greenhouse,https://job-boards.greenhouse.io/navervietnam,greenhouse,"{""token"": ""navervietnam""}"
navier,navier-greenhouse,https://job-boards.greenhouse.io/navierboat,greenhouse,"{""token"": ""navierboat""}"
navvis,navvis-greenhouse,https://job-boards.greenhouse.io/navvis,greenhouse,"{""token"": ""navvis""}"
nayya,nayya-greenhouse,https://job-boards.greenhouse.io/nayya,greenhouse,"{""token"": ""nayya""}"
nccgroup,nccgroup-pinpoint,https://nccgroup.pinpointhq.com,pinpoint,"{""slug"": ""nccgroup""}"
near-space-labs,near-space-labs-greenhouse,https://job-boards.greenhouse.io/nearspacelabs,greenhouse,"{""token"": ""nearspacelabs""}"
nearfield-instruments,nearfield-instruments-careers,https://careers.nearfieldinstruments.com/jobs,recruitee,"{""api_base"": ""https://careers.nearfieldinstruments.com""}"
nearform,nearform-greenhouse,https://job-boards.greenhouse.io/nearform,greenhouse,"{""token"": ""nearform""}"
nebius,nebius-careers,https://job-boards.greenhouse.io/nebius,greenhouse,"{""token"": ""nebius""}"
neighbor,neighbor-careers,https://api.lever.co/v0/postings/neighbor?mode=json,lever,"{""token"": ""neighbor""}"
neighbors-bank,neighbors-bank-greenhouse,https://job-boards.greenhouse.io/neighborsbank,greenhouse,"{""token"": ""neighborsbank""}"
neko-health,neko-health-careers,https://jobs.ashbyhq.com/neko-health,ashby,"{""token"": ""neko-health""}"
neo4j,neo4j-greenhouse,https://job-boards.greenhouse.io/neo4j,greenhouse,"{""token"": ""neo4j""}"
neon,neon-ashby,https://jobs.ashbyhq.com/neon,ashby,"{""token"": ""neon""}"
neon-health,neon-health-ashby,https://jobs.ashbyhq.com/neon-health,ashby,"{""token"": ""neon-health""}"
neon-pagamentos,neon-pagamentos-lever,https://jobs.lever.co/neon,lever,"{""token"": ""neon""}"
neoris,neoris-greenhouse,https://job-boards.greenhouse.io/neoris,greenhouse,"{""token"": ""neoris""}"
neptune-ai,neptune-ai-greenhouse,https://job-boards.greenhouse.io/neptuneai,greenhouse,"{""token"": ""neptuneai""}"
nerdwallet,nerdwallet-ashby,https://jobs.ashbyhq.com/nerdwallet,ashby,"{""token"": ""nerdwallet""}"
nerdy,nerdy-greenhouse,https://job-boards.greenhouse.io/nerdy,greenhouse,"{""token"": ""nerdy""}"
neros-technologies,neros-technologies-greenhouse,https://job-boards.greenhouse.io/nerostechnologies,greenhouse,"{""token"": ""nerostechnologies""}"
nestai,nestai-teamtailor,https://careers.nestai.com/jobs,rss,"{""preset"": ""teamtailor"", ""feed_url"": ""https://careers.nestai.com/jobs.rss""}"
nestle,nestle-careers,https://jobdetails.nestle.com/viewalljobs/,rss,"{""preset"": ""successfactors"", ""feed_url"": ""https://jobdetails.nestle.com/googlefeed.xml""}"
netdocuments,netdocuments-greenhouse,https://job-boards.greenhouse.io/netdocuments,greenhouse,"{""token"": ""netdocuments""}"
netease-games,netease-games-greenhouse,https://job-boards.greenhouse.io/neteasegames,greenhouse,"{""token"": ""neteasegames""}"
netjets,netjets-europe,https://netjets.jobs.hr.cloud.sap/europe,rss,"{""preset"": ""successfactors"", ""feed_url"": ""https://netjets.jobs.hr.cloud.sap/googlefeed.xml"", ""fetch_company"": true, ""url_filter"": ""/europe/job/"", ""job_filter"": {""exclude"": ""(?i)(?:Executive Jet Management|\\bEJME\\b)""}}"
netjets,netjets-us,https://netjets.jobs.hr.cloud.sap/us/,rss,"{""preset"": ""successfactors"", ""feed_url"": ""https://netjets.jobs.hr.cloud.sap/googlefeed.xml"", ""fetch_company"": true, ""url_filter"": ""/us/job/"", ""job_filter"": {""exclude"": ""(?i)QS Security(?: Services(?:,? LLC)?)?""}}"
netlify,netlify-greenhouse,https://job-boards.greenhouse.io/netlify,greenhouse,"{""token"": ""netlify""}"
netskope,netskope-greenhouse,https://job-boards.greenhouse.io/netskope,greenhouse,"{""token"": ""netskope""}"
netwealth,netwealth-ashby,https://jobs.ashbyhq.com/netwealth,ashby,"{""token"": ""netwealth""}"
neuehealth,neuehealth-greenhouse,https://job-boards.greenhouse.io/neuehealth,greenhouse,"{""token"": ""neuehealth""}"
neuraflash-part-of-accenture,neuraflash-part-of-accenture-greenhouse,https://job-boards.greenhouse.io/neuraflash,greenhouse,"{""token"": ""neuraflash""}"
neural-concept,neural-concept-careers,https://jobs.ashbyhq.com/neuralconcept,ashby,
neuralink,neuralink-greenhouse,https://job-boards.greenhouse.io/neuralink,greenhouse,"{""token"": ""neuralink""}"
new-era-technology,new-era-technology-greenhouse,https://job-boards.greenhouse.io/neweratech,greenhouse,"{""token"": ""neweratech""}"
new-leaf-energy-inc,new-leaf-energy-inc-greenhouse,https://job-boards.greenhouse.io/newleafenergy,greenhouse,"{""token"": ""newleafenergy""}"
new-relic,new-relic-greenhouse,https://job-boards.greenhouse.io/newrelic,greenhouse,"{""token"": ""newrelic""}"
new-york-city-economic-development-corporation,new-york-city-economic-development-corporation-greenhouse,https://job-boards.greenhouse.io/nycedc,greenhouse,"{""token"": ""nycedc""}"
new-york-iso,new-york-iso-greenhouse,https://job-boards.greenhouse.io/nyiso,greenhouse,"{""token"": ""nyiso""}"
newcleo,newcleo-global,https://careers.newcleo.com/search/?createNewAlert=false&q=&locationsearch=,rss,"{""preset"": ""successfactors"", ""feed_url"": ""https://careers.newcleo.com/googlefeed.xml""}"
newfront,newfront-ashby,https://jobs.ashbyhq.com/newfront,ashby,"{""token"": ""newfront""}"
newlab-careers,newlab-careers-greenhouse,https://job-boards.greenhouse.io/newlabcareers,greenhouse,"{""token"": ""newlabcareers""}"
newlimit,newlimit-greenhouse,https://job-boards.greenhouse.io/newlimit,greenhouse,"{""token"": ""newlimit""}"
newsbreak,newsbreak-greenhouse,https://job-boards.greenhouse.io/newsbreak,greenhouse,"{""token"": ""newsbreak""}"
newsela,newsela-greenhouse,https://job-boards.greenhouse.io/newsela,greenhouse,"{""token"": ""newsela""}"
newsweek,newsweek-greenhouse,https://job-boards.greenhouse.io/newsweek,greenhouse,"{""token"": ""newsweek""}"
nex,nex-greenhouse,https://job-boards.greenhouse.io/nex,greenhouse,"{""token"": ""nex""}"
nexgen-cloud,nexgen-cloud-greenhouse,https://job-boards.greenhouse.io/nexgencloud,greenhouse,"{""token"": ""nexgencloud""}"
nexos,nexos-ashby,https://jobs.ashbyhq.com/nexos-ai,ashby,"{""token"": ""nexos-ai""}"
nexos,nexos-lever,https://jobs.lever.co/Nexos,lever,"{""token"": ""Nexos""}"
next,next-careers,https://ekeq.fa.em2.oraclecloud.com/hcmUI/CandidateExperience/en/sites/CX_3001,oracle_hcm,
next-insurance,next-insurance-greenhouse,https://job-boards.greenhouse.io/nextinsurance66,greenhouse,"{""token"": ""nextinsurance66""}"
neysa-networks-careers-page,neysa-networks-careers-page-greenhouse,https://job-boards.greenhouse.io/neysanetwork,greenhouse,"{""token"": ""neysanetwork""}"
ngrok-inc,ngrok-inc-greenhouse,https://job-boards.greenhouse.io/ngrokinc,greenhouse,"{""token"": ""ngrokinc""}"
nice,nice-greenhouse,https://job-boards.greenhouse.io/nice,greenhouse,"{""token"": ""nice""}"
nicoll-curtin,nicoll-curtin-careers,https://careers.nicollcurtin.com/jobs,rss,"{""preset"": ""teamtailor""}"
nift,nift-greenhouse,https://job-boards.greenhouse.io/nift,greenhouse,"{""token"": ""nift""}"
nikon,nikon-careers-eu,https://europebv.nikon.com/all-open-positions,recruitee,
nimble-gravity,nimble-gravity-greenhouse,https://job-boards.greenhouse.io/nimblegravity,greenhouse,"{""token"": ""nimblegravity""}"
ninjatrader,ninjatrader-greenhouse,https://job-boards.greenhouse.io/ninjatrader,greenhouse,"{""token"": ""ninjatrader""}"
nintendo,nintendo-greenhouse,https://job-boards.greenhouse.io/nintendo,greenhouse,"{""token"": ""nintendo""}"
nira-energy,nira-energy-greenhouse,https://job-boards.greenhouse.io/niraenergy,greenhouse,"{""token"": ""niraenergy""}"
nissan,nissan-global-workday,https://alliance.wd3.myworkdayjobs.com/nissanjobs,workday,"{""company"": ""alliance"", ""wd_instance"": ""wd3"", ""site"": ""nissanjobs""}"
nitricity,nitricity-greenhouse,https://job-boards.greenhouse.io/nitricity,greenhouse,"{""token"": ""nitricity""}"
nivoda,nivoda-ashby,https://jobs.ashbyhq.com/nivoda,ashby,"{""token"": ""nivoda""}"
nmi,nmi-greenhouse,https://job-boards.greenhouse.io/nmi,greenhouse,"{""token"": ""nmi""}"
noise-labs,noise-labs-ashby,https://jobs.ashbyhq.com/noise-labs,ashby,"{""token"": ""noise-labs""}"
noma-security,noma-security-global,https://www.comeet.com/jobs/noma_security/3A.005,comeet,{}
nomad,nomad-ashby,https://jobs.ashbyhq.com/nomad,ashby,"{""token"": ""nomad""}"
nomagic,nomagic-careers,https://jobs.lever.co/Nomagic,lever,"{""token"": ""Nomagic""}"
nomiso,nomiso-greenhouse,https://job-boards.greenhouse.io/nomiso,greenhouse,"{""token"": ""nomiso""}"
nonprofit-finance-fund,nonprofit-finance-fund-greenhouse,https://job-boards.greenhouse.io/nonprofitfinancefund,greenhouse,"{""token"": ""nonprofitfinancefund""}"
nord-security,nord-security-main,https://nordsecurity.com/careers,ashby,"{""token"": ""nord-security""}"
nordstrom,nordstrom-careers,https://nordstrom.wd501.myworkdayjobs.com/nordstrom_careers,workday,
norm-ai,norm-ai-ashby,https://jobs.ashbyhq.com/norm-ai,ashby,"{""token"": ""norm-ai""}"
norsepower,norsepower-global,https://careers.norsepower.com/jobs,rss,"{""preset"": ""teamtailor"", ""feed_url"": ""https://careers.norsepower.com/jobs.rss""}"
nortal,nortal-greenhouse,https://job-boards.greenhouse.io/nearsure,greenhouse,"{""token"": ""nearsure""}"
north-america,north-america-greenhouse,https://job-boards.greenhouse.io/xebiausa,greenhouse,"{""token"": ""xebiausa""}"
northbeam,northbeam-greenhouse,https://job-boards.greenhouse.io/northbeam,greenhouse,"{""token"": ""northbeam""}"
northern-trust,northern-trust-careers,https://ntrs.wd1.myworkdayjobs.com/northerntrust,workday,
northmarq,northmarq-greenhouse,https://job-boards.greenhouse.io/northmarq,greenhouse,"{""token"": ""northmarq""}"
northmill,northmill-careers,https://careers.northmill.com/jobs,rss,"{""preset"": ""teamtailor"", ""feed_url"": ""https://careers.northmill.com/jobs.rss""}"
northwell-health,northwell-health-careers,https://eppr.fa.us2.oraclecloud.com/hcmUI/CandidateExperience/en/sites/CX_2,oracle_hcm,
northwest-pipe-fittings,northwest-pipe-fittings-greenhouse,https://job-boards.greenhouse.io/northwestpipefittings,greenhouse,"{""token"": ""northwestpipefittings""}"
northwood-space,northwood-space-careers,https://jobs.ashbyhq.com/NorthwoodSpace,ashby,"{""org"": ""NorthwoodSpace""}"
norwegian-refugee-council,norwegian-refugee-council-careers,https://ekum.fa.em2.oraclecloud.com/hcmUI/CandidateExperience/en/sites/CX_2019,oracle_hcm,
notabene,notabene-ashby,https://jobs.ashbyhq.com/notabene,ashby,"{""token"": ""notabene""}"
notability,notability-greenhouse,https://job-boards.greenhouse.io/gingerlabsinc,greenhouse,"{""token"": ""gingerlabsinc""}"
notable,notable-ashby,https://jobs.ashbyhq.com/notable,ashby,"{""token"": ""notable""}"
nothing,nothing-careers,https://job-boards.eu.greenhouse.io/nothing,greenhouse,"{""token"": ""nothing""}"
notion,notion-careers,https://jobs.ashbyhq.com/notion,ashby,"{""token"": ""notion""}"
noto,noto-ashby,https://jobs.ashbyhq.com/noto,ashby,"{""token"": ""noto""}"
nourish,nourish-greenhouse,https://job-boards.greenhouse.io/usenourish,greenhouse,"{""token"": ""usenourish""}"
nova-credit,nova-credit-greenhouse,https://job-boards.greenhouse.io/novacredit,greenhouse,"{""token"": ""novacredit""}"
nova-founders-capital,nova-founders-capital-greenhouse,https://job-boards.greenhouse.io/novafounders,greenhouse,"{""token"": ""novafounders""}"
novartis,novartis-careers,https://novartis.wd3.myworkdayjobs.com/Novartis_Careers,workday,"{""company"": ""novartis"", ""wd_instance"": ""wd3"", ""site"": ""Novartis_Careers""}"
novatron-fusion-group,novatron-fusion-group-careers,https://career.novatronfusion.com/jobs,rss,"{""preset"": ""teamtailor"", ""feed_url"": ""https://career.novatronfusion.com/jobs.rss""}"
novel,novel-ashby,https://jobs.ashbyhq.com/novel,ashby,"{""token"": ""novel""}"
novo,novo-ashby,https://jobs.ashbyhq.com/novo,ashby,"{""token"": ""novo""}"
novo-nordisk,novo-nordisk-careers,https://careers.novonordisk.com/search/?locale=en_GB,rss,"{""url"": ""https://careers.novonordisk.com/googlefeed.xml"", ""preset"": ""successfactors""}"
novocure,novocure-global,https://careers.novocure.com/viewalljobs/,rss,"{""preset"": ""successfactors"", ""feed_url"": ""https://careers.novocure.com/googlefeed.xml""}"
novogene,novogene-china-hq,https://novogene.zhiye.com/,beisen,"{""tenant"": ""novogene"", ""variant"": ""modern"", ""portal_id"": ""2fc0be1a-e252-4bc7-b22d-a22e9e1a9f98"", ""tenant_id"": 109745}"
nozomi-networks,nozomi-networks-greenhouse,https://job-boards.greenhouse.io/nozominetworks,greenhouse,"{""token"": ""nozominetworks""}"
npr,npr-greenhouse,https://job-boards.greenhouse.io/nationalpublicradioinc,greenhouse,"{""token"": ""nationalpublicradioinc""}"
nscale,nscale-careers,https://job-boards.eu.greenhouse.io/nscaleoperationsukltd,greenhouse,"{""token"": ""nscaleoperationsukltd""}"
nt-concepts,nt-concepts-greenhouse,https://job-boards.greenhouse.io/ntconcepts,greenhouse,"{""token"": ""ntconcepts""}"
ntt-data,ntt-data-business-solutions,https://careers.nttdata-solutions.com/,rss,"{""preset"": ""successfactors"", ""feed_url"": ""https://careers.nttdata-solutions.com/googlefeed.xml""}"
ntt-data,ntt-data-careers,https://nttlimited.wd3.myworkdayjobs.com/ntt_careers,workday,"{""company"": ""nttlimited"", ""wd_instance"": ""wd3"", ""site"": ""NTT_Careers"", ""all_sites"": false}"
ntt-data,ntt-data-global-data-centers,https://nttglobaldatacenters.wd501.myworkdayjobs.com/External,workday,"{""company"": ""nttglobaldatacenters"", ""wd_instance"": ""wd501"", ""site"": ""External""}"
ntt-data,ntt-data-global-services,https://careers-inc.nttdata.com/default/go/View-All-Jobs/3020100/,rss,"{""preset"": ""successfactors"", ""feed_url"": ""https://careers-inc.nttdata.com/googlefeed.xml""}"
ntt-data,ntt-data-romania,https://careers.nttdata.ro/viewalljobs/,rss,"{""preset"": ""successfactors"", ""feed_url"": ""https://careers.nttdata.ro/googlefeed.xml""}"
ntt-data,ntt-data-singapore,https://ntt-data-singapore.careers-page.com/,manatal,"{""slug"": ""ntt-data-singapore""}"
ntt-data-europe-latam-branch-in-usa-inc,ntt-data-europe-latam-branch-in-usa-inc-greenhouse,https://job-boards.greenhouse.io/nttdatausa,greenhouse,"{""token"": ""nttdatausa""}"
nubank,nubank-greenhouse,https://job-boards.greenhouse.io/nubank,greenhouse,"{""token"": ""nubank""}"
numa,numa-greenhouse,https://job-boards.greenhouse.io/numagroupgmbh,greenhouse,"{""token"": ""numagroupgmbh""}"
numeral,numeral-ashby,https://jobs.ashbyhq.com/numeral,ashby,"{""token"": ""numeral""}"
numerix,numerix-greenhouse,https://job-boards.greenhouse.io/numerix,greenhouse,"{""token"": ""numerix""}"
numeus,numeus-greenhouse,https://job-boards.greenhouse.io/numus,greenhouse,"{""token"": ""numus""}"
nuro,nuro-greenhouse,https://job-boards.greenhouse.io/nuro,greenhouse,"{""token"": ""nuro""}"
nutrafol,nutrafol-greenhouse,https://job-boards.greenhouse.io/nutrafol,greenhouse,"{""token"": ""nutrafol""}"
nutrisense,nutrisense-recruitee,https://nutrisense.recruitee.com,recruitee,"{""token"": ""nutrisense""}"
nvidia,nvidia-careers,https://nvidia.wd5.myworkdayjobs.com/NVIDIAExternalCareerSite,workday,"{""company"": ""nvidia"", ""wd_instance"": ""wd5"", ""site"": ""NVIDIAExternalCareerSite""}"
nw,nw-careers,https://www.welcometothejungle.com/fr/companies/nw-groupe/jobs,welcometothejungle,"{""slug"": ""nw-groupe"", ""locale"": ""fr""}"
nxp,nxp-careers,https://nxp.wd3.myworkdayjobs.com/careers,workday,"{""tenant"": ""nxp"", ""board_id"": ""careers""}"
o2-cz,o2-cz-almacareer,https://o2.jobs.cz/,almacareer,{}
oak,oak-recruitee,https://oak.recruitee.com,recruitee,"{""token"": ""oak""}"
oaknorth,oaknorth-global,https://jobs.lever.co/oaknorth.ai,lever,"{""token"": ""oaknorth.ai""}"
oboe,oboe-ashby,https://jobs.ashbyhq.com/oboe,ashby,"{""token"": ""oboe""}"
obsidian,obsidian-pinpoint,https://obsidian.pinpointhq.com,pinpoint,"{""slug"": ""obsidian""}"
obsidian-security,obsidian-security-greenhouse,https://job-boards.greenhouse.io/obsidiansecurity,greenhouse,"{""token"": ""obsidiansecurity""}"
obviant,obviant-ashby,https://jobs.ashbyhq.com/obviant,ashby,"{""token"": ""obviant""}"
ocado,ocado-careers,https://boards.greenhouse.io/ocadogroup,greenhouse,"{""token"": ""ocadogroup""}"
ocbc,ocbc-careers,https://ocbc.wd102.myworkdayjobs.com/external,workday,
ochsner-health,ochsner-health-careers,https://ochsner.wd1.myworkdayjobs.com/Ochsner,workday,
ocrolus-inc,ocrolus-inc-greenhouse,https://job-boards.greenhouse.io/ocrolusinc,greenhouse,"{""token"": ""ocrolusinc""}"
octave,octave-greenhouse,https://job-boards.greenhouse.io/octave,greenhouse,"{""token"": ""octave""}"
octopus-energy,octopus-energy-careers,https://jobs.lever.co/octoenergy,lever,"{""token"": ""octoenergy""}"
octus,octus-greenhouse,https://job-boards.greenhouse.io/octus,greenhouse,"{""token"": ""octus""}"
oddball,oddball-greenhouse,https://job-boards.greenhouse.io/oddball,greenhouse,"{""token"": ""oddball""}"
odeko,odeko-greenhouse,https://job-boards.greenhouse.io/odeko,greenhouse,"{""token"": ""odeko""}"
odle-sales,odle-sales-greenhouse,https://job-boards.greenhouse.io/odlesalescareers,greenhouse,"{""token"": ""odlesalescareers""}"
odyssey,odyssey-ashby,https://jobs.ashbyhq.com/odyssey,ashby,"{""token"": ""odyssey""}"
odysseyhotelgroup,odysseyhotelgroup-pinpoint,https://odysseyhotelgroup.pinpointhq.com,pinpoint,"{""slug"": ""odysseyhotelgroup""}"
oerlikon,oerlikon-global,https://careers.oerlikon.com/job,rss,"{""preset"": ""successfactors"", ""feed_url"": ""https://careers.oerlikon.com/googlefeed.xml""}"
offerup,offerup-greenhouse,https://job-boards.greenhouse.io/offerup,greenhouse,"{""token"": ""offerup""}"
offerzen,offerzen-greenhouse,https://job-boards.greenhouse.io/offerzen,greenhouse,"{""token"": ""offerzen""}"
office-hours,office-hours-ashby,https://jobs.ashbyhq.com/office-hours,ashby,"{""token"": ""office-hours""}"
office-hours,office-hours-greenhouse,https://job-boards.greenhouse.io/officehours,greenhouse,"{""token"": ""officehours""}"
officespace-software,officespace-software-greenhouse,https://job-boards.greenhouse.io/officespacesoftware,greenhouse,"{""token"": ""officespacesoftware""}"
offshore-launch,offshore-launch-greenhouse,https://job-boards.greenhouse.io/offshorelaunch,greenhouse,"{""token"": ""offshorelaunch""}"
ofi,ofi-global,https://careers.ofi.com/,rss,"{""preset"": ""successfactors"", ""feed_url"": ""https://careers.ofi.com/googlefeed.xml""}"
ogilvy,ogilvy-careers,https://job-boards.greenhouse.io/ogilvy,greenhouse,"{""token"": ""ogilvy""}"
ogilvy,ogilvy-careers-ca,https://job-boards.greenhouse.io/ogilvycanada,greenhouse,"{""token"": ""ogilvycanada""}"
ogilvy,ogilvy-careers-de,https://job-boards.greenhouse.io/ogilvygermany,greenhouse,"{""token"": ""ogilvygermany""}"
ogilvy,ogilvy-careers-es,https://job-boards.greenhouse.io/ogilvyspain,greenhouse,"{""token"": ""ogilvyspain""}"
ogilvy,ogilvy-careers-mena,https://job-boards.greenhouse.io/ogilvymena,greenhouse,"{""token"": ""ogilvymena""}"
ogilvy,ogilvy-careers-uk,https://job-boards.greenhouse.io/ogilvyuk,greenhouse,"{""token"": ""ogilvyuk""}"
ogilvy,ogilvy-health-ca,https://job-boards.greenhouse.io/ogilvyhealthcanada,greenhouse,"{""token"": ""ogilvyhealthcanada""}"
ogilvy,ogilvy-health-uk,https://job-boards.greenhouse.io/ogilvyhealthuk,greenhouse,"{""token"": ""ogilvyhealthuk""}"
ogilvy,ogilvy-health-us,https://job-boards.greenhouse.io/ogilvyhealthusa,greenhouse,"{""token"": ""ogilvyhealthusa""}"
ogilvy-australia,ogilvy-australia-greenhouse,https://job-boards.greenhouse.io/ogilvyaus,greenhouse,"{""token"": ""ogilvyaus""}"
ogilvy-social-lab,ogilvy-social-lab-greenhouse,https://job-boards.greenhouse.io/sociallab,greenhouse,"{""token"": ""sociallab""}"
ogt,ogt-greenhouse,https://job-boards.greenhouse.io/ogt,greenhouse,"{""token"": ""ogt""}"
oh-io,oh-io-greenhouse,https://job-boards.greenhouse.io/ohio,greenhouse,"{""token"": ""ohio""}"
ohalo,ohalo-greenhouse,https://job-boards.greenhouse.io/ohalogenetics,greenhouse,"{""token"": ""ohalogenetics""}"
oklo,oklo-greenhouse,https://job-boards.greenhouse.io/oklo,greenhouse,"{""token"": ""oklo""}"
okta,okta-greenhouse,https://job-boards.greenhouse.io/okta,greenhouse,"{""token"": ""okta""}"
okx,okx-greenhouse,https://job-boards.greenhouse.io/okx,greenhouse,"{""token"": ""okx""}"
olam-agri,olam-agri-americas,https://recruiting.paylocity.com/recruiting/jobs/All/665e2832-b1d5-40b1-9d0c-f89c8c0c64d1/Olam-Agri-Americas-Inc,paylocity,"{""proxy"": true}"
olam-agri,olam-agri-global,https://careers.olamagri.com/,rss,"{""preset"": ""successfactors"", ""feed_url"": ""https://careers.olamagri.com/googlefeed.xml""}"
olam-group,olam-group-global,https://careers.olamgroup.com/,rss,"{""preset"": ""successfactors"", ""feed_url"": ""https://careers.olamgroup.com/googlefeed.xml""}"
olema-oncology,olema-oncology-greenhouse,https://job-boards.greenhouse.io/olema,greenhouse,"{""token"": ""olema""}"
olipop,olipop-greenhouse,https://job-boards.greenhouse.io/olipop,greenhouse,"{""token"": ""olipop""}"
oliv-ai,oliv-ai-greenhouse,https://job-boards.greenhouse.io/olivai,greenhouse,"{""token"": ""olivai""}"
oliver-agency,oliver-agency-greenhouse,https://job-boards.greenhouse.io/oliver,greenhouse,"{""token"": ""oliver""}"
oliver-wyman,oliver-wyman-workday-mmc,https://mmc.wd1.myworkdayjobs.com/en-US/MMC,workday,"{""company"": ""mmc"", ""wd_instance"": ""wd1"", ""site"": ""MMC""}"
ollies-bargain-outlet,ollies-bargain-outlet-careers,https://recruiting.ultipro.com/OLL1000OLLIE/JobBoard/355913c1-206d-48a4-bb34-020064efe845,ukg,
ollies-bargain-outlet,ollies-bargain-outlet-careers-dc,https://recruiting.ultipro.com/OLL1000OLLIE/JobBoard/2bf6f90b-7dbb-402b-800b-f462fd857781,ukg,"{""host"": ""recruiting.ultipro.com"", ""tenant"": ""OLL1000OLLIE"", ""board_id"": ""2bf6f90b-7dbb-402b-800b-f462fd857781""}"
ollies-bargain-outlet,ollies-bargain-outlet-careers-field,https://recruiting.ultipro.com/OLL1000OLLIE/JobBoard/5c00cfd2-28ca-4297-af59-6cc0e0288aa4,ukg,"{""host"": ""recruiting.ultipro.com"", ""tenant"": ""OLL1000OLLIE"", ""board_id"": ""5c00cfd2-28ca-4297-af59-6cc0e0288aa4""}"
ollies-bargain-outlet,ollies-bargain-outlet-careers-ssc,https://recruiting.ultipro.com/OLL1000OLLIE/JobBoard/e40f7c9e-d9e9-45b6-8894-dcba52e03981,ukg,"{""host"": ""recruiting.ultipro.com"", ""tenant"": ""OLL1000OLLIE"", ""board_id"": ""e40f7c9e-d9e9-45b6-8894-dcba52e03981""}"
olly,olly-greenhouse,https://job-boards.greenhouse.io/olly,greenhouse,"{""token"": ""olly""}"
olsson,olsson-greenhouse,https://job-boards.greenhouse.io/olsson,greenhouse,"{""token"": ""olsson""}"
olympus-property,olympus-property-greenhouse,https://job-boards.greenhouse.io/olympusproperty,greenhouse,"{""token"": ""olympusproperty""}"
omada-health,omada-health-greenhouse,https://job-boards.greenhouse.io/omadahealth,greenhouse,"{""token"": ""omadahealth""}"
omnicom,omnicom-careers-adameve,https://job-boards.greenhouse.io/adamevenyc,greenhouse,"{""token"": ""adamevenyc""}"
omnicom,omnicom-careers-annalect,https://job-boards.greenhouse.io/omgusannalect,greenhouse,"{""token"": ""omgusannalect""}"
omnicom,omnicom-careers-canada-phd,https://job-boards.greenhouse.io/omgcaphd,greenhouse,"{""token"": ""omgcaphd""}"
omnicom,omnicom-careers-carmichaellynch,https://job-boards.greenhouse.io/carmichaellynch,greenhouse,"{""token"": ""carmichaellynch""}"
omnicom,omnicom-careers-credera-campus,https://job-boards.greenhouse.io/crederacampusrecruiting,greenhouse,"{""token"": ""crederacampusrecruiting""}"
omnicom,omnicom-careers-criticalmass,https://job-boards.greenhouse.io/criticalmass,greenhouse,"{""token"": ""criticalmass""}"
omnicom,omnicom-careers-dxtra,https://job-boards.greenhouse.io/dxacirca,greenhouse,"{""token"": ""dxacirca""}"
omnicom,omnicom-careers-flywheel,https://job-boards.greenhouse.io/flywheeldigital,greenhouse,"{""token"": ""flywheeldigital""}"
omnicom,omnicom-careers-golin,https://job-boards.greenhouse.io/golin,greenhouse,"{""token"": ""golin""}"
omnicom,omnicom-careers-goodby,https://job-boards.greenhouse.io/goodbysilversteinpartners,greenhouse,"{""token"": ""goodbysilversteinpartners""}"
omnicom,omnicom-careers-gsdm,https://job-boards.greenhouse.io/gsdm,greenhouse,"{""token"": ""gsdm""}"
omnicom,omnicom-careers-health,https://job-boards.greenhouse.io/omnicomhealth,greenhouse,"{""token"": ""omnicomhealth""}"
omnicom,omnicom-careers-hearts-us,https://job-boards.greenhouse.io/omgushs,greenhouse,"{""token"": ""omgushs""}"
omnicom,omnicom-careers-hungary,https://job-boards.greenhouse.io/hungaryomg,greenhouse,"{""token"": ""hungaryomg""}"
omnicom,omnicom-careers-india-omd,https://job-boards.greenhouse.io/indiaomd,greenhouse,"{""token"": ""indiaomd""}"
omnicom,omnicom-careers-interbrand,https://job-boards.greenhouse.io/interbrand,greenhouse,"{""token"": ""interbrand""}"
omnicom,omnicom-careers-ketchum,https://job-boards.greenhouse.io/ketchumuscareers,greenhouse,"{""token"": ""ketchumuscareers""}"
omnicom,omnicom-careers-martinagency,https://job-boards.greenhouse.io/themartinagency,greenhouse,"{""token"": ""themartinagency""}"
omnicom,omnicom-careers-mediabrands,https://job-boards.greenhouse.io/mediabrands,greenhouse,"{""token"": ""mediabrands""}"
omnicom,omnicom-careers-mexico,https://job-boards.greenhouse.io/omnicommediagroupmxomg,greenhouse,"{""token"": ""omnicommediagroupmxomg""}"
omnicom,omnicom-careers-montreal,https://job-boards.greenhouse.io/omgcamontrealfr,greenhouse,"{""token"": ""omgcamontrealfr""}"
omnicom,omnicom-careers-montreal-en,https://job-boards.greenhouse.io/omgcamontreal,greenhouse,"{""token"": ""omgcamontreal""}"
omnicom,omnicom-careers-omd-us,https://job-boards.greenhouse.io/omgusomd,greenhouse,"{""token"": ""omgusomd""}"
omnicom,omnicom-careers-omg-us,https://job-boards.greenhouse.io/omgus,greenhouse,"{""token"": ""omgus""}"
omnicom,omnicom-careers-phd-us,https://job-boards.greenhouse.io/omgusphd,greenhouse,
omnicom,omnicom-careers-porternovelli,https://job-boards.greenhouse.io/porternovelli,greenhouse,"{""token"": ""porternovelli""}"
omnicom,omnicom-careers-production,https://job-boards.greenhouse.io/omnicomproduction,greenhouse,"{""token"": ""omnicomproduction""}"
omnicom,omnicom-careers-production-jp,https://job-boards.greenhouse.io/opj,greenhouse,"{""token"": ""opj""}"
omnicom,omnicom-careers-rapp,https://job-boards.greenhouse.io/rapp,greenhouse,"{""token"": ""rapp""}"
omnicom,omnicom-careers-rga,https://job-boards.greenhouse.io/rga,greenhouse,"{""token"": ""rga""}"
omnicom,omnicom-careers-tbwa,https://job-boards.greenhouse.io/tbwachiatday,greenhouse,"{""token"": ""tbwachiatday""}"
omnicom,omnicom-careers-uk,https://job-boards.greenhouse.io/omguk,greenhouse,"{""token"": ""omguk""}"
omnicom,omnicom-careers-webershandwick,https://job-boards.greenhouse.io/webershandwick,greenhouse,"{""token"": ""webershandwick""}"
omnicom-media-group-netherlands-omg,omnicom-media-group-netherlands-omg-greenhouse,https://job-boards.greenhouse.io/omgnetherlands,greenhouse,"{""token"": ""omgnetherlands""}"
omniscient,omniscient-ashby,https://jobs.ashbyhq.com/omniscient,ashby,"{""token"": ""omniscient""}"
on-board-experiential,on-board-experiential-greenhouse,https://job-boards.greenhouse.io/obexp,greenhouse,"{""token"": ""obexp""}"
on-energy,on-energy-greenhouse,https://job-boards.greenhouse.io/onenergy,greenhouse,"{""token"": ""onenergy""}"
on-running,on-running-careers,https://boards.greenhouse.io/onrunning,greenhouse,"{""token"": ""onrunning""}"
onbe,onbe-greenhouse,https://job-boards.greenhouse.io/onbe,greenhouse,"{""token"": ""onbe""}"
onboard,onboard-greenhouse,https://job-boards.greenhouse.io/onboardmeetings,greenhouse,"{""token"": ""onboardmeetings""}"
onboardmeetings,onboardmeetings-pinpoint,https://onboardmeetings.pinpointhq.com,pinpoint,"{""slug"": ""onboardmeetings""}"
one-acre-fund,one-acre-fund-greenhouse,https://job-boards.greenhouse.io/oneacrefund,greenhouse,"{""token"": ""oneacrefund""}"
one-acre-fund-kenya,one-acre-fund-kenya-greenhouse,https://job-boards.greenhouse.io/oafkenya,greenhouse,"{""token"": ""oafkenya""}"
oneapp,oneapp-pinpoint,https://oneapp.pinpointhq.com,pinpoint,"{""slug"": ""oneapp""}"
onebrief,onebrief-ashby,https://jobs.ashbyhq.com/onebrief,ashby,"{""token"": ""onebrief""}"
onecrew,onecrew-ashby,https://jobs.ashbyhq.com/onecrew,ashby,"{""token"": ""onecrew""}"
oneimaging,oneimaging-greenhouse,https://job-boards.greenhouse.io/oneimaging,greenhouse,"{""token"": ""oneimaging""}"
oneleet,oneleet-ashby,https://jobs.ashbyhq.com/oneleet,ashby,"{""token"": ""oneleet""}"
onit-inc,onit-inc-lever,https://jobs.lever.co/onit,lever,"{""token"": ""onit""}"
onoshealth,onoshealth-ashby,https://jobs.ashbyhq.com/onoshealth,ashby,"{""token"": ""onoshealth""}"
onsemi,onsemi-careers,https://hctz.fa.us2.oraclecloud.com/hcmUI/CandidateExperience/en/sites/CX_1001,oracle_hcm,
ontic,ontic-ashby,https://jobs.ashbyhq.com/ontic,ashby,"{""token"": ""ontic""}"
ontra,ontra-ashby,https://jobs.ashbyhq.com/ontra,ashby,"{""token"": ""ontra""}"
onward-medical,onward-medical-hibob,https://onwardmedical.careers.hibob.com/,hibob,
onx,onx-greenhouse,https://job-boards.greenhouse.io/onxmaps,greenhouse,"{""token"": ""onxmaps""}"
ooma,ooma-greenhouse,https://job-boards.greenhouse.io/ooma,greenhouse,"{""token"": ""ooma""}"
oos-management-corp,oos-management-corp-careers,https://job-boards.greenhouse.io/oosmanagementcorp,greenhouse,"{""token"": ""oosmanagementcorp""}"
oosto,oosto-hibob,https://oosto.careers.hibob.com/,hibob,
opal,opal-ashby,https://jobs.ashbyhq.com/opal,ashby,"{""token"": ""opal""}"
open-cosmos,open-cosmos-careers,https://careers.open-cosmos.com/jobs,rss,"{""preset"": ""teamtailor"", ""feed_url"": ""https://careers.open-cosmos.com/jobs.rss""}"
open-farm,open-farm-greenhouse,https://job-boards.greenhouse.io/openfarminc,greenhouse,"{""token"": ""openfarminc""}"
openai,openai-careers,https://jobs.ashbyhq.com/openai,ashby,"{""token"": ""openai""}"
opendoor,opendoor-greenhouse,https://job-boards.greenhouse.io/opendoor,greenhouse,"{""token"": ""opendoor""}"
openeye,openeye-greenhouse,https://job-boards.greenhouse.io/openeye,greenhouse,"{""token"": ""openeye""}"
opengov,opengov-careers,https://jobs.ashbyhq.com/opengov,ashby,"{""token"": ""opengov""}"
openly,openly-greenhouse,https://job-boards.greenhouse.io/openly,greenhouse,"{""token"": ""openly""}"
openrouter,openrouter-ashby,https://jobs.ashbyhq.com/openrouter,ashby,"{""token"": ""openrouter""}"
opensea,opensea-ashby,https://jobs.ashbyhq.com/opensea,ashby,"{""token"": ""opensea""}"
opensesame,opensesame-greenhouse,https://job-boards.greenhouse.io/opensesame,greenhouse,"{""token"": ""opensesame""}"
opentable,opentable-greenhouse,https://job-boards.greenhouse.io/opentable,greenhouse,"{""token"": ""opentable""}"
openwork,openwork-greenhouse,https://job-boards.greenhouse.io/openwork,greenhouse,"{""token"": ""openwork""}"
openx,openx-pinpoint,https://openx.pinpointhq.com,pinpoint,"{""slug"": ""openx""}"
ophelia,ophelia-greenhouse,https://job-boards.greenhouse.io/ophelia,greenhouse,"{""token"": ""ophelia""}"
ophelos,ophelos-greenhouse,https://job-boards.greenhouse.io/ophelos,greenhouse,"{""token"": ""ophelos""}"
oplabs,oplabs-ashby,https://jobs.ashbyhq.com/oplabs,ashby,"{""token"": ""oplabs""}"
oportun,oportun-greenhouse,https://job-boards.greenhouse.io/oportun,greenhouse,"{""token"": ""oportun""}"
oppfi,oppfi-greenhouse,https://job-boards.greenhouse.io/opploans,greenhouse,"{""token"": ""opploans""}"
optics11,optics11-recruitee,https://optics11.recruitee.com/,recruitee,"{""slug"": ""optics11"", ""api_base"": ""https://optics11.recruitee.com""}"
optimal-care,optimal-care-greenhouse,https://job-boards.greenhouse.io/optimalcare,greenhouse,"{""token"": ""optimalcare""}"
optimal-dynamics,optimal-dynamics-greenhouse,https://job-boards.greenhouse.io/optimaldynamics,greenhouse,"{""token"": ""optimaldynamics""}"
optiver,optiver-global,https://www.optiver.com/join-us/jobs/,greenhouse,"{""token"": ""optiverus""}"
optiver-private-jobs,optiver-private-jobs-greenhouse,https://job-boards.greenhouse.io/optiverprivate,greenhouse,"{""token"": ""optiverprivate""}"
optiver-trading-academy,optiver-trading-academy-greenhouse,https://job-boards.greenhouse.io/tradingacademy2025,greenhouse,"{""token"": ""tradingacademy2025""}"
opto-investments,opto-investments-greenhouse,https://job-boards.greenhouse.io/optoinvest,greenhouse,"{""token"": ""optoinvest""}"
oracle,oracle-careers,https://eeho.fa.us2.oraclecloud.com/hcmUI/CandidateExperience/en/sites/CX_45001,oracle_hcm,"{""total_count_tolerance"": 5, ""page_shortfall_tolerance"": 3, ""url_allowlist"": ""^https://eeho\\.fa\\.us2\\.oraclecloud\\.com/hcmUI/CandidateExperience/en/sites/CX_45001/job/[0-9]+$"", ""url_transform"": {""find"": ""^https://eeho\\.fa\\.us2\\.oraclecloud\\.com/hcmUI/CandidateExperience/en/sites/CX_45001/job/([0-9]+)$"", ""replace"": ""https://careers.oracle.com/en/job/\\1""}}"
orange-group,orange-group-careers-business,https://jobs.digital.orange-business.com/jobs,rss,"{""feed_url"": ""https://jobs.digital.orange-business.com/jobs.rss"", ""preset"": ""teamtailor""}"
orasio,orasio-lever,https://jobs.eu.lever.co/orasio/,lever,"{""token"": ""orasio"", ""region"": ""eu""}"
orb,orb-ashby,https://jobs.ashbyhq.com/orb,ashby,"{""token"": ""orb""}"
orbem,orbem-careers,https://jobs.ashbyhq.com/orbem,ashby,"{""token"": ""orbem""}"
orbit,orbit-pinpoint,https://orbit.pinpointhq.com,pinpoint,"{""slug"": ""orbit""}"
orbital,orbital-ashby,https://jobs.ashbyhq.com/orbital,ashby,"{""token"": ""orbital""}"
orca,orca-ashby,https://jobs.ashbyhq.com/orca,ashby,"{""token"": ""orca""}"
orca-security,orca-security-greenhouse,https://job-boards.greenhouse.io/orcasecurity,greenhouse,"{""token"": ""orcasecurity""}"
orchard,orchard-ashby,https://jobs.ashbyhq.com/orchard,ashby,"{""token"": ""orchard""}"
orchard,orchard-greenhouse,https://job-boards.greenhouse.io/orchard,greenhouse,"{""token"": ""orchard""}"
orderly,orderly-greenhouse,https://job-boards.greenhouse.io/orderly,greenhouse,"{""token"": ""orderly""}"
oreilly-auto-parts,oreilly-auto-parts-careers,https://oreillyauto.wd1.myworkdayjobs.com/oreilly,workday,"{""company"": ""oreillyauto"", ""wd_instance"": ""wd1"", ""site"": ""oreilly""}"
origis-services-utility-solar-o-m,origis-services-utility-solar-o-m-greenhouse,https://job-boards.greenhouse.io/secondarysocials,greenhouse,"{""token"": ""secondarysocials""}"
oriola,oriola-jobylon,https://cdn.jobylon.com/jobs/companies/1972/embed/v2/?page_size=1000,jobylon,"{""company_id"": ""1972""}"
orion-confectionery,orion-confectionery-careers,https://orion.recruiter.co.kr/career/home,recruiter_co_kr,"{""slug"": ""orion""}"
orion-group,orion-group-greenhouse,https://job-boards.greenhouse.io/oriongroup,greenhouse,"{""token"": ""oriongroup""}"
orion-innovation-naukri,orion-innovation-naukri-greenhouse,https://job-boards.greenhouse.io/orioninnovationnaukri,greenhouse,"{""token"": ""orioninnovationnaukri""}"
orior,orior-group,https://careers.orior.ch/go/Alle-Stellen/4574001/,rss,"{""preset"": ""successfactors"", ""feed_url"": ""https://careers.orior.ch/googlefeed.xml""}"
orkes,orkes-greenhouse,https://job-boards.greenhouse.io/orkes,greenhouse,"{""token"": ""orkes""}"
osano,osano-greenhouse,https://job-boards.greenhouse.io/osano,greenhouse,"{""token"": ""osano""}"
osapiens,osapiens-pinpoint,https://careers.osapiens.com/,rss,"{""preset"": ""teamtailor"", ""feed_url"": ""https://careers.osapiens.com/jobs.rss""}"
osaro,osaro-lever,https://jobs.lever.co/osaro,lever,"{""token"": ""osaro""}"
oscar-health,oscar-health-greenhouse,https://job-boards.greenhouse.io/oscar,greenhouse,"{""token"": ""oscar""}"
oscilar,oscilar-ashby,https://jobs.ashbyhq.com/oscilar,ashby,"{""token"": ""oscilar""}"
oshi-health,oshi-health-greenhouse,https://job-boards.greenhouse.io/oshihealth,greenhouse,"{""token"": ""oshihealth""}"
osmo,osmo-ashby,https://jobs.ashbyhq.com/osmo,ashby,"{""token"": ""osmo""}"
oso,oso-ashby,https://jobs.ashbyhq.com/oso,ashby,"{""token"": ""oso""}"
otter,otter-greenhouse,https://job-boards.greenhouse.io/otter,greenhouse,"{""token"": ""otter""}"
otter-ai,otter-ai-greenhouse,https://job-boards.greenhouse.io/otterai,greenhouse,"{""token"": ""otterai""}"
otto-aerospace,otto-aerospace-greenhouse,https://job-boards.greenhouse.io/ottoaviation,greenhouse,"{""token"": ""ottoaviation""}"
ouihelp,ouihelp-careers,https://job-boards.greenhouse.io/ouihelp,greenhouse,
our-group,our-group-greenhouse,https://job-boards.greenhouse.io/ourgroup,greenhouse,"{""token"": ""ourgroup""}"
outfit7,outfit7-greenhouse,https://job-boards.greenhouse.io/outfit7,greenhouse,"{""token"": ""outfit7""}"
output,output-ashby,https://jobs.ashbyhq.com/output,ashby,"{""token"": ""output""}"
outreach,outreach-lever,https://jobs.lever.co/outreach,lever,"{""token"": ""outreach""}"
outrider,outrider-greenhouse,https://job-boards.greenhouse.io/outrider,greenhouse,"{""token"": ""outrider""}"
outschool,outschool-greenhouse,https://job-boards.greenhouse.io/outschool,greenhouse,"{""token"": ""outschool""}"
outset-medical,outset-medical-greenhouse,https://job-boards.greenhouse.io/outsetmedical,greenhouse,"{""token"": ""outsetmedical""}"
outtake,outtake-ashby,https://jobs.ashbyhq.com/outtake,ashby,"{""token"": ""outtake""}"
overstory,overstory-greenhouse,https://job-boards.greenhouse.io/overstory,greenhouse,"{""token"": ""overstory""}"
overwolf,overwolf-careers,https://www.comeet.com/jobs/overwolf/B1.001,comeet,
oviva,oviva-pinpoint,https://oviva.pinpointhq.com,pinpoint,"{""slug"": ""oviva""}"
owkin,owkin-careers,https://jobs.ashbyhq.com/owkin,ashby,"{""token"": ""owkin""}"
oxford-instruments,oxford-instruments-careers,https://jobs.oxinst.com/googlefeed.xml,rss,"{""preset"": ""successfactors"", ""feed_url"": ""https://jobs.oxinst.com/googlefeed.xml""}"
oxford-nanopore-technologies,oxford-nanopore-technologies-oracle,https://ejnh.fa.em2.oraclecloud.com/hcmUI/CandidateExperience/en/sites/CX_1/jobs,oracle_hcm,
oxio,oxio-ashby,https://jobs.ashbyhq.com/oxio,ashby,"{""token"": ""oxio""}"
oyster,oyster-ashby,https://jobs.ashbyhq.com/oyster,ashby,"{""token"": ""oyster""}"
p2p-org,p2p-org-ashby,https://jobs.ashbyhq.com/p2p.org,ashby,"{""token"": ""p2p.org""}"
pac-nyc,pac-nyc-greenhouse,https://job-boards.greenhouse.io/pacnyc,greenhouse,"{""token"": ""pacnyc""}"
pacific-bells,pacific-bells-careers,https://www.paycomonline.net/v4/ats/web.php/portal/37ad8e8d17dee6dd404a9ade55b502e8/career-page,paycom,
pacific-legal-foundation,pacific-legal-foundation-greenhouse,https://job-boards.greenhouse.io/pacificlegalfoundation,greenhouse,"{""token"": ""pacificlegalfoundation""}"
pacs,pacs-careers,https://pacs.wd108.myworkdayjobs.com/pacs,workday,
pacvue,pacvue-greenhouse,https://job-boards.greenhouse.io/pacvue,greenhouse,"{""token"": ""pacvue""}"
paddle,paddle-ashby,https://jobs.ashbyhq.com/paddle,ashby,"{""token"": ""paddle""}"
pagaya,pagaya-greenhouse,https://job-boards.greenhouse.io/pagaya,greenhouse,"{""token"": ""pagaya""}"
pagerduty,pagerduty-greenhouse,https://job-boards.greenhouse.io/pagerduty,greenhouse,"{""token"": ""pagerduty""}"
pair-team,pair-team-greenhouse,https://job-boards.greenhouse.io/pairteam,greenhouse,"{""token"": ""pairteam""}"
palantir,palantir-careers,https://jobs.lever.co/palantir,lever,
pallet,pallet-greenhouse,https://job-boards.greenhouse.io/pallet,greenhouse,"{""token"": ""pallet""}"
palmetto-clean-technology,palmetto-clean-technology-greenhouse,https://job-boards.greenhouse.io/palmettocleantech,greenhouse,"{""token"": ""palmettocleantech""}"
palmstreet,palmstreet-careers,https://jobs.ashbyhq.com/palmstreet,ashby,"{""token"": ""palmstreet""}"
palo-alto-networks,palo-alto-networks-careers,https://paloaltonetworks.wd5.myworkdayjobs.com/panwexternalcareers,workday,
palo-it,palo-it-greenhouse,https://job-boards.greenhouse.io/paloit,greenhouse,"{""token"": ""paloit""}"
palta,palta-careers,https://palta.teamtailor.com/jobs,rss,"{""preset"": ""teamtailor"", ""feed_url"": ""https://palta.teamtailor.com/jobs.rss""}"
panasonic,panasonic-careers-in,https://careers.lsin.panasonic.com/viewalljobs/,rss,"{""preset"": ""successfactors"", ""feed_url"": ""https://careers.lsin.panasonic.com/googlefeed.xml""}"
panasonic,panasonic-careers-my,https://careers.appl.my.panasonic.com/,rss,"{""preset"": ""successfactors"", ""feed_url"": ""https://careers.appl.my.panasonic.com/googlefeed.xml""}"
panasonic,panasonic-careers-vn,https://careers.vn.panasonic.com/,rss,"{""preset"": ""successfactors"", ""feed_url"": ""https://careers.vn.panasonic.com/googlefeed.xml""}"
pandadoc,pandadoc-greenhouse,https://job-boards.greenhouse.io/pandadoc,greenhouse,"{""token"": ""pandadoc""}"
panera-bread,panera-bread-careers,https://panerabread.wd5.myworkdayjobs.com/panera_careers,workday,
panoptyc,panoptyc-ashby,https://jobs.ashbyhq.com/panoptyc,ashby,"{""token"": ""panoptyc""}"
panthalassa,panthalassa-greenhouse,https://job-boards.greenhouse.io/panthalassa,greenhouse,"{""token"": ""panthalassa""}"
pantheon-systems-inc,pantheon-systems-inc-greenhouse,https://job-boards.greenhouse.io/pantheon,greenhouse,"{""token"": ""pantheon""}"
pantheon-ventures-careers,pantheon-ventures-careers-greenhouse,https://job-boards.greenhouse.io/pantheonpublic,greenhouse,"{""token"": ""pantheonpublic""}"
panther,panther-greenhouse,https://job-boards.greenhouse.io/pantherlabs,greenhouse,"{""token"": ""pantherlabs""}"
papa,papa-greenhouse,https://job-boards.greenhouse.io/papa,greenhouse,"{""token"": ""papa""}"
papa-johns,papa-johns-careers,https://papajohns.wd1.myworkdayjobs.com/papajohnscareers,workday,
paperless-parts,paperless-parts-greenhouse,https://job-boards.greenhouse.io/paperlessparts,greenhouse,"{""token"": ""paperlessparts""}"
parabola-io,parabola-io-ashby,https://jobs.ashbyhq.com/parabola-io,ashby,"{""token"": ""parabola-io""}"
parachute-health,parachute-health-greenhouse,https://job-boards.greenhouse.io/parachutehealth,greenhouse,"{""token"": ""parachutehealth""}"
paradigm,paradigm-ashby,https://jobs.ashbyhq.com/paradigm,ashby,"{""token"": ""paradigm""}"
paradigm,paradigm-greenhouse,https://job-boards.greenhouse.io/joinparadigm,greenhouse,"{""token"": ""joinparadigm""}"
parafin,parafin-ashby,https://jobs.ashbyhq.com/parafin,ashby,"{""token"": ""parafin""}"
paragon,paragon-ashby,https://jobs.ashbyhq.com/paragon,ashby,"{""token"": ""paragon""}"
parallel,parallel-greenhouse,https://job-boards.greenhouse.io/parallellearning,greenhouse,"{""token"": ""parallellearning""}"
parallel,parallel-recruitee,https://parallel.recruitee.com,recruitee,"{""token"": ""parallel""}"
paratek-pharmaceuticals,paratek-pharmaceuticals-greenhouse,https://job-boards.greenhouse.io/paratekpharmaceuticals,greenhouse,"{""token"": ""paratekpharmaceuticals""}"
pareto-ai,pareto-ai-ashby,https://jobs.ashbyhq.com/pareto-ai,ashby,"{""token"": ""pareto-ai""}"
parity,parity-ashby,https://jobs.ashbyhq.com/parity,ashby,"{""token"": ""parity""}"
parker,parker-ashby,https://jobs.ashbyhq.com/parker,ashby,"{""token"": ""parker""}"
parloa,parloa-greenhouse,https://job-boards.greenhouse.io/parloa,greenhouse,"{""token"": ""parloa""}"
parsley-health,parsley-health-greenhouse,https://job-boards.greenhouse.io/parsleyhealth,greenhouse,"{""token"": ""parsleyhealth""}"
particle41,particle41-greenhouse,https://job-boards.greenhouse.io/particle41llc,greenhouse,"{""token"": ""particle41llc""}"
partiful,partiful-ashby,https://jobs.ashbyhq.com/partiful,ashby,"{""token"": ""partiful""}"
partners-group,partners-group-global,https://jobs.partnersgroup.com/tile-search-results/,rss,"{""preset"": ""successfactors"", ""feed_url"": ""https://jobs.partnersgroup.com/googlefeed.xml""}"
pasqal,pasqal-careers,https://careers.pasqal.com/jobs,rss,"{""preset"": ""teamtailor"", ""feed_url"": ""https://careers.pasqal.com/jobs.rss""}"
passage,passage-ashby,https://jobs.ashbyhq.com/passage,ashby,"{""token"": ""passage""}"
patch-io,patch-io-ashby,https://jobs.ashbyhq.com/patch.io,ashby,"{""token"": ""patch.io""}"
patek-philippe,patek-philippe-careers,https://careers.patek.com/,rss,"{""preset"": ""successfactors"", ""feed_url"": ""https://careers.patek.com/googlefeed.xml""}"
path-robotics,path-robotics-greenhouse,https://job-boards.greenhouse.io/pathrobotics,greenhouse,"{""token"": ""pathrobotics""}"
pathai,pathai-greenhouse,https://job-boards.greenhouse.io/pathai,greenhouse,"{""token"": ""pathai""}"
pathward-n-a,pathward-n-a-greenhouse,https://job-boards.greenhouse.io/pathward,greenhouse,"{""token"": ""pathward""}"
patientpoint,patientpoint-greenhouse,https://job-boards.greenhouse.io/patientpoint,greenhouse,"{""token"": ""patientpoint""}"
patreon,patreon-ashby,https://jobs.ashbyhq.com/patreon,ashby,"{""token"": ""patreon""}"
pattern-data,pattern-data-greenhouse,https://job-boards.greenhouse.io/patterndata,greenhouse,"{""token"": ""patterndata""}"
pave,pave-greenhouse,https://job-boards.greenhouse.io/paveakatroveinformationtechnologies,greenhouse,"{""token"": ""paveakatroveinformationtechnologies""}"
pax-historia,pax-historia-ashby,https://jobs.ashbyhq.com/pax-historia,ashby,"{""token"": ""pax-historia""}"
pax-labs,pax-labs-greenhouse,https://job-boards.greenhouse.io/paxlabs,greenhouse,"{""token"": ""paxlabs""}"
paxos,paxos-ashby,https://jobs.ashbyhq.com/paxos,ashby,"{""token"": ""paxos""}"
paxoslabs,paxoslabs-ashby,https://jobs.ashbyhq.com/paxoslabs,ashby,"{""token"": ""paxoslabs""}"
payfit,payfit-careers,https://careers.payfit.com/,rss,"{""preset"": ""teamtailor"", ""feed_url"": ""https://careers.payfit.com/jobs.rss""}"
payoneer,payoneer-greenhouse,https://job-boards.greenhouse.io/payoneer,greenhouse,"{""token"": ""payoneer""}"
paypal,paypal-careers-workday,https://paypal.wd1.myworkdayjobs.com/jobs,workday,"{""company"": ""paypal"", ""wd_instance"": ""wd1"", ""site"": ""jobs""}"
paypay,paypay-greenhouse,https://job-boards.greenhouse.io/paypay,greenhouse,"{""token"": ""paypay""}"
paypay-card,paypay-card-greenhouse,https://job-boards.greenhouse.io/paypaycard,greenhouse,"{""token"": ""paypaycard""}"
paypay-india,paypay-india-greenhouse,https://job-boards.greenhouse.io/pay2dc,greenhouse,"{""token"": ""pay2dc""}"
paysafe,paysafe-global,https://jobs.paysafe.com/search/?q=&sortColumn=referencedate&sortDirection=desc,rss,"{""preset"": ""successfactors"", ""feed_url"": ""https://jobs.paysafe.com/googlefeed.xml""}"
paystack,paystack-greenhouse,https://job-boards.greenhouse.io/paystack,greenhouse,"{""token"": ""paystack""}"
paytient,paytient-greenhouse,https://job-boards.greenhouse.io/paytient,greenhouse,"{""token"": ""paytient""}"
paytm,paytm-lever,https://jobs.lever.co/paytm,lever,"{""token"": ""paytm""}"
paytm-payments-services,paytm-payments-services-careers,https://jobs.lever.co/paytmpayments,lever,
pdt-partners,pdt-partners-greenhouse,https://job-boards.greenhouse.io/pdtpartners,greenhouse,"{""token"": ""pdtpartners""}"
peak-design,peak-design-greenhouse,https://job-boards.greenhouse.io/peakdesign,greenhouse,"{""token"": ""peakdesign""}"
pearl,pearl-ashby,https://jobs.ashbyhq.com/pearl,ashby,"{""token"": ""pearl""}"
pearl,pearl-greenhouse,https://job-boards.greenhouse.io/justanswer,greenhouse,"{""token"": ""justanswer""}"
pearlhealth,pearlhealth-ashby,https://jobs.ashbyhq.com/pearlhealth,ashby,"{""token"": ""pearlhealth""}"
peec-ai,peec-ai-careers,https://jobs.ashbyhq.com/peec,ashby,
peloton,peloton-greenhouse,https://job-boards.greenhouse.io/peloton,greenhouse,"{""token"": ""peloton""}"
pendo,pendo-greenhouse,https://job-boards.greenhouse.io/pendo,greenhouse,"{""token"": ""pendo""}"
penn-interactive,penn-interactive-greenhouse,https://job-boards.greenhouse.io/penninteractive,greenhouse,"{""token"": ""penninteractive""}"
penn-state-university,penn-state-university-careers,https://psu.wd1.myworkdayjobs.com/psu_staff,workday,
penny-cz,penny-cz-almacareer,https://penny.jobs.cz/,almacareer,{}
pennylane,pennylane-ashby,https://jobs.ashbyhq.com/pennylane,ashby,"{""token"": ""pennylane""}"
pennylane,pennylane-lever,https://jobs.lever.co/pennylane,lever,"{""token"": ""pennylane""}"
penske,penske-careers,https://fa-euyk-saasfaprod1.fa.ocs.oraclecloud.com/hcmUI/CandidateExperience/en/sites/CX_3,oracle_hcm,
penske-media-corp,penske-media-corp-greenhouse,https://job-boards.greenhouse.io/pmc,greenhouse,"{""token"": ""pmc""}"
pentera,pentera-pinpoint,https://pentera.pinpointhq.com,pinpoint,"{""slug"": ""pentera""}"
penumbrainc,penumbrainc-pinpoint,https://penumbrainc.pinpointhq.com,pinpoint,"{""slug"": ""penumbrainc""}"
people-ai,people-ai-careers,https://jobs.lever.co/people-ai,lever,
pep,pep-greenhouse,https://job-boards.greenhouse.io/pep,greenhouse,"{""token"": ""pep""}"
per-scholas,per-scholas-greenhouse,https://job-boards.greenhouse.io/perscholashires,greenhouse,"{""token"": ""perscholashires""}"
percepta,percepta-ashby,https://jobs.ashbyhq.com/percepta,ashby,"{""token"": ""percepta""}"
peregrine-technologies,peregrine-technologies-greenhouse,https://job-boards.greenhouse.io/peregrinetechnologies,greenhouse,"{""token"": ""peregrinetechnologies""}"
perella-weinberg,perella-weinberg-careers-workday,https://wd1.myworkdaysite.com/recruiting/pwp/PWP_Experienced_Opportunities,workday,"{""company"": ""pwp"", ""wd_instance"": ""wd1"", ""site"": ""PWP_Experienced_Opportunities""}"
perfectserve,perfectserve-greenhouse,https://job-boards.greenhouse.io/perfectserve,greenhouse,"{""token"": ""perfectserve""}"
pergolux,pergolux-pinpoint,https://pergolux.pinpointhq.com,pinpoint,"{""slug"": ""pergolux""}"
periodic-labs,periodic-labs-careers,https://jobs.ashbyhq.com/periodic-labs,ashby,"{""token"": ""periodic-labs""}"
perion-network-ltd,perion-network-ltd-greenhouse,https://job-boards.greenhouse.io/perionnetworkltd,greenhouse,"{""token"": ""perionnetworkltd""}"
perplexity-ai,perplexity-ai-careers,https://jobs.ashbyhq.com/perplexity,ashby,
perry-ellis-international,perry-ellis-international-greenhouse,https://job-boards.greenhouse.io/perryellisinternational,greenhouse,"{""token"": ""perryellisinternational""}"
perry-ellis-international-retail,perry-ellis-international-retail-greenhouse,https://job-boards.greenhouse.io/perryellisinternationalretail,greenhouse,"{""token"": ""perryellisinternationalretail""}"
persona,persona-ashby,https://jobs.ashbyhq.com/persona,ashby,"{""token"": ""persona""}"
personalis-inc,personalis-inc-greenhouse,https://job-boards.greenhouse.io/personalisinc,greenhouse,"{""token"": ""personalisinc""}"
personio,personio-recruitee,https://personio.recruitee.com,recruitee,"{""token"": ""personio""}"
petrobras,petrobras-careers,https://petrobras.jobs2web.com/go/TODAS-AS-VAGAS/4594519/,rss,"{""preset"": ""successfactors"", ""feed_url"": ""https://petrobras.jobs2web.com/googlefeed.xml""}"
petrochina,petrochina-careers-london,https://careers.petroineos.com,pinpoint,"{""slug"": ""petroineos""}"
pf-changs,pf-changs-careers,https://pfchangs.wd501.myworkdayjobs.com/pf-changs-external-careers,workday,
pfizer,pfizer-workday-main,https://pfizer.wd1.myworkdayjobs.com/PfizerCareers,workday,"{""company"": ""pfizer"", ""wd_instance"": ""wd1"", ""site"": ""PfizerCareers""}"
phamily,phamily-greenhouse,https://job-boards.greenhouse.io/jobsatphamily,greenhouse,"{""token"": ""jobsatphamily""}"
phantom,phantom-ashby,https://jobs.ashbyhq.com/phantom,ashby,"{""token"": ""phantom""}"
pharmacann,pharmacann-greenhouse,https://job-boards.greenhouse.io/pharmacann,greenhouse,"{""token"": ""pharmacann""}"
pharo-management,pharo-management-greenhouse,https://job-boards.greenhouse.io/pharomanagement,greenhouse,"{""token"": ""pharomanagement""}"
phasev,phasev-greenhouse,https://job-boards.greenhouse.io/phasev,greenhouse,"{""token"": ""phasev""}"
philadelphia-phillies-baseball-operations,philadelphia-phillies-baseball-operations-greenhouse,https://job-boards.greenhouse.io/philliesbaseballoperations,greenhouse,"{""token"": ""philliesbaseballoperations""}"
philo,philo-greenhouse,https://job-boards.greenhouse.io/philo,greenhouse,"{""token"": ""philo""}"
philz-coffee,philz-coffee-greenhouse,https://job-boards.greenhouse.io/philzcoffeecareers,greenhouse,"{""token"": ""philzcoffeecareers""}"
phiture-gmbh,phiture-gmbh-greenhouse,https://job-boards.greenhouse.io/phiture2,greenhouse,"{""token"": ""phiture2""}"
phizenix,phizenix-greenhouse,https://job-boards.greenhouse.io/phizenix,greenhouse,"{""token"": ""phizenix""}"
phoebe-work,phoebe-work-ashby,https://jobs.ashbyhq.com/phoebe-work,ashby,"{""token"": ""phoebe-work""}"
phoenix-contact,phoenix-contact-greenhouse,https://job-boards.greenhouse.io/phoenixcontact,greenhouse,"{""token"": ""phoenixcontact""}"
phonepe,phonepe-greenhouse,https://job-boards.greenhouse.io/phonepe,greenhouse,"{""token"": ""phonepe""}"
phota-labs,phota-labs-careers,https://jobs.gem.com/photalabs-com,gem,"{""slug"": ""photalabs-com""}"
photon,photon-careers,https://fa-ertb-saasfaprod1.fa.ocs.oraclecloud.com/hcmUI/CandidateExperience/en/sites/CX_2,oracle_hcm,
phylo,phylo-careers,https://jobs.ashbyhq.com/phylo,ashby,"{""token"": ""phylo""}"
phyron,phyron-teamtailor,https://careers.phyron.com/jobs,rss,"{""preset"": ""teamtailor"", ""feed_url"": ""https://careers.phyron.com/jobs.rss""}"
physical-intelligence,physical-intelligence-careers,https://jobs.ashbyhq.com/physicalintelligence,ashby,"{""token"": ""physicalintelligence""}"
physicsx,physicsx-greenhouse,https://job-boards.greenhouse.io/physicsx,greenhouse,"{""token"": ""physicsx""}"
picc,picc-careers,https://picc.zhiye.com/,beisen,
picnic,picnic-greenhouse,https://job-boards.greenhouse.io/teampicnic,greenhouse,"{""token"": ""teampicnic""}"
picnic-delivery,picnic-delivery-greenhouse,https://job-boards.greenhouse.io/try-picnic,greenhouse,"{""token"": ""try-picnic""}"
pico,pico-greenhouse,https://job-boards.greenhouse.io/picoquantitativetrading,greenhouse,"{""token"": ""picoquantitativetrading""}"
pie-insurance,pie-insurance-greenhouse,https://job-boards.greenhouse.io/pieinsurance,greenhouse,"{""token"": ""pieinsurance""}"
piermont-bank,piermont-bank-greenhouse,https://job-boards.greenhouse.io/piermontbank,greenhouse,"{""token"": ""piermontbank""}"
pierson-ferdinand,pierson-ferdinand-careers,https://pierferd.com/open-positions,inline,"{""steps"": [{""tag"": ""h3"", ""field"": ""title""}, {""text"": ""Location"", ""field"": ""location"", ""regex"": ""Location:\\s*(.+)""}, {""tag"": ""p"", ""field"": ""description"", ""html"": true, ""stop_tag"": ""h3""}]}"
pigment,pigment-lever,https://jobs.lever.co/pigment,lever,"{""token"": ""pigment""}"
pika,pika-ashby,https://jobs.ashbyhq.com/pika,ashby,"{""token"": ""pika""}"
pilot-com,pilot-com-greenhouse,https://job-boards.greenhouse.io/pilothq,greenhouse,"{""token"": ""pilothq""}"
pimco,pimco-global-workday,https://pimco.wd1.myworkdayjobs.com/pimco-careers,workday,"{""company"": ""pimco"", ""wd_instance"": ""wd1"", ""site"": ""pimco-careers""}"
pindrop,pindrop-careers,https://boards.greenhouse.io/embed/job_board?for=pindropsecurity,greenhouse,"{""token"": ""pindropsecurity""}"
pine-park-health,pine-park-health-greenhouse,https://job-boards.greenhouse.io/pineparkhealth,greenhouse,"{""token"": ""pineparkhealth""}"
pinecone,pinecone-ashby,https://jobs.ashbyhq.com/pinecone,ashby,"{""token"": ""pinecone""}"
ping-identity,ping-identity-greenhouse,https://job-boards.greenhouse.io/pingidentity,greenhouse,"{""token"": ""pingidentity""}"
pinterest,pinterest-careers,https://job-boards.greenhouse.io/pinterestjobadvertisements,greenhouse,"{""token"": ""pinterest""}"
pipe17,pipe17-greenhouse,https://job-boards.greenhouse.io/pipe17,greenhouse,"{""token"": ""pipe17""}"
pipedrive,pipedrive-lever,https://jobs.lever.co/pipedrive,lever,"{""token"": ""pipedrive""}"
pit,pit-teamtailor,https://careers.pit.com/jobs,rss,"{""preset"": ""teamtailor"", ""feed_url"": ""https://careers.pit.com/jobs.rss""}"
pitchbook-data,pitchbook-data-greenhouse,https://job-boards.greenhouse.io/pitchbookdata,greenhouse,"{""token"": ""pitchbookdata""}"
pivot,pivot-ashby,https://jobs.ashbyhq.com/pivot,ashby,"{""token"": ""pivot""}"
pivot-a2e,pivot-a2e-careers,https://www.a2etech.com/careers/,inline,"{""steps"": [{""tag"": ""h3"", ""text"": ""Senior Electronics Engineer"", ""field"": ""title""}, {""tag"": ""p"", ""field"": ""description"", ""html"": true, ""stop_tag"": ""h3""}], ""defaults"": {""locations"": [""Livingston, Scotland""]}}"
pivotal,pivotal-lever,https://jobs.lever.co/pivotal,lever,"{""token"": ""pivotal""}"
pjt-partners,pjt-partners-careers-workday,https://pjtpartners.wd1.myworkdayjobs.com/Careers,workday,"{""company"": ""pjtpartners"", ""wd_instance"": ""wd1"", ""site"": ""Careers""}"
placements-io,placements-io-greenhouse,https://job-boards.greenhouse.io/placementsio,greenhouse,"{""token"": ""placementsio""}"
placer-ai,placer-ai-greenhouse,https://job-boards.greenhouse.io/placerlabs,greenhouse,"{""token"": ""placerlabs""}"
plaid,plaid-ashby,https://jobs.ashbyhq.com/plaid,ashby,"{""token"": ""plaid""}"
plaid,plaid-careers,https://jobs.lever.co/plaid,lever,"{""token"": ""plaid""}"
plain,plain-ashby,https://jobs.ashbyhq.com/plain,ashby,"{""token"": ""plain""}"
plainid,plainid-comeet,https://www.comeet.com/jobs/plainid/C4.00C,comeet,"{""company"": ""plainid"", ""board_id"": ""C4.00C""}"
plane,plane-ashby,https://jobs.ashbyhq.com/plane,ashby,"{""token"": ""plane""}"
planet,planet-greenhouse,https://job-boards.greenhouse.io/planetlabs,greenhouse,"{""token"": ""planetlabs""}"
planetscale,planetscale-greenhouse,https://job-boards.greenhouse.io/planetscale,greenhouse,"{""token"": ""planetscale""}"
planhat,planhat-pinpoint,https://planhat.pinpointhq.com,pinpoint,"{""slug"": ""planhat""}"
planner5d,planner5d-pinpoint,https://planner5d.pinpointhq.com,pinpoint,"{""slug"": ""planner5d""}"
planradar-gmbh,planradar-gmbh-greenhouse,https://job-boards.greenhouse.io/planradar,greenhouse,"{""token"": ""planradar""}"
planzer,planzer-decker-de,https://speditiondecker.recruitee.com/,recruitee,"{""slug"": ""speditiondecker"", ""api_base"": ""https://speditiondecker.recruitee.com""}"
planzer,planzer-maier-de,https://speditionmaier.recruitee.com/,recruitee,"{""slug"": ""speditionmaier"", ""api_base"": ""https://speditionmaier.recruitee.com""}"
plata,plata-careers,https://boards.greenhouse.io/platacard,greenhouse,
platform-science,platform-science-greenhouse,https://job-boards.greenhouse.io/platformscience,greenhouse,"{""token"": ""platformscience""}"
platform9,platform9-pinpoint,https://platform9.pinpointhq.com,pinpoint,"{""slug"": ""platform9""}"
playground,playground-ashby,https://jobs.ashbyhq.com/playground,ashby,"{""token"": ""playground""}"
playstation-global,playstation-global-greenhouse,https://job-boards.greenhouse.io/sonyinteractiveentertainmentglobal,greenhouse,"{""token"": ""sonyinteractiveentertainmentglobal""}"
plexus-co,plexus-co-main,https://www.plexus.co/careers,lever,"{""token"": ""plexus""}"
plexus-worldwide,plexus-worldwide-greenhouse,https://job-boards.greenhouse.io/plexusworldwidellc,greenhouse,"{""token"": ""plexusworldwidellc""}"
plinth,plinth-ashby,https://jobs.ashbyhq.com/plinth,ashby,"{""token"": ""plinth""}"
plot,plot-ashby,https://jobs.ashbyhq.com/plot,ashby,"{""token"": ""plot""}"
pls,pls-greenhouse,https://job-boards.greenhouse.io/plscareers,greenhouse,"{""token"": ""plscareers""}"
pluralfinance,pluralfinance-ashby,https://jobs.ashbyhq.com/pluralfinance,ashby,"{""token"": ""pluralfinance""}"
plus-power,plus-power-greenhouse,https://job-boards.greenhouse.io/pluspower,greenhouse,"{""token"": ""pluspower""}"
pmaconsultants,pmaconsultants-pinpoint,https://pmaconsultants.pinpointhq.com,pinpoint,"{""slug"": ""pmaconsultants""}"
pmg,pmg-greenhouse,https://job-boards.greenhouse.io/pmg,greenhouse,"{""token"": ""pmg""}"
pnc,pnc-workday,https://pnc.wd5.myworkdayjobs.com/External,workday,"{""company"": ""pnc"", ""wd_instance"": ""wd5"", ""site"": ""External"", ""split_facet"": ""jobFamilyGroup""}"
pocus,pocus-ashby,https://jobs.ashbyhq.com/pocus,ashby,"{""token"": ""pocus""}"
pod-network,pod-network-ashby,https://jobs.ashbyhq.com/pod-network,ashby,"{""token"": ""pod-network""}"
podium,podium-greenhouse,https://job-boards.greenhouse.io/podium81,greenhouse,"{""token"": ""podium81""}"
point,point-careers,https://job-boards.greenhouse.io/pointdigitalfinance,greenhouse,"{""token"": ""pointdigitalfinance""}"
point-c,point-c-greenhouse,https://job-boards.greenhouse.io/pointc,greenhouse,"{""token"": ""pointc""}"
point-one-navigation,point-one-navigation-careers,https://jobs.ashbyhq.com/point-one-navigation,ashby,"{""token"": ""point-one-navigation""}"
point72,point72-greenhouse,https://job-boards.greenhouse.io/point72,greenhouse,"{""token"": ""point72""}"
poka-en,poka-en-greenhouse,https://job-boards.greenhouse.io/poka,greenhouse,"{""token"": ""poka""}"
polar,polar-ashby,https://jobs.ashbyhq.com/polar,ashby,"{""token"": ""polar""}"
polestar,polestar-global,https://polestar.teamtailor.com/jobs,rss,"{""preset"": ""teamtailor"", ""feed_url"": ""https://polestar.teamtailor.com/jobs.rss""}"
poly-developments,poly-developments-careers,https://polycareer.zhiye.com/,beisen,{}
polyai,polyai-greenhouse,https://job-boards.greenhouse.io/polyai,greenhouse,"{""token"": ""polyai""}"
polychain-capital,polychain-capital-greenhouse,https://job-boards.greenhouse.io/polychaincapital,greenhouse,"{""token"": ""polychaincapital""}"
polygon-labs,polygon-labs-ashby,https://jobs.ashbyhq.com/polygon-labs,ashby,"{""token"": ""polygon-labs""}"
polymarket,polymarket-careers,https://jobs.ashbyhq.com/polymarket,ashby,"{""token"": ""polymarket""}"
pomelo-care,pomelo-care-greenhouse,https://job-boards.greenhouse.io/pomelocare,greenhouse,"{""token"": ""pomelocare""}"
pontera,pontera-greenhouse,https://job-boards.greenhouse.io/pontera,greenhouse,"{""token"": ""pontera""}"
poolside,poolside-careers,https://jobs.ashbyhq.com/poolside,ashby,"{""token"": ""poolside""}"
popl,popl-ashby,https://jobs.ashbyhq.com/popl,ashby,"{""token"": ""popl""}"
poppulo,poppulo-greenhouse,https://job-boards.greenhouse.io/poppulo,greenhouse,"{""token"": ""poppulo""}"
posh,posh-ashby,https://jobs.ashbyhq.com/posh,ashby,"{""token"": ""posh""}"
poshmark,poshmark-ashby,https://jobs.ashbyhq.com/poshmark,ashby,"{""token"": ""poshmark""}"
possible-finance,possible-finance-greenhouse,https://job-boards.greenhouse.io/possiblefinancialinc,greenhouse,"{""token"": ""possiblefinancialinc""}"
post,post-ashby,https://jobs.ashbyhq.com/post,ashby,"{""token"": ""post""}"
postfinance,postfinance-careers,https://jobs.postfinance.ch/search/?locale=de_DE,rss,"{""preset"": ""successfactors"", ""feed_url"": ""https://jobs.postfinance.ch/googlefeed.xml"", ""job_filter"": {""include"": ""(?i)PostFinance""}, ""url_allowlist"": ""^https://job\\.post\\.ch/(?:[A-Za-z][A-Za-z0-9]*/)?job/(?!_/)[^/?#]+/\\d+/$"", ""url_transform"": {""find"": ""^https://job\\.post\\.ch/(?:[A-Za-z][A-Za-z0-9]*/)?job/(?!_/)[^/?#]+/(\\d+)/$"", ""replace"": ""https://jobs.postfinance.ch/job/_/\\1/"", ""collision_policy"": ""prefer_source_pattern"", ""collision_preferred_source_patterns"": [""^https://job\\.post\\.ch/PostFinance/"", ""^https://job\\.post\\.ch/""], ""collision_canonical_identity_regex"": ""^https://jobs\\.postfinance\\.ch/job/_/(\\d+)/$"", ""collision_identity_metadata_key"": ""id"", ""collision_stream_buffer_limit"": 5000}, ""identity_migration"": ""postfinance-swiss-post-stable-id-v1""}"
posthog,posthog-ashby,https://jobs.ashbyhq.com/posthog,ashby,"{""token"": ""posthog""}"
postman,postman-greenhouse,https://job-boards.greenhouse.io/postman,greenhouse,"{""token"": ""postman""}"
postscript,postscript-greenhouse,https://job-boards.greenhouse.io/postscript,greenhouse,"{""token"": ""postscript""}"
power-digital,power-digital-greenhouse,https://job-boards.greenhouse.io/powerdigitalmarketing,greenhouse,"{""token"": ""powerdigitalmarketing""}"
ppg,ppg-careers,https://ppg.wd5.myworkdayjobs.com/PPG_CAREERS,workday,
ppro,ppro-careers,https://jobs.lever.co/ppro,lever,"{""token"": ""ppro""}"
practice-better,practice-better-greenhouse,https://job-boards.greenhouse.io/practicebetter,greenhouse,"{""token"": ""practicebetter""}"
prada-group,prada-group-china,https://jobschina.prada.cn/,mokahr,"{""org_id"": ""pradagroup"", ""site_id"": 151069}"
prada-group,prada-group-global,https://jobs.pradagroup.com/viewalljobs/,rss,"{""preset"": ""successfactors"", ""feed_url"": ""https://jobs.pradagroup.com/googlefeed.xml"", ""variant"": ""feed""}"
praxent,praxent-greenhouse,https://job-boards.greenhouse.io/praxent,greenhouse,"{""token"": ""praxent""}"
praxis-precision-medicines-inc,praxis-precision-medicines-inc-greenhouse,https://job-boards.greenhouse.io/praxisprecisionmedicines,greenhouse,"{""token"": ""praxisprecisionmedicines""}"
precision-aq,precision-aq-greenhouse,https://job-boards.greenhouse.io/precisionaq,greenhouse,"{""token"": ""precisionaq""}"
precision-for-medicine,precision-for-medicine-greenhouse,https://job-boards.greenhouse.io/pfm,greenhouse,"{""token"": ""pfm""}"
precisionmedicinegroup,precisionmedicinegroup-greenhouse,https://job-boards.greenhouse.io/precisionmedicinegroup,greenhouse,"{""token"": ""precisionmedicinegroup""}"
prefect,prefect-ashby,https://jobs.ashbyhq.com/prefect,ashby,"{""token"": ""prefect""}"
prelude,prelude-ashby,https://jobs.ashbyhq.com/prelude,ashby,"{""token"": ""prelude""}"
premier-care-dental-management,premier-care-dental-management-greenhouse,https://job-boards.greenhouse.io/pcdm,greenhouse,"{""token"": ""pcdm""}"
premier-truck-rental,premier-truck-rental-greenhouse,https://job-boards.greenhouse.io/premiertruckrental,greenhouse,"{""token"": ""premiertruckrental""}"
preply,preply-ashby,https://jobs.ashbyhq.com/preply,ashby,"{""token"": ""preply""}"
presence,presence-greenhouse,https://job-boards.greenhouse.io/presencelearning,greenhouse,"{""token"": ""presencelearning""}"
presidents-institute,presidents-institute-greenhouse,https://job-boards.greenhouse.io/presidents,greenhouse,"{""token"": ""presidents""}"
presidents-institute-sweden,presidents-institute-sweden-greenhouse,https://job-boards.greenhouse.io/presidentsinstitutesweden,greenhouse,"{""token"": ""presidentsinstitutesweden""}"
prevail,prevail-greenhouse,https://job-boards.greenhouse.io/prevail,greenhouse,"{""token"": ""prevail""}"
prezzee,prezzee-greenhouse,https://job-boards.greenhouse.io/prezzee,greenhouse,"{""token"": ""prezzee""}"
pricefox,pricefox-greenhouse,https://job-boards.greenhouse.io/pricefox,greenhouse,"{""token"": ""pricefox""}"
primary,primary-ashby,https://jobs.ashbyhq.com/primary,ashby,"{""token"": ""primary""}"
prime,prime-ashby,https://jobs.ashbyhq.com/prime,ashby,"{""token"": ""prime""}"
primeintellect,primeintellect-ashby,https://jobs.ashbyhq.com/primeintellect,ashby,"{""token"": ""primeintellect""}"
primer,primer-ashby,https://jobs.ashbyhq.com/primer,ashby,"{""token"": ""primer""}"
prior-labs,prior-labs-ashby,https://jobs.ashbyhq.com/prior-labs,ashby,"{""token"": ""prior-labs""}"
prisma,prisma-recruitee,https://prisma.recruitee.com,recruitee,"{""token"": ""prisma""}"
prisma-health,prisma-health-careers,https://prismahealth.wd5.myworkdayjobs.com/prismahealthcorporate,workday,
prisma-health,prisma-health-providers,https://prismahealth.wd5.myworkdayjobs.com/PrismaHealthProviders,workday,
private-equity-insights,private-equity-insights-greenhouse,https://job-boards.greenhouse.io/privateequityinsights,greenhouse,"{""token"": ""privateequityinsights""}"
private-job-board,private-job-board-greenhouse,https://job-boards.greenhouse.io/hellofreshprivate,greenhouse,"{""token"": ""hellofreshprivate""}"
procurify,procurify-ashby,https://jobs.ashbyhq.com/procurify,ashby,"{""token"": ""procurify""}"
prodigal,prodigal-greenhouse,https://job-boards.greenhouse.io/prodigal,greenhouse,"{""token"": ""prodigal""}"
productschool,productschool-pinpoint,https://productschool.pinpointhq.com,pinpoint,"{""slug"": ""productschool""}"
profluent,profluent-greenhouse,https://job-boards.greenhouse.io/profluent,greenhouse,"{""token"": ""profluent""}"
project-expedition,project-expedition-ashby,https://jobs.ashbyhq.com/project-expedition,ashby,"{""token"": ""project-expedition""}"
project44,project44-greenhouse,https://job-boards.greenhouse.io/project44,greenhouse,"{""token"": ""project44""}"
projective-group,projective-group-careers,https://projectivegroup.recruitee.com/,recruitee,"{""company"": ""projectivegroup""}"
prolaio,prolaio-greenhouse,https://job-boards.greenhouse.io/prolaio,greenhouse,"{""token"": ""prolaio""}"
prolific,prolific-greenhouse,https://job-boards.greenhouse.io/prolific,greenhouse,"{""token"": ""prolific""}"
prometheus-real-estate-group,prometheus-real-estate-group-greenhouse,https://job-boards.greenhouse.io/prometheusrealestategroup,greenhouse,"{""token"": ""prometheusrealestategroup""}"
prompt,prompt-ashby,https://jobs.ashbyhq.com/prompt,ashby,"{""token"": ""prompt""}"
proofofplay,proofofplay-ashby,https://jobs.ashbyhq.com/proofofplay,ashby,"{""token"": ""proofofplay""}"
propel,propel-ashby,https://jobs.ashbyhq.com/propel,ashby,"{""token"": ""propel""}"
propel,propel-greenhouse,https://job-boards.greenhouse.io/propel,greenhouse,"{""token"": ""propel""}"
propel,propel-recruitee,https://propel.recruitee.com,recruitee,"{""token"": ""propel""}"
prophecy,prophecy-greenhouse,https://job-boards.greenhouse.io/prophecysimpledatalabs,greenhouse,"{""token"": ""prophecysimpledatalabs""}"
prophesee,prophesee-careers,https://careers.prophesee.ai/,rss,"{""preset"": ""teamtailor"", ""feed_url"": ""https://careers.prophesee.ai/jobs.rss""}"
propublica,propublica-greenhouse,https://job-boards.greenhouse.io/propublica,greenhouse,"{""token"": ""propublica""}"
prosek-partners,prosek-partners-greenhouse,https://job-boards.greenhouse.io/prosek,greenhouse,"{""token"": ""prosek""}"
proshares,proshares-greenhouse,https://job-boards.greenhouse.io/proshares,greenhouse,"{""token"": ""proshares""}"
prosper-health,prosper-health-greenhouse,https://job-boards.greenhouse.io/prosperhealth,greenhouse,"{""token"": ""prosperhealth""}"
prosus,prosus-careers,https://jobs.eu.lever.co/prosus,lever,
protege,protege-ashby,https://jobs.ashbyhq.com/protege,ashby,"{""token"": ""protege""}"
protolabs,protolabs-lever,https://jobs.lever.co/protolabs,lever,"{""token"": ""protolabs""}"
proton,proton-careers,https://proton.me/careers,greenhouse,"{""token"": ""proton""}"
prove,prove-greenhouse,https://job-boards.greenhouse.io/prove,greenhouse,"{""token"": ""prove""}"
providence,providence-careers,https://evac.fa.us2.oraclecloud.com/hcmUI/CandidateExperience/en/sites/CX_1,oracle_hcm,
providence,providence-high-school-careers,https://www.providencehigh.org/about/employment,adp,"{""cid"": ""ae35d627-5989-4889-beb3-2622e60a5256"", ""cc_id"": ""19000101_000003"", ""locale"": ""en_US""}"
providence,providence-university-careers,https://www.uprovidence.edu/employment/open-positions/,adp,"{""cid"": ""7b7a7621-2d08-46ed-a694-79735466f015"", ""cc_id"": ""19000101_000001"", ""locale"": ""en_US""}"
proxima-fusion,proxima-fusion-ashby,https://jobs.ashbyhq.com/proxima-fusion,ashby,"{""token"": ""proxima-fusion""}"
pryzm,pryzm-careers,https://jobs.ashbyhq.com/pryzm,ashby,"{""token"": ""pryzm""}"
psi,psi-ashby,https://jobs.ashbyhq.com/psi,ashby,"{""token"": ""psi""}"
psibufet,psibufet-greenhouse,https://job-boards.greenhouse.io/psibufet,greenhouse,"{""token"": ""psibufet""}"
psiquantum,psiquantum-greenhouse,https://job-boards.greenhouse.io/psiquantum,greenhouse,"{""token"": ""psiquantum""}"
public,public-greenhouse,https://job-boards.greenhouse.io/public,greenhouse,"{""token"": ""public""}"
public-library-of-science,public-library-of-science-greenhouse,https://job-boards.greenhouse.io/plos,greenhouse,"{""token"": ""plos""}"
pubmatic,pubmatic-greenhouse,https://job-boards.greenhouse.io/pubmatic,greenhouse,"{""token"": ""pubmatic""}"
pulley,pulley-greenhouse,https://job-boards.greenhouse.io/pulley,greenhouse,"{""token"": ""pulley""}"
pulse,pulse-ashby,https://jobs.ashbyhq.com/pulse,ashby,"{""token"": ""pulse""}"
pulumi,pulumi-greenhouse,https://job-boards.greenhouse.io/pulumicorporation,greenhouse,"{""token"": ""pulumicorporation""}"
puma,puma-careers,https://puma.wd502.myworkdayjobs.com/jobs_at_puma,workday,"{""company"": ""puma"", ""wd_instance"": ""wd502"", ""site"": ""jobs_at_puma"", ""all_sites"": false}"
puma,puma-careers-stichd,https://puma.wd502.myworkdayjobs.com/Work_at_stichd,workday,"{""company"": ""puma"", ""wd_instance"": ""wd502"", ""site"": ""Work_at_stichd"", ""all_sites"": false}"
pump-co,pump-co-greenhouse,https://job-boards.greenhouse.io/pumpcareers,greenhouse,"{""token"": ""pumpcareers""}"
pure,pure-ashby,https://jobs.ashbyhq.com/pure,ashby,"{""token"": ""pure""}"
pvh,pvh-careers,https://pvh.wd1.myworkdayjobs.com/pvh_careers,workday,"{""company"": ""pvh"", ""wd_instance"": ""wd1"", ""site"": ""PVH_Careers""}"
pwc,pwc-careers-cn-campus,https://app.mokahr.com/campus-recruitment/pwc/148260,mokahr,"{""org_id"": ""pwc"", ""site_id"": 148260}"
pwc,pwc-careers-me,https://careers.pwc.com/search/?searchby=location&q=&locationsearch=,rss,"{""preset"": ""successfactors"", ""feed_url"": ""https://careers.pwc.com/googlefeed.xml""}"
pwc,pwc-careers-se,https://www.pwc.se/sv/karriar/lediga-jobb.html,jobylon,"{""company_id"": ""2908""}"
pwc,pwc-careers-workday,https://pwc.wd3.myworkdayjobs.com/Global_Experienced_Careers,workday,"{""company"": ""pwc"", ""wd_instance"": ""wd3"", ""site"": ""Global_Experienced_Careers""}"
pylon,pylon-ashby,https://jobs.ashbyhq.com/pylon,ashby,"{""token"": ""pylon""}"
q-centrix,q-centrix-greenhouse,https://job-boards.greenhouse.io/qcentrix,greenhouse,"{""token"": ""qcentrix""}"
q-ctrl,q-ctrl-lever,https://jobs.lever.co/q-ctrl,lever,"{""token"": ""q-ctrl""}"
qblox,qblox-main,https://careers.qblox.com/vacancies,recruitee,"{""api_base"": ""https://careers.qblox.com""}"
qdrant,qdrant-join,https://jobs.ashbyhq.com/qdrant.tech,ashby,"{""token"": ""qdrant.tech""}"
qima,qima-cis,https://cis-inspections.com/careers,inline,"{""render"": false, ""require_zero_proof"": true, ""section_start"": {""match_regex"": ""^If you are looking to advance your career.*Explore our current openings.*$""}, ""section_end"": {""tag"": ""h2"", ""match_regex"": ""^Get in Touch$""}, ""item_boundary"": {""tag"": ""div"", ""attr"": ""class=name""}, ""preserve_single_location"": true, ""steps"": [{""tag"": ""div"", ""attr"": ""class=name"", ""field"": ""title""}, {""tag"": ""div"", ""attr"": ""class=location"", ""field"": ""location""}, {""match_regex"": ""^About QIMA & CIS Commodity Inspection Services:$"", ""field"": ""description"", ""html"": true, ""stop"": ""Send us a WhatsApp""}, {""from"": 0, ""match_regex"": ""^Key Responsibilities:$"", ""field"": ""responsibilities"", ""html"": true, ""stop"": ""Skills & Abilities:""}, {""from"": 0, ""match_regex"": ""^Skills & Abilities:$"", ""field"": ""skills"", ""html"": true, ""stop"": ""Education & Experience:""}, {""from"": 0, ""match_regex"": ""^Education & Experience:$"", ""field"": ""qualifications"", ""html"": true, ""stop"": ""Send us a WhatsApp""}]}"
qima,qima-nyce,https://nyce.org.mx/trabaja-con-nosotros/,inline,"{""render"": false, ""require_zero_proof"": true, ""section_start"": {""tag"": ""h2"", ""text"": ""Ofertas de empleo disponibles""}, ""section_end"": {""tag"": ""h2"", ""text"": ""Postúlate ahora""}, ""item_boundary"": {""tag"": ""dt"", ""attr"": ""class=faq_header""}, ""preserve_single_location"": true, ""steps"": [{""tag"": ""dt"", ""attr"": ""class=faq_header"", ""field"": ""title""}, {""text"": ""Zona de trabajo:"", ""field"": ""location"", ""regex"": ""Zona de trabajo:\\s*(.+)""}, {""text"": ""Requisitos:"", ""field"": ""description"", ""html"": true, ""to_end"": true, ""from"": 0}], ""defaults"": {""employment_type"": ""full_time"", ""job_location_type"": ""on_site""}, ""fetch_urls"": [{""url"": ""https://nyce.org.mx/trabaja-con-nosotros/"", ""headers"": {""User-Agent"": ""jobseek-crawler (+https://jseek.co/)""}}], ""fetch_contains"": ""Ofertas de empleo disponibles""}"
qinetiq,qinetiq-global,https://careers.qinetiq.com/search/,rss,"{""preset"": ""successfactors"", ""feed_url"": ""https://careers.qinetiq.com/googlefeed.xml""}"
qonto,qonto-lever,https://jobs.lever.co/qonto,lever,"{""token"": ""qonto""}"
qphox,qphox-greenhouse,https://job-boards.eu.greenhouse.io/qphox,greenhouse,
qred,qred-global,https://jobs.qred.com/jobs,rss,"{""preset"": ""teamtailor"", ""feed_url"": ""https://jobs.qred.com/jobs.rss""}"
qts,qts-recruitee,https://qts.recruitee.com,recruitee,"{""token"": ""qts""}"
qualia,qualia-greenhouse,https://job-boards.greenhouse.io/qualia,greenhouse,"{""token"": ""qualia""}"
qualified,qualified-ashby,https://jobs.ashbyhq.com/qualified,ashby,"{""token"": ""qualified""}"
qualified-digital,qualified-digital-greenhouse,https://job-boards.greenhouse.io/qualifieddigital,greenhouse,"{""token"": ""qualifieddigital""}"
qualified-health,qualified-health-greenhouse,https://job-boards.greenhouse.io/qualifiedhealth,greenhouse,"{""token"": ""qualifiedhealth""}"
qualifyze,qualifyze-recruitee,https://qualifyzegmbh.recruitee.com/,recruitee,"{""slug"": ""qualifyzegmbh""}"
qualio,qualio-greenhouse,https://job-boards.greenhouse.io/qualio,greenhouse,"{""token"": ""qualio""}"
qualtrics,qualtrics-greenhouse,https://job-boards.greenhouse.io/qualtrics,greenhouse,"{""token"": ""qualtrics""}"
quanata,quanata-greenhouse,https://job-boards.greenhouse.io/quanata,greenhouse,"{""token"": ""quanata""}"
quanta-dialysis-technologies,quanta-dialysis-technologies-global,https://careers.quantadt.com/jobs,rss,"{""preset"": ""teamtailor"", ""feed_url"": ""https://careers.quantadt.com/jobs.rss""}"
quantcast,quantcast-pinpoint,https://quantcast.pinpointhq.com,pinpoint,"{""slug"": ""quantcast""}"
quanthealth,quanthealth-greenhouse,https://job-boards.greenhouse.io/quanthealth,greenhouse,"{""token"": ""quanthealth""}"
quantinuum,quantinuum-lever-global,https://jobs.eu.lever.co/quantinuum,lever,"{""token"": ""quantinuum""}"
quantrolox,quantrolox-careers,https://quantrolox.com/careers/,inline,"{""render"": false, ""steps"": [{""tag"": ""h2"", ""field"": ""title""}, {""tag"": ""h4"", ""field"": ""location"", ""regex"": ""Location:\\s*(.*?)(?:\\s+Department:|$)""}, {""tag"": ""p"", ""field"": ""description"", ""html"": true, ""stop_tag"": ""h2""}]}"
quantum,quantum-ashby,https://jobs.ashbyhq.com/quantum,ashby,"{""token"": ""quantum""}"
quantum-coffee,quantum-coffee-greenhouse,https://job-boards.greenhouse.io/quantumcoffee,greenhouse,"{""token"": ""quantumcoffee""}"
quantum-si,quantum-si-greenhouse,https://job-boards.greenhouse.io/quantumsi25,greenhouse,"{""token"": ""quantumsi25""}"
quantware,quantware-ashby,https://jobs.ashbyhq.com/QuantWare,ashby,"{""token"": ""QuantWare""}"
quartr,quartr-quartr,https://careers.quartr.com/jobs,rss,"{""preset"": ""teamtailor"", ""feed_url"": ""https://careers.quartr.com/jobs.rss""}"
quartz-bio,quartz-bio-greenhouse,https://job-boards.greenhouse.io/quartzbio,greenhouse,"{""token"": ""quartzbio""}"
quatt,quatt-careers,https://careers.quatt.io/jobs,rss,"{""preset"": ""teamtailor"", ""feed_url"": ""https://careers.quatt.io/jobs.rss""}"
qube-rt,qube-rt-careers,https://job-boards.greenhouse.io/quberesearchandtechnologies,greenhouse,"{""token"": ""quberesearchandtechnologies""}"
qubit-pharmaceuticals,qubit-pharmaceuticals-teamtailor,https://qubitpharmaceuticals.teamtailor.com/,rss,"{""preset"": ""teamtailor"", ""feed_url"": ""https://qubitpharmaceuticals.teamtailor.com/jobs.rss""}"
quera-computing-inc,quera-computing-inc-greenhouse,https://job-boards.greenhouse.io/queracomputinginc,greenhouse,"{""token"": ""queracomputinginc""}"
quest-diagnostics,quest-diagnostics-careers,https://hdox.fa.us6.oraclecloud.com/hcmUI/CandidateExperience/en/sites/CX_1,oracle_hcm,
quest-diagnostics,quest-diagnostics-careers-blueprint-genetics,https://careers.blueprintgenetics.com/jobs,rss,"{""preset"": ""teamtailor"", ""feed_url"": ""https://careers.blueprintgenetics.com/jobs.rss""}"
quicknode,quicknode-ashby,https://jobs.ashbyhq.com/quicknode,ashby,"{""token"": ""quicknode""}"
quiktrip,quiktrip-careers,https://careers.quiktrip.com/,rss,"{""preset"": ""successfactors""}"
quillbot,quillbot-greenhouse,https://job-boards.greenhouse.io/quillbot,greenhouse,"{""token"": ""quillbot""}"
quince,quince-greenhouse,https://job-boards.greenhouse.io/quince,greenhouse,"{""token"": ""quince""}"
quisitive,quisitive-greenhouse,https://job-boards.greenhouse.io/quisitivejobs,greenhouse,"{""token"": ""quisitivejobs""}"
quix-quantum,quix-quantum-greenhouse,https://job-boards.greenhouse.io/quixquantumbv,greenhouse,"{""token"": ""quixquantumbv""}"
quora,quora-ashby,https://jobs.ashbyhq.com/quora,ashby,"{""token"": ""quora""}"
qventus,qventus-greenhouse,https://job-boards.greenhouse.io/qventus,greenhouse,"{""token"": ""qventus""}"
rackner,rackner-greenhouse,https://job-boards.greenhouse.io/rackner,greenhouse,"{""token"": ""rackner""}"
radai,radai-ashby,https://jobs.ashbyhq.com/radai,ashby,"{""token"": ""radai""}"
radar,radar-ashby,https://jobs.ashbyhq.com/radar,ashby,"{""token"": ""radar""}"
radar,radar-greenhouse,https://job-boards.greenhouse.io/radar,greenhouse,"{""token"": ""radar""}"
radiance-technologies,radiance-technologies-radiance-external,https://radiancetech.wd12.myworkdayjobs.com/Radiance_External,workday,"{""company"": ""radiancetech"", ""wd_instance"": ""wd12"", ""site"": ""Radiance_External""}"
radiant-nuclear,radiant-nuclear-careers,https://jobs.ashbyhq.com/radiant-industries,ashby,
radiantsecurity,radiantsecurity-greenhouse,https://job-boards.greenhouse.io/radiantsecurity,greenhouse,"{""token"": ""radiantsecurity""}"
radical-numerics,radical-numerics-greenhouse,https://job-boards.greenhouse.io/radicalnumerics,greenhouse,"{""token"": ""radicalnumerics""}"
radicle-health,radicle-health-greenhouse,https://job-boards.greenhouse.io/radiclehealth,greenhouse,"{""token"": ""radiclehealth""}"
radix-trading-experienced-job-board,radix-trading-experienced-job-board-greenhouse,https://job-boards.greenhouse.io/radixexperienced,greenhouse,"{""token"": ""radixexperienced""}"
raft-company-website,raft-company-website-greenhouse,https://job-boards.greenhouse.io/raft,greenhouse,"{""token"": ""raft""}"
rai-institute,rai-institute-careers,https://jobs.lever.co/rai,lever,"{""token"": ""rai""}"
railway,railway-ashby,https://jobs.ashbyhq.com/railway,ashby,"{""token"": ""railway""}"
raisin,raisin-greenhouse,https://job-boards.greenhouse.io/raisin,greenhouse,"{""token"": ""raisin""}"
raleys,raleys-careers,https://fa-epss-saasfaprod1.fa.ocs.oraclecloud.com/hcmUI/CandidateExperience/en/sites/cx_1,oracle_hcm,
rally-house,rally-house-careers,https://rallyhouse.wd5.myworkdayjobs.com/Rally_House_External_Career_Site,workday,
ramboll,ramboll-envidan-denmark,https://envidandenmark.teamtailor.com/jobs,rss,"{""preset"": ""teamtailor"", ""feed_url"": ""https://envidandenmark.teamtailor.com/jobs.rss""}"
ramboll,ramboll-envidan-norway,https://envidannorway.teamtailor.com/jobs,rss,"{""preset"": ""teamtailor"", ""feed_url"": ""https://envidannorway.teamtailor.com/jobs.rss""}"
ramboll,ramboll-envidan-sweden,https://envidansweden.teamtailor.com/jobs,rss,"{""preset"": ""teamtailor"", ""feed_url"": ""https://envidansweden.teamtailor.com/jobs.rss""}"
ramp,ramp-ashby,https://jobs.ashbyhq.com/ramp,ashby,"{""token"": ""ramp""}"
range,range-ashby,https://jobs.ashbyhq.com/range,ashby,"{""token"": ""range""}"
range,range-greenhouse,https://job-boards.greenhouse.io/range,greenhouse,"{""token"": ""range""}"
rapidsos,rapidsos-greenhouse,https://job-boards.greenhouse.io/rapidsos,greenhouse,"{""token"": ""rapidsos""}"
rappi,rappi-careers-workday,https://rappi.wd12.myworkdayjobs.com/Rappi_jobs,workday,"{""company"": ""rappi"", ""wd_instance"": ""wd12"", ""site"": ""Rappi_jobs""}"
rasa,rasa-ashby,https://jobs.ashbyhq.com/rasa,ashby,"{""token"": ""rasa""}"
raycast,raycast-ashby,https://jobs.ashbyhq.com/raycast,ashby,"{""token"": ""raycast""}"
razorpay,razorpay-pinpoint,https://razorpay.pinpointhq.com,pinpoint,"{""slug"": ""razorpay""}"
razorpay-software-private-limited,razorpay-software-private-limited-greenhouse,https://job-boards.greenhouse.io/razorpaysoftwareprivatelimited,greenhouse,"{""token"": ""razorpaysoftwareprivatelimited""}"
rbc,rbc-careers,https://rbc.wd3.myworkdayjobs.com/rbcglobal1,workday,"{""company"": ""rbc"", ""wd_instance"": ""wd3"", ""site"": ""rbcglobal1"", ""sites"": [""rbcglobal1"", ""RBCEARLYTALENT1""]}"
re-build-manufacturing,re-build-manufacturing-greenhouse,https://job-boards.greenhouse.io/rebuildmanufacturing,greenhouse,"{""token"": ""rebuildmanufacturing""}"
reach,reach-recruitee,https://reach.recruitee.com,recruitee,"{""token"": ""reach""}"
reach3-insights,reach3-insights-greenhouse,https://job-boards.greenhouse.io/reach3insights,greenhouse,"{""token"": ""reach3insights""}"
reactivate,reactivate-greenhouse,https://job-boards.greenhouse.io/reactivate,greenhouse,"{""token"": ""reactivate""}"
read-ai,read-ai-ashby,https://jobs.ashbyhq.com/read-ai,ashby,"{""token"": ""read-ai""}"
real,real-ashby,https://jobs.ashbyhq.com/real,ashby,"{""token"": ""real""}"
real-chemistry,real-chemistry-greenhouse,https://job-boards.greenhouse.io/realchemistry,greenhouse,"{""token"": ""realchemistry""}"
real-time-innovations,real-time-innovations-greenhouse,https://job-boards.greenhouse.io/rti,greenhouse,"{""token"": ""rti""}"
rebag,rebag-greenhouse,https://job-boards.greenhouse.io/rebag,greenhouse,"{""token"": ""rebag""}"
rebtel,rebtel-teamtailor,https://rebtel.teamtailor.com/,rss,"{""preset"": ""teamtailor"", ""feed_url"": ""https://rebtel.teamtailor.com/jobs.rss""}"
recharge,recharge-greenhouse,https://job-boards.greenhouse.io/recharge,greenhouse,"{""token"": ""recharge""}"
recidiviz,recidiviz-greenhouse,https://job-boards.greenhouse.io/recidiviz,greenhouse,"{""token"": ""recidiviz""}"
reckitt,reckitt-global,https://careers.reckitt.com/,rss,"{""preset"": ""successfactors"", ""feed_url"": ""https://careers.reckitt.com/googlefeed.xml""}"
recora-inc,recora-inc-greenhouse,https://job-boards.greenhouse.io/aviary,greenhouse,"{""token"": ""aviary""}"
recorded-future,recorded-future-greenhouse,https://job-boards.greenhouse.io/recordedfuture,greenhouse,"{""token"": ""recordedfuture""}"
recraft,recraft-careers,https://jobs.ashbyhq.com/recraft,ashby,"{""token"": ""recraft""}"
recruitaero,recruitaero-pinpoint,https://recruitaero.pinpointhq.com,pinpoint,"{""slug"": ""recruitaero""}"
recruitis,recruitis-greenhouse,https://job-boards.greenhouse.io/recruitis,greenhouse,"{""token"": ""recruitis""}"
rectangle-health,rectangle-health-greenhouse,https://job-boards.greenhouse.io/rectanglehealth,greenhouse,"{""token"": ""rectanglehealth""}"
recursion,recursion-greenhouse,https://job-boards.greenhouse.io/recursionpharmaceuticals,greenhouse,"{""token"": ""recursionpharmaceuticals""}"
red-6,red-6-ashby,https://jobs.ashbyhq.com/Red6,ashby,"{""token"": ""Red6""}"
red-bull,red-bull-racing,https://redbulltechnology.wd3.myworkdayjobs.com/RB_Racing,workday,"{""company"": ""redbulltechnology"", ""wd_instance"": ""wd3"", ""site"": ""RB_Racing""}"
red-cell-partners,red-cell-partners-greenhouse,https://job-boards.greenhouse.io/redcellpartners,greenhouse,"{""token"": ""redcellpartners""}"
red-hat,red-hat-careers-workday,https://redhat.wd5.myworkdayjobs.com/jobs,workday,"{""company"": ""redhat"", ""wd_instance"": ""wd5"", ""site"": ""jobs""}"
red-robin,red-robin-careers,https://redrobin.wd1.myworkdayjobs.com/redrobin_careers,workday,
reddit,reddit-careers,https://boards.greenhouse.io/reddit,greenhouse,
redis,redis-ashby,https://jobs.ashbyhq.com/redis,ashby,"{""token"": ""redis""}"
redpanda-data,redpanda-data-greenhouse,https://job-boards.greenhouse.io/redpandadata,greenhouse,"{""token"": ""redpandadata""}"
redpin,redpin-greenhouse,https://job-boards.greenhouse.io/currenciesdirect,greenhouse,"{""token"": ""currenciesdirect""}"
redstone-residential,redstone-residential-greenhouse,https://job-boards.greenhouse.io/redstoneresidential,greenhouse,"{""token"": ""redstoneresidential""}"
redwood-materials,redwood-materials-greenhouse,https://job-boards.greenhouse.io/redwoodmaterials,greenhouse,"{""token"": ""redwoodmaterials""}"
redwood-software,redwood-software-greenhouse,https://job-boards.greenhouse.io/redwoodsoftware,greenhouse,"{""token"": ""redwoodsoftware""}"
reema-health,reema-health-greenhouse,https://job-boards.greenhouse.io/reemahealth,greenhouse,"{""token"": ""reemahealth""}"
reflect-orbital,reflect-orbital-ashby,https://jobs.ashbyhq.com/reflect-orbital,ashby,"{""token"": ""reflect-orbital""}"
reflection-ai,reflection-ai-careers,https://jobs.ashbyhq.com/reflectionai,ashby,"{""token"": ""reflectionai""}"
reformation,reformation-greenhouse,https://job-boards.greenhouse.io/reformation,greenhouse,"{""token"": ""reformation""}"
reframesystems,reframesystems-ashby,https://jobs.ashbyhq.com/reframesystems,ashby,"{""token"": ""reframesystems""}"
regency-integrated-health-services,regency-integrated-health-services-careers,https://www.paycomonline.net/v4/ats/web.php/portal/e02bb79540ffe7748e28901348c7dea8/career-page,paycom,
regrello,regrello-careers,https://jobs.lever.co/regrello,lever,"{""token"": ""regrello""}"
regscale,regscale-greenhouse,https://job-boards.greenhouse.io/regscale,greenhouse,"{""token"": ""regscale""}"
relai,relai-careers,https://relai.app/career/,greenhouse,"{""token"": ""technology""}"
relativity-space,relativity-space-greenhouse,https://job-boards.greenhouse.io/relativity,greenhouse,"{""token"": ""relativity""}"
relay,relay-ashby,https://jobs.ashbyhq.com/relay,ashby,"{""token"": ""relay""}"
relay,relay-greenhouse,https://job-boards.greenhouse.io/relaypro,greenhouse,"{""token"": ""relaypro""}"
relay,relay-lever,https://jobs.lever.co/relay,lever,"{""token"": ""relay""}"
relay-graduate-school-of-education,relay-graduate-school-of-education-greenhouse,https://job-boards.greenhouse.io/relaygraduateschoolofeducation,greenhouse,"{""token"": ""relaygraduateschoolofeducation""}"
relay-payments,relay-payments-greenhouse,https://job-boards.greenhouse.io/relaypayments,greenhouse,"{""token"": ""relaypayments""}"
relay-therapeutics,relay-therapeutics-greenhouse,https://job-boards.greenhouse.io/relaytherapeutics,greenhouse,"{""token"": ""relaytherapeutics""}"
relex-solutions,relex-solutions-careers,https://job-boards.greenhouse.io/relex,greenhouse,"{""token"": ""relex""}"
reliable-robotics,reliable-robotics-ashby,https://jobs.ashbyhq.com/reliable-robotics,ashby,"{""token"": ""reliable-robotics""}"
reltio,reltio-greenhouse,https://job-boards.greenhouse.io/reltio,greenhouse,"{""token"": ""reltio""}"
relx,relx-careers,https://relx.wd3.myworkdayjobs.com/relx,workday,"{""company"": ""relx"", ""wd_instance"": ""wd3"", ""site"": ""relx"", ""all_sites"": false}"
relyance-ai,relyance-ai-greenhouse,https://job-boards.greenhouse.io/relyance,greenhouse,"{""token"": ""relyance""}"
remedyproductstudio,remedyproductstudio-recruitee,https://remedyproductstudio.recruitee.com,recruitee,"{""token"": ""remedyproductstudio""}"
remora,remora-greenhouse,https://job-boards.greenhouse.io/remoracarbon,greenhouse,"{""token"": ""remoracarbon""}"
remotasks,remotasks-greenhouse,https://job-boards.greenhouse.io/remotasks,greenhouse,"{""token"": ""remotasks""}"
remote,remote-greenhouse,https://job-boards.greenhouse.io/remotecom,greenhouse,"{""token"": ""remotecom""}"
remote-people,remote-people-greenhouse,https://job-boards.greenhouse.io/remotepeople,greenhouse,"{""token"": ""remotepeople""}"
renaissance-fusion,renaissance-fusion-careers,https://jobs.renfusion.eu/jobs,rss,"{""preset"": ""teamtailor"", ""feed_url"": ""https://jobs.renfusion.eu/jobs.rss""}"
renaissance-learning-north-america,renaissance-learning-north-america-greenhouse,https://job-boards.greenhouse.io/renaissancelearning-nam,greenhouse,"{""token"": ""renaissancelearning-nam""}"
renault-group,renault-group-alpine-racing-workday,https://alliancewd.wd3.myworkdayjobs.com/alpine-racing-careers,workday,"{""company"": ""alliancewd"", ""wd_instance"": ""wd3"", ""site"": ""alpine-racing-careers""}"
renault-group,renault-group-careers-workday,https://alliancewd.wd3.myworkdayjobs.com/renault-group-careers,workday,"{""company"": ""alliancewd"", ""wd_instance"": ""wd3"", ""site"": ""renault-group-careers""}"
render,render-ashby,https://jobs.ashbyhq.com/render,ashby,"{""token"": ""render""}"
rent-the-runway,rent-the-runway-greenhouse,https://job-boards.greenhouse.io/renttherunway,greenhouse,"{""token"": ""renttherunway""}"
reorbit,reorbit-teamtailor,https://careers.reorbit.space/jobs,rss,"{""preset"": ""teamtailor"", ""feed_url"": ""https://careers.reorbit.space/jobs.rss""}"
replit,replit-ashby,https://jobs.ashbyhq.com/replit,ashby,"{""token"": ""replit""}"
replo,replo-ashby,https://jobs.ashbyhq.com/replo,ashby,"{""token"": ""replo""}"
reply,reply-pinpoint,https://reply.pinpointhq.com,pinpoint,"{""slug"": ""reply""}"
repower,repower-careers-it,https://www.linkedin.com/company/repower-italia/jobs/,linkedin,"{""company_id"": ""945861"", ""company_slug"": ""repower-italia""}"
republic-services,republic-services-careers,https://republic.wd5.myworkdayjobs.com/republic,workday,
resend,resend-ashby,https://jobs.ashbyhq.com/resend,ashby,"{""token"": ""resend""}"
resident,resident-greenhouse,https://job-boards.greenhouse.io/residenthome,greenhouse,"{""token"": ""residenthome""}"
resilience,resilience-greenhouse,https://job-boards.greenhouse.io/resilience,greenhouse,"{""token"": ""resilience""}"
resolve-to-save-lives,resolve-to-save-lives-greenhouse,https://job-boards.greenhouse.io/resolvetosavelives,greenhouse,"{""token"": ""resolvetosavelives""}"
resortpass,resortpass-greenhouse,https://job-boards.greenhouse.io/resortpass,greenhouse,"{""token"": ""resortpass""}"
resource-environmental-solutions-llc,resource-environmental-solutions-llc-greenhouse,https://job-boards.greenhouse.io/res,greenhouse,"{""token"": ""res""}"
results-physiotherapy,results-physiotherapy-greenhouse,https://job-boards.greenhouse.io/resultspt,greenhouse,"{""token"": ""resultspt""}"
retail-insights,retail-insights-greenhouse,https://job-boards.greenhouse.io/retailinsights,greenhouse,"{""token"": ""retailinsights""}"
retraites-populaires,retraites-populaires-careers,https://carriere.retraitespopulaires.ch/,rss,"{""preset"": ""generic"", ""feed_url"": ""https://carriere.retraitespopulaires.ch/rss.php"", ""url_transform"": {""find"": ""^http://"", ""replace"": ""https://""}}"
reunion-marketing,reunion-marketing-greenhouse,https://job-boards.greenhouse.io/reunionmarketing,greenhouse,"{""token"": ""reunionmarketing""}"
rev,rev-ashby,https://jobs.ashbyhq.com/rev,ashby,"{""token"": ""rev""}"
revenuecat,revenuecat-ashby,https://jobs.ashbyhq.com/revenuecat,ashby,"{""token"": ""revenuecat""}"
revero,revero-greenhouse,https://job-boards.greenhouse.io/revero,greenhouse,"{""token"": ""revero""}"
rewards-network,rewards-network-greenhouse,https://job-boards.greenhouse.io/rewardsnetwork,greenhouse,"{""token"": ""rewardsnetwork""}"
rewe-group,rewe-group-careers,https://karriere.rewe-group.com/,rss,"{""preset"": ""successfactors""}"
rewind,rewind-pinpoint,https://rewind.pinpointhq.com,pinpoint,"{""slug"": ""rewind""}"
rf-smart,rf-smart-greenhouse,https://job-boards.greenhouse.io/rfsmart,greenhouse,"{""token"": ""rfsmart""}"
rha-health-services,rha-health-services-careers,https://rhahealthservices.wd1.myworkdayjobs.com/1,workday,
rhenus,rhenus-global,https://www.rhenus.group/career/jobboard/,workday,"{""company"": ""rhe"", ""wd_instance"": ""wd3"", ""site"": ""R1111"", ""all_sites"": false}"
rhenus,rhenus-workday-1989,https://rhe.wd3.myworkdayjobs.com/en-US/1989,workday,"{""company"": ""rhe"", ""wd_instance"": ""wd3"", ""site"": ""1989"", ""all_sites"": false}"
rho,rho-ashby,https://jobs.ashbyhq.com/rho,ashby,"{""token"": ""rho""}"
rhombus-power-inc,rhombus-power-inc-greenhouse,https://job-boards.greenhouse.io/rhombuspower,greenhouse,"{""token"": ""rhombuspower""}"
rhythm-software-inc,rhythm-software-inc-greenhouse,https://job-boards.greenhouse.io/rhythmsoftwareinc,greenhouse,"{""token"": ""rhythmsoftwareinc""}"
rieter,rieter-barmag-successfactors,https://careers.barmag.com/job,rss,"{""preset"": ""successfactors"", ""feed_url"": ""https://careers.barmag.com/googlefeed.xml""}"
rift,rift-main,https://rift.recruitee.com/,recruitee,"{""slug"": ""rift"", ""api_base"": ""https://rift.recruitee.com""}"
rigetti-computing,rigetti-computing-lever,https://jobs.lever.co/rigetti,lever,"{""token"": ""rigetti""}"
rigup,rigup-greenhouse,https://job-boards.greenhouse.io/rigup,greenhouse,"{""token"": ""rigup""}"
rillet,rillet-careers,https://jobs.ashbyhq.com/rillet,ashby,"{""token"": ""rillet""}"
rimac-group,rimac-group-careers-sf,https://careers.rimac-automobili.com/search/?q=&sortColumn=referencedate&sortDirection=desc,rss,"{""preset"": ""successfactors"", ""feed_url"": ""https://careers.rimac-automobili.com/googlefeed.xml""}"
riot-games,riot-games-greenhouse,https://job-boards.greenhouse.io/riotgames,greenhouse,"{""token"": ""riotgames""}"
ripple,ripple-careers,https://boards.greenhouse.io/ripple,greenhouse,"{""token"": ""ripple""}"
rise8,rise8-greenhouse,https://job-boards.greenhouse.io/rise8,greenhouse,"{""token"": ""rise8""}"
riskified,riskified-greenhouse,https://job-boards.greenhouse.io/riskified,greenhouse,"{""token"": ""riskified""}"
rithum,rithum-greenhouse,https://job-boards.greenhouse.io/rithum,greenhouse,"{""token"": ""rithum""}"
rithum-linkedin-board,rithum-linkedin-board-greenhouse,https://job-boards.greenhouse.io/rithumliboard,greenhouse,"{""token"": ""rithumliboard""}"
ritual,ritual-greenhouse,https://job-boards.greenhouse.io/ritual,greenhouse,"{""token"": ""ritual""}"
rival-technologies,rival-technologies-greenhouse,https://job-boards.greenhouse.io/rivaltechnologies,greenhouse,"{""token"": ""rivaltechnologies""}"
riverflex,riverflex-pinpoint,https://riverflex.pinpointhq.com,pinpoint,"{""slug"": ""riverflex""}"
riverlane,riverlane-main,https://job-boards.greenhouse.io/riverlane,greenhouse,"{""token"": ""riverlane""}"
riverside-health-system,riverside-health-system-careers,https://rivhs.wd1.myworkdayjobs.com/non-providerrhs,workday,"{""company"": ""rivhs"", ""wd_instance"": ""wd1"", ""site"": ""Non-ProviderRHS"", ""all_sites"": false}"
riverside-health-system,riverside-health-system-provider,https://rivhs.wd1.myworkdayjobs.com/ProviderRHS,workday,"{""company"": ""rivhs"", ""wd_instance"": ""wd1"", ""site"": ""ProviderRHS"", ""all_sites"": false}"
rivia,rivia-careers,https://jobs.gem.com/rivia,gem,"{""token"": ""rivia""}"
rivr,rivr-careers,https://jobs.lever.co/rivr,lever,
ro,ro-lever,https://jobs.lever.co/ro,lever,"{""token"": ""ro""}"
roadie,roadie-greenhouse,https://job-boards.greenhouse.io/roadie,greenhouse,"{""token"": ""roadie""}"
roadrunner-recycling-inc,roadrunner-recycling-inc-greenhouse,https://job-boards.greenhouse.io/roadrunner,greenhouse,"{""token"": ""roadrunner""}"
robco,robco-ashby,https://jobs.ashbyhq.com/robco,ashby,"{""token"": ""robco""}"
robinhood,robinhood-careers,https://api.greenhouse.io/v1/boards/robinhood/jobs,greenhouse,"{""token"": ""robinhood""}"
roblox,roblox-greenhouse,https://job-boards.greenhouse.io/roblox,greenhouse,"{""token"": ""roblox""}"
roboforce,roboforce-greenhouse,https://job-boards.greenhouse.io/roboforce,greenhouse,"{""token"": ""roboforce""}"
roboyo,roboyo-greenhouse,https://job-boards.greenhouse.io/roboyo,greenhouse,"{""token"": ""roboyo""}"
roche,roche-careers,https://roche.wd3.myworkdayjobs.com/roche-ext,workday,"{""company"": ""roche"", ""wd_instance"": ""wd3"", ""site"": ""roche-ext""}"
rocket-chat,rocket-chat-greenhouse,https://job-boards.greenhouse.io/rocketchat,greenhouse,"{""token"": ""rocketchat""}"
rocket-factory-augsburg,rocket-factory-augsburg-greenhouse-de,https://job-boards.eu.greenhouse.io/rocketfactoryaugsburgag_de,greenhouse,"{""token"": ""rocketfactoryaugsburgag_de""}"
rocket-factory-augsburg,rocket-factory-augsburg-greenhouse-en,https://job-boards.eu.greenhouse.io/rocketfactoryaugsburgag,greenhouse,"{""token"": ""rocketfactoryaugsburgag""}"
rocket-lab-corporation,rocket-lab-corporation-greenhouse,https://job-boards.greenhouse.io/rocketlab,greenhouse,"{""token"": ""rocketlab""}"
rocket-lawyer,rocket-lawyer-greenhouse,https://job-boards.greenhouse.io/rocketlawyer,greenhouse,"{""token"": ""rocketlawyer""}"
rocket-money,rocket-money-greenhouse,https://job-boards.greenhouse.io/truebill,greenhouse,"{""token"": ""truebill""}"
rocket-travel-inc,rocket-travel-inc-greenhouse,https://job-boards.greenhouse.io/rocketmiles,greenhouse,"{""token"": ""rocketmiles""}"
rockstar-games,rockstar-games-greenhouse,https://job-boards.greenhouse.io/rockstargames,greenhouse,"{""token"": ""rockstargames""}"
roku,roku-greenhouse,https://job-boards.greenhouse.io/roku,greenhouse,"{""token"": ""roku""}"
rolex,rolex-careers,https://www.carrieres-rolex.com/Rolex/go/Toutes-nos-offres-Rolex/2901501?q=&department=&facility=&shifttype=,rss,"{""preset"": ""successfactors"", ""feed_url"": ""https://www.carrieres-rolex.com/googlefeed.xml""}"
roller,roller-greenhouse,https://job-boards.greenhouse.io/roller,greenhouse,"{""token"": ""roller""}"
romande-energie,romande-energie-demierre-deschenaux,https://www.demierre-deschenaux.ch/index.php/carriere-et-formation,inline,"{""steps"": [{""tag"": ""h1"", ""text"": ""installateurs \u00e9lectricien"", ""field"": ""title"", ""regex"": ""^d[\u2019' ]+\\s*(.+)$""}, {""tag"": ""p"", ""field"": ""description"", ""html"": true, ""stop_count"": 1}], ""defaults"": {""locations"": [""Oron-la-Ville, Switzerland"", ""Romont, Switzerland""], ""employment_type"": ""full_time""}}"
romande-energie,romande-energie-jm-lambelet,https://jmlambelet-sa.ch/emploi/,inline,"{""steps"": [{""tag"": ""li"", ""match_regex"": ""^(Chef de projet chauffage\\s*/\\s*ventilation|Techniciens SAV chauffage\\s*/\\s*ventilation)$"", ""field"": ""title""}], ""defaults_by_title"": {""Chef de projet chauffage / ventilation"": {""locations"": [""Bevaix, Switzerland""], ""description"": ""<p>J.M. Lambelet SA recherche activement un chef de projet chauffage / ventilation. Pour envoyer vos documents de candidature, \u00e9crivez \u00e0 admin@jml-sa.ch ou utilisez le formulaire de candidature sur cette page.</p>""}, ""Techniciens SAV chauffage / ventilation"": {""locations"": [""Bevaix, Switzerland""], ""description"": ""<p>J.M. Lambelet SA recherche activement des techniciens SAV chauffage / ventilation. Pour envoyer vos documents de candidature, \u00e9crivez \u00e0 admin@jml-sa.ch ou utilisez le formulaire de candidature sur cette page.</p>""}}}"
rondo-energy,rondo-energy-greenhouse,https://job-boards.greenhouse.io/rondoenergy,greenhouse,"{""token"": ""rondoenergy""}"
roo,roo-greenhouse,https://job-boards.greenhouse.io/roo,greenhouse,"{""token"": ""roo""}"
roofr,roofr-greenhouse,https://job-boards.greenhouse.io/roofr,greenhouse,"{""token"": ""roofr""}"
roofstock,roofstock-greenhouse,https://job-boards.greenhouse.io/roofstock,greenhouse,"{""token"": ""roofstock""}"
root-access,root-access-ashby,https://jobs.ashbyhq.com/root-access,ashby,"{""token"": ""root-access""}"
ropes,ropes-ashby,https://jobs.ashbyhq.com/ropes,ashby,"{""token"": ""ropes""}"
rothesay,rothesay-experienced,https://job-boards.greenhouse.io/rothesaylife,greenhouse,"{""token"": ""rothesaylife""}"
rothschild-and-co,rothschild-and-co-experienced-workday,https://rothschildandco.wd3.myworkdayjobs.com/en-US/RothschildAndCo_Lateral,workday,"{""company"": ""rothschildandco"", ""wd_instance"": ""wd3"", ""site"": ""RothschildAndCo_Lateral""}"
rover,rover-lever,https://jobs.lever.co/rover,lever,"{""token"": ""rover""}"
rowden-technologies,rowden-technologies-careers,https://rowdentech.pinpointhq.com/,pinpoint,"{""slug"": ""rowdentech""}"
rsm,rsm-australia,https://rsmaus.wd105.myworkdayjobs.com/RSMCareers,workday,"{""company"": ""rsmaus"", ""wd_instance"": ""wd105"", ""site"": ""RSMCareers""}"
rsm,rsm-austria,https://karriere.rsm.at/,recruitee,"{""slug"": ""careers-analytics"", ""api_base"": ""https://karriere.rsm.at""}"
rsm,rsm-belgium,https://careersatrsmbelgium.cvw.io/,cvwarehouse,
rsm,rsm-careers,https://rsm.wd1.myworkdayjobs.com/rsmcareers,workday,"{""company"": ""rsm"", ""wd_instance"": ""wd1"", ""site"": ""rsmcareers""}"
rtx,rtx-careers-workday,https://globalhr.wd5.myworkdayjobs.com/REC_RTX_Ext_Gateway,workday,"{""tenant"": ""globalhr"", ""board_id"": ""REC_RTX_Ext_Gateway""}"
rubrik-job-board,rubrik-job-board-greenhouse,https://job-boards.greenhouse.io/rubrik,greenhouse,"{""token"": ""rubrik""}"
ruby-tuesday,ruby-tuesday-careers,https://www.paycomonline.net/v4/ats/web.php/portal/dc759ee9d89839231ed8741ea46a3e24/career-page,paycom,
ruggable,ruggable-greenhouse,https://job-boards.greenhouse.io/ruggable,greenhouse,"{""token"": ""ruggable""}"
rula,rula-ashby,https://jobs.ashbyhq.com/rula,ashby,"{""token"": ""rula""}"
rune-technologies,rune-technologies-careers,https://jobs.ashbyhq.com/runetech,ashby,"{""token"": ""runetech""}"
runpod-inc,runpod-inc-greenhouse,https://job-boards.greenhouse.io/runpod,greenhouse,"{""token"": ""runpod""}"
runway,runway-ashby,https://jobs.ashbyhq.com/runway-ml,ashby,"{""token"": ""runway-ml""}"
runwise,runwise-greenhouse,https://job-boards.greenhouse.io/runwise,greenhouse,"{""token"": ""runwise""}"
rush-street-interactive,rush-street-interactive-greenhouse,https://job-boards.greenhouse.io/rushstreetinteractive,greenhouse,"{""token"": ""rushstreetinteractive""}"
russell-reynolds-associates,russell-reynolds-associates-careers-linkedin,https://www.linkedin.com/jobs/search/?f_C=5415,linkedin,"{""company_id"": ""5415""}"
rvi-planning-landscape-architecture,rvi-planning-landscape-architecture-greenhouse,https://job-boards.greenhouse.io/rvi,greenhouse,"{""token"": ""rvi""}"
rwa-xyz,rwa-xyz-ashby,https://jobs.ashbyhq.com/rwa.xyz,ashby,"{""token"": ""rwa.xyz""}"
rxr,rxr-greenhouse,https://job-boards.greenhouse.io/rxr,greenhouse,"{""token"": ""rxr""}"
rxsense,rxsense-greenhouse,https://job-boards.greenhouse.io/rxsense,greenhouse,"{""token"": ""rxsense""}"
rzr-global-inc,rzr-global-inc-greenhouse,https://job-boards.greenhouse.io/rzr,greenhouse,"{""token"": ""rzr""}"
saas-group,saas-group-greenhouse,https://job-boards.greenhouse.io/saasgroup,greenhouse,"{""token"": ""saasgroup""}"
saber-tech,saber-tech-greenhouse,https://job-boards.greenhouse.io/sabertech,greenhouse,"{""token"": ""sabertech""}"
sable,sable-ashby,https://jobs.ashbyhq.com/sable,ashby,"{""token"": ""sable""}"
safari-ai,safari-ai-greenhouse,https://job-boards.greenhouse.io/safariai,greenhouse,"{""token"": ""safariai""}"
safaricom,safaricom-careers-et,https://egjd.fa.us6.oraclecloud.com/hcmUI/CandidateExperience/en/sites/STEP/jobs,oracle_hcm,"{""host"": ""egjd.fa.us6.oraclecloud.com"", ""site"": ""STEP""}"
safe,safe-ashby,https://jobs.ashbyhq.com/safe,ashby,"{""token"": ""safe""}"
safe-security,safe-security-lever,https://jobs.lever.co/safe,lever,"{""token"": ""safe""}"
safesize,safesize-careers,https://safesize.recruitee.com/,recruitee,"{""slug"": ""safesize"", ""api_base"": ""https://safesize.recruitee.com""}"
safetyculture,safetyculture-careers,https://jobs.lever.co/safetyculture-2,lever,"{""token"": ""safetyculture-2""}"
safran,safran-ai,https://jobs.lever.co/safran-ai,lever,"{""token"": ""safran-ai""}"
safran,safran-crt,https://jobs.lever.co/componentrepairtechnologies,lever,"{""token"": ""componentrepairtechnologies""}"
safran,safran-dsi,https://careers.safran-dsi.com/go/View-All-Jobs/9281200/,rss,"{""preset"": ""successfactors"", ""feed_url"": ""https://careers.safran-dsi.com/googlefeed.xml""}"
safran,safran-greenpoint,https://job-boards.greenhouse.io/greenpointtechnologies,greenhouse,"{""token"": ""greenpointtechnologies""}"
saildrone,saildrone-careers,https://job-boards.greenhouse.io/saildroneinc,greenhouse,"{""token"": ""saildroneinc""}"
saks,saks-careers,https://saks.wd1.myworkdayjobs.com/careers_at_saks,workday,
salesforce,salesforce-inventory-careers,https://salesforce.wd12.myworkdayjobs.com/external_career_site,workday,
salient,salient-ashby,https://jobs.ashbyhq.com/salient,ashby,"{""token"": ""salient""}"
sally-beauty-holdings,sally-beauty-holdings-careers,https://eigx.fa.us6.oraclecloud.com/hcmUI/CandidateExperience/en/sites/CX,oracle_hcm,
salsify,salsify-greenhouse,https://job-boards.greenhouse.io/salsify,greenhouse,"{""token"": ""salsify""}"
salt-security,salt-security-greenhouse,https://job-boards.greenhouse.io/saltsecurity,greenhouse,"{""token"": ""saltsecurity""}"
sama,sama-greenhouse,https://job-boards.greenhouse.io/samainc,greenhouse,"{""token"": ""samainc""}"
sambanova,sambanova-careers,https://boards.greenhouse.io/sambanovasystems,greenhouse,"{""token"": ""sambanovasystems""}"
samlino-group,samlino-group-greenhouse,https://job-boards.greenhouse.io/ceg,greenhouse,"{""token"": ""ceg""}"
samotics,samotics-careers,https://careers.samotics.com/jobs,recruitee,"{""api_base"": ""https://careers.samotics.com""}"
samsara,samsara-greenhouse,https://job-boards.greenhouse.io/samsara,greenhouse,"{""token"": ""samsara""}"
samsung,samsung-careers,https://sec.wd3.myworkdayjobs.com/Samsung_Careers,workday,"{""company"": ""sec"", ""wd_instance"": ""wd3"", ""site"": ""Samsung_Careers""}"
samsung-research-america-internship,samsung-research-america-internship-greenhouse,https://job-boards.greenhouse.io/samsungresearchamericainternship,greenhouse,"{""token"": ""samsungresearchamericainternship""}"
samsung-semiconductor,samsung-semiconductor-greenhouse,https://job-boards.greenhouse.io/samsungsemiconductor,greenhouse,"{""token"": ""samsungsemiconductor""}"
san-francisco-aids-foundation,san-francisco-aids-foundation-greenhouse,https://job-boards.greenhouse.io/sfaf,greenhouse,"{""token"": ""sfaf""}"
san-francisco-campus-for-jewish-living,san-francisco-campus-for-jewish-living-greenhouse,https://job-boards.greenhouse.io/sanfranciscocampusforjewishliving,greenhouse,"{""token"": ""sanfranciscocampusforjewishliving""}"
sana,sana-ashby,https://jobs.ashbyhq.com/sana-roles,ashby,"{""token"": ""sana-roles""}"
sanctuary-ai,sanctuary-ai-lever,https://jobs.lever.co/sanctuary,lever,"{""token"": ""sanctuary""}"
sand-tech-holdings-limited,sand-tech-holdings-limited-greenhouse,https://job-boards.greenhouse.io/sandtechholdingslimited,greenhouse,"{""token"": ""sandtechholdingslimited""}"
sandbox-vr,sandbox-vr-careers,https://jobs.lever.co/sandboxvr,lever,"{""token"": ""sandboxvr""}"
sandboxaq,sandboxaq-main,https://jobs.ashbyhq.com/sandboxaq,ashby,"{""token"": ""sandboxaq""}"
sandoz,sandoz-workday,https://sandoz.wd103.myworkdayjobs.com/Sandoz_Careers,workday,
sandstone-care,sandstone-care-greenhouse,https://job-boards.greenhouse.io/sandstonecare,greenhouse,"{""token"": ""sandstonecare""}"
sanford-health,sanford-health-careers,https://sanford.wd5.myworkdayjobs.com/sanfordhealth,workday,
sanford-health,sanford-health-sanford-research,https://research.sanfordhealth.org/careers,inline,"{""render"": false, ""steps"": [{""tag"": ""div"", ""attr"": ""class=gtag-accordion-title"", ""field"": ""title"", ""optional"": true}, {""tag"": ""p"", ""field"": ""description"", ""html"": true, ""stop_tag"": [""div"", ""h4""]}], ""defaults"": {""locations"": [""Sioux Falls, South Dakota, USA""]}}"
sanity,sanity-ashby,https://jobs.ashbyhq.com/sanity,ashby,"{""token"": ""sanity""}"
sanofi,sanofi-careers,https://sanofi.wd3.myworkdayjobs.com/SanofiCareers,workday,"{""company"": ""sanofi"", ""wd_instance"": ""wd3"", ""site"": ""SanofiCareers"", ""all_sites"": false}"
sanofi,sanofi-careers-opella,https://sanofi.wd3.myworkdayjobs.com/OpellaCareers,workday,"{""company"": ""sanofi"", ""wd_instance"": ""wd3"", ""site"": ""OpellaCareers"", ""all_sites"": false}"
santander,santander-careers,https://santander.wd3.myworkdayjobs.com/santandercareers,workday,"{""company"": ""santander"", ""wd_instance"": ""wd3"", ""site"": ""santandercareers""}"
santander,santander-ebury,https://job-boards.greenhouse.io/ebury,greenhouse,"{""token"": ""ebury""}"
santander,santander-getnet-platforms,https://job-boards.eu.greenhouse.io/getnetplatforms,greenhouse,"{""token"": ""getnetplatforms""}"
sap,sap-careers,https://jobs.sap.com/search/,rss,"{""preset"": ""successfactors"", ""feed_url"": ""https://jobs.sap.com/googlefeed.xml""}"
sardine,sardine-ashby,https://jobs.ashbyhq.com/sardine,ashby,"{""token"": ""sardine""}"
saronic,saronic-careers,https://jobs.lever.co/saronic,lever,"{""token"": ""saronic""}"
saskatchewan-health-authority,saskatchewan-health-authority-careers,https://emqk.fa.ca3.oraclecloud.com/hcmUI/CandidateExperience/en/sites/CX_1001/jobs?lastSelectedFacet=ORGANIZATIONS&selectedOrganizationsFacet=300000003438826,oracle_hcm,"{""organization_id"": ""300000003438826"", ""total_count_tolerance"": 1}"
sateliot,sateliot-careers,https://careers.sateliot.com/jobs,rss,"{""preset"": ""teamtailor"", ""feed_url"": ""https://careers.sateliot.com/jobs.rss""}"
satispay,satispay-ashby,https://jobs.ashbyhq.com/satispay,ashby,"{""token"": ""satispay""}"
satrev,satrev-careers,https://satrev.space/careers,inline,"{""steps"": [{""text"": ""Junior GIS Analyst"", ""field"": ""title""}, {""text"": ""Poziom stanowiska"", ""field"": ""description"", ""html"": true, ""stop"": ""If you don\u2019t see""}], ""defaults"": {""locations"": [""Wroc\u0142aw, Poland""]}}"
saturn,saturn-ashby,https://jobs.ashbyhq.com/saturn,ashby,"{""token"": ""saturn""}"
sauce-labs-inc,sauce-labs-inc-greenhouse,https://job-boards.greenhouse.io/saucelabs,greenhouse,"{""token"": ""saucelabs""}"
saudi-aramco,saudi-aramco-careers-eu,https://careers.aramco.eu/search/?createNewAlert=false&q=&locationsearch=&locale=en_US,rss,"{""preset"": ""successfactors"", ""feed_url"": ""https://careers.aramco.eu/googlefeed.xml""}"
save-the-children-international,save-the-children-international-global,https://hcri.fa.em2.oraclecloud.com/hcmUI/CandidateExperience/en/sites/CX_1,oracle_hcm,"{""host"": ""hcri.fa.em2.oraclecloud.com"", ""site"": ""CX_1"", ""total_count_tolerance"": 2}"
saviynt,saviynt-lever,https://jobs.lever.co/saviynt,lever,"{""token"": ""saviynt""}"
savr,savr-teamtailor,https://career.savr.com/,rss,"{""preset"": ""teamtailor"", ""feed_url"": ""https://career.savr.com/jobs.rss""}"
savvy,savvy-ashby,https://jobs.ashbyhq.com/savvy,ashby,"{""token"": ""savvy""}"
sax-advisory-group,sax-advisory-group-greenhouse,https://job-boards.greenhouse.io/saxllp,greenhouse,"{""token"": ""saxllp""}"
sayari,sayari-greenhouse,https://job-boards.greenhouse.io/sayari,greenhouse,"{""token"": ""sayari""}"
sbb,sbb-careers,https://careers.sbb.ch,rss,"{""preset"": ""successfactors"", ""feed_url"": ""https://careers.sbb.ch/googlefeed.xml""}"
sbm-management-services,sbm-management-services-careers,https://sbmmanagement.wd108.myworkdayjobs.com/sbm,workday,
sbm-management-services,sbm-management-services-singapore,https://sg.jobstreet.com/companies/sbm-management-services-168555104366431/jobs,jobstreet,"{""host"": ""sg.jobstreet.com"", ""company_id"": ""168555104366431"", ""organisation_id"": ""441099""}"
sc-johnson,sc-johnson-lifestyle-brands,https://scj.wd5.myworkdayjobs.com/External_Career_Site_Lifestyle_Brands,workday,"{""company"": ""scj"", ""wd_instance"": ""wd5"", ""site"": ""External_Career_Site_Lifestyle_Brands"", ""all_sites"": false}"
sc-johnson,sc-johnson-professional,https://scj.wd5.myworkdayjobs.com/External_Career_Site_Professional,workday,"{""company"": ""scj"", ""wd_instance"": ""wd5"", ""site"": ""External_Career_Site_Professional"", ""all_sites"": false}"
scalapay,scalapay-greenhouse,https://job-boards.eu.greenhouse.io/scalapaysrl,greenhouse,"{""token"": ""scalapaysrl""}"
scale-ai,scale-ai-greenhouse,https://job-boards.greenhouse.io/scaleai,greenhouse,"{""token"": ""scaleai""}"
scaled-cognition,scaled-cognition-ashby,https://jobs.ashbyhq.com/scaled-cognition,ashby,"{""token"": ""scaled-cognition""}"
scalemath,scalemath-ashby,https://jobs.ashbyhq.com/scalemath,ashby,"{""token"": ""scalemath""}"
scandic-hotels,scandic-hotels-dk,https://cdn.jobylon.com/jobs/companies/1331/embed/v2/?page_size=1000,jobylon,"{""company_id"": ""1331""}"
scandic-hotels,scandic-hotels-se,https://cdn.jobylon.com/jobs/companies/1334/embed/v2/?page_size=1000,jobylon,"{""company_id"": ""1334""}"
scandit,scandit-careers,https://boards.greenhouse.io/scandit,greenhouse,"{""token"": ""scandit""}"
scania,scania-careers,https://jobs.scania.com/,rss,"{""preset"": ""successfactors""}"
schaeffler,schaeffler-careers,https://jobs.schaeffler.com/,rss,"{""preset"": ""successfactors""}"
schaeffler,schaeffler-vitesco-careers,https://jobs.vitesco-technologies.com/search/,rss,"{""preset"": ""successfactors"", ""feed_url"": ""https://jobs.vitesco-technologies.com/googlefeed.xml""}"
schindler,schindler-careers,https://job.schindler.com/search/,rss,"{""preset"": ""successfactors"", ""feed_url"": ""https://job.schindler.com/googlefeed.xml""}"
schonfeld,schonfeld-greenhouse,https://job-boards.greenhouse.io/schonfeld,greenhouse,"{""token"": ""schonfeld""}"
schr-dinger,schr-dinger-greenhouse,https://job-boards.greenhouse.io/schrdinger,greenhouse,"{""token"": ""schrdinger""}"
schroders,schroders-careers-experienced,https://ekbq.fa.em2.oraclecloud.com/hcmUI/CandidateExperience/en/sites/CX_2,oracle_hcm,
schwarzman-animal-medical-center,schwarzman-animal-medical-center-greenhouse,https://job-boards.greenhouse.io/animalmedicalcenter,greenhouse,"{""token"": ""animalmedicalcenter""}"
sciforium,sciforium-ashby,https://jobs.ashbyhq.com/sciforium,ashby,"{""token"": ""sciforium""}"
scopely,scopely-greenhouse,https://job-boards.greenhouse.io/scopely,greenhouse,"{""token"": ""scopely""}"
scor,scor-global,https://fa-errt-saasfaprod1.fa.ocs.oraclecloud.com/hcmUI/CandidateExperience/en/sites/CX_2001/jobs?mode=location,oracle_hcm,"{""host"": ""fa-errt-saasfaprod1.fa.ocs.oraclecloud.com"", ""site"": ""CX_2001"", ""total_count_tolerance"": 1, ""page_shortfall_tolerance"": 1}"
scorpion-enterprises-llc,scorpion-enterprises-llc-greenhouse,https://job-boards.greenhouse.io/scorpionenterprisesllc,greenhouse,"{""token"": ""scorpionenterprisesllc""}"
scotch,scotch-greenhouse,https://job-boards.greenhouse.io/scotch,greenhouse,"{""token"": ""scotch""}"
scotiabank,scotiabank-careers,https://jobs.scotiabank.com/,rss,"{""preset"": ""successfactors""}"
scout-ai,scout-ai-greenhouse,https://job-boards.greenhouse.io/scoutai,greenhouse,"{""token"": ""scoutai""}"
scout-motors,scout-motors-greenhouse,https://job-boards.greenhouse.io/scoutmotors,greenhouse,"{""token"": ""scoutmotors""}"
scout24,scout24-greenhouse,https://job-boards.greenhouse.io/scout24,greenhouse,"{""token"": ""scout24""}"
scribe,scribe-ashby,https://jobs.ashbyhq.com/scribe,ashby,"{""token"": ""scribe""}"
scw-systems,scw-systems-careers,https://careers.scwsystems.com/l/en/,recruitee,"{""api_base"": ""https://careers.scwsystems.com""}"
sdsc,sdsc-careers,https://www.datascience.ch/careers,inline,"{""render"": false, ""steps"": [{""tag"": ""h3"", ""field"": ""title""}, {""text"": ""Location"", ""offset"": 1, ""field"": ""location""}, {""tag"": ""h4"", ""field"": ""description"", ""html"": true, ""stop"": ""Apply Now""}]}"
se3,se3-ashby,https://jobs.ashbyhq.com/se3,ashby,"{""token"": ""se3""}"
seamless,seamless-greenhouse,https://job-boards.greenhouse.io/seamlessai,greenhouse,"{""token"": ""seamlessai""}"
seatgeek,seatgeek-careers,https://job-boards.greenhouse.io/seatgeek,greenhouse,"{""token"": ""seatgeek""}"
seattle-sounders-fc-seattle-reign-fc,seattle-sounders-fc-seattle-reign-fc-greenhouse,https://job-boards.greenhouse.io/seattlesoundersfc,greenhouse,"{""token"": ""seattlesoundersfc""}"
secfix,secfix-careers,https://jobs.ashbyhq.com/secfix,ashby,"{""token"": ""secfix""}"
secheron-hasler-group,secheron-hasler-group-careers-cz,https://secheron.jobs.cz/vypis-pozic,almacareer,"{""slug"": ""secheron"", ""country"": ""cz""}"
second-front,second-front-careers,https://jobs.ashbyhq.com/Second-Front-Systems,ashby,"{""token"": ""Second-Front-Systems""}"
secretariat,secretariat-greenhouse,https://job-boards.greenhouse.io/secretariatadvisorsllc,greenhouse,"{""token"": ""secretariatadvisorsllc""}"
sectra,sectra-jobylon,https://cdn.jobylon.com/jobs/companies/2380/embed/v2/?page_size=1000,jobylon,"{""company_id"": ""2380""}"
secureframe,secureframe-lever,https://jobs.lever.co/secureframe,lever,"{""token"": ""secureframe""}"
securitas,securitas-canada,https://ekaw.fa.us2.oraclecloud.com/hcmUI/CandidateExperience/en/sites/CX_1001/jobs,oracle_hcm,"{""host"": ""ekaw.fa.us2.oraclecloud.com"", ""site"": ""CX_1001"", ""jobs_count"": 147}"
securitas,securitas-czech-republic,https://securitas.jobs.cz/volna-mista,almacareer,"{""slug"": ""securitas"", ""host"": ""securitas.jobs.cz"", ""country"": ""cz"", ""widget_id"": ""c6d1f4e4-bdb0-49bb-9f87-7b6e729813fb"", ""api_key"": ""ddd9b525c5ec3d75409c0627e86650b09966ef4ca518867ab32953cbd8fc1908"", ""detail_path"": ""detail-pozice""}"
securitas,securitas-denmark,https://candidate.hr-manager.net/vacancies/list.aspx?customer=securitas,rss,"{""preset"": ""hr_manager"", ""customer"": ""securitas"", ""feed_url"": ""https://api.hr-manager.net/JobPortal.svc/securitas/PositionList/rss/?protype=RecruitmentProject&incads=true""}"
securitas,securitas-global-it-digital,https://securitas.teamtailor.com,rss,"{""preset"": ""generic"", ""feed_url"": ""https://securitas.teamtailor.com/jobs.rss""}"
securitas,securitas-technology-canada,https://workforcenow.adp.com/mascsr/default/mdf/recruitment/recruitment.html?ccId=19000101_000001&cid=ee55d5d2-4591-4567-b49a-206d7389bf06&lang=en_CA,adp,"{""cid"": ""ee55d5d2-4591-4567-b49a-206d7389bf06"", ""cc_id"": ""19000101_000001"", ""locale"": ""en_CA""}"
securitas,securitas-technology-netherlands,https://werkenbijsecuritastechnology.nl/vacatures,recruitee,"{""slug"": ""careers-analytics"", ""api_base"": ""https://werkenbijsecuritastechnology.nl""}"
securitas,securitas-technology-usa,https://workforcenow.adp.com/mascsr/default/mdf/recruitment/recruitment.html?ccId=1983092355_1058&cid=dc06b8e7-58c0-4a04-bed7-f7fc807d3866&lang=en_US,adp,"{""cid"": ""dc06b8e7-58c0-4a04-bed7-f7fc807d3866"", ""cc_id"": ""1983092355_1058"", ""locale"": ""en_US""}"
securitas,securitas-usa,https://ekaw.fa.us2.oraclecloud.com/hcmUI/CandidateExperience/en/sites/CX/jobs,oracle_hcm,"{""host"": ""ekaw.fa.us2.oraclecloud.com"", ""site"": ""CX"", ""jobs_count"": 1283}"
securitize,securitize-greenhouse,https://job-boards.greenhouse.io/securitize,greenhouse,"{""token"": ""securitize""}"
securityscorecard,securityscorecard-greenhouse,https://job-boards.greenhouse.io/securityscorecard,greenhouse,"{""token"": ""securityscorecard""}"
seed,seed-greenhouse,https://job-boards.greenhouse.io/seed,greenhouse,"{""token"": ""seed""}"
seesaw,seesaw-greenhouse,https://job-boards.greenhouse.io/seesaw,greenhouse,"{""token"": ""seesaw""}"
sei-labs,sei-labs-ashby,https://jobs.ashbyhq.com/sei-labs,ashby,"{""token"": ""sei-labs""}"
sekoia-io,sekoia-io-careers,https://careers.sekoia.com/jobs,rss,"{""preset"": ""teamtailor"", ""feed_url"": ""https://careers.sekoia.com/jobs.rss""}"
select-management-group,select-management-group-greenhouse,https://job-boards.greenhouse.io/selectmanagementgroup,greenhouse,"{""token"": ""selectmanagementgroup""}"
self-financial,self-financial-greenhouse,https://job-boards.greenhouse.io/selffinancial,greenhouse,"{""token"": ""selffinancial""}"
selini-capital,selini-capital-greenhouse,https://job-boards.greenhouse.io/selinicapital,greenhouse,"{""token"": ""selinicapital""}"
semafor,semafor-greenhouse,https://job-boards.greenhouse.io/semafor,greenhouse,"{""token"": ""semafor""}"
semgrep,semgrep-ashby,https://jobs.ashbyhq.com/semgrep,ashby,"{""token"": ""semgrep""}"
semrush,semrush-careers,https://careers.semrush.com/,recruitee,"{""slug"": ""semrush"", ""api_base"": ""https://semrush.recruitee.com""}"
semrush,semrush-careers-workday,https://semrush.wd5.myworkdayjobs.com/semrushcareers,workday,"{""company"": ""semrush"", ""wd_instance"": ""wd5"", ""site"": ""semrushcareers""}"
sendbird,sendbird-greenhouse,https://job-boards.greenhouse.io/sendbird,greenhouse,"{""token"": ""sendbird""}"
senior-doc,senior-doc-greenhouse,https://job-boards.greenhouse.io/seniordoc,greenhouse,"{""token"": ""seniordoc""}"
senra-systems,senra-systems-careers,https://job-boards.greenhouse.io/senrasystems,greenhouse,"{""token"": ""senrasystems""}"
sensofusion,sensofusion-careers,https://careers.sensofusion.com/jobs,rss,"{""preset"": ""teamtailor"", ""feed_url"": ""https://careers.sensofusion.com/jobs.rss""}"
sentara-health,sentara-health-careers,https://sentara.wd1.myworkdayjobs.com/scs,workday,"{""facet_union"": {""facets"": [""primaryLocation"", ""jobFamilyGroup""], ""coverage_facet"": ""workerSubType""}}"
sentilink,sentilink-ashby,https://jobs.ashbyhq.com/sentilink,ashby,"{""token"": ""sentilink""}"
sentry,sentry-ashby,https://jobs.ashbyhq.com/sentry,ashby,"{""token"": ""sentry""}"
seo-sponsors-for-educational-opportunity,seo-sponsors-for-educational-opportunity-greenhouse,https://job-boards.greenhouse.io/sponsorsforeducationalopportunity,greenhouse,"{""token"": ""sponsorsforeducationalopportunity""}"
seon,seon-ashby,https://jobs.ashbyhq.com/seon,ashby,"{""token"": ""seon""}"
seoul-robotics,seoul-robotics-greenhouse,https://job-boards.greenhouse.io/seoulrobotics,greenhouse,"{""token"": ""seoulrobotics""}"
sephora,sephora-careers,https://jobs.sephora.com/,rss,"{""preset"": ""successfactors""}"
septerna,septerna-greenhouse,https://job-boards.greenhouse.io/septerna,greenhouse,"{""token"": ""septerna""}"
sequence,sequence-ashby,https://jobs.ashbyhq.com/sequence,ashby,"{""token"": ""sequence""}"
sequoia,sequoia-ashby,https://jobs.ashbyhq.com/sequoia,ashby,"{""token"": ""sequoia""}"
sequra,sequra-pinpoint,https://sequra.pinpointhq.com,pinpoint,"{""slug"": ""sequra""}"
serco,serco-careers,https://career2.successfactors.eu/career?company=SercoGroup,rss,"{""preset"": ""successfactors"", ""feed_url"": ""https://apply-now.serco.com/googlefeed.xml""}"
sereact,sereact-ashby,https://jobs.ashbyhq.com/sereact,ashby,"{""token"": ""sereact""}"
serhant,serhant-greenhouse,https://job-boards.greenhouse.io/serhant,greenhouse,"{""token"": ""serhant""}"
sertis,sertis-greenhouse,https://job-boards.greenhouse.io/sertis,greenhouse,"{""token"": ""sertis""}"
sertrading,sertrading-greenhouse,https://job-boards.greenhouse.io/sertradingsa,greenhouse,"{""token"": ""sertradingsa""}"
service-corporation-international,service-corporation-international-careers,https://sci.wd5.myworkdayjobs.com/sci,workday,
sesame,sesame-ashby,https://jobs.ashbyhq.com/sesame,ashby,"{""token"": ""sesame""}"
sesame,sesame-lever,https://jobs.lever.co/sesame,lever,"{""token"": ""sesame""}"
sesamm,sesamm-greenhouse,https://job-boards.greenhouse.io/sesamm,greenhouse,"{""token"": ""sesamm""}"
seso-inc,seso-inc-greenhouse,https://job-boards.greenhouse.io/sesolabor,greenhouse,"{""token"": ""sesolabor""}"
setpoint,setpoint-greenhouse,https://job-boards.greenhouse.io/setpoint,greenhouse,"{""token"": ""setpoint""}"
seven-research,seven-research-greenhouse,https://job-boards.greenhouse.io/sevenresearch,greenhouse,"{""token"": ""sevenresearch""}"
seyond,seyond-greenhouse,https://job-boards.greenhouse.io/seyond,greenhouse,"{""token"": ""seyond""}"
sezzle,sezzle-greenhouse,https://job-boards.greenhouse.io/sezzle,greenhouse,"{""token"": ""sezzle""}"
sfcompute,sfcompute-ashby,https://jobs.ashbyhq.com/sfcompute,ashby,"{""token"": ""sfcompute""}"
sfox,sfox-greenhouse,https://job-boards.greenhouse.io/sfox,greenhouse,"{""token"": ""sfox""}"
shakepay,shakepay-greenhouse,https://job-boards.greenhouse.io/shakepay,greenhouse,"{""token"": ""shakepay""}"
shardeum-foundation,shardeum-foundation-greenhouse,https://job-boards.greenhouse.io/shardeumfoundation,greenhouse,"{""token"": ""shardeumfoundation""}"
sharebite,sharebite-greenhouse,https://job-boards.greenhouse.io/sharebite,greenhouse,"{""token"": ""sharebite""}"
sharegate-en,sharegate-en-greenhouse,https://job-boards.greenhouse.io/sharegateen,greenhouse,"{""token"": ""sharegateen""}"
sharkninja,sharkninja-greenhouse,https://job-boards.greenhouse.io/sharkninjaoperatingllc,greenhouse,"{""token"": ""sharkninjaoperatingllc""}"
shef,shef-careers,https://jobs.gem.com/shef-com,gem,"{""token"": ""shef-com""}"
shein,shein-campus,https://app.mokahr.com/campus-recruitment/shein/2932,mokahr,"{""org_id"": ""shein"", ""site_id"": 2932}"
shein,shein-careers,https://app.mokahr.com/social-recruitment/shein/2933,mokahr,"{""org_id"": ""shein"", ""site_id"": 2933}"
shein,shein-greenhouse,https://job-boards.greenhouse.io/shein,greenhouse,"{""token"": ""shein""}"
shein,shein-oracle,https://fa-exjq-saasfaprod1.fa.ocs.oraclecloud.com/hcmUI/CandidateExperience/en/sites/SHEIN/jobs,oracle_hcm,"{""host"": ""fa-exjq-saasfaprod1.fa.ocs.oraclecloud.com"", ""site"": ""SHEIN""}"
shell,shell-careers,https://shell.wd3.myworkdayjobs.com/ShellCareers,workday,"{""company"": ""shell"", ""wd_instance"": ""wd3"", ""site"": ""ShellCareers""}"
sherwin-williams,sherwin-williams-careers,https://ejhp.fa.us6.oraclecloud.com/hcmUI/CandidateExperience/en/sites/CX_2,oracle_hcm,
shield-ai,shield-ai-lever,https://jobs.lever.co/shieldai,lever,"{""token"": ""shieldai""}"
shields-health-solutions,shields-health-solutions-greenhouse,https://job-boards.greenhouse.io/shieldshealthsolutions,greenhouse,"{""token"": ""shieldshealthsolutions""}"
shift,shift-ashby,https://jobs.ashbyhq.com/shift,ashby,"{""token"": ""shift""}"
shift-technology,shift-technology-greenhouse,https://job-boards.greenhouse.io/shifttechnology,greenhouse,"{""token"": ""shifttechnology""}"
shift4,shift4-greenhouse,https://job-boards.greenhouse.io/shift4,greenhouse,"{""token"": ""shift4""}"
shift5,shift5-greenhouse,https://job-boards.greenhouse.io/shift5,greenhouse,"{""token"": ""shift5""}"
shiftsmart,shiftsmart-ashby,https://jobs.ashbyhq.com/shiftsmart,ashby,"{""token"": ""shiftsmart""}"
shimizu-north-america,shimizu-north-america-greenhouse,https://job-boards.greenhouse.io/shimizunorthamerica,greenhouse,"{""token"": ""shimizunorthamerica""}"
shipbob-inc,shipbob-inc-greenhouse,https://job-boards.greenhouse.io/shipbobinc,greenhouse,"{""token"": ""shipbobinc""}"
shipwell,shipwell-greenhouse,https://job-boards.greenhouse.io/shipwell,greenhouse,"{""token"": ""shipwell""}"
shopfully,shopfully-greenhouse,https://job-boards.greenhouse.io/shopfully,greenhouse,"{""token"": ""shopfully""}"
shopmy,shopmy-greenhouse,https://job-boards.greenhouse.io/shopmy,greenhouse,"{""token"": ""shopmy""}"
showpad,showpad-greenhouse,https://job-boards.greenhouse.io/showpad,greenhouse,"{""token"": ""showpad""}"
sicpa,sicpa-jobs,https://jobs.sicpa.com/,rss,"{""preset"": ""successfactors"", ""feed_url"": ""https://jobs.sicpa.com/googlefeed.xml""}"
siemens,siemens-cz-almacareer,https://siemens.jobs.cz/,almacareer,{}
siemens-healthineers,siemens-healthineers-workday,https://onehealthineers.wd3.myworkdayjobs.com/SHSJB,workday,"{""company"": ""onehealthineers"", ""wd_instance"": ""wd3"", ""site"": ""SHSJB""}"
sierra,sierra-main,https://jobs.ashbyhq.com/Sierra,ashby,"{""token"": ""Sierra""}"
sieve,sieve-ashby,https://jobs.ashbyhq.com/sieve,ashby,"{""token"": ""sieve""}"
sift,sift-ashby,https://jobs.ashbyhq.com/sift,ashby,"{""token"": ""sift""}"
sift-healthcare,sift-healthcare-greenhouse,https://job-boards.greenhouse.io/sifthealthcare,greenhouse,"{""token"": ""sifthealthcare""}"
sig-group,sig-group-global,https://jobs.sig.biz/search/,rss,"{""preset"": ""successfactors"", ""feed_url"": ""https://jobs.sig.biz/googlefeed.xml"", ""variant"": ""feed""}"
sig-group,sig-group-zerspanungstechnik,https://www.sig.biz/zerspanungstechnik/de-de/karriere,inline,"{""fetch_contains"": ""Komm in unser Team als"", ""steps"": [{""match_regex"": ""^(CNC-Dreher \\(m/w/d\\)|CNC-Fr\u00e4ser \\(m/w/d\\)|konventionellen Dreher \\(m/w/d\\)|Praktikum|Industriekaufmann/-frau|Industriemechaniker/in, Fachrichtung Pr\u00e4zisionsinstrumente)$"", ""field"": ""title""}], ""defaults"": {""locations"": [""Alsdorf, Germany""], ""description"": ""<p>SIG Combibloc Zerspanungstechnik GmbH sucht f\u00fcr seine Pr\u00e4zisionsfertigung qualifizierte und motivierte Fachkr\u00e4fte mit einschl\u00e4giger Praxiserfahrung, Lernbereitschaft und Teamf\u00e4higkeit. Erwartet werden Interesse an pers\u00f6nlicher Weiterbildung, Offenheit f\u00fcr Ver\u00e4nderungen sowie Eigeninitiative und Engagement.</p>""}, ""defaults_by_title"": {""Praktikum"": {""description"": ""<p>Das Grundpraktikum GP1 vermittelt mindestens zwei Wochen praktische Erfahrung in zerspanenden Produktionsprozessen. Stationen umfassen unter anderem Feilen, Schneiden, Bohren, Drehen, Fr\u00e4sen, Erodieren, Montage und Qualit\u00e4tssicherung; SIG stellt die erforderliche Praktikumsbescheinigung aus.</p>""}, ""Industriekaufmann/-frau"": {""description"": ""<p>SIG Combibloc Zerspanungstechnik bildet am Standort Alsdorf Industriekaufleute aus und \u00fcbernimmt Auszubildende nach M\u00f6glichkeit im Anschluss. Bewerbungen werden direkt an die auf der Karriereseite genannte SIG-Ansprechpartnerin gerichtet.</p>""}, ""Industriemechaniker/in, Fachrichtung Pr\u00e4zisionsinstrumente"": {""description"": ""<p>SIG Combibloc Zerspanungstechnik bildet am Standort Alsdorf Industriemechanikerinnen und Industriemechaniker der Fachrichtung Pr\u00e4zisionsinstrumente aus und \u00fcbernimmt Auszubildende nach M\u00f6glichkeit im Anschluss. Bewerbungen werden direkt an die auf der Karriereseite genannte SIG-Ansprechpartnerin gerichtet.</p>""}}}"
sightline-media-group,sightline-media-group-greenhouse,https://job-boards.greenhouse.io/sightlinemediagroup,greenhouse,"{""token"": ""sightlinemediagroup""}"
sigma-computing,sigma-computing-greenhouse,https://job-boards.greenhouse.io/sigmacomputing,greenhouse,"{""token"": ""sigmacomputing""}"
sigmoid,sigmoid-greenhouse,https://job-boards.greenhouse.io/sigmoid,greenhouse,"{""token"": ""sigmoid""}"
signal-iduna,signal-iduna-careers,https://jobs.signal-iduna.de/,rss,"{""preset"": ""successfactors""}"
signers-national,signers-national-greenhouse,https://job-boards.greenhouse.io/signerscareers,greenhouse,"{""token"": ""signerscareers""}"
signet-jewelers,signet-jewelers-careers,https://signetjewelers.wd1.myworkdayjobs.com/signetjeweleryretailsales,workday,"{""company"": ""signetjewelers"", ""wd_instance"": ""wd1"", ""site"": ""signetjeweleryretailsales""}"
signifyd,signifyd-greenhouse,https://job-boards.greenhouse.io/signifyd95,greenhouse,"{""token"": ""signifyd95""}"
signoz,signoz-ashby,https://jobs.ashbyhq.com/signoz,ashby,"{""token"": ""signoz""}"
sila-services,sila-services-lever,https://jobs.lever.co/sila,lever,"{""token"": ""sila""}"
silicon-ranch-corporation,silicon-ranch-corporation-greenhouse,https://job-boards.greenhouse.io/siliconranch,greenhouse,"{""token"": ""siliconranch""}"
silverado,silverado-greenhouse,https://job-boards.greenhouse.io/silverado,greenhouse,"{""token"": ""silverado""}"
silvus-technologies,silvus-technologies-greenhouse,https://job-boards.greenhouse.io/silvus,greenhouse,"{""token"": ""silvus""}"
similarweb,similarweb-greenhouse,https://job-boards.greenhouse.io/similarweb,greenhouse,"{""token"": ""similarweb""}"
simpleclosure,simpleclosure-ashby,https://jobs.ashbyhq.com/simpleclosure,ashby,"{""token"": ""simpleclosure""}"
simplesense,simplesense-greenhouse,https://job-boards.greenhouse.io/simplesense,greenhouse,"{""token"": ""simplesense""}"
simplex-trading,simplex-trading-greenhouse,https://job-boards.greenhouse.io/simplextrading,greenhouse,"{""token"": ""simplextrading""}"
simplifynext,simplifynext-greenhouse,https://job-boards.greenhouse.io/simplifynext,greenhouse,"{""token"": ""simplifynext""}"
simtra-biopharma-solutions,simtra-biopharma-solutions-greenhouse,https://job-boards.greenhouse.io/simtrabps,greenhouse,"{""token"": ""simtrabps""}"
simulamet,simulamet-greenhouse,https://job-boards.greenhouse.io/simulamet,greenhouse,"{""token"": ""simulamet""}"
sinclair,sinclair-careers,https://sinclair.teamtailor.com/jobs,rss,"{""url"": ""https://sinclair.teamtailor.com/jobs.rss"", ""preset"": ""teamtailor""}"
singapore-public-service,singapore-public-service-careers,https://sggovterp.wd102.myworkdayjobs.com/publicservicecareers,workday,"{""company"":""sggovterp"",""wd_instance"":""wd102"",""site"":""publicservicecareers""}"
singapore-public-service,singapore-public-service-govtech,https://boards.greenhouse.io/govtech,greenhouse,"{""token"":""govtech""}"
singlestore,singlestore-greenhouse,https://job-boards.greenhouse.io/singlestore,greenhouse,"{""token"": ""singlestore""}"
singular,singular-ashby,https://jobs.ashbyhq.com/singular,ashby,"{""token"": ""singular""}"
siren,siren-hibob,https://siren.careers.hibob.com/,hibob,"{""origin"": ""https://siren.careers.hibob.com""}"
sirona-medical,sirona-medical-greenhouse,https://job-boards.greenhouse.io/sironamedical,greenhouse,"{""token"": ""sironamedical""}"
sisense,sisense-greenhouse,https://job-boards.greenhouse.io/sisense,greenhouse,"{""token"": ""sisense""}"
siteline,siteline-greenhouse,https://job-boards.greenhouse.io/siteline,greenhouse,"{""token"": ""siteline""}"
siteminder,siteminder-ashby,https://jobs.ashbyhq.com/siteminder,ashby,"{""token"": ""siteminder""}"
sitoo,sitoo-careers,https://careers.sitoo.com/jobs,rss,"{""preset"": ""teamtailor"", ""feed_url"": ""https://careers.sitoo.com/jobs.rss""}"
sixfold,sixfold-greenhouse,https://job-boards.greenhouse.io/sixfold,greenhouse,"{""token"": ""sixfold""}"
sk-hynix-america,sk-hynix-america-greenhouse,https://job-boards.greenhouse.io/skhynixamerica,greenhouse,"{""token"": ""skhynixamerica""}"
sk-hynix-memory-solutions-america-inc,sk-hynix-memory-solutions-america-inc-greenhouse,https://job-boards.greenhouse.io/skhynixmemorysolutionsamericainc,greenhouse,"{""token"": ""skhynixmemorysolutionsamericainc""}"
skadden,skadden-careers-workday,https://skadden.wd5.myworkdayjobs.com/Skadden_Careers,workday,"{""company"": ""skadden"", ""wd_instance"": ""wd5"", ""site"": ""Skadden_Careers""}"
skechers,skechers-careers,https://skechers.wd5.myworkdayjobs.com/one-career-site,workday,
skechers,skechers-japan-recruitment,https://www.skechers.jp/recruitment/,inline,"{""require_zero_proof"": true, ""steps"": [{""tag"": ""summary"", ""field"": ""title""}, {""tag"": ""p"", ""field"": ""description"", ""html"": true, ""stop_tag"": ""summary""}], ""defaults"": {""locations"": [""Japan""]}}"
skild-ai,skild-ai-greenhouse,https://job-boards.greenhouse.io/skildai-careers,greenhouse,"{""token"": ""skildai-careers""}"
skillshare,skillshare-lever,https://jobs.lever.co/skillshare,lever,"{""token"": ""skillshare""}"
skin-clique,skin-clique-greenhouse,https://job-boards.greenhouse.io/skinclique,greenhouse,"{""token"": ""skinclique""}"
skin-laundry,skin-laundry-greenhouse,https://job-boards.greenhouse.io/skinlaundry,greenhouse,"{""token"": ""skinlaundry""}"
sky-mavis,sky-mavis-careers,https://jobs.ashbyhq.com/skymavis,ashby,"{""token"": ""skymavis""}"
skydio,skydio-careers,https://www.skydio.com/careers,ashby,"{""token"": ""skydio""}"
skyflow,skyflow-ashby,https://jobs.ashbyhq.com/skyflow,ashby,"{""token"": ""skyflow""}"
skyguide,skyguide-careers,https://jobs.skyguide.ch/,rss,"{""preset"": ""successfactors"", ""feed_url"": ""https://jobs.skyguide.ch/googlefeed.xml""}"
skylight,skylight-greenhouse,https://job-boards.greenhouse.io/skylighthq,greenhouse,"{""token"": ""skylighthq""}"
skylo-technologies,skylo-technologies-greenhouse,https://job-boards.greenhouse.io/skylotechnologies,greenhouse,"{""token"": ""skylotechnologies""}"
skyral,skyral-careers,https://jobs.lever.co/skyralio,lever,"{""token"": ""skyralio""}"
skyscanner,skyscanner-greenhouse,https://job-boards.greenhouse.io/skyscanner,greenhouse,"{""token"": ""skyscanner""}"
slash-financial,slash-financial-ashby,https://jobs.ashbyhq.com/slash-financial,ashby,"{""token"": ""slash-financial""}"
slate,slate-ashby,https://jobs.ashbyhq.com/slate,ashby,"{""token"": ""slate""}"
slate,slate-lever,https://jobs.lever.co/slate,lever,"{""token"": ""slate""}"
sleeper,sleeper-ashby,https://jobs.ashbyhq.com/sleeper,ashby,"{""token"": ""sleeper""}"
slice,slice-greenhouse,https://job-boards.greenhouse.io/slice,greenhouse,"{""token"": ""slice""}"
slingshot-aerospace,slingshot-aerospace-greenhouse,https://job-boards.greenhouse.io/slingshotaerospace,greenhouse,"{""token"": ""slingshotaerospace""}"
sluhn,sluhn-careers,https://sluhn.wd1.myworkdayjobs.com/SLUHN,workday,
smallpdf,smallpdf-careers,https://smallpdf.com/careers,ashby,"{""token"": ""smallpdf""}"
smarsh,smarsh-pinpoint,https://smarsh.pinpointhq.com,pinpoint,"{""slug"": ""smarsh""}"
smartasset,smartasset-greenhouse,https://job-boards.greenhouse.io/smartasset,greenhouse,"{""token"": ""smartasset""}"
smartbear,smartbear-greenhouse,https://job-boards.greenhouse.io/smartbear,greenhouse,"{""token"": ""smartbear""}"
smarterdx,smarterdx-greenhouse,https://job-boards.greenhouse.io/smarterdx,greenhouse,"{""token"": ""smarterdx""}"
smartling,smartling-greenhouse,https://job-boards.greenhouse.io/smartling,greenhouse,"{""token"": ""smartling""}"
smartly,smartly-greenhouse,https://job-boards.greenhouse.io/smartlyio,greenhouse,"{""token"": ""smartlyio""}"
smartrent,smartrent-greenhouse,https://job-boards.greenhouse.io/smartrent,greenhouse,"{""token"": ""smartrent""}"
smartsheet,smartsheet-greenhouse,https://job-boards.greenhouse.io/smartsheet,greenhouse,"{""token"": ""smartsheet""}"
smava-gmbh,smava-gmbh-greenhouse,https://job-boards.greenhouse.io/smavagmbh,greenhouse,"{""token"": ""smavagmbh""}"
smcp-north-america,smcp-north-america-greenhouse,https://job-boards.greenhouse.io/smcpnorthamerica44hq,greenhouse,"{""token"": ""smcpnorthamerica44hq""}"
smcp-north-america-us-canada,smcp-north-america-us-canada-greenhouse,https://job-boards.greenhouse.io/smcp,greenhouse,"{""token"": ""smcp""}"
smith-nephew,smith-nephew-careers,https://smithnephew.wd5.myworkdayjobs.com/External,workday,"{""company"": ""smithnephew"", ""wd_instance"": ""wd5"", ""site"": ""External""}"
smithrx,smithrx-greenhouse,https://job-boards.greenhouse.io/smithrx,greenhouse,"{""token"": ""smithrx""}"
snap,snap-careers,https://snapchat.wd1.myworkdayjobs.com/snap,workday,
snap-mobile-inc,snap-mobile-inc-greenhouse,https://job-boards.greenhouse.io/snapmobileinc,greenhouse,"{""token"": ""snapmobileinc""}"
snappy,snappy-ashby,https://jobs.ashbyhq.com/snappy,ashby,"{""token"": ""snappy""}"
snorkel-ai,snorkel-ai-greenhouse,https://job-boards.greenhouse.io/snorkelai,greenhouse,"{""token"": ""snorkelai""}"
snow-companies,snow-companies-greenhouse,https://job-boards.greenhouse.io/snowcompanies,greenhouse,"{""token"": ""snowcompanies""}"
snowflake,snowflake-careers,https://careers.snowflake.com/us/en/search-results,ashby,"{""token"": ""snowflake""}"
snyk,snyk-careers,https://snyk.wd103.myworkdayjobs.com/External,workday,"{""company"": ""snyk"", ""wd_instance"": ""wd103"", ""site"": ""External""}"
socar-trading,socar-trading-linkedin,https://www.linkedin.com/company/socartrading/jobs/,linkedin,"{""company_id"": ""1233740"", ""company_slug"": ""socartrading""}"
soci,soci-greenhouse,https://job-boards.greenhouse.io/soci,greenhouse,"{""token"": ""soci""}"
socialpoint,socialpoint-careers,https://job-boards.greenhouse.io/spcareers,greenhouse,"{""token"": ""spcareers""}"
societe-generale,societe-generale-africa-mediterranean-overseas,https://joinus.afs.societegenerale.com/viewalljobs/,rss,"{""preset"": ""successfactors"", ""feed_url"": ""https://joinus.afs.societegenerale.com/googlefeed.xml""}"
socket,socket-ashby,https://jobs.ashbyhq.com/socket,ashby,"{""token"": ""socket""}"
socotec,socotec-advance-testing-us,https://recruiting.paylocity.com/recruiting/jobs/All/0c6e953e-969a-4bb6-a5ec-6ca8b1ad0436/Advanced-Testing-Co-Inc,paylocity,"{""proxy"": true}"
socure,socure-ashby,https://jobs.ashbyhq.com/socure,ashby,"{""token"": ""socure""}"
sofi,sofi-greenhouse,https://job-boards.greenhouse.io/sofi,greenhouse,"{""token"": ""sofi""}"
soho-house-co,soho-house-co-greenhouse,https://job-boards.greenhouse.io/sohohouseco,greenhouse,"{""token"": ""sohohouseco""}"
sojern,sojern-greenhouse,https://job-boards.greenhouse.io/sojern,greenhouse,"{""token"": ""sojern""}"
sol-de-janeiro,sol-de-janeiro-greenhouse,https://job-boards.greenhouse.io/soldejaneiro,greenhouse,"{""token"": ""soldejaneiro""}"
sola,sola-ashby,https://jobs.ashbyhq.com/sola,ashby,"{""token"": ""sola""}"
solana-foundation,solana-foundation-careers,https://jobs.ashbyhq.com/Solana%20Foundation,ashby,"{""token"": ""Solana Foundation""}"
solaris,solaris-careers,https://job-boards.greenhouse.io/solarisbank,greenhouse,"{""token"": ""solarisbank""}"
solera-health,solera-health-greenhouse,https://job-boards.greenhouse.io/solera,greenhouse,"{""token"": ""solera""}"
solid-power,solid-power-greenhouse,https://job-boards.greenhouse.io/solidpower,greenhouse,"{""token"": ""solidpower""}"
solidroad,solidroad-careers,https://jobs.ashbyhq.com/solidroad,ashby,"{""token"": ""solidroad""}"
solink,solink-ashby,https://jobs.ashbyhq.com/solink,ashby,"{""token"": ""solink""}"
sollis-health,sollis-health-greenhouse,https://job-boards.greenhouse.io/sollishealth,greenhouse,"{""token"": ""sollishealth""}"
solveai,solveai-careers,https://jobs.ashbyhq.com/solve.ai/,ashby,"{""token"": ""solve.ai""}"
sona,sona-ashby,https://jobs.ashbyhq.com/sona,ashby,"{""token"": ""sona""}"
sonarsource,sonarsource-careers-lever,https://jobs.lever.co/sonarsource,lever,
sonatus,sonatus-greenhouse,https://job-boards.greenhouse.io/sonatus,greenhouse,"{""token"": ""sonatus""}"
sonatype,sonatype-lever,https://jobs.lever.co/sonatype,lever,"{""token"": ""sonatype""}"
sonder,sonder-pinpoint,https://sonder.pinpointhq.com,pinpoint,"{""slug"": ""sonder""}"
sonepar,sonepar-careers,https://career.sonepar.com/,rss,"{""preset"": ""successfactors""}"
sonepar,sonepar-hungary,https://www.sonepar.hu/hu-hu/karrier,inline,"{""item_boundary"": {""tag"": ""h3"", ""match_regex"": ""\\|""}, ""require_zero_proof"": true, ""source_url_selector"": "".accentuated-range__card__link a[href$='.pdf']"", ""source_url_attribute"": ""href"", ""steps"": [{""tag"": ""h3"", ""match_regex"": ""\\|"", ""field"": ""title"", ""regex"": ""^(.*?)\\s*\\|""}], ""defaults"": {""locations"": [""Hungary""]}}"
sonicwall,sonicwall-greenhouse,https://job-boards.greenhouse.io/sonicwall,greenhouse,"{""token"": ""sonicwall""}"
sono-bello,sono-bello-greenhouse,https://job-boards.greenhouse.io/sonobello,greenhouse,"{""token"": ""sonobello""}"
sonova,sonova-careers,https://jobs.sonova.com/search,rss,"{""preset"": ""successfactors""}"
sony,sony-careers,https://sonyglobal.wd1.myworkdayjobs.com/SonyGlobalCareers,workday,"{""company"": ""sonyglobal"", ""wd_instance"": ""wd1"", ""site"": ""SonyGlobalCareers""}"
sony-interactive-entertainment-inc,sony-interactive-entertainment-inc-greenhouse,https://job-boards.greenhouse.io/siei,greenhouse,"{""token"": ""siei""}"
sony-music-careers-asia-middle-east,sony-music-careers-asia-middle-east-greenhouse,https://job-boards.greenhouse.io/sonymusicasiacareers,greenhouse,"{""token"": ""sonymusicasiacareers""}"
sony-music-entertainment-germany,sony-music-entertainment-germany-greenhouse,https://job-boards.greenhouse.io/sonymusicde,greenhouse,"{""token"": ""sonymusicde""}"
sony-music-entertainment-netherlands,sony-music-entertainment-netherlands-greenhouse,https://job-boards.greenhouse.io/sonymusiccareersnetherlands,greenhouse,"{""token"": ""sonymusiccareersnetherlands""}"
sony-music-entertainment-poland,sony-music-entertainment-poland-greenhouse,https://job-boards.greenhouse.io/sonymusiccareerspoland,greenhouse,"{""token"": ""sonymusiccareerspoland""}"
sony-music-global-job-board,sony-music-global-job-board-greenhouse,https://job-boards.greenhouse.io/sonymusicentertainment,greenhouse,"{""token"": ""sonymusicentertainment""}"
sony-pictures-animation,sony-pictures-animation-greenhouse,https://job-boards.greenhouse.io/sonypicturesanimation,greenhouse,"{""token"": ""sonypicturesanimation""}"
sony-pictures-imageworks,sony-pictures-imageworks-greenhouse,https://job-boards.greenhouse.io/sonypicturesimageworks,greenhouse,"{""token"": ""sonypicturesimageworks""}"
sophos,sophos-lever,https://jobs.lever.co/sophos,lever,"{""token"": ""sophos""}"
soros-fund-management,soros-fund-management-greenhouse,https://job-boards.greenhouse.io/familyoffice,greenhouse,"{""token"": ""familyoffice""}"
sosafe,sosafe-ashby,https://jobs.ashbyhq.com/sosafe,ashby,"{""token"": ""sosafe""}"
sotheby-s,sotheby-s-greenhouse,https://job-boards.greenhouse.io/sothebys,greenhouse,"{""token"": ""sothebys""}"
source-ag,source-ag-careers,https://careers.source.ag,recruitee,"{""slug"": ""careers-analytics"", ""api_base"": ""https://careers.source.ag""}"
source-multiplier,source-multiplier-ashby,https://jobs.ashbyhq.com/source-multiplier,ashby,"{""token"": ""source-multiplier""}"
sourcegraph,sourcegraph-greenhouse,https://job-boards.greenhouse.io/sourcegraph91,greenhouse,"{""token"": ""sourcegraph91""}"
south-columbus-preparatory-academy-german-village,south-columbus-preparatory-academy-german-village-greenhouse,https://job-boards.greenhouse.io/southcolumbuspreparatoryacademygermanvillage,greenhouse,"{""token"": ""southcolumbuspreparatoryacademygermanvillage""}"
south-pole,south-pole-careers,https://careers.southpole.com/jobs,rss,"{""preset"": ""teamtailor"", ""feed_url"": ""https://careers.southpole.com/jobs.rss""}"
south-star-software-private-limited,south-star-software-private-limited-greenhouse,https://job-boards.greenhouse.io/southstarcareers,greenhouse,"{""token"": ""southstarcareers""}"
southworks,southworks-greenhouse,https://job-boards.greenhouse.io/southworks,greenhouse,"{""token"": ""southworks""}"
space-kinetic,space-kinetic-greenhouse,https://job-boards.greenhouse.io/spacekinetic,greenhouse,"{""token"": ""spacekinetic""}"
spacex,spacex-greenhouse,https://job-boards.greenhouse.io/spacex,greenhouse,"{""token"": ""spacex""}"
spacex-global,spacex-global-greenhouse,https://job-boards.greenhouse.io/spacexglobal,greenhouse,"{""token"": ""spacexglobal""}"
spacial,spacial-ashby,https://jobs.ashbyhq.com/spacial,ashby,"{""token"": ""spacial""}"
spade,spade-careers,https://boards.greenhouse.io/spade,greenhouse,"{""token"": ""spade""}"
span,span-ashby,https://jobs.ashbyhq.com/span,ashby,"{""token"": ""span""}"
spare,spare-ashby,https://jobs.ashbyhq.com/spare,ashby,"{""token"": ""spare""}"
spark,spark-recruitee,https://spark.recruitee.com,recruitee,"{""token"": ""spark""}"
spark-advisors,spark-advisors-greenhouse,https://job-boards.greenhouse.io/sparkadvisors,greenhouse,"{""token"": ""sparkadvisors""}"
sparkland,sparkland-greenhouse,https://job-boards.greenhouse.io/sparkland,greenhouse,"{""token"": ""sparkland""}"
sparksoft-corporation,sparksoft-corporation-greenhouse,https://job-boards.greenhouse.io/sparksoftcorporation,greenhouse,"{""token"": ""sparksoftcorporation""}"
sparrow,sparrow-greenhouse,https://job-boards.greenhouse.io/sparrow,greenhouse,"{""token"": ""sparrow""}"
sparrow-quantum,sparrow-quantum-teamtailor,https://sparrowquantum-1750238140.teamtailor.com/jobs,rss,"{""preset"": ""teamtailor"", ""feed_url"": ""https://sparrowquantum-1750238140.teamtailor.com/jobs.rss""}"
spaulding-ridge,spaulding-ridge-greenhouse,https://job-boards.greenhouse.io/spauldingridge,greenhouse,"{""token"": ""spauldingridge""}"
spc-group,spc-group-careers,https://spc.recruiter.co.kr/career/home,recruiter_co_kr,"{""slug"": ""spc""}"
speakeasy,speakeasy-ashby,https://jobs.ashbyhq.com/speakeasy,ashby,"{""token"": ""speakeasy""}"
specitec,specitec-careers,https://careers.specitec.com/jobs,rss,"{""preset"": ""teamtailor""}"
specterops,specterops-greenhouse,https://job-boards.greenhouse.io/specterops,greenhouse,"{""token"": ""specterops""}"
spector-ai,spector-ai-ashby,https://jobs.ashbyhq.com/spector-ai,ashby,"{""token"": ""spector-ai""}"
speechify,speechify-greenhouse,https://job-boards.greenhouse.io/speechify,greenhouse,"{""token"": ""speechify""}"
speechmatics,speechmatics-greenhouse,https://job-boards.greenhouse.io/speechmatics,greenhouse,"{""token"": ""speechmatics""}"
spekit,spekit-ashby,https://jobs.ashbyhq.com/spekit,ashby,"{""token"": ""spekit""}"
spektrum,spektrum-greenhouse,https://job-boards.greenhouse.io/spektrum,greenhouse,"{""token"": ""spektrum""}"
spendesk,spendesk-careers,https://career.spendesk.com/jobs,rss,"{""preset"": ""teamtailor"", ""feed_url"": ""https://career.spendesk.com/jobs.rss""}"
sphere,sphere-careers,https://api.ashbyhq.com/posting-api/job-board/sphere,ashby,"{""token"": ""sphere""}"
sphinx,sphinx-ashby,https://jobs.ashbyhq.com/sphinx,ashby,"{""token"": ""sphinx""}"
sphinx-defense,sphinx-defense-greenhouse,https://job-boards.greenhouse.io/sphinxdefense,greenhouse,"{""token"": ""sphinxdefense""}"
spin-careers,spin-careers-greenhouse,https://job-boards.greenhouse.io/spin,greenhouse,"{""token"": ""spin""}"
spire,spire-greenhouse,https://job-boards.greenhouse.io/spire,greenhouse,"{""token"": ""spire""}"
splice,splice-greenhouse,https://job-boards.greenhouse.io/splice,greenhouse,"{""token"": ""splice""}"
spothopper,spothopper-greenhouse,https://job-boards.greenhouse.io/spothopper,greenhouse,"{""token"": ""spothopper""}"
spotify,spotify-lever,https://jobs.lever.co/spotify,lever,"{""token"": ""spotify""}"
spotlight,spotlight-ashby,https://jobs.ashbyhq.com/spotlight,ashby,"{""token"": ""spotlight""}"
spotme,spotme-careers,https://job-boards.greenhouse.io/spotme,greenhouse,"{""token"": ""spotme""}"
spotter,spotter-greenhouse,https://job-boards.greenhouse.io/spotter,greenhouse,"{""token"": ""spotter""}"
sprengnetter,sprengnetter-greenhouse,https://job-boards.greenhouse.io/sprengnetter,greenhouse,"{""token"": ""sprengnetter""}"
sprig,sprig-ashby,https://jobs.ashbyhq.com/sprig,ashby,"{""token"": ""sprig""}"
spring,spring-recruitee,https://spring.recruitee.com,recruitee,"{""token"": ""spring""}"
spring-health,spring-health-greenhouse,https://job-boards.greenhouse.io/springhealth66,greenhouse,"{""token"": ""springhealth66""}"
springboard,springboard-greenhouse,https://job-boards.greenhouse.io/springboardmentors,greenhouse,"{""token"": ""springboardmentors""}"
springboard-roles,springboard-roles-greenhouse,https://job-boards.greenhouse.io/springboard,greenhouse,"{""token"": ""springboard""}"
sprinter-health,sprinter-health-ashby,https://jobs.ashbyhq.com/sprinter-health,ashby,"{""token"": ""sprinter-health""}"
spruce-systems,spruce-systems-careers,https://api.lever.co/v0/postings/sprucesystems?mode=json,lever,"{""token"": ""sprucesystems""}"
spruceid,spruceid-ashby,https://jobs.ashbyhq.com/spruceid,ashby,"{""token"": ""spruceid""}"
sps-north-america,sps-north-america-greenhouse,https://job-boards.greenhouse.io/spsnorthamerica,greenhouse,"{""token"": ""spsnorthamerica""}"
sps-north-america-opportunities-not-externally-posted-board,sps-north-america-opportunities-not-externally-posted-board-greenhouse,https://job-boards.greenhouse.io/spsnorthamericaselected,greenhouse,"{""token"": ""spsnorthamericaselected""}"
spycloud,spycloud-greenhouse,https://job-boards.greenhouse.io/spycloud,greenhouse,"{""token"": ""spycloud""}"
squarepoint-capital,squarepoint-capital-greenhouse,https://job-boards.greenhouse.io/squarepointcapital,greenhouse,"{""token"": ""squarepointcapital""}"
squarespace,squarespace-greenhouse,https://job-boards.greenhouse.io/squarespace,greenhouse,"{""token"": ""squarespace""}"
squint-ai,squint-ai-ashby,https://jobs.ashbyhq.com/squint.ai,ashby,"{""token"": ""squint.ai""}"
srs-acquiom,srs-acquiom-greenhouse,https://job-boards.greenhouse.io/srsacquiom,greenhouse,"{""token"": ""srsacquiom""}"
stability-ai,stability-ai-greenhouse,https://job-boards.greenhouse.io/stabilityai,greenhouse,"{""token"": ""stabilityai""}"
stable,stable-ashby,https://jobs.ashbyhq.com/stable,ashby,"{""token"": ""stable""}"
stack-av,stack-av-greenhouse,https://job-boards.greenhouse.io/stackav,greenhouse,"{""token"": ""stackav""}"
stack-overflow,stack-overflow-greenhouse,https://job-boards.greenhouse.io/stackexchange,greenhouse,"{""token"": ""stackexchange""}"
stackadapt,stackadapt-greenhouse,https://job-boards.greenhouse.io/stackadapt,greenhouse,"{""token"": ""stackadapt""}"
stackblitz,stackblitz-lever,https://jobs.lever.co/stackblitz,lever,"{""token"": ""stackblitz""}"
stackhawk,stackhawk-lever,https://jobs.lever.co/stackhawk,lever,"{""token"": ""stackhawk""}"
stackline,stackline-greenhouse,https://job-boards.greenhouse.io/stackline,greenhouse,"{""token"": ""stackline""}"
stacks,stacks-ashby,https://jobs.ashbyhq.com/stacks,ashby,"{""token"": ""stacks""}"
stadler-rail,stadler-rail-global,https://careers.stadlerrail.com/,rss,"{""preset"": ""successfactors"", ""feed_url"": ""https://careers.stadlerrail.com/googlefeed.xml""}"
stainless,stainless-careers,https://jobs.ashbyhq.com/stainlessapi,ashby,"{""token"": ""stainlessapi""}"
stambaugh-ness,stambaugh-ness-greenhouse,https://job-boards.greenhouse.io/stambaughness,greenhouse,"{""token"": ""stambaughness""}"
standard-nuclear,standard-nuclear-careers,https://job-boards.greenhouse.io/standardnuclearinc,greenhouse,"{""token"": ""standardnuclearinc""}"
standardfleet,standardfleet-ashby,https://jobs.ashbyhq.com/standardfleet,ashby,"{""token"": ""standardfleet""}"
stanley-1913,stanley-1913-greenhouse,https://job-boards.greenhouse.io/stanley1913-us,greenhouse,"{""token"": ""stanley1913-us""}"
stanley-black-decker,stanley-black-decker-careers,https://sbdinc.wd1.myworkdayjobs.com/stanley_black_decker_career_site,workday,
staples-canada,staples-canada-careers,https://fa-exhh-saasfaprod1.fa.ocs.oraclecloud.com/hcmUI/CandidateExperience/en/sites/StaplesCanada,oracle_hcm,
starbridge,starbridge-ashby,https://jobs.ashbyhq.com/starbridge,ashby,"{""token"": ""starbridge""}"
starbucks,starbucks-china-careers,https://starbucks.zhiye.com/,beisen,"{""tenant"": ""starbucks"", ""variant"": ""modern"", ""portal_id"": ""447d00df-76b1-4da9-a0c5-287e2adb7b0c"", ""tenant_id"": 604302}"
starburst,starburst-greenhouse,https://job-boards.greenhouse.io/starburst,greenhouse,"{""token"": ""starburst""}"
starcloud,starcloud-greenhouse,https://job-boards.greenhouse.io/starcloud,greenhouse,"{""token"": ""starcloud""}"
starrez,starrez-greenhouse,https://job-boards.greenhouse.io/starrez,greenhouse,"{""token"": ""starrez""}"
start-campus,start-campus-greenhouse,https://job-boards.greenhouse.io/startcampus,greenhouse,"{""token"": ""startcampus""}"
startree,startree-greenhouse,https://job-boards.greenhouse.io/startree,greenhouse,"{""token"": ""startree""}"
state-of-florida,state-of-florida-careers,https://jobs.myflorida.com/,rss,"{""preset"": ""successfactors""}"
state-of-florida,state-of-florida-legislature,https://www.governmentjobs.com/careers/fleg,rss,"{""preset"": ""governmentjobs"", ""agency"": ""fleg""}"
state-of-north-carolina,state-of-north-carolina-careers,https://nc.wd108.myworkdayjobs.com/nc_careers,workday,
statsig,statsig-ashby,https://jobs.ashbyhq.com/statsig,ashby,"{""token"": ""statsig""}"
stayai,stayai-ashby,https://jobs.ashbyhq.com/stayai,ashby,"{""token"": ""stayai""}"
stedi,stedi-ashby,https://jobs.ashbyhq.com/stedi,ashby,"{""token"": ""stedi""}"
steer,steer-greenhouse,https://job-boards.greenhouse.io/steercrm,greenhouse,"{""token"": ""steercrm""}"
stegra,stegra-teamtailor,https://career.stegra.com/jobs,rss,"{""preset"": ""teamtailor"", ""feed_url"": ""https://career.stegra.com/jobs.rss""}"
stellantis,stellantis-workday,https://stellantis.wd3.myworkdayjobs.com/External_Career_Site_ID01,workday,
stellar,stellar-ashby,https://jobs.ashbyhq.com/stellar,ashby,"{""token"": ""stellar""}"
sterlington-pllc,sterlington-pllc-greenhouse,https://job-boards.greenhouse.io/sterlingtonpllc,greenhouse,"{""token"": ""sterlingtonpllc""}"
stitch-fix,stitch-fix-greenhouse,https://job-boards.greenhouse.io/stitchfix,greenhouse,"{""token"": ""stitchfix""}"
stockx,stockx-greenhouse,https://job-boards.greenhouse.io/stockx,greenhouse,"{""token"": ""stockx""}"
stoik,stoik-careers,https://careers.stoik.io,rss,"{""preset"": ""teamtailor"", ""feed_url"": ""https://careers.stoik.io/jobs.rss""}"
stoiximan,stoiximan-greenhouse,https://job-boards.greenhouse.io/stoiximan,greenhouse,"{""token"": ""stoiximan""}"
stone-linkedin,stone-linkedin-greenhouse,https://job-boards.greenhouse.io/stone,greenhouse,"{""token"": ""stone""}"
store-space-self-storage,store-space-self-storage-greenhouse,https://job-boards.greenhouse.io/storespace,greenhouse,"{""token"": ""storespace""}"
storiogroup,storiogroup-careers,https://jobs.lever.co/storiogroup,lever,"{""token"": ""storiogroup""}"
story-cannabis,story-cannabis-greenhouse,https://job-boards.greenhouse.io/storycannabis,greenhouse,"{""token"": ""storycannabis""}"
str,str-greenhouse,https://job-boards.greenhouse.io/systemstechnologyresearch,greenhouse,"{""token"": ""systemstechnologyresearch""}"
strabag,strabag-careers,https://strabag.csod.com/ux/ats/careersite/2/home?c=strabag,cornerstone,
straight-arrow-news,straight-arrow-news-greenhouse,https://job-boards.greenhouse.io/straightarrownews,greenhouse,"{""token"": ""straightarrownews""}"
strand-therapeutics,strand-therapeutics-greenhouse,https://job-boards.greenhouse.io/strandtherapeutics,greenhouse,"{""token"": ""strandtherapeutics""}"
strata-decision-technology,strata-decision-technology-greenhouse,https://job-boards.greenhouse.io/stratacareers,greenhouse,"{""token"": ""stratacareers""}"
strata-information-group,strata-information-group-greenhouse,https://job-boards.greenhouse.io/stratainformationgroup,greenhouse,"{""token"": ""stratainformationgroup""}"
strategic-hr-client-job-openings,strategic-hr-client-job-openings-greenhouse,https://job-boards.greenhouse.io/strategichr,greenhouse,"{""token"": ""strategichr""}"
strategy-and,strategy-and-careers-global,https://pwc.wd3.myworkdayjobs.com/Global_Strategyand_Careers,workday,"{""tenant"": ""pwc"", ""board_slug"": ""Global_Strategyand_Careers"", ""all_sites"": false}"
strava,strava-ashby,https://jobs.ashbyhq.com/strava,ashby,"{""token"": ""strava""}"
stream,stream-ashby,https://jobs.ashbyhq.com/stream,ashby,"{""token"": ""stream""}"
striim-inc,striim-inc-greenhouse,https://job-boards.greenhouse.io/striiminc,greenhouse,"{""token"": ""striiminc""}"
strike,strike-greenhouse,https://job-boards.greenhouse.io/strike,greenhouse,"{""token"": ""strike""}"
strike,strike-recruitee,https://strike.recruitee.com,recruitee,"{""token"": ""strike""}"
stripe,stripe-careers,https://stripe.com/jobs/search,greenhouse,"{""token"": ""stripe""}"
strive-health,strive-health-greenhouse,https://job-boards.greenhouse.io/strivehealth,greenhouse,"{""token"": ""strivehealth""}"
striveworks,striveworks-greenhouse,https://job-boards.greenhouse.io/striveworks,greenhouse,"{""token"": ""striveworks""}"
stronghold,stronghold-ashby,https://jobs.ashbyhq.com/stronghold,ashby,"{""token"": ""stronghold""}"
stronghold-investment-management,stronghold-investment-management-greenhouse,https://job-boards.greenhouse.io/strongholdim,greenhouse,"{""token"": ""strongholdim""}"
stryker,stryker-careers,https://stryker.wd1.myworkdayjobs.com/strykercareers,workday,
stubhub,stubhub-greenhouse,https://job-boards.greenhouse.io/stubhubinc,greenhouse,"{""token"": ""stubhubinc""}"
studapart,studapart-greenhouse,https://job-boards.greenhouse.io/studapart,greenhouse,"{""token"": ""studapart""}"
study-com-c,study-com-c-greenhouse,https://job-boards.greenhouse.io/studycontractors,greenhouse,"{""token"": ""studycontractors""}"
stuut-technologies,stuut-technologies-careers,https://jobs.ashbyhq.com/stuut-ai,ashby,"{""token"": ""stuut-ai""}"
stytch,stytch-ashby,https://jobs.ashbyhq.com/stytch,ashby,"{""token"": ""stytch""}"
substack,substack-ashby,https://jobs.ashbyhq.com/substack,ashby,"{""token"": ""substack""}"
sucden,sucden-linkedin,https://www.linkedin.com/company/sucden/jobs/,linkedin,"{""company_id"": ""1914445"", ""company_slug"": ""sucden""}"
sucden,sucden-russia-hh,https://hh.ru/employer/4556149,headhunter,"{""employer_id"": ""4556149"", ""proxy"": true}"
suez,suez-careers,https://hris-suez.csod.com/ux/ats/careersite/10/home?c=hris-suez,cornerstone,{}
sugarcrm,sugarcrm-lever,https://jobs.lever.co/sugarcrm,lever,"{""token"": ""sugarcrm""}"
sui,sui-pinpoint,https://sui.pinpointhq.com,pinpoint,"{""slug"": ""sui""}"
suki,suki-greenhouse,https://job-boards.greenhouse.io/suki,greenhouse,"{""token"": ""suki""}"
sulzer,sulzer-global,https://sulzer.wd502.myworkdayjobs.com/SulzerJobs,workday,"{""company"": ""sulzer"", ""wd_instance"": ""wd502"", ""site"": ""SulzerJobs""}"
summer,summer-greenhouse,https://job-boards.greenhouse.io/summer,greenhouse,"{""token"": ""summer""}"
summerwood,summerwood-careers,https://www.paycomonline.net/v4/ats/web.php/portal/431e50eab8218e67fc2327fa172aef31/career-page,paycom,
summit-one-vanderbilt,summit-one-vanderbilt-greenhouse,https://job-boards.greenhouse.io/summitonevanderbilt,greenhouse,"{""token"": ""summitonevanderbilt""}"
sumo-logic,sumo-logic-greenhouse,https://job-boards.greenhouse.io/sumologic,greenhouse,"{""token"": ""sumologic""}"
sumup,sumup-greenhouse,https://boards.greenhouse.io/sumup,greenhouse,"{""token"": ""sumup""}"
sun-pharmaceutical,sun-pharmaceutical-careers,https://careers.sunpharma.com/search/,rss,"{""preset"": ""successfactors""}"
sunbelt-rentals,sunbelt-rentals-careers,https://sunbeltrentals.wd1.myworkdayjobs.com/sbcareers,workday,"{""company"": ""sunbeltrentals"", ""wd_instance"": ""wd1"", ""site"": ""sbcareers"", ""all_sites"": false}"
sunnyside,sunnyside-greenhouse,https://job-boards.greenhouse.io/sunnyside,greenhouse,"{""token"": ""sunnyside""}"
suno,suno-ashby,https://jobs.ashbyhq.com/suno,ashby,"{""token"": ""suno""}"
sunrise,sunrise-ashby,https://jobs.ashbyhq.com/sunrise,ashby,"{""token"": ""sunrise""}"
sunrise-management,sunrise-management-greenhouse,https://job-boards.greenhouse.io/sunrise,greenhouse,"{""token"": ""sunrise""}"
sunrun,sunrun-careers-wd,https://sunrun.wd5.myworkdayjobs.com/Sunrun_Careers,workday,"{""company"": ""sunrun"", ""board"": ""Sunrun_Careers""}"
sunstar,sunstar-americas-consumer,https://recruiting2.ultipro.com/SUN1002SUN/JobBoard/313e5d08-5885-405c-8e7f-5f4c983403b7,ukg,"{""host"": ""recruiting2.ultipro.com"", ""tenant"": ""SUN1002SUN"", ""board_id"": ""313e5d08-5885-405c-8e7f-5f4c983403b7"", ""listing_url"": ""https://recruiting2.ultipro.com/SUN1002SUN/JobBoard/313e5d08-5885-405c-8e7f-5f4c983403b7""}"
sunwoda,sunwoda-careers,https://sunwodacampus.zhiye.com/,beisen,
sunwoda,sunwoda-careers-corporate,https://sunwoda.zhiye.com/,beisen,
supabase,supabase-ashby,https://jobs.ashbyhq.com/supabase,ashby,"{""token"": ""supabase""}"
super-com,super-com-ashby,https://jobs.ashbyhq.com/super.com,ashby,"{""token"": ""super.com""}"
super-technologies,super-technologies-greenhouse,https://job-boards.greenhouse.io/superbet,greenhouse,"{""token"": ""superbet""}"
superblocks,superblocks-greenhouse,https://job-boards.greenhouse.io/superblocks,greenhouse,"{""token"": ""superblocks""}"
supercell,supercell-ashby,https://jobs.ashbyhq.com/supercell,ashby,"{""token"": ""supercell""}"
superhuman,superhuman-ashby,https://jobs.ashbyhq.com/superhuman,ashby,"{""token"": ""superhuman""}"
supermicro,supermicro-careers,https://jobs.supermicro.com/,rss,"{""preset"": ""successfactors"", ""feed_url"": ""https://jobs.supermicro.com/googlefeed.xml"", ""variant"": ""feed""}"
supernovacompanies,supernovacompanies-pinpoint,https://supernovacompanies.pinpointhq.com,pinpoint,"{""slug"": ""supernovacompanies""}"
supporting-strategies,supporting-strategies-greenhouse,https://job-boards.greenhouse.io/supportingstrategies,greenhouse,"{""token"": ""supportingstrategies""}"
sureify,sureify-greenhouse,https://job-boards.greenhouse.io/sureify,greenhouse,"{""token"": ""sureify""}"
surgery-partners,surgery-partners-careers,https://recruiting.ultipro.com/SUR1004SRGY/JobBoard/aa616d8f-f2a8-46c2-8f8e-1ca56e162ffd,ukg,
surgery-partners,surgery-partners-corporate,https://job-boards.greenhouse.io/surgerypartners,greenhouse,"{""token"": ""surgerypartners""}"
surrealdb,surrealdb-pinpoint,https://surrealdb.pinpointhq.com,pinpoint,"{""slug"": ""surrealdb""}"
surveymonkey,surveymonkey-greenhouse,https://job-boards.greenhouse.io/surveymonkey,greenhouse,"{""token"": ""surveymonkey""}"
sustainable-talent,sustainable-talent-greenhouse,https://job-boards.greenhouse.io/sustainabletalent,greenhouse,"{""token"": ""sustainabletalent""}"
sustainment,sustainment-greenhouse,https://job-boards.greenhouse.io/sustainment,greenhouse,"{""token"": ""sustainment""}"
sveriges-radio,sveriges-radio-jobylon,https://cdn.jobylon.com/jobs/companies/2679/embed/v2/?page_size=1000,jobylon,"{""company_id"": ""2679""}"
svetness,svetness-careers,https://job-boards.greenhouse.io/svetness,greenhouse,
svetness,svetness-corporate,https://job-boards.greenhouse.io/svetnesscorporate,greenhouse,"{""token"": ""svetnesscorporate""}"
svetness,svetness-sales,https://job-boards.greenhouse.io/svetnessinboundb2c,greenhouse,"{""token"": ""svetnessinboundb2c""}"
svix,svix-ashby,https://jobs.ashbyhq.com/svix,ashby,"{""token"": ""svix""}"
swan,swan-ashby,https://jobs.ashbyhq.com/swan,ashby,"{""token"": ""swan""}"
swap,swap-ashby,https://jobs.ashbyhq.com/swap,ashby,"{""token"": ""swap""}"
swarm-aero,swarm-aero-greenhouse,https://job-boards.greenhouse.io/swarmaero,greenhouse,"{""token"": ""swarmaero""}"
sweep,sweep-ashby,https://jobs.ashbyhq.com/sweep,ashby,"{""token"": ""sweep""}"
sweetgreen,sweetgreen-greenhouse,https://job-boards.greenhouse.io/sweetgreen,greenhouse,"{""token"": ""sweetgreen""}"
swile,swile-lever,https://jobs.lever.co/swile,lever,"{""token"": ""swile""}"
swishfund,swishfund-careers,https://www.swishfund.nl/werken-bij,inline,"{""render"": false, ""steps"": [{""tag"": ""div"", ""attr"": ""class=text-size-regular line-height-100"", ""field"": ""employment_type""}, {""tag"": ""div"", ""attr"": ""class=heading-style-h4"", ""field"": ""title""}, {""tag"": ""div"", ""attr"": ""class=truncatexts"", ""field"": ""description"", ""html"": true}], ""defaults"": {""locations"": [""Netherlands""]}}"
swiss-confederation,swiss-confederation-swissnex,https://swissnex.org/about-us/team-and-careers/careers/,inline,"{""fetch_contains"": ""swissnex.zohorecruit.eu/jobs/Careers/"", ""section_start"": {""tag"": ""h3"", ""text"": ""India""}, ""section_end"": {""tag"": ""h3"", ""text"": ""Boston and New York""}, ""item_boundary_tag"": ""h4"", ""source_identity_selector"": ""li[data-site-id='7'] a[href^='https://swissnex.zohorecruit.eu/jobs/Careers/']"", ""source_identity_attribute"": ""href"", ""source_identity_regex"": ""^https://swissnex\\.zohorecruit\\.eu/jobs/Careers/(\\d+)/[^?#]+\\?source=CareerSite$"", ""steps"": [{""tag"": ""h4"", ""field"": ""title""}, {""tag"": ""p"", ""field"": ""description"", ""html"": true, ""to_end"": true}], ""defaults"": {""locations"": [""India""]}}"
swiss-confederation,swiss-confederation-taiwan,https://www.schweiz-taiwan.eda.admin.ch/en/job-vacancies,inline,"{""fetch_urls"": [{""url"": ""https://www.schweiz-taiwan.eda.admin.ch/en/job-vacancies"", ""headers"": {""User-Agent"": ""jobseek-crawler (+https://jseek.co/)""}}], ""fetch_contains"": ""Academic internships"", ""steps"": [{""tag"": ""h3"", ""text"": ""Academic internships"", ""field"": ""title""}, {""text"": ""The Trade Office of Swiss Industries"", ""field"": ""description"", ""html"": true, ""stop"": ""The Federal Department of Foreign Affairs (FDFA) regulary seeks""}], ""exclude_expired"": true, ""defaults"": {""locations"": [""Taipei, Taiwan""], ""employment_type"": ""internship"", ""date_posted"": ""2026-07-27"", ""valid_through"": ""2026-07-31""}}"
swiss-life,swiss-life-careers-ch,https://swisslife.wd3.myworkdayjobs.com/Swiss_Life_Career_Site,workday,"{""company"": ""swisslife"", ""wd_instance"": ""wd3"", ""site"": ""Swiss_Life_Career_Site"", ""all_sites"": false}"
swiss-life,swiss-life-careers-de,https://swisslife.wd3.myworkdayjobs.com/Swiss_Life_Deutschland_Stellenangebote,workday,"{""company"": ""swisslife"", ""wd_instance"": ""wd3"", ""site"": ""Swiss_Life_Deutschland_Stellenangebote"", ""all_sites"": false}"
swiss-life,swiss-life-careers-workday,https://swisslife.wd3.myworkdayjobs.com/en-US/Swiss_Life_Asset_Managers_Career_Site,workday,"{""company"": ""swisslife"", ""wd_instance"": ""wd3"", ""site"": ""Swiss_Life_Asset_Managers_Career_Site""}"
swiss-mobiliar,swiss-mobiliar-careers,https://jobs.mobiliar.ch/,rss,"{""preset"": ""successfactors"", ""feed_url"": ""https://jobs.mobiliar.ch/googlefeed.xml""}"
swiss-national-bank,swiss-national-bank-careers,https://careers.snb.ch/viewalljobs/,rss,"{""preset"": ""successfactors"", ""feed_url"": ""https://careers.snb.ch/googlefeed.xml""}"
swiss-national-science-foundation,swiss-national-science-foundation-careers,https://talents.snf.ch/jobs,rss,"{""preset"": ""teamtailor"", ""feed_url"": ""https://talents.snf.ch/jobs.rss""}"
swiss-post,swiss-post-main,https://job.post.ch/search?locale=en_US,rss,"{""preset"": ""successfactors"", ""feed_url"": ""https://job.post.ch/googlefeed.xml"", ""job_filter"": {""exclude"": ""(?i)PostFinance""}, ""url_allowlist"": ""^https://job\\.post\\.ch/(?:[A-Za-z][A-Za-z0-9]*/)?job/(?!_/)[^/?#]+/\\d+/$"", ""url_transform"": {""find"": ""^https://job\\.post\\.ch/(?:[A-Za-z][A-Za-z0-9]*/)?job/(?!_/)[^/?#]+/(\\d+)/$"", ""replace"": ""https://job.post.ch/job/_/\\1/"", ""collision_policy"": ""prefer_source_pattern"", ""collision_preferred_source_patterns"": [""^https://job\\.post\\.ch/PostKG/"", ""^https://job\\.post\\.ch/""], ""collision_canonical_identity_regex"": ""^https://job\\.post\\.ch/job/_/(\\d+)/$"", ""collision_identity_metadata_key"": ""id"", ""collision_stream_buffer_limit"": 5000}}"
swiss-re,swiss-re-careers,https://careers.swissre.com/viewalljobs/,rss,"{""preset"": ""successfactors"", ""feed_url"": ""https://careers.swissre.com/googlefeed.xml""}"
swisscom,swisscom-careers,https://swisscom.wd103.myworkdayjobs.com/en-US/SwisscomExternalCareers,workday,
swisscom,swisscom-careers-rotterdam,https://swisscom.recruitee.com,recruitee,
swissgrid,swissgrid-careers,https://jobs.swissgrid.ch/go/All-Jobs/8755602/?locale=en_US,rss,"{""preset"": ""successfactors"", ""feed_url"": ""https://jobs.swissgrid.ch/googlefeed.xml""}"
swissport,swissport-careers-ch,https://jobs.swissport.com/search/,rss,"{""preset"": ""successfactors"", ""feed_url"": ""https://jobs.swissport.com/googlefeed.xml""}"
swissto12,swissto12-hibob,https://swissto12-b67d359b42.careers.hibob.com,hibob,"{""origin"": ""https://swissto12-b67d359b42.careers.hibob.com""}"
sword-group,sword-group-careers-be,https://swordtechnologies.recruitee.com,recruitee,"{""token"": ""swordtechnologies""}"
sword-group,sword-group-careers-ch,https://sword-services.ch/l/en/offres,recruitee,"{""token"": ""careers-analytics""}"
sword-group,sword-group-careers-tech,https://swordtech.recruitee.com/open-positions,recruitee,"{""token"": ""swordtech""}"
sword-health,sword-health-lever,https://jobs.lever.co/swordhealth,lever,"{""token"": ""swordhealth""}"
sylogist,sylogist-greenhouse,https://job-boards.greenhouse.io/sylogist,greenhouse,"{""token"": ""sylogist""}"
sylvera,sylvera-ashby,https://jobs.ashbyhq.com/sylvera,ashby,"{""token"": ""sylvera""}"
symbolica-ai,symbolica-ai-greenhouse,https://job-boards.greenhouse.io/symbolica,greenhouse,"{""token"": ""symbolica""}"
synack,synack-greenhouse,https://job-boards.greenhouse.io/synack,greenhouse,"{""token"": ""synack""}"
synapse-medicine,synapse-medicine-careers,https://careers.synapse-medicine.com/jobs,rss,"{""preset"": ""teamtailor"", ""feed_url"": ""https://careers.synapse-medicine.com/jobs.rss""}"
syncron,syncron-teamtailor,https://careers.syncron.com/jobs,rss,"{""preset"": ""teamtailor"", ""feed_url"": ""https://careers.syncron.com/jobs.rss""}"
syndica,syndica-ashby,https://jobs.ashbyhq.com/syndica,ashby,"{""token"": ""syndica""}"
syndigo,syndigo-greenhouse,https://job-boards.greenhouse.io/syndigo,greenhouse,"{""token"": ""syndigo""}"
syner-g,syner-g-greenhouse,https://job-boards.greenhouse.io/synerg,greenhouse,"{""token"": ""synerg""}"
synopsys,synopsys-pinpoint,https://synopsys.pinpointhq.com,pinpoint,"{""slug"": ""synopsys""}"
synthace,synthace-careers,https://www.synthace.com/about/careers,pinpoint,"{""slug"": ""synthace""}"
synthesia,synthesia-ashby,https://jobs.ashbyhq.com/synthesia,ashby,"{""token"": ""synthesia""}"
synthesis-health,synthesis-health-greenhouse,https://job-boards.greenhouse.io/synthesishealth,greenhouse,"{""token"": ""synthesishealth""}"
synthflow,synthflow-ashby,https://jobs.ashbyhq.com/synthflow,ashby,"{""token"": ""synthflow""}"
sysco,sysco-careers,https://sysco.wd5.myworkdayjobs.com/syscocareers,workday,
system,system-greenhouse,https://job-boards.greenhouse.io/system,greenhouse,"{""token"": ""system""}"
systemiq,systemiq-greenhouse,https://job-boards.greenhouse.io/systemiq,greenhouse,"{""token"": ""systemiq""}"
t-mobile,t-mobile-careers,https://tmobile.wd1.myworkdayjobs.com/external,workday,
t-mobile-cz,t-mobile-cz-almacareer,https://t-mobile.jobs.cz/,almacareer,{}
t-rowe-price,t-rowe-price-international,https://troweprice.wd5.myworkdayjobs.com/TRowePriceInternational/jobs,workday,"{""company"": ""troweprice"", ""wd_instance"": ""wd5"", ""site"": ""TRowePriceInternational"", ""all_sites"": false}"
t-rowe-price,t-rowe-price-us,https://troweprice.wd5.myworkdayjobs.com/TRowePrice/jobs,workday,"{""company"": ""troweprice"", ""wd_instance"": ""wd5"", ""site"": ""TRowePrice"", ""all_sites"": false}"
t1-energy,t1-energy-ashby,https://jobs.ashbyhq.com/t1energy,ashby,"{""token"": ""t1energy""}"
tabapay,tabapay-greenhouse,https://job-boards.greenhouse.io/tabapay,greenhouse,"{""token"": ""tabapay""}"
tabby,tabby-careers,https://tabby.pinpointhq.com,pinpoint,"{""slug"": ""tabby""}"
taco-bell-luihn-vantedge-partners,taco-bell-luihn-vantedge-partners-careers,https://www.paycomonline.net/v4/ats/web.php/portal/ad648d9c0ebc7630c55770a88f5a6263/career-page,paycom,
tacto,tacto-ashby,https://jobs.ashbyhq.com/tacto,ashby,"{""token"": ""tacto""}"
tacton-systems,tacton-systems-careers,https://careers.tacton.com/jobs,rss,"{""preset"": ""teamtailor"", ""feed_url"": ""https://careers.tacton.com/jobs.rss""}"
tag-aviation,tag-aviation-global-careers,https://career.tagaviation.com/,recruitee,"{""slug"": ""careers-analytics"", ""api_base"": ""https://career.tagaviation.com""}"
tailorcare,tailorcare-greenhouse,https://job-boards.greenhouse.io/tailorcare2023,greenhouse,"{""token"": ""tailorcare2023""}"
tailscale,tailscale-greenhouse,https://job-boards.greenhouse.io/tailscale,greenhouse,"{""token"": ""tailscale""}"
tailwind,tailwind-ashby,https://jobs.ashbyhq.com/tailwind,ashby,"{""token"": ""tailwind""}"
take-two-interactive-software-inc,take-two-interactive-software-inc-greenhouse,https://job-boards.greenhouse.io/taketwo,greenhouse,"{""token"": ""taketwo""}"
takealot-com,takealot-com-greenhouse,https://job-boards.greenhouse.io/takealotcom,greenhouse,"{""token"": ""takealotcom""}"
takealot-group,takealot-group-greenhouse,https://job-boards.greenhouse.io/takealotgroup,greenhouse,"{""token"": ""takealotgroup""}"
tako,tako-careers,https://jobs.ashbyhq.com/tako,ashby,"{""token"": ""tako""}"
taktile,taktile-careers,https://jobs.ashbyhq.com/taktile,ashby,"{""token"": ""taktile""}"
talentful,talentful-ashby,https://jobs.ashbyhq.com/talentful,ashby,"{""token"": ""talentful""}"
talkdesk,talkdesk-greenhouse,https://job-boards.greenhouse.io/talkdesk2,greenhouse,"{""token"": ""talkdesk2""}"
talkiatry,talkiatry-ashby,https://jobs.ashbyhq.com/talkiatry,ashby,"{""token"": ""talkiatry""}"
talkspace-remote-psychiatric-nurse-practitioner-roles,talkspace-remote-psychiatric-nurse-practitioner-roles-greenhouse,https://job-boards.greenhouse.io/talkspacepsychiatry,greenhouse,"{""token"": ""talkspacepsychiatry""}"
talkspace-remote-therapist-roles,talkspace-remote-therapist-roles-greenhouse,https://job-boards.greenhouse.io/talkspacetherapist,greenhouse,"{""token"": ""talkspacetherapist""}"
talon-one,talon-one-greenhouse,https://job-boards.greenhouse.io/talonone,greenhouse,"{""token"": ""talonone""}"
talos,talos-careers,https://jobs.ashbyhq.com/Talos-Trading,ashby,"{""token"": ""Talos-Trading""}"
tandem,tandem-ashby,https://jobs.ashbyhq.com/tandem,ashby,"{""token"": ""tandem""}"
tandem-bank,tandem-bank-greenhouse,https://job-boards.greenhouse.io/tandemmoneylimited,greenhouse,"{""token"": ""tandemmoneylimited""}"
tandem-health,tandem-health-ashby,https://jobs.ashbyhq.com/tandem-health,ashby,"{""token"": ""tandem-health""}"
tandemlaunch,tandemlaunch-greenhouse,https://job-boards.greenhouse.io/tandemlaunch,greenhouse,"{""token"": ""tandemlaunch""}"
tango-gameworks,tango-gameworks-greenhouse,https://job-boards.greenhouse.io/tangogameworks,greenhouse,"{""token"": ""tangogameworks""}"
tanium,tanium-greenhouse,https://job-boards.greenhouse.io/tanium,greenhouse,"{""token"": ""tanium""}"
tanius-technology,tanius-technology-greenhouse,https://job-boards.greenhouse.io/tanius,greenhouse,"{""token"": ""tanius""}"
tapblaze,tapblaze-ashby,https://jobs.ashbyhq.com/tapblaze,ashby,"{""token"": ""tapblaze""}"
tapestry,tapestry-careers,https://tapestry.wd108.myworkdayjobs.com/Tapestry_Careers,workday,
target,target-careers,https://target.wd5.myworkdayjobs.com/en-US/targetcareers,workday,
target-rwe,target-rwe-greenhouse,https://job-boards.greenhouse.io/targetrwe,greenhouse,"{""token"": ""targetrwe""}"
taskrabbit,taskrabbit-greenhouse,https://job-boards.greenhouse.io/taskrabbit,greenhouse,"{""token"": ""taskrabbit""}"
tastytrade,tastytrade-greenhouse,https://job-boards.greenhouse.io/tastytrade,greenhouse,"{""token"": ""tastytrade""}"
tata-capital,tata-capital-careers,https://eofh.fa.em2.oraclecloud.com/hcmUI/CandidateExperience/en/sites/CX_3001,oracle_hcm,
tata-motors,tata-motors-careers,https://careers.tatamotors.com,rss,"{""preset"": ""successfactors"", ""feed_url"": ""https://careers.tatamotors.com/googlefeed.xml""}"
tatari,tatari-greenhouse,https://job-boards.greenhouse.io/tatari,greenhouse,"{""token"": ""tatari""}"
tavus,tavus-ashby,https://jobs.ashbyhq.com/tavus,ashby,"{""token"": ""tavus""}"
taxbit,taxbit-greenhouse,https://job-boards.greenhouse.io/taxbit,greenhouse,"{""token"": ""taxbit""}"
tbhc-delivers,tbhc-delivers-greenhouse,https://job-boards.greenhouse.io/tbhcdelivers,greenhouse,"{""token"": ""tbhcdelivers""}"
td,td-careers,https://td.wd3.myworkdayjobs.com/td_bank_careers,workday,
td-international,td-international-greenhouse,https://job-boards.greenhouse.io/tdinternational,greenhouse,"{""token"": ""tdinternational""}"
td-synnex,td-synnex-hyve,https://synnex.wd5.myworkdayjobs.com/hyvecareers,workday,"{""company"": ""synnex"", ""wd_instance"": ""wd5"", ""site"": ""hyvecareers"", ""all_sites"": false}"
te-connectivity,te-connectivity-careers,https://careers.te.com/,rss,"{""preset"": ""successfactors"", ""feed_url"": ""https://careers.te.com/googlefeed.xml""}"
teachable,teachable-greenhouse,https://job-boards.greenhouse.io/teachablecareers,greenhouse,"{""token"": ""teachablecareers""}"
teague,teague-greenhouse,https://job-boards.greenhouse.io/teague,greenhouse,"{""token"": ""teague""}"
tealium,tealium-pinpoint,https://tealium.pinpointhq.com,pinpoint,"{""slug"": ""tealium""}"
team-car-care,team-car-care-careers,https://teamcarcare.wd1.myworkdayjobs.com/external,workday,
tebi,tebi-ashby,https://jobs.ashbyhq.com/tebi,ashby,"{""token"": ""tebi""}"
tebra,tebra-greenhouse,https://job-boards.greenhouse.io/tebra,greenhouse,"{""token"": ""tebra""}"
tecan,tecan-careers,https://careers.tecan.com/search/?q=&sortColumn=referencedate&sortDirection=desc,rss,"{""preset"": ""successfactors"", ""feed_url"": ""https://careers.tecan.com/googlefeed.xml""}"
tecan,tecan-jobstreet,https://my.jobstreet.com/companies/tecan-cdmo-solutions-pn-175608148114568/jobs,jobstreet,"{""host"": ""my.jobstreet.com"", ""company_id"": ""175608148114568"", ""organisation_id"": ""744981""}"
tech-holding,tech-holding-greenhouse,https://job-boards.greenhouse.io/techholding,greenhouse,"{""token"": ""techholding""}"
technology,technology-recruitee,https://technology.recruitee.com,recruitee,"{""token"": ""technology""}"
techtorch,techtorch-ashby,https://jobs.ashbyhq.com/techtorch,ashby,"{""token"": ""techtorch""}"
tecovas,tecovas-greenhouse,https://job-boards.greenhouse.io/tecovas,greenhouse,"{""token"": ""tecovas""}"
tegna-inc,tegna-inc-greenhouse,https://job-boards.greenhouse.io/tegnainc,greenhouse,"{""token"": ""tegnainc""}"
tekever,tekever-careers,https://careers.tekever.com/jobs,rss,"{""preset"": ""teamtailor"", ""feed_url"": ""https://careers.tekever.com/jobs.rss""}"
tekion,tekion-ashby,https://jobs.ashbyhq.com/tekion,ashby,"{""token"": ""tekion""}"
tekion,tekion-greenhouse,https://job-boards.greenhouse.io/tekion,greenhouse,"{""token"": ""tekion""}"
tekmetric,tekmetric-greenhouse,https://job-boards.greenhouse.io/tekmetric,greenhouse,"{""token"": ""tekmetric""}"
teleperformance,teleperformance-careers-africa,https://tpcareer.com/l/en,recruitee,"{""api_base"": ""https://tpcareer.com""}"
teleperformance,teleperformance-careers-be,https://tp-jobs.be/vacatures/,rss,"{""preset"": ""generic"", ""feed_url"": ""https://tp-jobs.be/vacatures/feed/""}"
teleperformance,teleperformance-careers-nordic,https://career.teleperformancecareer.com/jobs,rss,"{""preset"": ""teamtailor"", ""feed_url"": ""https://career.teleperformancecareer.com/jobs.rss""}"
tellius,tellius-greenhouse,https://job-boards.greenhouse.io/tellius,greenhouse,"{""token"": ""tellius""}"
telnyx,telnyx-greenhouse,https://job-boards.greenhouse.io/telnyx54,greenhouse,"{""token"": ""telnyx54""}"
telstra,telstra-careers-workday,https://telstra.wd3.myworkdayjobs.com/Telstra_Careers,workday,"{""company"": ""telstra"", ""wd_instance"": ""wd3"", ""site"": ""Telstra_Careers""}"
telstra,telstra-health-oracle,https://iaaktz.fa.ocs.oraclecloud.com/hcmUI/CandidateExperience/en/sites/CX_2,oracle_hcm,"{""host"": ""iaaktz.fa.ocs.oraclecloud.com"", ""site"": ""CX_2"", ""jobs_count"": 6}"
tem,tem-ashby,https://jobs.ashbyhq.com/tem,ashby,"{""token"": ""tem""}"
temenos,temenos-careers,https://temenos.wd103.myworkdayjobs.com/en-US/Temenoscareers,workday,"{""company"": ""temenos"", ""wd_instance"": ""wd103"", ""site"": ""Temenoscareers""}"
tempo,tempo-ashby,https://jobs.ashbyhq.com/tempo,ashby,"{""token"": ""tempo""}"
temporal,temporal-greenhouse,https://job-boards.greenhouse.io/temporal,greenhouse,"{""token"": ""temporal""}"
temporal-technologies,temporal-technologies-careers-greenhouse,https://job-boards.greenhouse.io/temporaltechnologies,greenhouse,"{""token"": ""temporaltechnologies""}"
temus,temus-greenhouse,https://job-boards.greenhouse.io/temus,greenhouse,"{""token"": ""temus""}"
tenable-inc,tenable-inc-greenhouse,https://job-boards.greenhouse.io/tenableinc,greenhouse,"{""token"": ""tenableinc""}"
tencent,tencent-careers-workday,https://tencent.wd1.myworkdayjobs.com/Tencent_Careers,workday,
tencent,tencent-careers-workday-lightspeed,https://tencent.wd1.myworkdayjobs.com/Lightspeed,workday,
tencent,tencent-careers-workday-overseas,https://tencent.wd1.myworkdayjobs.com/OA_Huoshui_Platform,workday,
tencent,tencent-careers-workday-timi,https://tencent.wd1.myworkdayjobs.com/timi_careers,workday,
tencent,tencent-careers-workday-timi-montreal,https://tencent.wd1.myworkdayjobs.com/timi_montreal_careers,workday,
teneo-external-feed-for-linkedin,teneo-external-feed-for-linkedin-greenhouse,https://job-boards.greenhouse.io/teneolinkedin,greenhouse,"{""token"": ""teneolinkedin""}"
tenex-ai,tenex-ai-careers,https://jobs.ashbyhq.com/tenex,ashby,"{""token"": ""tenex""}"
tenjin,tenjin-ashby,https://jobs.ashbyhq.com/tenjin,ashby,"{""token"": ""tenjin""}"
tennr,tennr-careers,https://jobs.ashbyhq.com/tennr,ashby,"{""token"": ""tennr""}"
tensorops,tensorops-greenhouse,https://job-boards.greenhouse.io/tensorops,greenhouse,"{""token"": ""tensorops""}"
tensorwave,tensorwave-ashby,https://jobs.ashbyhq.com/tensorwave,ashby,"{""token"": ""tensorwave""}"
tenstorrent,tenstorrent-greenhouse,https://job-boards.greenhouse.io/tenstorrent,greenhouse,"{""token"": ""tenstorrent""}"
tenstorrent-university-jobs,tenstorrent-university-jobs-greenhouse,https://job-boards.greenhouse.io/tenstorrentuniversity,greenhouse,"{""token"": ""tenstorrentuniversity""}"
tenstorrent-unlisted-referral-jobs,tenstorrent-unlisted-referral-jobs-greenhouse,https://job-boards.greenhouse.io/tenstorrentunlisted,greenhouse,"{""token"": ""tenstorrentunlisted""}"
teravision-technologies,teravision-technologies-greenhouse,https://job-boards.greenhouse.io/teravision,greenhouse,"{""token"": ""teravision""}"
terra-quantum,terra-quantum-careers,https://job-boards.eu.greenhouse.io/terraquantum,greenhouse,"{""token"": ""terraquantum""}"
terraai,terraai-ashby,https://jobs.ashbyhq.com/terraai,ashby,"{""token"": ""terraai""}"
terrabis,terrabis-greenhouse,https://job-boards.greenhouse.io/terrabis,greenhouse,"{""token"": ""terrabis""}"
terran-orbital-corporation,terran-orbital-corporation-greenhouse,https://job-boards.greenhouse.io/terranorbitalcorporation,greenhouse,"{""token"": ""terranorbitalcorporation""}"
terranova,terranova-ashby,https://jobs.ashbyhq.com/terranova,ashby,"{""token"": ""terranova""}"
terveystalo,terveystalo-jobylon,https://cdn.jobylon.com/jobs/companies/2237/embed/v2/?page_size=1000,jobylon,"{""company_id"": ""2237""}"
testgorilla,testgorilla-ashby,https://jobs.ashbyhq.com/testgorilla,ashby,"{""token"": ""testgorilla""}"
tether,tether-careers,https://tether.recruitee.com,recruitee,"{""slug"": ""tether"", ""api_base"": ""https://tether.recruitee.com""}"
tetra-pak,tetra-pak-careers,https://jobs.tetrapak.com/search/,rss,"{""preset"": ""successfactors"", ""feed_url"": ""https://jobs.tetrapak.com/googlefeed.xml""}"
texas-am-university-system,texas-am-university-system-careers,https://tamus.wd1.myworkdayjobs.com/system-wide_external,workday,
teya,teya-pinpoint,https://teya.pinpointhq.com,pinpoint,"{""slug"": ""teya""}"
thales,thales-norway,https://thales.teamtailor.com/jobs,rss,"{""preset"": ""teamtailor"", ""feed_url"": ""https://thales.teamtailor.com/jobs.rss"", ""job_filter"": {""field"": ""title"", ""exclude"": ""(?i)\u00e5pen s\u00f8knad""}}"
thales,thales-tdsi,https://careers.thalesdsi.com/search/,rss,"{""preset"": ""successfactors"", ""feed_url"": ""https://careers.thalesdsi.com/googlefeed.xml""}"
thanx,thanx-greenhouse,https://job-boards.greenhouse.io/thanx,greenhouse,"{""token"": ""thanx""}"
that-s-no-moon-entertainment,that-s-no-moon-entertainment-greenhouse,https://job-boards.greenhouse.io/thatsnomoonentertainment,greenhouse,"{""token"": ""thatsnomoonentertainment""}"
thatch,thatch-greenhouse,https://job-boards.greenhouse.io/thatch,greenhouse,"{""token"": ""thatch""}"
thatgamecompany,thatgamecompany-ashby,https://jobs.ashbyhq.com/thatgamecompany,ashby,"{""token"": ""thatgamecompany""}"
the-ad-council,the-ad-council-greenhouse,https://job-boards.greenhouse.io/adcouncil,greenhouse,"{""token"": ""adcouncil""}"
the-ai-education-project,the-ai-education-project-greenhouse,https://job-boards.greenhouse.io/aiedu,greenhouse,"{""token"": ""aiedu""}"
the-brattle-group,the-brattle-group-greenhouse,https://job-boards.greenhouse.io/thebrattlegroup,greenhouse,"{""token"": ""thebrattlegroup""}"
the-city-of-fort-worth,the-city-of-fort-worth-greenhouse,https://job-boards.greenhouse.io/cityoffortworth,greenhouse,"{""token"": ""cityoffortworth""}"
the-daily-beast,the-daily-beast-greenhouse,https://job-boards.greenhouse.io/thedailybeast31,greenhouse,"{""token"": ""thedailybeast31""}"
the-durst-organization,the-durst-organization-greenhouse,https://job-boards.greenhouse.io/thedurstorganization,greenhouse,"{""token"": ""thedurstorganization""}"
the-economist-group,the-economist-group-greenhouse,https://job-boards.greenhouse.io/theeconomistgroup,greenhouse,"{""token"": ""theeconomistgroup""}"
the-exploration-company,the-exploration-company-global,https://jobs.ashbyhq.com/the-exploration-company,ashby,"{""token"": ""the-exploration-company""}"
the-farmer-s-dog,the-farmer-s-dog-greenhouse,https://job-boards.greenhouse.io/thefarmersdog,greenhouse,"{""token"": ""thefarmersdog""}"
the-flex,the-flex-ashby,https://jobs.ashbyhq.com/the-flex,ashby,"{""token"": ""the-flex""}"
the-florida-panthers,the-florida-panthers-greenhouse,https://job-boards.greenhouse.io/thefloridapanthers,greenhouse,"{""token"": ""thefloridapanthers""}"
the-fork,the-fork-greenhouse,https://job-boards.greenhouse.io/thefork,greenhouse,"{""token"": ""thefork""}"
the-global-fund,the-global-fund-external,https://theglobalfund.wd1.myworkdayjobs.com/External,workday,"{""company"": ""theglobalfund"", ""wd_instance"": ""wd1"", ""site"": ""External""}"
the-iconic,the-iconic-greenhouse,https://job-boards.greenhouse.io/theiconic,greenhouse,"{""token"": ""theiconic""}"
the-jewish-federations-of-north-america,the-jewish-federations-of-north-america-greenhouse,https://job-boards.greenhouse.io/thejewishfederationsofnorthamerica,greenhouse,"{""token"": ""thejewishfederationsofnorthamerica""}"
the-knot-worldwide,the-knot-worldwide-greenhouse,https://job-boards.greenhouse.io/theknotworldwide,greenhouse,"{""token"": ""theknotworldwide""}"
the-mj-companies,the-mj-companies-greenhouse,https://job-boards.greenhouse.io/themjcos,greenhouse,"{""token"": ""themjcos""}"
the-n2-company,the-n2-company-greenhouse,https://job-boards.greenhouse.io/n2co,greenhouse,"{""token"": ""n2co""}"
the-national-football-league,the-national-football-league-greenhouse,https://job-boards.greenhouse.io/nflcareers,greenhouse,"{""token"": ""nflcareers""}"
the-new-york-times,the-new-york-times-greenhouse,https://job-boards.greenhouse.io/thenewyorktimes,greenhouse,"{""token"": ""thenewyorktimes""}"
the-nuclear-company,the-nuclear-company-greenhouse,https://job-boards.greenhouse.io/thenuclearcompany,greenhouse,"{""token"": ""thenuclearcompany""}"
the-pharmacy-hub,the-pharmacy-hub-greenhouse,https://job-boards.greenhouse.io/thepharmacyhub,greenhouse,"{""token"": ""thepharmacyhub""}"
the-pok-mon-company-international,the-pok-mon-company-international-greenhouse,https://job-boards.greenhouse.io/pokemoncareers,greenhouse,"{""token"": ""pokemoncareers""}"
the-quality-group,the-quality-group-greenhouse,https://job-boards.greenhouse.io/thequalitygroupgmbh2,greenhouse,"{""token"": ""thequalitygroupgmbh2""}"
the-trade-desk,the-trade-desk-greenhouse,https://job-boards.greenhouse.io/thetradedesk,greenhouse,"{""token"": ""thetradedesk""}"
the-united-firm-la-liga-defensora-apc,the-united-firm-la-liga-defensora-apc-greenhouse,https://job-boards.greenhouse.io/unitedfirm,greenhouse,"{""token"": ""unitedfirm""}"
the-virtus-solution,the-virtus-solution-greenhouse,https://job-boards.greenhouse.io/thevirtussolution,greenhouse,"{""token"": ""thevirtussolution""}"
the-voleon-group,the-voleon-group-lever,https://jobs.lever.co/voleon,lever,"{""token"": ""voleon""}"
the-weather-company,the-weather-company-greenhouse,https://job-boards.greenhouse.io/theweathercompany,greenhouse,"{""token"": ""theweathercompany""}"
thesis,thesis-greenhouse,https://job-boards.greenhouse.io/thesiscareers,greenhouse,"{""token"": ""thesiscareers""}"
theydo,theydo-ashby,https://jobs.ashbyhq.com/theydo,ashby,"{""token"": ""theydo""}"
thiess,thiess-greenhouse,https://job-boards.greenhouse.io/thiess,greenhouse,"{""token"": ""thiess""}"
think-academy-us,think-academy-us-greenhouse,https://job-boards.greenhouse.io/thinkacademyus,greenhouse,"{""token"": ""thinkacademyus""}"
think-cell,think-cell-greenhouse,https://job-boards.greenhouse.io/think-cell,greenhouse,"{""token"": ""think-cell""}"
thinkific,thinkific-ashby,https://jobs.ashbyhq.com/thinkific,ashby,"{""token"": ""thinkific""}"
thinking-machines-lab,thinking-machines-lab-greenhouse,https://job-boards.greenhouse.io/thinkingmachines,greenhouse,"{""token"": ""thinkingmachines""}"
thndr,thndr-ashby,https://jobs.ashbyhq.com/thndr,ashby,"{""token"": ""thndr""}"
thomson-reuters,thomson-reuters-careers,https://thomsonreuters.wd5.myworkdayjobs.com/External_Career_Site,workday,"{""company"": ""thomsonreuters"", ""wd_instance"": ""wd5"", ""site"": ""External_Career_Site""}"
thought-machine,thought-machine-ashby,https://jobs.ashbyhq.com/thought-machine,ashby,"{""token"": ""thought-machine""}"
thoughtworks-new,thoughtworks-new-greenhouse,https://job-boards.greenhouse.io/abc,greenhouse,"{""token"": ""abc""}"
threataware,threataware-ashby,https://jobs.ashbyhq.com/threataware,ashby,"{""token"": ""threataware""}"
threatlocker,threatlocker-greenhouse,https://job-boards.greenhouse.io/threatlocker,greenhouse,"{""token"": ""threatlocker""}"
thredd,thredd-greenhouse,https://boards.greenhouse.io/gps,greenhouse,"{""token"": ""gps""}"
thrive,thrive-greenhouse,https://job-boards.greenhouse.io/thrive,greenhouse,"{""token"": ""thrive""}"
thrivecart,thrivecart-greenhouse,https://job-boards.greenhouse.io/thrivecart,greenhouse,"{""token"": ""thrivecart""}"
thriveworks,thriveworks-careers,https://thriveworks.wd5.myworkdayjobs.com/Thriveworks,workday,
thumbtack,thumbtack-ashby,https://jobs.ashbyhq.com/thumbtack,ashby,"{""token"": ""thumbtack""}"
thumbtack,thumbtack-greenhouse,https://job-boards.greenhouse.io/thumbtack,greenhouse,"{""token"": ""thumbtack""}"
thunderchild-fusion,thunderchild-fusion-jobs,https://www.thunderchildfusion.com/jobs,inline,"{""render"": false, ""steps"": [{""tag"": ""h2"", ""text"": ""Senior Scientist"", ""field"": ""title""}, {""tag"": ""p"", ""field"": ""description"", ""html"": true, ""stop_tag"": ""h2""}], ""defaults"": {""locations"": [""Surrey, United Kingdom""]}}"
thyme-care,thyme-care-greenhouse,https://job-boards.greenhouse.io/thymecare,greenhouse,"{""token"": ""thymecare""}"
tia,tia-greenhouse,https://job-boards.greenhouse.io/tia,greenhouse,"{""token"": ""tia""}"
tidio,tidio-pinpoint,https://tidio.pinpointhq.com,pinpoint,"{""slug"": ""tidio""}"
tiger,tiger-ashby,https://jobs.ashbyhq.com/tiger,ashby,"{""token"": ""tiger""}"
tigergraph,tigergraph-greenhouse,https://job-boards.greenhouse.io/tigergraph,greenhouse,"{""token"": ""tigergraph""}"
tight,tight-ashby,https://jobs.ashbyhq.com/tight,ashby,"{""token"": ""tight""}"
tilt,tilt-ashby,https://jobs.ashbyhq.com/tilt,ashby,"{""token"": ""tilt""}"
tilthq,tilthq-ashby,https://jobs.ashbyhq.com/tilthq,ashby,"{""token"": ""tilthq""}"
tines,tines-greenhouse,https://job-boards.greenhouse.io/tines,greenhouse,"{""token"": ""tines""}"
tint,tint-greenhouse,https://job-boards.greenhouse.io/tintai,greenhouse,"{""token"": ""tintai""}"
tinybird,tinybird-lever,https://jobs.lever.co/tinybird,lever,"{""token"": ""tinybird""}"
tipalti,tipalti-greenhouse,https://job-boards.greenhouse.io/tipaltisolutions,greenhouse,"{""token"": ""tipaltisolutions""}"
tirlan,tirlan-main,https://careers.tirlan.com/search/,rss,"{""preset"": ""successfactors"", ""feed_url"": ""https://careers.tirlan.com/googlefeed.xml""}"
titan,titan-ashby,https://jobs.ashbyhq.com/titan,ashby,"{""token"": ""titan""}"
titan-ai,titan-ai-ashby,https://jobs.ashbyhq.com/titan-ai,ashby,"{""token"": ""titan-ai""}"
tjx,tjx-careers,https://tjx.wd1.myworkdayjobs.com/tjx_external,workday,"{""company"": ""tjx"", ""wd_instance"": ""wd1"", ""site"": ""tjx_external""}"
toast,toast-greenhouse,https://job-boards.greenhouse.io/toast,greenhouse,"{""token"": ""toast""}"
together-ai,together-ai-greenhouse,https://job-boards.greenhouse.io/togetherai,greenhouse,"{""token"": ""togetherai""}"
tokyo-electron,tokyo-electron-careers-kr,https://tel.recruiter.co.kr/career/home,recruiter_co_kr,"{""slug"": ""tel""}"
tokyo-electron,tokyo-electron-careers-us,https://tel.wd3.myworkdayjobs.com/TEL-Careers,workday,"{""tenant"": ""tel"", ""board"": ""TEL-Careers""}"
toloka,toloka-careers,https://toloka.ai/careers,greenhouse,"{""token"": ""toloka""}"
tomofun-furbo-pet-camera,tomofun-furbo-pet-camera-greenhouse,https://job-boards.greenhouse.io/tomofunfurbo,greenhouse,"{""token"": ""tomofunfurbo""}"
tomorrow-io,tomorrow-io-greenhouse,https://job-boards.greenhouse.io/tomorrow,greenhouse,"{""token"": ""tomorrow""}"
tomtom,tomtom-careers-lever,https://jobs.eu.lever.co/tomtom,lever,"{""token"": ""tomtom""}"
tonal,tonal-ashby,https://jobs.ashbyhq.com/tonal,ashby,"{""token"": ""tonal""}"
too-good-to-go,too-good-to-go-greenhouse,https://job-boards.greenhouse.io/toogoodtogo,greenhouse,"{""token"": ""toogoodtogo""}"
topcompare,topcompare-greenhouse,https://job-boards.greenhouse.io/topcompare,greenhouse,"{""token"": ""topcompare""}"
topsort,topsort-greenhouse,https://job-boards.greenhouse.io/topsort,greenhouse,"{""token"": ""topsort""}"
topstep,topstep-greenhouse,https://job-boards.greenhouse.io/topsteptrader,greenhouse,"{""token"": ""topsteptrader""}"
toradex,toradex-greenhouse,https://job-boards.greenhouse.io/toradex,greenhouse,"{""token"": ""toradex""}"
torc-robotics,torc-robotics-greenhouse,https://job-boards.greenhouse.io/torcrobotics,greenhouse,"{""token"": ""torcrobotics""}"
torq,torq-greenhouse,https://job-boards.greenhouse.io/torq,greenhouse,"{""token"": ""torq""}"
toshiba-global-commerce-solutions-external,toshiba-global-commerce-solutions-external-greenhouse,https://job-boards.greenhouse.io/toshibaglobalcommercesolutions,greenhouse,"{""token"": ""toshibaglobalcommercesolutions""}"
toss,toss-greenhouse,https://job-boards.greenhouse.io/tosscareers,greenhouse,"{""token"": ""tosscareers""}"
total-wine,total-wine-careers,https://totalwine.wd1.myworkdayjobs.com/twm,workday,
touchbistro,touchbistro-greenhouse,https://job-boards.greenhouse.io/touchbistro,greenhouse,"{""token"": ""touchbistro""}"
towardjobs,towardjobs-careers,https://jobs.lever.co/usasurveyjob,lever,
towardjobs,towardjobs-manatal,https://www.careers-page.com/towardjobs,manatal,"{""slug"": ""towardjobs""}"
tower-peak-partners,tower-peak-partners-greenhouse,https://job-boards.greenhouse.io/towerpeak,greenhouse,"{""token"": ""towerpeak""}"
tower-research-capital,tower-research-capital-careers,https://boards.greenhouse.io/embed/job_board?for=towerresearchcapital,greenhouse,"{""token"": ""towerresearchcapital""}"
toyota,toyota-careers,https://toyota.wd5.myworkdayjobs.com/TMNA,workday,"{""company"": ""toyota"", ""wd_instance"": ""wd503"", ""site"": ""TMNA"", ""all_sites"": true}"
toyota,toyota-careers-asia,https://careers.toyota-asia.com/,rss,"{""preset"": ""successfactors"", ""feed_url"": ""https://careers.toyota-asia.com/googlefeed.xml""}"
toyota,toyota-careers-australia,https://toyotaau.wd3.myworkdayjobs.com/Careers,workday,"{""company"": ""toyotaau"", ""wd_instance"": ""wd3"", ""site"": ""Careers""}"
toyota,toyota-careers-southafrica,https://jobs.toyota.co.za/,rss,"{""preset"": ""successfactors"", ""feed_url"": ""https://jobs.toyota.co.za/googlefeed.xml""}"
tpr-education-llc,tpr-education-llc-greenhouse,https://job-boards.greenhouse.io/tpreducationllc,greenhouse,"{""token"": ""tpreducationllc""}"
tr-fr,tr-fr-greenhouse,https://job-boards.greenhouse.io/trufru,greenhouse,"{""token"": ""trufru""}"
traba,traba-ashby,https://jobs.ashbyhq.com/traba,ashby,"{""token"": ""traba""}"
trace3,trace3-greenhouse,https://job-boards.greenhouse.io/trace3,greenhouse,"{""token"": ""trace3""}"
tracebit,tracebit-careers,https://jobs.ashbyhq.com/tracebit,ashby,
tracelabs,tracelabs-ashby,https://jobs.ashbyhq.com/tracelabs,ashby,"{""token"": ""tracelabs""}"
track-omc,track-omc-greenhouse,https://job-boards.greenhouse.io/trackomc,greenhouse,"{""token"": ""trackomc""}"
trade-republic,trade-republic-careers,https://boards.greenhouse.io/traderepublicbank,greenhouse,"{""token"": ""traderepublicbank""}"
trading212,trading212-ashby,https://jobs.ashbyhq.com/trading212,ashby,"{""token"": ""trading212""}"
tradingview,tradingview-careers,https://tradingview.teamtailor.com/jobs,rss,"{""preset"": ""teamtailor"", ""feed_url"": ""https://tradingview.teamtailor.com/jobs.rss""}"
trafigura,trafigura-careers-workday,https://trafigura.wd3.myworkdayjobs.com/TrafiguraCareerSite,workday,
trailer-park-group,trailer-park-group-greenhouse,https://job-boards.greenhouse.io/trailerpark,greenhouse,"{""token"": ""trailerpark""}"
trainline,trainline-careers,https://jobs.ashbyhq.com/trainline,ashby,"{""token"": ""trainline""}"
trane-technologies,trane-technologies-careers,https://tranetechnologies.wd12.myworkdayjobs.com/Trane_Technologies_Careers,workday,
transcarent,transcarent-greenhouse,https://job-boards.greenhouse.io/transcarent,greenhouse,"{""token"": ""transcarent""}"
transcend-inc,transcend-inc-greenhouse,https://job-boards.greenhouse.io/transcendinc,greenhouse,"{""token"": ""transcendinc""}"
transmarket-group,transmarket-group-greenhouse,https://job-boards.greenhouse.io/transmarketgroup,greenhouse,"{""token"": ""transmarketgroup""}"
transmit-security,transmit-security-global,https://transmitsecurity.com/about/careers,greenhouse,"{""token"": ""transmitsecurity""}"
transmutex,transmutex-lever,https://jobs.lever.co/transmutex,lever,"{""token"": ""transmutex""}"
transports-publics-genevois,transports-publics-genevois-successfactors,https://career5.successfactors.eu/career?company=transpor01&career_ns=job_listing_summary&navBarLevel=JOB_SEARCH,rss,"{""preset"": ""successfactors"", ""variant"": ""legacy"", ""host"": ""career5.successfactors.eu"", ""company"": ""transpor01"", ""listing_url"": ""https://career5.successfactors.eu/career?company=transpor01&career_ns=job_listing_summary&navBarLevel=JOB_SEARCH""}"
transunion,transunion-careers-workday,https://transunion.wd5.myworkdayjobs.com/transunion,workday,"{""company"": ""transunion"", ""wd_instance"": ""wd5"", ""site"": ""transunion""}"
trapeze-group,trapeze-group-careers,https://modaxo.wd3.myworkdayjobs.com/Trapeze,workday,"{""company"": ""modaxo"", ""wd_instance"": ""wd3"", ""site"": ""Trapeze"", ""all_sites"": false}"
trase-systems,trase-systems-greenhouse,https://job-boards.greenhouse.io/trase,greenhouse,"{""token"": ""trase""}"
travel-leisure-co,travel-leisure-co-careers,https://wynd.wd5.myworkdayjobs.com/external,workday,"{""company"": ""wynd"", ""wd_instance"": ""wd5"", ""site"": ""external""}"
travelcenters,travelcenters-careers,https://travelcenters.csod.com/ux/ats/careersite/1/home?c=travelcenters,cornerstone,
travelperk,travelperk-careers,https://jobs.ashbyhq.com/perk,ashby,"{""token"": ""perk""}"
traversal,traversal-ashby,https://jobs.ashbyhq.com/traversal,ashby,"{""token"": ""traversal""}"
trella-health,trella-health-greenhouse,https://job-boards.greenhouse.io/trellahealth,greenhouse,"{""token"": ""trellahealth""}"
trexon,trexon-greenhouse,https://job-boards.greenhouse.io/tpcengineeringholdingsllc,greenhouse,"{""token"": ""tpcengineeringholdingsllc""}"
treyd,treyd-careers,https://career.treyd.io/jobs,rss,"{""preset"": ""teamtailor"", ""feed_url"": ""https://career.treyd.io/jobs.rss""}"
trilon-group,trilon-group-careers,https://trilongroup.pinpointhq.com/,pinpoint,
trine,trine-careers,https://careers.trine.com/jobs,rss,"{""preset"": ""teamtailor"", ""feed_url"": ""https://careers.trine.com/jobs.rss""}"
trinity-health,trinity-health-careers,https://trinityhealth.wd1.myworkdayjobs.com/jobs,workday,"{""company"": ""trinityhealth"", ""wd_instance"": ""wd1"", ""site"": ""jobs""}"
trip-com-group,trip-com-group-campus,https://app.mokahr.com/campus-recruitment/trip/37757,mokahr,"{""org_id"": ""trip"", ""site_id"": 37757}"
trip-com-group,trip-com-group-careers,https://app.mokahr.com/social-recruitment/trip/70415,mokahr,"{""org_id"": ""trip"", ""site_id"": 70415}"
tripadvisor,tripadvisor-greenhouse,https://job-boards.greenhouse.io/tripadvisor,greenhouse,"{""token"": ""tripadvisor""}"
triple-whale,triple-whale-greenhouse,https://job-boards.greenhouse.io/triplewhale,greenhouse,"{""token"": ""triplewhale""}"
triumvirate-environmental,triumvirate-environmental-greenhouse,https://job-boards.greenhouse.io/triumvirateenvironmental,greenhouse,"{""token"": ""triumvirateenvironmental""}"
trucksmarter,trucksmarter-careers,https://jobs.ashbyhq.com/trucksmarter,ashby,"{""token"": ""trucksmarter""}"
true-anomaly,true-anomaly-greenhouse,https://job-boards.greenhouse.io/trueanomalyinc,greenhouse,"{""token"": ""trueanomalyinc""}"
true-classic,true-classic-greenhouse,https://job-boards.greenhouse.io/trueclassicteesllc,greenhouse,"{""token"": ""trueclassicteesllc""}"
truecaller,truecaller-greenhouse,https://job-boards.greenhouse.io/truecaller,greenhouse,"{""token"": ""truecaller""}"
truelayer,truelayer-greenhouse,https://job-boards.greenhouse.io/truelayer,greenhouse,"{""token"": ""truelayer""}"
truemed,truemed-careers,https://api.ashbyhq.com/posting-api/job-board/truemed,ashby,"{""token"": ""truemed""}"
truffle-security,truffle-security-careers,https://boards.greenhouse.io/trufflesecurity,greenhouse,"{""token"": ""trufflesecurity""}"
truist,truist-careers,https://truist.wd1.myworkdayjobs.com/careers,workday,
trulioo,trulioo-ashby,https://jobs.ashbyhq.com/trulioo,ashby,"{""token"": ""trulioo""}"
trunk,trunk-careers,https://api.lever.co/v0/postings/trunkio?mode=json,lever,"{""token"": ""trunkio""}"
trust-bank,trust-bank-greenhouse,https://job-boards.greenhouse.io/trustbank,greenhouse,"{""token"": ""trustbank""}"
trust-wallet,trust-wallet-ashby,https://jobs.ashbyhq.com/trust-wallet,ashby,"{""token"": ""trust-wallet""}"
trust-will,trust-will-greenhouse,https://job-boards.greenhouse.io/trustwill,greenhouse,"{""token"": ""trustwill""}"
trustly,trustly-global,https://jobs.lever.co/trustly,lever,"{""token"": ""trustly""}"
trustpilot,trustpilot-careers,https://boards.greenhouse.io/trustpilot,greenhouse,"{""token"": ""trustpilot""}"
truveta,truveta-greenhouse,https://job-boards.greenhouse.io/truveta,greenhouse,"{""token"": ""truveta""}"
tsmc,tsmc-successfactors,https://ro.careers.tsmc.com/search/?createNewAlert=false&q=&locationsearch=,rss,"{""preset"": ""successfactors"", ""feed_url"": ""https://ro.careers.tsmc.com/googlefeed.xml""}"
tsmg,tsmg-careers,https://jobs.lever.co/tsmg,lever,
tubi,tubi-greenhouse,https://job-boards.greenhouse.io/tubitv,greenhouse,"{""token"": ""tubitv""}"
tucows,tucows-greenhouse,https://job-boards.greenhouse.io/tucows,greenhouse,"{""token"": ""tucows""}"
tucows-inc,tucows-inc-greenhouse,https://job-boards.greenhouse.io/remotetcx,greenhouse,"{""token"": ""remotetcx""}"
tudor-investment-corporation,tudor-investment-corporation-greenhouse,https://job-boards.greenhouse.io/tudorgroup,greenhouse,"{""token"": ""tudorgroup""}"
tulip-interfaces,tulip-interfaces-greenhouse,https://job-boards.greenhouse.io/tulip,greenhouse,"{""token"": ""tulip""}"
turbineone,turbineone-greenhouse,https://job-boards.greenhouse.io/turbineone,greenhouse,"{""token"": ""turbineone""}"
turbotenant,turbotenant-greenhouse,https://job-boards.greenhouse.io/turbotenant,greenhouse,"{""token"": ""turbotenant""}"
turing,turing-greenhouse,https://job-boards.greenhouse.io/turing,greenhouse,"{""token"": ""turing""}"
turner-construction,turner-construction-careers,https://turnerconstruction.csod.com/ux/ats/careersite/1/home?c=turnerconstruction,cornerstone,{}
turner-construction,turner-construction-clark-builders,https://cbgoc.wd3.myworkdayjobs.com/cb,workday,"{""company"": ""cbgoc"", ""wd_instance"": ""wd3"", ""site"": ""cb""}"
turnkey,turnkey-ashby,https://jobs.ashbyhq.com/turnkey,ashby,"{""token"": ""turnkey""}"
turquoise-health,turquoise-health-careers,https://jobs.ashbyhq.com/turquoise-health,ashby,"{""token"": ""turquoise-health""}"
twelve,twelve-ashby,https://jobs.ashbyhq.com/twelve,ashby,"{""token"": ""twelve""}"
twenty,twenty-ashby,https://jobs.ashbyhq.com/twenty,ashby,"{""token"": ""twenty""}"
twilio,twilio-greenhouse,https://job-boards.greenhouse.io/twilio,greenhouse,"{""token"": ""twilio""}"
twin-health,twin-health-greenhouse,https://job-boards.greenhouse.io/twinhealth,greenhouse,"{""token"": ""twinhealth""}"
twist-bioscience,twist-bioscience-greenhouse,https://job-boards.greenhouse.io/twistbioscience,greenhouse,"{""token"": ""twistbioscience""}"
twitch,twitch-careers,https://job-boards.greenhouse.io/twitch,greenhouse,"{""token"": ""twitch""}"
two-dots,two-dots-ashby,https://jobs.ashbyhq.com/two-dots,ashby,"{""token"": ""two-dots""}"
two-six-technologies,two-six-technologies-greenhouse,https://job-boards.greenhouse.io/twosixtechnologies,greenhouse,"{""token"": ""twosixtechnologies""}"
two95-international,two95-international-direct-careers,https://www.two95intl.com/careers.php,inline,"{""require_zero_proof"": true, ""item_boundary"": {""tag"": ""h3"", ""match_regex"": ""^(?!Requirements:?$).+""}, ""steps"": [{""tag"": ""h3"", ""match_regex"": ""^(?!Requirements:?$).+"", ""field"": ""title""}, {""tag"": ""h3"", ""text"": ""Requirements:""}, {""tag"": ""p"", ""field"": ""description"", ""html"": true, ""to_end"": true}], ""defaults"": {""locations"": [""Remote""], ""job_location_type"": ""remote""}}"
two95-international,two95-international-malaysia-careers,https://two95intl.my/join-us/,inline,"{""require_zero_proof"": true, ""item_boundary_tag"": ""h3"", ""preserve_single_location"": true, ""steps"": [{""tag"": ""h3"", ""field"": ""title""}, {""tag"": ""h4"", ""match_regex"": ""^Open [0-9]+ positions? / [^/]+ / [^/]+$"", ""field"": ""location"", ""regex"": ""^Open [0-9]+ positions? / ([^/]+) /""}, {""tag"": ""h4"", ""text"": ""Job description""}, {""tag"": ""p"", ""field"": ""description"", ""html"": true, ""to_end"": true}]}"
tx-group,tx-group-goldbach,https://jobs.goldbach.com/jobs,rss,"{""preset"": ""teamtailor"", ""feed_url"": ""https://jobs.goldbach.com/jobs.rss""}"
tx-group,tx-group-shared,https://jobs.tx.group/jobs,rss,"{""preset"": ""teamtailor"", ""feed_url"": ""https://jobs.tx.group/jobs.rss""}"
typeface,typeface-greenhouse,https://job-boards.greenhouse.io/typeface,greenhouse,"{""token"": ""typeface""}"
typeform,typeform-greenhouse,https://job-boards.greenhouse.io/typeform,greenhouse,"{""token"": ""typeform""}"
tyson-foods,tyson-foods-careers,https://tysonfoods.wd5.myworkdayjobs.com/tsn,workday,
tytan-technologies,tytan-technologies-careers,https://tytantechnologiesgmbh.recruitee.com/,recruitee,"{""slug"": ""tytantechnologiesgmbh"", ""api_base"": ""https://tytantechnologiesgmbh.recruitee.com""}"
u-haul,u-haul-careers,https://uhaul.wd1.myworkdayjobs.com/uhauljobs,workday,"{""company"": ""uhaul"", ""wd_instance"": ""wd1"", ""site"": ""uhauljobs""}"
uber,uber-careers-careem,https://job-boards.greenhouse.io/careem,greenhouse,"{""token"": ""careem""}"
uber,uber-careers-freight,https://job-boards.greenhouse.io/uberfreight,greenhouse,"{""token"": ""uberfreight""}"
uberall,uberall-ashby,https://jobs.ashbyhq.com/uberall,ashby,"{""token"": ""uberall""}"
udacity,udacity-greenhouse,https://job-boards.greenhouse.io/udacity,greenhouse,"{""token"": ""udacity""}"
udemy,udemy-greenhouse,https://job-boards.greenhouse.io/udemy,greenhouse,"{""token"": ""udemy""}"
udio,udio-greenhouse,https://job-boards.greenhouse.io/udio,greenhouse,"{""token"": ""udio""}"
uefa,uefa-main,https://emp.jobylon.com/companies/2972-uefa/,jobylon,"{""company_id"": ""2972""}"
uipath,uipath-careers,https://jobs.ashbyhq.com/uipath,ashby,"{""token"": ""uipath""}"
ultima-genomics,ultima-genomics-greenhouse,https://job-boards.greenhouse.io/ultimagenomics,greenhouse,"{""token"": ""ultimagenomics""}"
ultra,ultra-ashby,https://jobs.ashbyhq.com/ultra,ashby,"{""token"": ""ultra""}"
ultraviolet-cyber,ultraviolet-cyber-lever,https://jobs.lever.co/uvcyber,lever,"{""token"": ""uvcyber""}"
uma-education,uma-education-greenhouse,https://job-boards.greenhouse.io/umaeducationinc,greenhouse,"{""token"": ""umaeducationinc""}"
umass-memorial-health,umass-memorial-health-careers,https://ummh.wd1.myworkdayjobs.com/careers,workday,
unchained-labs,unchained-labs-greenhouse,https://job-boards.greenhouse.io/unchainedlabs,greenhouse,"{""token"": ""unchainedlabs""}"
uncountable,uncountable-ashby,https://jobs.ashbyhq.com/uncountable,ashby,"{""token"": ""uncountable""}"
uncountable,uncountable-lever,https://jobs.lever.co/uncountable,lever,"{""token"": ""uncountable""}"
underdog,underdog-greenhouse,https://job-boards.greenhouse.io/underdogfantasy,greenhouse,"{""token"": ""underdogfantasy""}"
understood-care,understood-care-greenhouse,https://job-boards.greenhouse.io/understoodcare,greenhouse,"{""token"": ""understoodcare""}"
unhcr,unhcr-global,https://unhcr.wd3.myworkdayjobs.com/External,workday,"{""company"": ""unhcr"", ""wd_instance"": ""wd3"", ""site"": ""External""}"
uni-president-china,uni-president-china-careers,https://uni-president.zhiye.com/,beisen,
unicef,unicef-global,https://jobs.unicef.org/en-us/listing/,pageup,"{""instance"": 671, ""source_pointer"": ""cw"", ""locale"": ""en-us"", ""listing_url"": ""https://careers.pageuppeople.com/671/cw/en-us""}"
unifi,unifi-ireland,https://eucareers.unifiservice.com/irecareersmarketplace/SearchJobs,rss,"{""preset"": ""generic"", ""feed_url"": ""https://eucareers.unifiservice.com/irecareersmarketplace/SearchJobs/feed/?jobRecordsPerPage=6&""}"
unify,unify-ashby,https://jobs.ashbyhq.com/unify,ashby,"{""token"": ""unify""}"
unifyid-acquired-by-prove,unifyid-acquired-by-prove-lever,https://jobs.lever.co/unify,lever,"{""token"": ""unify""}"
unilever,unilever-workday-early,https://unilever.wd3.myworkdayjobs.com/Unilever_Early_Careers,workday,"{""tenant"": ""unilever"", ""board_token"": ""Unilever_Early_Careers"", ""all_sites"": false}"
unilever,unilever-workday-exp,https://unilever.wd3.myworkdayjobs.com/Unilever_Experienced_Professionals,workday,"{""tenant"": ""unilever"", ""board_token"": ""Unilever_Experienced_Professionals"", ""all_sites"": false}"
union,union-ashby,https://jobs.ashbyhq.com/union,ashby,"{""token"": ""union""}"
union-bancaire-privee,union-bancaire-privee-oracle,https://iaadtu.fa.ocs.oraclecloud.eu/hcmUI/CandidateExperience/en/sites/CX_1/jobs?mode=location,oracle_hcm,"{""host"": ""iaadtu.fa.ocs.oraclecloud.eu"", ""site"": ""CX_1""}"
uniqlo,uniqlo-careers-cn,https://uniqlo.zhiye.com/,beisen,
uniqlo,uniqlo-careers-workday,https://fastretailing.wd3.myworkdayjobs.com/graduates_eu_Uniqlo,workday,"{""company"": ""fastretailing"", ""wd_instance"": ""wd3"", ""site"": ""graduates_eu_Uniqlo"", ""sites"": [""graduates_eu_Uniqlo"", ""headquarters_eu_Uniqlo"", ""store_staff_eu_Uniqlo"", ""graduates_au_Uniqlo"", ""headquarter_roles_au_Uniqlo"", ""store_staff_au_Uniqlo"", ""graduates_hkm_Uniqlo"", ""headquarters_hkm_Uniqlo"", ""graduates_india_Uniqlo"", ""headquarter_roles_india_Uniqlo"", ""store_staff_india_Uniqlo"", ""headquarters_id_Uniqlo"", ""headquarters_my_Uniqlo"", ""store_staff_my_Uniqlo"", ""graduates_ph_Uniqlo"", ""headquarters_ph_Uniqlo"", ""store_staff_ph_Uniqlo""]}"
uniqlo,uniqlo-careers-workday-asia,https://fastretailing.wd3.myworkdayjobs.com/en-US/headquarters_sg_Uniqlo,workday,"{""company"": ""fastretailing"", ""wd_instance"": ""wd3"", ""site"": ""headquarters_sg_Uniqlo"", ""sites"": [""headquarters_sg_Uniqlo"", ""graduates_sg_Uniqlo"", ""headquarters_th_Uniqlo"", ""headquarter_roles_vn_Uniqlo"", ""graduates_tw_Uniqlo"", ""graduates_us_Uniqlo"", ""headquarters_us_Uniqlo"", ""retail_us_Uniqlo""]}"
unisante,unisante-emploi,https://emploi.unisante.ch/index.php/offres,unisante,"{""identity_migration"": ""unisante-provider-reference-v1""}"
unispace,unispace-greenhouse,https://job-boards.greenhouse.io/unispace,greenhouse,"{""token"": ""unispace""}"
uniswap,uniswap-ashby,https://jobs.ashbyhq.com/uniswap,ashby,"{""token"": ""uniswap""}"
unit,unit-ashby,https://jobs.ashbyhq.com/unit,ashby,"{""token"": ""unit""}"
unite-us,unite-us-greenhouse,https://job-boards.greenhouse.io/uniteus,greenhouse,"{""token"": ""uniteus""}"
united-rentals,united-rentals-careers,https://ur.wd1.myworkdayjobs.com/urcareers,workday,"{""company"": ""ur"", ""wd_instance"": ""wd1"", ""site"": ""urcareers""}"
unitedmasters-translation,unitedmasters-translation-greenhouse,https://job-boards.greenhouse.io/unitedmasterstranslation,greenhouse,"{""token"": ""unitedmasterstranslation""}"
unity,unity-greenhouse,https://boards-api.greenhouse.io/v1/boards/unity3d/jobs,greenhouse,"{""token"": ""unity3d""}"
universal,universal-greenhouse,https://job-boards.greenhouse.io/universal,greenhouse,"{""token"": ""universal""}"
universal-music,universal-music-careers,https://umusic.wd5.myworkdayjobs.com/UMGUS,workday,"{""company"": ""umusic"", ""wd_instance"": ""wd5"", ""site"": ""UMGUS""}"
university-of-arkansas-system,university-of-arkansas-system-careers,https://uasys.wd5.myworkdayjobs.com/uasys,workday,"{""company"":""uasys"",""wd_instance"":""wd5"",""site"":""uasys""}"
university-of-arkansas-system,university-of-arkansas-system-careers-wri,https://recruiting.paylocity.com/recruiting/jobs/All/26dc81b8-23e7-4328-a4f8-a7ade771f068/Winthrop-Rockefeller-Institute,paylocity,"{""proxy"": true}"
university-of-basel,university-of-basel-apprenticeships,https://lehrstellen.unibas.ch/de/test/offene-lehrstellen-1/,inline,"{""steps"":[{""tag"":""td"",""match_regex"":""^(?:Fachmann[*]frau Information und Dokumentation EFZ|Informatiker[*]in Plattformentwicklung EFZ|Polymechaniker[*]in EFZ)$"",""field"":""title""},{""tag"":""td"",""field"":""provider_identity""}],""synthetic_identity_field"":""provider_identity"",""exclude_titles"":[""Fachmann*frau Information und Dokumentation EFZ"",""Informatiker*in Plattformentwicklung EFZ""],""defaults"":{""locations"":[""Basel, Switzerland""],""employment_type"":""internship""},""defaults_by_title"":{""Polymechaniker*in EFZ"":{""description"":""<p>Die vierjährige Lehrstelle verbindet die Herstellung von Einzelteilen und Forschungsvorrichtungen mit der Arbeit an präzisen Maschinen, Computern und Laborgeräten. Erwartet werden technisches Verständnis, handwerkliches Geschick sowie Interesse an Mathematik und Physik.</p>""}}}"
university-of-basel,university-of-basel-biped-biozentrum,https://biped.biozentrum.unibas.ch/,inline,"{""item_boundary_tag"":""h4"",""empty_selector"":""h2"",""empty_text"":""Currently open positions"",""nonempty_selector"":"".application h4"",""steps"":[{""tag"":""h4"",""field"":""title""},{""tag"":""div"",""attr"":""class=accordion-content"",""field"":""description"",""html"":true}],""defaults"":{""locations"":[""Basel, Switzerland""],""employment_type"":""temporary""},""exclude_titles"":[""PhD Student – Function and Regulation of Type 6 Secretion System"",""Assistant/Associate Professor in Climate Biophysics""]}"
university-of-basel,university-of-basel-biped-dbm,https://biped.dbm.unibas.ch/,inline,"{""item_boundary_tag"":""h4"",""empty_selector"":""h2"",""empty_text"":""Currently open positions"",""nonempty_selector"":"".application h4"",""steps"":[{""tag"":""h4"",""field"":""title""},{""tag"":""div"",""attr"":""class=accordion-content"",""field"":""description"",""html"":true}],""defaults"":{""locations"":[""Basel, Switzerland""],""employment_type"":""temporary""}}"
university-of-basel,university-of-basel-biped-sni,https://biped.sni.unibas.ch/,inline,"{""item_boundary_tag"":""h4"",""empty_selector"":""h2"",""empty_text"":""Currently open positions"",""nonempty_selector"":"".application h4"",""steps"":[{""tag"":""h4"",""field"":""title""},{""tag"":""div"",""attr"":""class=accordion-content"",""field"":""description"",""html"":true}],""defaults"":{""locations"":[""Basel, Switzerland""],""employment_type"":""temporary""}}"
university-of-basel,university-of-basel-coldions,https://coldions.chemie.unibas.ch/en/open-positions/,inline,"{""item_boundary_tag"":""h2"",""steps"":[{""tag"":""h2"",""attr"":""class=unibas-h2"",""field"":""title""},{""tag"":""p"",""field"":""description"",""html"":true,""stop_tag"":""h2""}],""defaults"":{""locations"":[""Basel, Switzerland""],""employment_type"":""temporary""}}"
university-of-basel,university-of-basel-de-roo-lab,https://deroo.chemie.unibas.ch/en/,inline,"{""item_boundary_tag"":""li"",""steps"":[{""tag"":""li"",""match_regex"":""^Ph[.]D(?: or Postdoc)? position"",""field"":""title""}],""defaults"":{""locations"":[""Basel, Switzerland""],""employment_type"":""temporary""},""defaults_by_title"":{""Ph.D position on the topic oxo clusters as building blocks for MOFs"":{""description"":""<p>This PhD position researches oxo clusters as building blocks for metal-organic frameworks. Applicants should submit a CV and cover letter describing their scientific goals, together with contact details for up to three references.</p>""},""Ph.D or Postdoc position on the topic of environmental remediation of water, air or soil"":{""description"":""<p>This PhD or postdoctoral position researches environmental remediation of water, air, or soil. Applicants should submit a CV and cover letter describing their scientific goals, together with contact details for up to three references.</p>""}}}"
university-of-basel,university-of-basel-main,https://jobs.unibas.ch/?lang=de,prospective,"{""medium_id"": ""1000613"", ""filters"": {""filter_10"": [""1082961"", ""1082964"", ""1082965"", ""1082966"", ""1082967"", ""1082968"", ""1082969"", ""1082970"", ""1082971""]}, ""application_identity"": {""link_texts"": [""Bewerben"", ""Apply""], ""source_url_allowlist"": ""^https://(?:career2\\.successfactors\\.eu/career\\?company=UNIBAS&career_ns=job_application&career_job_req_id=[1-9]\\d*|biped\\.(?:biozentrum|sni)\\.unibas\\.ch/(?:apply/[a-z0-9_-]{1,128}|application/form/[1-9]\\d*/1))$"", ""canonical_url_allowlist"": ""^https://(?:career2\\.successfactors\\.eu/career\\?company=UNIBAS&career_ns=job_application&career_job_req_id=[1-9]\\d*|biped\\.(?:biozentrum|sni)\\.unibas\\.ch/application/form/[1-9]\\d*/1)$"", ""locale_priority"": [""en"", ""de"", ""fr"", ""it""], ""concurrency"": 8, ""source_url_aliases"": {""0a75f46d-d267-4ceb-b84d-a7317aa4bb1d"": ""0a75f46d-d267-4ceb-b84d-a7317aa4bb1d"", ""527e77f3-75b9-45f9-8f02-1054569e73a0"": ""0a75f46d-d267-4ceb-b84d-a7317aa4bb1d"", ""60073ec8-ac7a-4c03-8279-9aa75543cd5c"": ""0a75f46d-d267-4ceb-b84d-a7317aa4bb1d"", ""24b1e3af-2b71-4948-9129-027b22feb394"": ""24b1e3af-2b71-4948-9129-027b22feb394"", ""7397e4f7-4531-403d-a8c3-1426717c7736"": ""24b1e3af-2b71-4948-9129-027b22feb394"", ""2f2b0671-9412-44d4-9add-418273021591"": ""2f2b0671-9412-44d4-9add-418273021591"", ""39ed4ae3-6f84-4372-ad46-9e4d29ff5905"": ""2f2b0671-9412-44d4-9add-418273021591"", ""fc758d7e-58db-4f47-a620-559720138eb2"": ""2f2b0671-9412-44d4-9add-418273021591"", ""8d1deb7c-b01b-4f84-a74c-de66a10e1905"": ""8d1deb7c-b01b-4f84-a74c-de66a10e1905"", ""e14be1bd-d17b-4a5b-81db-58ca64209c62"": ""8d1deb7c-b01b-4f84-a74c-de66a10e1905""}}}"
university-of-fribourg,university-of-fribourg-ami,https://www.ami.swiss/en/about-us/join/open-positions.html,unifr,"{""source"": ""ami""}"
university-of-fribourg,university-of-fribourg-biology,https://www.unifr.ch/bio/en/department/jobs.html,unifr,"{""source"": ""biology""}"
university-of-fribourg,university-of-fribourg-careers,https://www.unifr.ch/sp/fr/postes-vacants.html,unifr,"{""source"": ""central""}"
university-of-fribourg,university-of-fribourg-chemistry,https://www.unifr.ch/chem/en/department/jobs.html,unifr,"{""source"": ""chemistry""}"
university-of-fribourg,university-of-fribourg-geo,https://www.unifr.ch/geo/en/department/jobs/,unifr,"{""source"": ""geosciences""}"
university-of-fribourg,university-of-fribourg-law,https://www.unifr.ch/ius/de/fakultaet/stellen.html,unifr,"{""source"": ""law""}"
university-of-fribourg,university-of-fribourg-physics,https://www.unifr.ch/phys/de/department/jobs/,unifr,"{""source"": ""physics""}"
university-of-fribourg,university-of-fribourg-regional-school-service,https://www.unifr.ch/rsd/de/schuldienst/jobs.html,unifr,"{""source"": ""regional-school-service""}"
university-of-fribourg,university-of-fribourg-ses,https://www.unifr.ch/ses/en/fac/jobs.html,unifr,"{""source"": ""ses""}"
university-of-geneva,university-of-geneva-earth-sciences,https://www.unige.ch/sciences/terre/en/informations/jobs,inline,"{""fetch_urls"": [""https://www.unige.ch/sciences/terre/en/informations/jobs"", {""url"": ""https://r.jina.ai/https://www.unige.ch/sciences/terre/en/informations/jobs"", ""headers"": {""X-Return-Format"": ""html""}}], ""fetch_contains"": ""Open Positions"", ""steps"": [{""tag"": ""div"", ""attr"": ""class=job-header"", ""field"": ""title""}, {""tag"": ""p"", ""field"": ""description"", ""html"": true, ""stop"": ""Application deadline""}, {""tag"": ""p"", ""attr"": ""class=job-deadline"", ""field"": ""valid_through"", ""regex"": ""Application deadline:\\s*(\\d{1,2}\\s+[A-Za-z]+\\s+\\d{4})""}], ""defaults"": {""locations"": [""Geneva, Switzerland""], ""employment_type"": ""temporary""}, ""valid_through_format"": ""%d %B %Y"", ""exclude_expired"": true, ""require_zero_proof"": true}"
university-of-geneva,university-of-geneva-physics-dpnc,https://www.unige.ch/dpnc/en/jobs/,inline,"{""fetch_contains"": ""Other Positions"", ""empty_selector"": ""article.unige-toc-content:not(:has(p[style*='text-align: center'] strong)) p em"", ""empty_text"": ""Currently no open vacancy"", ""require_zero_proof"": true, ""steps"": [{""tag"": ""p"", ""attr"": ""style=text-align: center"", ""match_regex"": ""(?i)\\b(?:post-?doc(?:toral)?|doctoral|phd|research associate)\\b"", ""field"": ""title"", ""optional"": true}, {""tag"": ""p"", ""field"": ""description"", ""html"": true, ""stop_attr"": ""style=text-align: center"", ""stop"": ""Other Positions""}], ""defaults"": {""locations"": [""Geneva, Switzerland""], ""employment_type"": ""temporary""}}"
university-of-kansas-health-system,university-of-kansas-health-system-careers,https://kansashealthsystem.wd1.myworkdayjobs.com/careers,workday,
university-of-lausanne,university-of-lausanne-careers,https://career5.successfactors.eu/career?company=universitdP,rss,"{""preset"": ""successfactors"", ""variant"": ""legacy"", ""host"": ""career5.successfactors.eu"", ""company"": ""universitdP""}"
university-of-miami,university-of-miami-careers,https://umiami.wd1.myworkdayjobs.com/umcareerstaff,workday,
university-of-new-mexico,university-of-new-mexico-careers,https://unm.csod.com/ux/ats/careersite/18/home?c=unm,cornerstone,"{""tenant"": ""unm"", ""site_id"": 18, ""corp"": ""unm""}"
university-of-rochester,university-of-rochester-careers,https://rochester.wd5.myworkdayjobs.com/ur_staff,workday,
university-of-southern-california,university-of-southern-california-careers,https://usc.wd5.myworkdayjobs.com/externalusccareers,workday,
unlikelyai,unlikelyai-ashby,https://jobs.ashbyhq.com/unlikelyai,ashby,"{""token"": ""unlikelyai""}"
unlimit,unlimit-careers-lever,https://jobs.lever.co/unlimit,lever,
unlock-health,unlock-health-greenhouse,https://job-boards.greenhouse.io/unlockhealth,greenhouse,"{""token"": ""unlockhealth""}"
unreal-snacks,unreal-snacks-greenhouse,https://job-boards.greenhouse.io/unrealsnacks,greenhouse,"{""token"": ""unrealsnacks""}"
unto-labs,unto-labs-ashby,https://jobs.ashbyhq.com/unto-labs,ashby,"{""token"": ""unto-labs""}"
unwrap,unwrap-ashby,https://jobs.ashbyhq.com/unwrap,ashby,"{""token"": ""unwrap""}"
unybrands,unybrands-greenhouse,https://job-boards.greenhouse.io/unybrands,greenhouse,"{""token"": ""unybrands""}"
upbound,upbound-greenhouse,https://job-boards.greenhouse.io/upbound,greenhouse,"{""token"": ""upbound""}"
updater,updater-greenhouse,https://job-boards.greenhouse.io/updater,greenhouse,"{""token"": ""updater""}"
upflow,upflow-ashby,https://jobs.ashbyhq.com/upflow,ashby,"{""token"": ""upflow""}"
upgrade,upgrade-greenhouse,https://job-boards.greenhouse.io/upgrade,greenhouse,"{""token"": ""upgrade""}"
upgrade,upgrade-recruitee,https://upgrade.recruitee.com,recruitee,"{""token"": ""upgrade""}"
upkeep,upkeep-greenhouse,https://job-boards.greenhouse.io/upkeep,greenhouse,"{""token"": ""upkeep""}"
uprite-construction,uprite-construction-greenhouse,https://job-boards.greenhouse.io/upriteconstruction,greenhouse,"{""token"": ""upriteconstruction""}"
ups,ups-careers-wd,https://hcmportal.wd5.myworkdayjobs.com/en-US/Search,workday,"{""tenant"": ""hcmportal"", ""board"": ""Search""}"
upshop,upshop-greenhouse,https://job-boards.greenhouse.io/upshop,greenhouse,"{""token"": ""upshop""}"
upside,upside-ashby,https://jobs.ashbyhq.com/upside,ashby,"{""token"": ""upside""}"
upside,upside-greenhouse,https://job-boards.greenhouse.io/upside,greenhouse,"{""token"": ""upside""}"
upside,upside-recruitee,https://upside.recruitee.com,recruitee,"{""token"": ""upside""}"
upstart,upstart-greenhouse,https://job-boards.greenhouse.io/upstart,greenhouse,"{""token"": ""upstart""}"
upstox,upstox-lever,https://jobs.lever.co/upstox,lever,"{""token"": ""upstox""}"
upvest,upvest-careers,https://jobs.ashbyhq.com/upvest,ashby,
upwork,upwork-greenhouse,https://job-boards.greenhouse.io/upwork,greenhouse,"{""token"": ""upwork""}"
ura,ura-greenhouse,https://job-boards.greenhouse.io/oura,greenhouse,"{""token"": ""oura""}"
urban-sports-club,urban-sports-club-greenhouse,https://job-boards.greenhouse.io/urbansportsclub,greenhouse,"{""token"": ""urbansportsclub""}"
ursa-major,ursa-major-greenhouse,https://job-boards.greenhouse.io/ursamajor,greenhouse,"{""token"": ""ursamajor""}"
urschel-laboratories-inc,urschel-laboratories-inc-greenhouse,https://job-boards.greenhouse.io/urschellaboratoriesinc,greenhouse,"{""token"": ""urschellaboratoriesinc""}"
us-conec-ltd,us-conec-ltd-greenhouse,https://job-boards.greenhouse.io/usconec,greenhouse,"{""token"": ""usconec""}"
us-foods,us-foods-careers,https://usfoods.wd1.myworkdayjobs.com/usfoodscareersexternal,workday,
usa-mechanical-energy-services,usa-mechanical-energy-services-greenhouse,https://job-boards.greenhouse.io/usamechasp,greenhouse,"{""token"": ""usamechasp""}"
uvcyber,uvcyber-pinpoint,https://uvcyber.pinpointhq.com,pinpoint,"{""slug"": ""uvcyber""}"
uw-health,uw-health-care-direct,https://workforcenow.adp.com/mascsr/default/mdf/recruitment/recruitment.html?cid=e007626d-88a8-4f82-a9dd-e8ba638c263d&ccId=19000101_000001&lang=en_US,adp,"{""cid"": ""e007626d-88a8-4f82-a9dd-e8ba638c263d"", ""cc_id"": ""19000101_000001"", ""locale"": ""en_US""}"
uw-health,uw-health-careers,https://eimy.fa.us6.oraclecloud.com/hcmUI/CandidateExperience/en/sites/CX_1,oracle_hcm,
v7labs-com,v7labs-com-ashby,https://jobs.ashbyhq.com/v7labs.com,ashby,"{""token"": ""v7labs.com""}"
vacasa,vacasa-greenhouse,https://job-boards.greenhouse.io/vacasa,greenhouse,"{""token"": ""vacasa""}"
vaco-llc,vaco-llc-greenhouse,https://job-boards.greenhouse.io/vaco,greenhouse,"{""token"": ""vaco""}"
vail-health-hospital,vail-health-hospital-greenhouse,https://job-boards.greenhouse.io/vailclinicincdbavailhealthhospital,greenhouse,"{""token"": ""vailclinicincdbavailhealthhospital""}"
vail-resorts,vail-resorts-careers,https://jobs.vailresortscareers.com/,rss,"{""preset"": ""successfactors""}"
valeo,valeo-careers,https://valeo.wd3.myworkdayjobs.com/valeo_jobs,workday,
valeo,valeo-careers-cz,https://valeo.jobs.cz/volna-mista,almacareer,"{""slug"": ""valeo"", ""host"": ""valeo.jobs.cz"", ""country"": ""cz"", ""widget_id"": ""7e3222ac-e9b5-4e60-ab8d-f7a99a3aa0a1"", ""api_key"": ""73f900380125d76ddbca42617f083e5fc24d69e48749c94094201f8fd1d132db"", ""detail_path"": ""detail-pozice""}"
valera-health,valera-health-greenhouse,https://job-boards.greenhouse.io/valerahealth,greenhouse,"{""token"": ""valerahealth""}"
valiant,valiant-successfactors,https://careers.valiant.ch/,rss,"{""preset"": ""successfactors"", ""feed_url"": ""https://careers.valiant.ch/googlefeed.xml""}"
validio,validio-main,https://jobs.validio.io/jobs,rss,"{""preset"": ""teamtailor"", ""feed_url"": ""https://jobs.validio.io/jobs.rss""}"
valo-health,valo-health-greenhouse,https://job-boards.greenhouse.io/valohealth,greenhouse,"{""token"": ""valohealth""}"
valon,valon-ashby,https://jobs.ashbyhq.com/valon,ashby,"{""token"": ""valon""}"
valon-labs,valon-labs-careers,https://jobs.ashbyhq.com/Valon,ashby,"{""token"": ""Valon""}"
valonvm,valonvm-ashby,https://jobs.ashbyhq.com/valonvm,ashby,"{""token"": ""valonvm""}"
valtech,valtech-careers,https://www.valtech.com/career/jobs/,greenhouse,"{""token"": ""valtech""}"
van-metre-companies,van-metre-companies-greenhouse,https://job-boards.greenhouse.io/vanmetre,greenhouse,"{""token"": ""vanmetre""}"
vanilla,vanilla-ashby,https://jobs.ashbyhq.com/vanilla,ashby,"{""token"": ""vanilla""}"
vanna-health,vanna-health-greenhouse,https://job-boards.greenhouse.io/vannahealth,greenhouse,"{""token"": ""vannahealth""}"
vannevar,vannevar-greenhouse,https://job-boards.greenhouse.io/vannevarlabs,greenhouse,"{""token"": ""vannevarlabs""}"
vanta,vanta-ashby,https://jobs.ashbyhq.com/vanta,ashby,"{""token"": ""vanta""}"
vantage,vantage-ashby,https://jobs.ashbyhq.com/vantage,ashby,"{""token"": ""vantage""}"
vapi,vapi-ashby,https://jobs.ashbyhq.com/vapi,ashby,"{""token"": ""vapi""}"
varda-space-industries,varda-space-industries-greenhouse,https://job-boards.greenhouse.io/vardaspace,greenhouse,"{""token"": ""vardaspace""}"
varicent,varicent-greenhouse,https://job-boards.greenhouse.io/varicent,greenhouse,"{""token"": ""varicent""}"
vast,vast-greenhouse,https://job-boards.greenhouse.io/vast,greenhouse,"{""token"": ""vast""}"
vastspace,vastspace-pinpoint,https://vastspace.pinpointhq.com,pinpoint,"{""slug"": ""vastspace""}"
vatic-labs,vatic-labs-greenhouse,https://job-boards.greenhouse.io/vaticlabs,greenhouse,"{""token"": ""vaticlabs""}"
vaxcyte,vaxcyte-greenhouse,https://job-boards.greenhouse.io/vaxcyte,greenhouse,"{""token"": ""vaxcyte""}"
vay,vay-greenhouse,https://job-boards.eu.greenhouse.io/vay,greenhouse,"{""token"": ""vay""}"
vcluster,vcluster-ashby,https://jobs.ashbyhq.com/vcluster,ashby,"{""token"": ""vcluster""}"
vdk-groep,vdk-groep-careers,https://vdkgroep.recruitee.com/,recruitee,
vectara,vectara-greenhouse,https://job-boards.greenhouse.io/vectara,greenhouse,"{""token"": ""vectara""}"
vector,vector-ashby,https://jobs.ashbyhq.com/vector,ashby,"{""token"": ""vector""}"
vectra,vectra-greenhouse,https://job-boards.greenhouse.io/vectranetworks,greenhouse,"{""token"": ""vectranetworks""}"
veeam-software,veeam-software-greenhouse,https://job-boards.greenhouse.io/veeamsoftware,greenhouse,"{""token"": ""veeamsoftware""}"
veepee,veepee-careers,https://jobs.lever.co/veepee,lever,
veesion,veesion-teamtailor,https://veesionvf.teamtailor.com/jobs,rss,"{""preset"": ""teamtailor"", ""feed_url"": ""https://veesionvf.teamtailor.com/jobs.rss""}"
veeva,veeva-lever,https://jobs.lever.co/veeva,lever,"{""token"": ""veeva""}"
velir,velir-greenhouse,https://job-boards.greenhouse.io/velir,greenhouse,"{""token"": ""velir""}"
venn,venn-greenhouse,https://job-boards.greenhouse.io/venncity,greenhouse,"{""token"": ""venncity""}"
veo,veo-lever,https://jobs.lever.co/veo,lever,"{""token"": ""veo""}"
veo-corporate-careers,veo-corporate-careers-greenhouse,https://job-boards.greenhouse.io/veocorporatecareers,greenhouse,"{""token"": ""veocorporatecareers""}"
vera-institute-of-justice,vera-institute-of-justice-greenhouse,https://job-boards.greenhouse.io/verainstituteofjustice,greenhouse,"{""token"": ""verainstituteofjustice""}"
vera-therapeutics-inc,vera-therapeutics-inc-greenhouse,https://job-boards.greenhouse.io/veratherapeuticsinc,greenhouse,"{""token"": ""veratherapeuticsinc""}"
veracode,veracode-greenhouse,https://job-boards.greenhouse.io/veracode,greenhouse,"{""token"": ""veracode""}"
veracyte,veracyte-greenhouse,https://job-boards.greenhouse.io/veracyte,greenhouse,"{""token"": ""veracyte""}"
verantos,verantos-greenhouse,https://job-boards.greenhouse.io/verantos,greenhouse,"{""token"": ""verantos""}"
vercel,vercel-careers,https://job-boards.greenhouse.io/vercel,greenhouse,"{""token"": ""vercel""}"
veriff,veriff-greenhouse,https://job-boards.greenhouse.io/veriff,greenhouse,"{""token"": ""veriff""}"
verifone,verifone-greenhouse,https://job-boards.greenhouse.io/verifone,greenhouse,"{""token"": ""verifone""}"
verily,verily-main,https://verily.wd1.myworkdayjobs.com/Verily_Careers,workday,"{""company"": ""verily"", ""wd_instance"": ""wd1"", ""site"": ""Verily_Careers""}"
verisign,verisign-greenhouse,https://job-boards.greenhouse.io/verisign,greenhouse,"{""token"": ""verisign""}"
verista-inc,verista-inc-greenhouse,https://job-boards.greenhouse.io/veristainc,greenhouse,"{""token"": ""veristainc""}"
veritas,veritas-recruitee,https://veritas.recruitee.com,recruitee,"{""token"": ""veritas""}"
verkada,verkada-greenhouse,https://job-boards.greenhouse.io/verkada,greenhouse,"{""token"": ""verkada""}"
verkor,verkor-careers,https://jobs.lever.co/verkor,lever,"{""token"": ""verkor""}"
verra-mobility,verra-mobility-greenhouse,https://job-boards.greenhouse.io/verramobility,greenhouse,"{""token"": ""verramobility""}"
versaterm,versaterm-greenhouse,https://job-boards.greenhouse.io/versaterm,greenhouse,"{""token"": ""versaterm""}"
versatile,versatile-careers,https://www.versatile.ai/careers,inline,"{""steps"": [{""text"": ""About the job"", ""offset"": -1, ""field"": ""title""}, {""text"": ""About the job"", ""field"": ""description"", ""html"": true, ""stop_tag"": ""div""}], ""defaults"": {""employment_type"": ""full_time""}, ""defaults_by_title"": {""Senior Data Engineer"": {""locations"": [""Tel Aviv, Israel""]}, ""Account Manager"": {""locations"": [""United States""], ""job_location_type"": ""remote""}, ""Senior Product Manager"": {""locations"": [""Tel Aviv, Israel""]}}}"
verse,verse-greenhouse,https://job-boards.greenhouse.io/verse,greenhouse,"{""token"": ""verse""}"
verstela,verstela-greenhouse,https://job-boards.greenhouse.io/verstela,greenhouse,"{""token"": ""verstela""}"
vertiv,vertiv-careers,https://egup.fa.us2.oraclecloud.com/hcmUI/CandidateExperience/en/sites/CX,oracle_hcm,
vertiv,vertiv-purgerite,https://recruiting.paylocity.com/recruiting/jobs/All/0d848fa7-a8d4-4fbb-b2fa-37e7bcc853a2/Purge-Rite-LLC,paylocity,"{""proxy"": true}"
vertiv,vertiv-strategic-thermal,https://www.strategicthermal.com/careers/,inline,"{""item_boundary_tag"": ""h5"", ""steps"": [{""tag"": ""h5"", ""field"": ""title""}, {""tag"": ""p"", ""field"": ""description"", ""html"": true, ""to_end"": true}], ""exclude_description_regex"": ""^More details to come[.]"", ""defaults"": {""locations"": [""Georgetown, TX, United States""], ""employment_type"": ""full_time"", ""job_location_type"": ""onsite""}}"
very-good-security,very-good-security-careers,https://jobs.lever.co/verygoodsecurity,lever,"{""token"": ""verygoodsecurity""}"
vestas,vestas-careers,https://careers.vestas.com/,rss,"{""preset"": ""successfactors""}"
vestiaire-collective,vestiaire-collective-lever,https://jobs.lever.co/vestiairecollective,lever,"{""token"": ""vestiairecollective""}"
vestmark-inc,vestmark-inc-greenhouse,https://job-boards.greenhouse.io/vestmark,greenhouse,"{""token"": ""vestmark""}"
vestwell,vestwell-greenhouse,https://job-boards.greenhouse.io/vestwell,greenhouse,"{""token"": ""vestwell""}"
vetcove,vetcove-ashby,https://jobs.ashbyhq.com/vetcove,ashby,"{""token"": ""vetcove""}"
veterinary-emergency-group,veterinary-emergency-group-careers,https://job-boards.greenhouse.io/veterinaryemergencygroupst,greenhouse,
veza-technologies-inc,veza-technologies-inc-greenhouse,https://job-boards.greenhouse.io/veza,greenhouse,"{""token"": ""veza""}"
vf-corporation,vf-corporation-careers,https://vfc.wd5.myworkdayjobs.com/vfc_careers,workday,
vgw,vgw-greenhouse,https://job-boards.greenhouse.io/vgw,greenhouse,"{""token"": ""vgw""}"
via,via-greenhouse,https://job-boards.greenhouse.io/via,greenhouse,"{""token"": ""via""}"
viam,viam-greenhouse,https://job-boards.greenhouse.io/viamrobotics,greenhouse,"{""token"": ""viamrobotics""}"
vibe,vibe-ashby,https://jobs.ashbyhq.com/vibe,ashby,"{""token"": ""vibe""}"
vicarius,vicarius-careers,https://vicarius.teamtailor.com/jobs,rss,"{""preset"": ""teamtailor"", ""feed_url"": ""https://vicarius.teamtailor.com/jobs.rss""}"
viggle,viggle-careers,https://api.ashbyhq.com/posting-api/job-board/viggle,ashby,"{""token"": ""viggle""}"
viking-global-investors,viking-global-investors-greenhouse,https://job-boards.greenhouse.io/vikingglobalinvestors,greenhouse,"{""token"": ""vikingglobalinvestors""}"
viktor,viktor-ashby,https://jobs.ashbyhq.com/viktor,ashby,"{""token"": ""viktor""}"
villagemd,villagemd-careers,https://shm.wd5.myworkdayjobs.com/Summit_CityMD,workday,
vinted,vinted-main,https://careers.vinted.com/jobs,greenhouse,"{""token"": ""vinteden""}"
vir-biotechnology,vir-biotechnology-greenhouse,https://job-boards.greenhouse.io/virbiotechnologyinc,greenhouse,"{""token"": ""virbiotechnologyinc""}"
viral-nation-inc,viral-nation-inc-greenhouse,https://job-boards.greenhouse.io/viralnation,greenhouse,"{""token"": ""viralnation""}"
virtahealth,virtahealth-ashby,https://jobs.ashbyhq.com/virtahealth,ashby,"{""token"": ""virtahealth""}"
virtru,virtru-greenhouse,https://job-boards.greenhouse.io/virtru,greenhouse,"{""token"": ""virtru""}"
virtu-financial,virtu-financial-greenhouse,https://job-boards.greenhouse.io/virtu,greenhouse,"{""token"": ""virtu""}"
virtua-health,virtua-health-careers,https://virtua.wd1.myworkdayjobs.com/virtua_health_external_career_site,workday,
virtual-preparatory-academy-of-florida,virtual-preparatory-academy-of-florida-greenhouse,https://job-boards.greenhouse.io/vpaofflorida,greenhouse,"{""token"": ""vpaofflorida""}"
visa,visa-careers-wd,https://visa.wd5.myworkdayjobs.com/Visa,workday,"{""tenant"": ""visa"", ""board"": ""Visa""}"
visasq-coleman,visasq-coleman-greenhouse,https://job-boards.greenhouse.io/colemanresearch,greenhouse,"{""token"": ""colemanresearch""}"
vise,vise-greenhouse,https://job-boards.greenhouse.io/viseai,greenhouse,"{""token"": ""viseai""}"
visier-solutions-inc,visier-solutions-inc-greenhouse,https://job-boards.greenhouse.io/visiersolutionsinc,greenhouse,"{""token"": ""visiersolutionsinc""}"
visual-concepts,visual-concepts-greenhouse,https://job-boards.greenhouse.io/visualconcepts,greenhouse,"{""token"": ""visualconcepts""}"
vitable-health,vitable-health-greenhouse,https://job-boards.greenhouse.io/vitablehealth,greenhouse,"{""token"": ""vitablehealth""}"
vitalize,vitalize-ashby,https://jobs.ashbyhq.com/vitalize,ashby,"{""token"": ""vitalize""}"
vitas-healthcare,vitas-healthcare-careers,https://ejrz.fa.us2.oraclecloud.com/hcmUI/CandidateExperience/en/sites/CX_5001,oracle_hcm,"{""total_count_tolerance"": 1}"
vitestro,vitestro-recruitee,https://vitestro.recruitee.com/,recruitee,"{""slug"": ""vitestro"", ""api_base"": ""https://vitestro.recruitee.com""}"
vivo-defence-services,vivo-defence-services-careers,https://apply-now.serco.com/VIVO,rss,"{""preset"": ""successfactors"", ""feed_url"": ""https://apply-now.serco.com/googlefeed.xml"", ""url_filter"": ""/VIVO/job/""}"
vodafone,vodafone-cz-almacareer,https://vodafone.jobs.cz/,almacareer,"{""slug"": ""vodafone"", ""country"": ""cz""}"
vohra-physicians,vohra-physicians-careers,https://jobs.lever.co/vohra,lever,
voi,voi-careers,https://careers.voi.com/jobs,rss,"{""preset"": ""teamtailor"", ""feed_url"": ""https://careers.voi.com/jobs.rss""}"
voladynamics,voladynamics-careers,https://jobs.ashbyhq.com/voladynamics,ashby,"{""token"": ""voladynamics""}"
voldex,voldex-ashby,https://jobs.ashbyhq.com/voldex,ashby,"{""token"": ""voldex""}"
volkswagen-group,volkswagen-group-australia,https://careers.volkswagen.net.au/,rss,"{""preset"": ""successfactors"", ""feed_url"": ""https://careers.volkswagen.net.au/googlefeed.xml""}"
volkswagen-group,volkswagen-group-careers,https://jobs.volkswagen-group.com/search/,rss,"{""preset"": ""successfactors"", ""feed_url"": ""https://jobs.volkswagen-group.com/googlefeed.xml""}"
volkswagen-group,volkswagen-group-cariad-us,https://job-boards.greenhouse.io/cariadinc,greenhouse,"{""token"": ""cariadinc""}"
volkswagen-group,volkswagen-group-china,https://volkswagengroupchina.jobs2web.sapsf.cn/,rss,"{""preset"": ""successfactors"", ""feed_url"": ""https://volkswagengroupchina.jobs2web.sapsf.cn/googlefeed.xml""}"
volkswagen-group,volkswagen-group-moia,https://job-boards.eu.greenhouse.io/moia,greenhouse,"{""token"": ""moia""}"
volkswagen-group,volkswagen-group-vwgds-portugal,https://jobs.eu.lever.co/vwgds,lever,"{""token"": ""vwgds""}"
volta-medical,volta-medical-careers,https://jobs.eu.lever.co/volta-medical,lever,"{""token"": ""volta-medical"", ""region"": ""eu""}"
volumental,volumental-jobs,https://jobs.volumental.com/jobs,rss,"{""preset"": ""teamtailor"", ""feed_url"": ""https://jobs.volumental.com/jobs.rss""}"
vonage,vonage-greenhouse,https://job-boards.greenhouse.io/vonage,greenhouse,"{""token"": ""vonage""}"
vontobel,vontobel-careers,https://vontobel.wd3.myworkdayjobs.com/Vontobel_External_Career,workday,
vorto,vorto-ashby,https://jobs.ashbyhq.com/vorto,ashby,"{""token"": ""vorto""}"
vow,vow-ashby,https://jobs.ashbyhq.com/vow,ashby,"{""token"": ""vow""}"
vox-media-llc,vox-media-llc-greenhouse,https://job-boards.greenhouse.io/voxmedia,greenhouse,"{""token"": ""voxmedia""}"
voyager-technologies-inc,voyager-technologies-inc-greenhouse,https://job-boards.greenhouse.io/voyagertechnologiesinc,greenhouse,"{""token"": ""voyagertechnologiesinc""}"
voyah,voyah-campus,https://app.mokahr.com/campus-recruitment/voyah/146293,mokahr,"{""org_id"": ""voyah"", ""site_id"": 146293}"
voyah,voyah-careers,https://app.mokahr.com/social-recruitment/voyah/146292,mokahr,"{""org_id"": ""voyah"", ""site_id"": 146292}"
vsco,vsco-greenhouse,https://job-boards.greenhouse.io/vsco39,greenhouse,"{""token"": ""vsco39""}"
vtex,vtex-greenhouse,https://job-boards.greenhouse.io/vtex,greenhouse,"{""token"": ""vtex""}"
vts,vts-greenhouse,https://job-boards.greenhouse.io/vts,greenhouse,"{""token"": ""vts""}"
vulcan-elements,vulcan-elements-greenhouse,https://job-boards.greenhouse.io/vulcanelements,greenhouse,"{""token"": ""vulcanelements""}"
vulncheck,vulncheck-greenhouse,https://job-boards.greenhouse.io/vulncheck,greenhouse,"{""token"": ""vulncheck""}"
vultr,vultr-ashby,https://jobs.ashbyhq.com/vultr,ashby,"{""token"": ""vultr""}"
vumc,vumc-careers,https://vumc.wd1.myworkdayjobs.com/vumccareers,workday,
wachtell,wachtell-careers-workday,https://wd1.myworkdaysite.com/recruiting/vhr_wachtelllipton/wlrk,workday,"{""company"": ""vhr_wachtelllipton"", ""wd_instance"": ""wd1"", ""site"": ""wlrk"", ""ssl_verify"": false}"
wall-street-prep,wall-street-prep-greenhouse,https://job-boards.greenhouse.io/wallstreetprep,greenhouse,"{""token"": ""wallstreetprep""}"
wallapop,wallapop-careers,https://job-boards.eu.greenhouse.io/wallapop,greenhouse,"{""token"": ""wallapop""}"
walleye-capital-full-time,walleye-capital-full-time-greenhouse,https://job-boards.greenhouse.io/walleyecapital-external-fulltime,greenhouse,"{""token"": ""walleyecapital-external-fulltime""}"
walrusfi,walrusfi-ashby,https://jobs.ashbyhq.com/walrusfi,ashby,"{""token"": ""walrusfi""}"
waltz-health,waltz-health-greenhouse,https://job-boards.greenhouse.io/waltzhealth,greenhouse,"{""token"": ""waltzhealth""}"
warburg-pincus-llc,warburg-pincus-llc-greenhouse,https://job-boards.greenhouse.io/warburgpincusllc,greenhouse,"{""token"": ""warburgpincusllc""}"
warby-parker,warby-parker-careers,https://fa-evdi-saasfaprod1.fa.ocs.oraclecloud.com/hcmUI/CandidateExperience/en/sites/WarbyParkerCareers,oracle_hcm,
wargaming,wargaming-greenhouse,https://job-boards.greenhouse.io/wargamingen,greenhouse,"{""token"": ""wargamingen""}"
warner-music,warner-music-careers,https://www.wmg.com/careers,lever,"{""token"": ""wmg""}"
warner-music,warner-music-careers-workday,https://wmg.wd1.myworkdayjobs.com/WMGGLOBAL,workday,
warp,warp-ashby,https://jobs.ashbyhq.com/warp,ashby,"{""token"": ""warp""}"
warp,warp-greenhouse,https://job-boards.greenhouse.io/warp,greenhouse,"{""token"": ""warp""}"
wasabi-technologies,wasabi-technologies-greenhouse,https://job-boards.greenhouse.io/wasabi,greenhouse,"{""token"": ""wasabi""}"
waste-connections,waste-connections-careers,https://wasteconnections.wd1.myworkdayjobs.com/careers,workday,
watershed,watershed-ashby,https://jobs.ashbyhq.com/watershed,ashby,"{""token"": ""watershed""}"
watershed-informatics,watershed-informatics-greenhouse,https://job-boards.greenhouse.io/watershed,greenhouse,"{""token"": ""watershed""}"
wayflyer,wayflyer-ashby,https://jobs.ashbyhq.com/wayflyer,ashby,"{""token"": ""wayflyer""}"
waymark,waymark-greenhouse,https://job-boards.greenhouse.io/waymark,greenhouse,"{""token"": ""waymark""}"
waymo,waymo-greenhouse,https://job-boards.greenhouse.io/waymo,greenhouse,"{""token"": ""waymo""}"
wayve,wayve-greenhouse,https://job-boards.greenhouse.io/wayve,greenhouse,"{""token"": ""wayve""}"
wayvia,wayvia-greenhouse,https://job-boards.greenhouse.io/wayvia,greenhouse,"{""token"": ""wayvia""}"
we-communications,we-communications-greenhouse,https://job-boards.greenhouse.io/wecommunications,greenhouse,"{""token"": ""wecommunications""}"
we-singapore,we-singapore-greenhouse,https://job-boards.greenhouse.io/wesingapore,greenhouse,"{""token"": ""wesingapore""}"
wealthfront,wealthfront-lever,https://jobs.lever.co/wealthfront,lever,"{""token"": ""wealthfront""}"
weaviate,weaviate-careers,https://jobs.ashbyhq.com/weaviate,ashby,"{""token"": ""weaviate""}"
webai,webai-ashby,https://jobs.ashbyhq.com/webai,ashby,"{""token"": ""webai""}"
webchart,webchart-greenhouse,https://job-boards.greenhouse.io/webchartnow,greenhouse,"{""token"": ""webchartnow""}"
webflow,webflow-greenhouse,https://job-boards.greenhouse.io/webflow,greenhouse,"{""token"": ""webflow""}"
weedmaps,weedmaps-greenhouse,https://job-boards.greenhouse.io/weedmaps77,greenhouse,"{""token"": ""weedmaps77""}"
weee-inc,weee-inc-greenhouse,https://job-boards.greenhouse.io/weee,greenhouse,"{""token"": ""weee""}"
weekend,weekend-ashby,https://jobs.ashbyhq.com/weekend,ashby,"{""token"": ""weekend""}"
weinstein-properties,weinstein-properties-greenhouse,https://job-boards.greenhouse.io/weinsteinproperties,greenhouse,"{""token"": ""weinsteinproperties""}"
weis-markets,weis-markets-careers,https://weis.wd108.myworkdayjobs.com/careers,workday,
weiss-asset-management,weiss-asset-management-greenhouse,https://job-boards.greenhouse.io/weissassetmanagement,greenhouse,"{""token"": ""weissassetmanagement""}"
welbehealth,welbehealth-greenhouse,https://job-boards.greenhouse.io/welbehealth,greenhouse,"{""token"": ""welbehealth""}"
welcome-to-the-jungle,welcome-to-the-jungle-greenhouse,https://job-boards.greenhouse.io/artefactjobs,greenhouse,"{""token"": ""artefactjobs""}"
wellpower-all-jobs,wellpower-all-jobs-greenhouse,https://job-boards.greenhouse.io/mentalhealthcenterofdenver,greenhouse,"{""token"": ""mentalhealthcenterofdenver""}"
wells-fargo,wells-fargo-careers,https://wd1.myworkdaysite.com/recruiting/wf/WellsFargoJobs,workday,"{""company"": ""wf"", ""wd_instance"": ""wd1"", ""site"": ""WellsFargoJobs""}"
wellspan-health,wellspan-health-careers,https://fa-evzu-saasfaprod1.fa.ocs.oraclecloud.com/hcmUI/CandidateExperience/en/sites/CX_1,oracle_hcm,
weploy,weploy-greenhouse,https://job-boards.greenhouse.io/weploy,greenhouse,"{""token"": ""weploy""}"
weride,weride-careers,https://jobs.lever.co/weride,lever,"{""token"": ""weride""}"
wesco,wesco-accutech,https://eklm.fa.us2.oraclecloud.com/hcmUI/CandidateExperience/en/sites/CX_1,oracle_hcm,
wesco,wesco-careers,https://eklm.fa.us2.oraclecloud.com/hcmUI/CandidateExperience/en/sites/CX,oracle_hcm,
wesco,wesco-eecol,https://eklm.fa.us2.oraclecloud.com/hcmUI/CandidateExperience/en/sites/CX_1001,oracle_hcm,
westinghouse-electric-company,westinghouse-electric-company-careers,https://careers.westinghousenuclear.com/,rss,"{""preset"": ""successfactors""}"
wettermark-keith,wettermark-keith-greenhouse,https://job-boards.greenhouse.io/wettermarkkeith,greenhouse,"{""token"": ""wettermarkkeith""}"
whalar-group,whalar-group-greenhouse,https://job-boards.greenhouse.io/whalarinc,greenhouse,"{""token"": ""whalarinc""}"
what3words,what3words-ashby,https://jobs.ashbyhq.com/what3words,ashby,"{""token"": ""what3words""}"
whataburger,whataburger-careers,https://whataburger.wd5.myworkdayjobs.com/wab_careers,workday,
whatnot,whatnot-careers,https://jobs.ashbyhq.com/whatnot,ashby,"{""token"": ""whatnot""}"
wheel,wheel-ashby,https://jobs.ashbyhq.com/wheel,ashby,"{""token"": ""wheel""}"
wheelhouse,wheelhouse-greenhouse,https://job-boards.greenhouse.io/wheelhouse,greenhouse,"{""token"": ""wheelhouse""}"
whereby,whereby-lever,https://jobs.lever.co/whereby,lever,"{""token"": ""whereby""}"
white-circle,white-circle-careers,https://jobs.ashbyhq.com/whitecircle,ashby,"{""token"": ""whitecircle""}"
who-gives-a-crap,who-gives-a-crap-greenhouse,https://job-boards.greenhouse.io/whogivesacrap,greenhouse,"{""token"": ""whogivesacrap""}"
whoop,whoop-ashby,https://jobs.ashbyhq.com/whoop,ashby,"{""token"": ""whoop""}"
whoop,whoop-lever,https://jobs.lever.co/whoop,lever,"{""token"": ""whoop""}"
wikimedia-foundation,wikimedia-foundation-greenhouse,https://job-boards.greenhouse.io/wikimedia,greenhouse,"{""token"": ""wikimedia""}"
williams-sonoma,williams-sonoma-careers,https://ehac.fa.us6.oraclecloud.com/hcmUI/CandidateExperience/en/sites/CX_1,oracle_hcm,
wilson-elser-business-legal-professionals,wilson-elser-business-legal-professionals-greenhouse,https://job-boards.greenhouse.io/wilsonelser,greenhouse,"{""token"": ""wilsonelser""}"
win-home-inspection,win-home-inspection-greenhouse,https://job-boards.greenhouse.io/winhomeinspection,greenhouse,"{""token"": ""winhomeinspection""}"
windmill,windmill-ashby,https://jobs.ashbyhq.com/windmill,ashby,"{""token"": ""windmill""}"
windranger,windranger-ashby,https://jobs.ashbyhq.com/windranger,ashby,"{""token"": ""windranger""}"
windsor-fashions,windsor-fashions-canada,https://workforcenow.adp.com/mascsr/default/mdf/recruitment/recruitment.html?ccId=19000101_000001&cid=cf69742f-7dda-4c80-a8b6-abceea471d5c&lang=en_CA,adp,"{""cid"": ""cf69742f-7dda-4c80-a8b6-abceea471d5c"", ""cc_id"": ""19000101_000001"", ""locale"": ""en_CA""}"
windsor-fashions,windsor-fashions-careers,https://www.paycomonline.net/v4/ats/web.php/portal/86a556299a52df9931cc3ed2fe9d6004/career-page,paycom,
windsor-fashions,windsor-fashions-puerto-rico,https://www.paycomonline.net/v4/ats/web.php/portal/B3E148EAEB785A0974B89F492F196452/career-page,paycom,"{""token"": ""B3E148EAEB785A0974B89F492F196452""}"
wingspan,wingspan-greenhouse,https://job-boards.greenhouse.io/wingspan,greenhouse,"{""token"": ""wingspan""}"
wingtra,wingtra-lever,https://jobs.lever.co/wingtra-2,lever,"{""token"": ""wingtra-2""}"
wipro,wipro-careers-global,https://careers.wipro.com/viewalljobs/,rss,"{""preset"": ""successfactors"", ""variant"": ""feed"", ""feed_url"": ""https://careers.wipro.com/googlefeed.xml""}"
wireless-logic,wireless-logic-careers,https://job-boards.eu.greenhouse.io/wirelesslogic,greenhouse,"{""token"": ""wirelesslogic""}"
wirescreen,wirescreen-ashby,https://jobs.ashbyhq.com/wirescreen,ashby,"{""token"": ""wirescreen""}"
withclutch,withclutch-ashby,https://jobs.ashbyhq.com/withclutch,ashby,"{""token"": ""withclutch""}"
withcoverage,withcoverage-greenhouse,https://job-boards.greenhouse.io/withcoverage,greenhouse,"{""token"": ""withcoverage""}"
withdaydream,withdaydream-ashby,https://jobs.ashbyhq.com/withdaydream,ashby,"{""token"": ""withdaydream""}"
within,within-greenhouse,https://job-boards.greenhouse.io/agencywithin,greenhouse,"{""token"": ""agencywithin""}"
wiz-inc,wiz-inc-greenhouse,https://job-boards.greenhouse.io/wizinc,greenhouse,"{""token"": ""wizinc""}"
wizard,wizard-greenhouse,https://job-boards.greenhouse.io/wizardcommerce,greenhouse,"{""token"": ""wizardcommerce""}"
wm,wm-careers,https://emcm.fa.us2.oraclecloud.com/hcmUI/CandidateExperience/en/sites/CX_4001,oracle_hcm,
wm,wm-stericycle,https://careers.stericycle.com/search/,rss,"{""preset"": ""successfactors"", ""feed_url"": ""https://careers.stericycle.com/googlefeed.xml""}"
woflow,woflow-ashby,https://jobs.ashbyhq.com/woflow,ashby,"{""token"": ""woflow""}"
wolt,wolt-careers,https://boards.greenhouse.io/wolt,greenhouse,"{""token"": ""wolt""}"
wolters-kluwer,wolters-kluwer-workday,https://wk.wd3.myworkdayjobs.com/External,workday,"{""company"": ""wk"", ""wd_instance"": ""wd3"", ""site"": ""External""}"
wolve,wolve-pinpoint,https://wolve.pinpointhq.com,pinpoint,"{""slug"": ""wolve""}"
wonder-studios,wonder-studios-greenhouse,https://job-boards.greenhouse.io/wonderstudios,greenhouse,"{""token"": ""wonderstudios""}"
wonderful,wonderful-careers,https://jobs.ashbyhq.com/wonderful,ashby,"{""token"": ""wonderful""}"
wonderschool,wonderschool-greenhouse,https://job-boards.greenhouse.io/wonderschool,greenhouse,"{""token"": ""wonderschool""}"
woo-x,woo-x-greenhouse,https://job-boards.greenhouse.io/woo,greenhouse,"{""token"": ""woo""}"
wood,wood-careers,https://ehif.fa.em2.oraclecloud.com/hcmUI/CandidateExperience/en/sites/CX_1,oracle_hcm,
woolpert,woolpert-greenhouse,https://job-boards.greenhouse.io/woolpert,greenhouse,"{""token"": ""woolpert""}"
wordware-ai,wordware-ai-ashby,https://jobs.ashbyhq.com/wordware.ai,ashby,"{""token"": ""wordware.ai""}"
workato,workato-greenhouse,https://job-boards.greenhouse.io/workato,greenhouse,"{""token"": ""workato""}"
workboard,workboard-careers,https://boards.greenhouse.io/workboard,greenhouse,"{""token"": ""workboard""}"
workday,workday-careers,https://workday.wd5.myworkdayjobs.com/Workday,workday,"{""company"": ""workday"", ""wd_instance"": ""wd5"", ""site"": ""Workday""}"
workera-ai,workera-ai-greenhouse,https://job-boards.greenhouse.io/workera,greenhouse,"{""token"": ""workera""}"
workhelix,workhelix-greenhouse,https://job-boards.greenhouse.io/workhelix,greenhouse,"{""token"": ""workhelix""}"
workleap-en,workleap-en-greenhouse,https://job-boards.greenhouse.io/workleap,greenhouse,"{""token"": ""workleap""}"
workos,workos-ashby,https://jobs.ashbyhq.com/workos,ashby,"{""token"": ""workos""}"
workstream,workstream-greenhouse,https://job-boards.greenhouse.io/workstream,greenhouse,"{""token"": ""workstream""}"
workwize,workwize-greenhouse,https://job-boards.greenhouse.io/workwize,greenhouse,"{""token"": ""workwize""}"
world-anti-doping-agency,world-anti-doping-agency-careers,https://wada.bamboohr.com/careers/list,bamboohr,"{""tenant"": ""wada""}"
world-economic-forum,world-economic-forum-forum-careers,https://weforum.wd3.myworkdayjobs.com/Forum_Careers,workday,"{""company"": ""weforum"", ""wd_instance"": ""wd3"", ""site"": ""Forum_Careers""}"
world-health-organization,world-health-organization-paho,https://paho.wd5.myworkdayjobs.com/pahocareers,workday,"{""company"": ""paho"", ""wd_instance"": ""wd5"", ""site"": ""pahocareers""}"
world-labs,world-labs-greenhouse,https://job-boards.greenhouse.io/worldlabs,greenhouse,"{""token"": ""worldlabs""}"
world-meteorological-organization,world-meteorological-organization-careers,https://estm.fa.em2.oraclecloud.com/hcmUI/CandidateExperience/en/sites/CX_5001/jobs,oracle_hcm,"{""host"": ""estm.fa.em2.oraclecloud.com"", ""site"": ""CX_5001"", ""jobs_count"": 6}"
world-trade-organization,world-trade-organization-external,https://wto.wd103.myworkdayjobs.com/External,workday,"{""company"": ""wto"", ""wd_instance"": ""wd103"", ""site"": ""External""}"
world-triathlon,world-triathlon-jobs,https://jobs.triathlon.org/jobs/Careers,rss,"{""preset"": ""generic"", ""feed_url"": ""https://jobs.triathlon.org/jobs/Careers/rss""}"
world-vision-international,world-vision-international-workday,https://worldvision.wd1.myworkdayjobs.com/WorldVisionInternational,workday,"{""company"": ""worldvision"", ""wd_instance"": ""wd1"", ""site"": ""WorldVisionInternational""}"
worldcoin,worldcoin-careers,https://jobs.ashbyhq.com/Tools%20for%20Humanity,ashby,"{""token"": ""Tools for Humanity""}"
worldcoin,worldcoin-world-foundation,https://jobs.ashbyhq.com/world-foundation,ashby,"{""token"": ""world-foundation""}"
worldly,worldly-ashby,https://jobs.ashbyhq.com/worldly,ashby,"{""token"": ""worldly""}"
worldpay,worldpay-careers-wd,https://worldpay.wd5.myworkdayjobs.com/Worldpay_External_Careers_Site,workday,"{""tenant"": ""worldpay"", ""board_id"": ""Worldpay_External_Careers_Site""}"
worldquant,worldquant-greenhouse,https://job-boards.greenhouse.io/worldquant,greenhouse,"{""token"": ""worldquant""}"
woven-care,woven-care-greenhouse,https://job-boards.greenhouse.io/wovencare,greenhouse,"{""token"": ""wovencare""}"
wpp,wpp-akqa,https://job-boards.greenhouse.io/embed/job_board?for=akqa,greenhouse,"{""token"": ""akqa""}"
wpp,wpp-burson,https://www.bursonglobal.com/careers,greenhouse,"{""token"": ""bursonglobalcareers""}"
wpp,wpp-greenhouse,https://job-boards.greenhouse.io/wpp,greenhouse,"{""token"": ""wpp""}"
wpp,wpp-gtb,https://job-boards.greenhouse.io/gtb,greenhouse,"{""token"": ""gtb""}"
wpp,wpp-hudsonrouge,https://job-boards.greenhouse.io/hudsonrouge,greenhouse,"{""token"": ""hudsonrouge""}"
wpp,wpp-landor,https://job-boards.greenhouse.io/landor,greenhouse,"{""token"": ""landor""}"
wpp,wpp-ogilvy,https://www.ogilvy.com/work-with-us,greenhouse,"{""token"": ""ogilvy""}"
wpp,wpp-scangroup,https://job-boards.greenhouse.io/scangroup,greenhouse,"{""token"": ""scangroup""}"
wpp,wpp-vml-canada,https://job-boards.greenhouse.io/vmlcanadaen,greenhouse,"{""token"": ""vmlcanadaen""}"
wpp,wpp-vml-enterprise,https://job-boards.greenhouse.io/vmlenterprisesolutions,greenhouse,"{""token"": ""vmlenterprisesolutions""}"
wpp,wpp-vml-map,https://job-boards.greenhouse.io/map,greenhouse,"{""token"": ""map""}"
wpp,wpp-wppmedia,https://job-boards.greenhouse.io/wppmedia,greenhouse,"{""token"": ""wppmedia""}"
wpromote,wpromote-lever,https://jobs.lever.co/wpromote,lever,"{""token"": ""wpromote""}"
wrapbook,wrapbook-careers,https://jobs.ashbyhq.com/wrapbook,ashby,"{""token"": ""wrapbook""}"
wrike,wrike-greenhouse,https://job-boards.greenhouse.io/wrike,greenhouse,"{""token"": ""wrike""}"
writer,writer-ashby,https://jobs.ashbyhq.com/writer,ashby,"{""token"": ""writer""}"
wsp,wsp-careers,https://emit.fa.ca3.oraclecloud.com/hcmUI/CandidateExperience/en/sites/CX_2001,oracle_hcm,"{""offset_overlap"": 20, ""total_count_tolerance"": 2}"
wunder,wunder-greenhouse,https://job-boards.greenhouse.io/wundercapital,greenhouse,"{""token"": ""wundercapital""}"
wustl,wustl-careers,https://wustl.wd1.myworkdayjobs.com/external,workday,
wvu-medicine,wvu-medicine-careers,https://wvumedicine.wd1.myworkdayjobs.com/WVUH,workday,
wynd-labs,wynd-labs-greenhouse,https://job-boards.greenhouse.io/wyndlabs,greenhouse,"{""token"": ""wyndlabs""}"
wynd-labs-x-hiring,wynd-labs-x-hiring-greenhouse,https://job-boards.greenhouse.io/xhiring,greenhouse,"{""token"": ""xhiring""}"
x-ai,x-ai-careers,https://job-boards.greenhouse.io/xai,greenhouse,"{""token"": ""xai""}"
xaira-therapeutics,xaira-therapeutics-greenhouse,https://job-boards.greenhouse.io/xairatherapeutics,greenhouse,"{""token"": ""xairatherapeutics""}"
xantium,xantium-greenhouse,https://job-boards.greenhouse.io/xantium,greenhouse,"{""token"": ""xantium""}"
xapo-bank,xapo-bank-greenhouse,https://job-boards.greenhouse.io/xapo61,greenhouse,"{""token"": ""xapo61""}"
xbowcareers,xbowcareers-ashby,https://jobs.ashbyhq.com/xbowcareers,ashby,"{""token"": ""xbowcareers""}"
xcmg,xcmg-campus,https://app.mokahr.com/campus-recruitment/xcmg/148091,mokahr,"{""org_id"": ""xcmg"", ""site_id"": 148091}"
xcmg,xcmg-careers,https://app.mokahr.com/social-recruitment/xcmg/148090,mokahr,"{""org_id"": ""xcmg"", ""site_id"": 148090}"
xcmg,xcmg-linkedin-global,https://www.linkedin.com/company/2262388admin/jobs/,linkedin,"{""company_id"": ""2262388"", ""canonical_numeric_job_urls"": true}"
xcmg,xcmg-uk,https://xcmguk.com/careers/,inline,"{""fetch_urls"": [""https://xcmguk.com/careers/"", {""url"": ""https://xcmguk-com.translate.goog/careers/?_x_tr_sl=auto&_x_tr_tl=en&_x_tr_hl=en"", ""headers"": {""User-Agent"": ""Mozilla/5.0""}}], ""fetch_contains"": ""Current Opportunities"", ""include_hidden"": true, ""require_zero_proof"": true, ""section_start"": {""tag"": ""h2"", ""text"": ""Join the Team""}, ""section_end"": {""tag"": ""div"", ""text"": ""Full Name"", ""attr"": ""class=elementor-mark-required""}, ""item_boundary_tag"": ""h5"", ""preserve_single_location"": true, ""steps"": [{""tag"": ""h5"", ""field"": ""title""}, {""field"": ""description"", ""html"": true, ""to_end"": true}], ""defaults"": {""locations"": [""High Wycombe, United Kingdom""]}}"
xdof,xdof-ashby,https://jobs.ashbyhq.com/xdof,ashby,"{""token"": ""xdof""}"
xealth,xealth-greenhouse,https://job-boards.greenhouse.io/xealth,greenhouse,"{""token"": ""xealth""}"
xendit,xendit-greenhouse,https://job-boards.greenhouse.io/xendit,greenhouse,"{""token"": ""xendit""}"
xenon,xenon-ashby,https://jobs.ashbyhq.com/xenon,ashby,"{""token"": ""xenon""}"
xensam,xensam-careers,https://careers.xensam.com/jobs,rss,"{""preset"": ""teamtailor"", ""feed_url"": ""https://careers.xensam.com/jobs.rss""}"
xero,xero-ashby,https://jobs.ashbyhq.com/xero,ashby,"{""token"": ""xero""}"
xion,xion-greenhouse,https://job-boards.greenhouse.io/burnt,greenhouse,"{""token"": ""burnt""}"
xm,xm-careers,https://jobs.eu.lever.co/xm,lever,"{""token"": ""xm"", ""region"": ""eu""}"
xocean,xocean-linkedin,https://www.linkedin.com/jobs/xocean-jobs-worldwide?f_C=18506409&trk=top-card_top-card-primary-button-top-card-primary-cta,linkedin,"{""company_id"": ""18506409""}"
xometry,xometry-greenhouse,https://job-boards.greenhouse.io/xometry,greenhouse,"{""token"": ""xometry""}"
xometry-europe,xometry-europe-greenhouse,https://job-boards.greenhouse.io/xometryeurope,greenhouse,"{""token"": ""xometryeurope""}"
xpeng,xpeng-greenhouse,https://job-boards.greenhouse.io/xpengmotors,greenhouse,"{""token"": ""xpengmotors""}"
xtx-markets,xtx-markets-greenhouse,https://job-boards.greenhouse.io/xtxmarketstechnologies,greenhouse,"{""token"": ""xtxmarketstechnologies""}"
xund,xund-careers,https://job-boards.eu.greenhouse.io/xund,greenhouse,"{""token"": ""xund""}"
y-soft,y-soft-greenhouse,https://job-boards.greenhouse.io/ysoftcorporation,greenhouse,"{""token"": ""ysoftcorporation""}"
yahoo,yahoo-careers,https://ouryahoo.wd5.myworkdayjobs.com/careers,workday,"{""company"": ""ouryahoo"", ""wd_instance"": ""wd5"", ""site"": ""careers""}"
ycombinator,ycombinator-ashby,https://jobs.ashbyhq.com/ycombinator,ashby,"{""token"": ""ycombinator""}"
yelp,yelp-main,https://www.yelp.careers/us/en/search-results,pinpoint,"{""slug"": ""yelp""}"
yepoda,yepoda-ashby,https://jobs.ashbyhq.com/yepoda,ashby,"{""token"": ""yepoda""}"
yes-energy,yes-energy-greenhouse,https://job-boards.greenhouse.io/yesenergy,greenhouse,"{""token"": ""yesenergy""}"
yext,yext-greenhouse,https://job-boards.greenhouse.io/yext,greenhouse,"{""token"": ""yext""}"
yipitdata,yipitdata-greenhouse,https://job-boards.greenhouse.io/yipitdata,greenhouse,"{""token"": ""yipitdata""}"
yipitdata-alternative,yipitdata-alternative-greenhouse,https://job-boards.greenhouse.io/yipitdatajobs,greenhouse,"{""token"": ""yipitdatajobs""}"
ylopo,ylopo-greenhouse,https://job-boards.greenhouse.io/ylopo,greenhouse,"{""token"": ""ylopo""}"
yondr,yondr-ashby,https://jobs.ashbyhq.com/yondr,ashby,"{""token"": ""yondr""}"
yotpo,yotpo-greenhouse,https://job-boards.greenhouse.io/yotpo,greenhouse,"{""token"": ""yotpo""}"
you-com,you-com-greenhouse,https://job-boards.greenhouse.io/youcom,greenhouse,"{""token"": ""youcom""}"
yougov,yougov-greenhouse,https://job-boards.greenhouse.io/yougov,greenhouse,"{""token"": ""yougov""}"
yousician,yousician-greenhouse,https://job-boards.greenhouse.io/yousician,greenhouse,"{""token"": ""yousician""}"
ypsomed,ypsomed-ch-recruiting,https://recruiting.ypsomed.com/search/,rss,"{""preset"": ""successfactors"", ""feed_url"": ""https://recruiting.ypsomed.com/googlefeed.xml"", ""variant"": ""feed""}"
yubico,yubico-careers,https://job-boards.greenhouse.io/yubico,greenhouse,"{""token"": ""yubico""}"
yugabytedb,yugabytedb-greenhouse,https://job-boards.greenhouse.io/yugabyte,greenhouse,"{""token"": ""yugabyte""}"
yum-china,yum-china-careers,https://yumchina.zhiye.com/Social,beisen,"{""tenant"": ""yumchina"", ""variant"": ""legacy"", ""listing_path"": ""/Social"", ""legacy_template"": ""standard""}"
yum-china,yum-china-office,https://yumchinarsc.zhiye.com/social,beisen,"{""tenant"": ""yumchinarsc"", ""variant"": ""modern"", ""portal_id"": ""a69a0b8a-b20d-40e5-b45c-27af4421580f"", ""tenant_id"": 612076}"
yuno,yuno-careers,https://jobs.lever.co/yuno,lever,"{""token"": ""yuno""}"
zalando,zalando-workday,https://zalando.wd3.myworkdayjobs.com/ZalandoSiteWD,workday,
zam,zam-greenhouse,https://job-boards.greenhouse.io/zam,greenhouse,"{""token"": ""zam""}"
zapier,zapier-ashby,https://jobs.ashbyhq.com/zapier,ashby,"{""token"": ""zapier""}"
zayzoon,zayzoon-ashby,https://jobs.ashbyhq.com/zayzoon,ashby,"{""token"": ""zayzoon""}"
zed,zed-ashby,https://jobs.ashbyhq.com/zed,ashby,"{""token"": ""zed""}"
zeffy,zeffy-pinpoint,https://zeffy.pinpointhq.com,pinpoint,"{""slug"": ""zeffy""}"
zeiss-group,zeiss-group-careers,https://zeissgroup.wd3.myworkdayjobs.com/external,workday,"{""company"": ""zeissgroup"", ""wd_instance"": ""wd3"", ""site"": ""external""}"
zello,zello-ashby,https://jobs.ashbyhq.com/zello,ashby,"{""token"": ""zello""}"
zenbusiness-inc,zenbusiness-inc-greenhouse,https://job-boards.greenhouse.io/zenbusiness,greenhouse,"{""token"": ""zenbusiness""}"
zendesk,zendesk-pinpoint,https://zendesk.pinpointhq.com,pinpoint,"{""slug"": ""zendesk""}"
zengrc,zengrc-greenhouse,https://job-boards.greenhouse.io/zengrc,greenhouse,"{""token"": ""zengrc""}"
zenni-optical,zenni-optical-greenhouse,https://job-boards.greenhouse.io/zennioptical,greenhouse,"{""token"": ""zennioptical""}"
zenobe,zenobe-careers,https://careers.zenobe.com/jobs,rss,"{""preset"": ""teamtailor"", ""feed_url"": ""https://careers.zenobe.com/jobs.rss""}"
zenoti,zenoti-greenhouse,https://job-boards.greenhouse.io/zenoti,greenhouse,"{""token"": ""zenoti""}"
zeotap,zeotap-careers,https://zeotap.recruitee.com,recruitee,"{""slug"": ""zeotap"", ""api_base"": ""https://zeotap.recruitee.com""}"
zephyr,zephyr-greenhouse,https://job-boards.greenhouse.io/zephyrhome,greenhouse,"{""token"": ""zephyrhome""}"
zerion,zerion-careers,https://jobs.lever.co/zerion,lever,"{""token"": ""zerion""}"
zero,zero-ashby,https://jobs.ashbyhq.com/zero,ashby,"{""token"": ""zero""}"
zeromark,zeromark-ashby,https://jobs.ashbyhq.com/zeromark,ashby,"{""token"": ""zeromark""}"
zettabyte-space,zettabyte-space-ashby,https://jobs.ashbyhq.com/zettabyte-space,ashby,"{""token"": ""zettabyte-space""}"
zevia,zevia-greenhouse,https://job-boards.greenhouse.io/zevia,greenhouse,"{""token"": ""zevia""}"
zf,zf-careers,https://jobs.zf.com/,rss,"{""preset"": ""successfactors""}"
zf,zf-careers-foxconn,https://zffcn.wd103.myworkdayjobs.com/zffoxconn_external,workday,"{""company"": ""zffcn"", ""wd_instance"": ""wd103"", ""site"": ""zffoxconn_external""}"
zhengda-group,zhengda-group-careers,https://cpgroup.zhiye.com/,beisen,"{""tenant"": ""cpgroup"", ""variant"": ""modern"", ""portal_id"": ""e7d18139-e10a-4706-a666-5fa75c971773"", ""tenant_id"": 160035}"
zhengda-group,zhengda-group-careers-cn-ctc,https://ctcgroup.zhiye.com/alljob/,beisen,"{""tenant"": ""ctcgroup"", ""variant"": ""legacy"", ""listing_path"": ""/Social"", ""legacy_template"": ""standard""}"
zhengda-group,zhengda-group-careers-my-cpf,https://careers.cp-hrexp.com/CPMY/go/CPMY-View-All-Jobs/703244/,rss,"{""preset"": ""successfactors"", ""variant"": ""rmk"", ""brand"": ""CPMY"", ""locale"": ""en_GB"", ""proxy"": true}"
zhengda-group,zhengda-group-careers-th-cpf,https://careers.cp-hrexp.com/CPF/go/CPF-View-All-Jobs/622744/,rss,"{""preset"": ""successfactors"", ""variant"": ""rmk"", ""brand"": ""CPF"", ""locale"": ""en_GB"", ""proxy"": true}"
zhengda-group,zhengda-group-careers-vn-cpf,https://careers.cp-hrexp.com/CPV/go/CPV-View-All-Job/640844/,rss,"{""preset"": ""successfactors"", ""variant"": ""rmk"", ""brand"": ""CPV"", ""locale"": ""en_GB"", ""proxy"": true}"
zillow,zillow-careers,https://zillow.wd5.myworkdayjobs.com/Zillow_Group_External,workday,"{""company"": ""zillow"", ""wd_instance"": ""wd5"", ""site"": ""Zillow_Group_External""}"
zimpler,zimpler-jobylon,https://cdn.jobylon.com/jobs/companies/2597/embed/v2/?page_size=1000,jobylon,"{""company_id"": ""2597""}"
zinnia,zinnia-greenhouse,https://job-boards.greenhouse.io/zinnia,greenhouse,"{""token"": ""zinnia""}"
zinnia-employee-referral,zinnia-employee-referral-greenhouse,https://job-boards.greenhouse.io/zind-erprogram,greenhouse,"{""token"": ""zind-erprogram""}"
zip,zip-ashby,https://jobs.ashbyhq.com/zip,ashby,"{""token"": ""zip""}"
zip-co-limited,zip-co-limited-greenhouse,https://job-boards.greenhouse.io/zipcolimited,greenhouse,"{""token"": ""zipcolimited""}"
zipline,zipline-careers,https://boards.greenhouse.io/flyzipline,greenhouse,"{""token"": ""flyzipline""}"
zipline,zipline-careers-ng,https://boards.greenhouse.io/flyziplinenigeria,greenhouse,"{""token"": ""flyziplinenigeria""}"
zipline,zipline-careers-ur,https://boards.greenhouse.io/flyziplineur,greenhouse,"{""token"": ""flyziplineur""}"
ziprecruiter,ziprecruiter-greenhouse,https://job-boards.greenhouse.io/ziprecruiter,greenhouse,"{""token"": ""ziprecruiter""}"
zocdoc,zocdoc-greenhouse,https://job-boards.greenhouse.io/zocdoc,greenhouse,"{""token"": ""zocdoc""}"
zone-5-technologies,zone-5-technologies-greenhouse,https://job-boards.greenhouse.io/zone5technologies,greenhouse,"{""token"": ""zone5technologies""}"
zone-co,zone-co-greenhouse,https://job-boards.greenhouse.io/zonecompanysoftwareconsultingllc,greenhouse,"{""token"": ""zonecompanysoftwareconsultingllc""}"
zoominfo-technologies-llc,zoominfo-technologies-llc-greenhouse,https://job-boards.greenhouse.io/zoominfo,greenhouse,"{""token"": ""zoominfo""}"
zoox,zoox-lever,https://jobs.lever.co/zoox,lever,"{""token"": ""zoox""}"
zopa,zopa-careers,https://jobs.lever.co/zopa,lever,"{""token"": ""zopa""}"
zscaler,zscaler-greenhouse,https://job-boards.greenhouse.io/zscaler,greenhouse,"{""token"": ""zscaler""}"
zte,zte-campus,https://app.mokahr.com/campus-recruitment/zte/46903,mokahr,"{""org_id"": ""zte"", ""site_id"": 46903}"
zte,zte-careers,https://app.mokahr.com/social-recruitment/zte/47588,mokahr,"{""org_id"": ""zte"", ""site_id"": 47588}"
zuehlke,zuehlke-careers,https://zuehlke.wd3.myworkdayjobs.com/en-US/Zuhlke-Careers,workday,"{""company"": ""zuehlke"", ""wd_instance"": ""wd3"", ""site"": ""Zuhlke-Careers""}"
zulu-alpha-kilo,zulu-alpha-kilo-greenhouse,https://job-boards.greenhouse.io/zulualphakilo,greenhouse,"{""token"": ""zulualphakilo""}"
zuma,zuma-careers,https://jobs.lever.co/getzuma,lever,"{""token"": ""getzuma""}"
zuora,zuora-greenhouse,https://job-boards.greenhouse.io/zuora,greenhouse,"{""token"": ""zuora""}"
zup-innovation,zup-innovation-greenhouse,https://job-boards.greenhouse.io/zupinnovation,greenhouse,"{""token"": ""zupinnovation""}"
zurich-insurance,zurich-insurance-careers,https://careers.zurich.com/search/,rss,"{""preset"": ""successfactors""}"
zus-health,zus-health-careers,https://jobs.lever.co/zushealth,lever,"{""token"": ""zushealth""}"
zwift,zwift-greenhouse,https://job-boards.greenhouse.io/zwift,greenhouse,"{""token"": ""zwift""}"
zynga,zynga-greenhouse,https://job-boards.greenhouse.io/zyngacareers,greenhouse,"{""token"": ""zyngacareers""}"
