name,country,admin1,population,aliases
Shanghai,CN,23,24874500,
Beijing,CN,22,18960744,Peking
Shenzhen,CN,30,17494398,
Guangzhou,CN,30,16096724,Canton
Kinshasa,CD,06,16000000,
Istanbul,TR,34,15701602,
Lagos,NG,05,15388000,
Ho Chi Minh City,VN,79,14002598,HCMC|Ho Chi Minh|Saigon
Chengdu,CN,32,13568357,
Lahore,PK,04,13004135,
Mumbai,IN,16,12691836,Bombay
São Paulo,BR,27,12400232,Sao Paulo
Mexico City,MX,09,12294193,Mexico
Karachi,PK,05,11624219,
Tianjin,CN,28,11090314,
Delhi,IN,07,11034555,
Wuhan,CN,12,10392693,
Moscow,RU,48,10381222,
Dhaka,BD,81,10356500,
Seoul,KR,11,10349312,
Tokyo,JP,40,9733276,
Dongguan,CN,30,9644871,
Cairo,EG,11,9606916,
Xi’an,CN,26,9600000,
Johannesburg,ZA,06,9418183,
Nanjing,CN,04,9314685,
Hangzhou,CN,02,9236032,
Foshan,CN,30,9042509,
London,GB,ENG,8961989,
New York City,US,NY,8804190,NYC|New York
Jakarta,ID,04,8540121,
Bengaluru,IN,19,8495492,Bangalore
Hanoi,VN,01,8053663,
Taipei,TW,04,7871900,
Lima,PE,LMA,7737002,
Bogotá,CO,34,7674366,Bogota
Chongqing,CN,33,7457599,
Hong Kong,HK,,7396076,
Baghdad,IQ,07,7216000,
Wuzhong,CN,21,7202654,
Qingdao,CN,25,7172451,
Tehran,IR,26,7153309,
Shenyang,CN,19,7050000,
Hyderabad,IN,40,6993262,
Rio de Janeiro,BR,21,6747815,
Suzhou,CN,04,6715559,
Puxi,CN,23,6683712,
Ahmedabad,IN,09,6357693,
Abidjan,CI,93,6321017,
Pudong,CN,23,5681512,
Sydney,AU,02,5638830,
Singapore,SG,,5638700,
Melbourne,AU,07,5435590,
Dar es Salaam,TZ,23,5383728,
Saint Petersburg,RU,66,5351935,
Alexandria,EG,06,5263542,
Harbin,CN,08,5242897,
Bangkok,TH,40,5104476,
Hefei,CN,01,5050000,
Dalian,CN,19,4913879,
Kano,NG,29,4910000,
Santiago,CL,12,4837295,
Cape Town,ZA,11,4772846,
Peshawar,PK,03,4758762,
Changchun,CN,05,4714996,
Jeddah,SA,14,4697000,
Chennai,IN,25,4681087,Madras
Kolkata,IN,28,4631392,Calcutta
Xiamen,CN,07,4617251,
Surat,IN,09,4591246,
Yangon,MM,17,4477638,
Bao'an,CN,30,4476554,
Kabul,AF,13,4434550,
Nairobi,KE,05,4397073,
Wuxi,CN,04,4396835,
Giza,EG,08,4367343,
Jinan,CN,25,4335989,
Taiyuan,CN,24,4303673,
Zhengzhou,CN,09,4253913,
Bamako,ML,01,4227569,
Riyadh,SA,10,4205961,
New Taipei City,TW,03,4004367,New Taipei
New Territories,HK,00,3984077,
Shijiazhuang,CN,10,3938513,
Chattogram,BD,84,3920222,
Addis Ababa,ET,44,3860000,
Kunming,CN,29,3855346,
Zhongshan,CN,30,3841873,
Nanning,CN,16,3839800,
Shantou,CN,30,3838900,
Los Angeles,US,CA,3820914,
Faisalabad,PK,04,3800193,
Dubai,AE,03,3790000,
Yokohama,JP,19,3777491,
Fuzhou,CN,07,3740000,
Ningbo,CN,02,3731203,
Casablanca,MA,06,3665954,
Ibadan,NG,32,3649000,
Puyang,CN,02,3590000,
Ankara,TR,68,3517182,
Shiyan,CN,12,3460000,
Berlin,DE,16,3426354,
Tangshan,CN,10,3372102,
Rawalpindi,PK,04,3357612,
Lüliang,CN,24,3346500,Luliang
Durban,ZA,02,3338026,
Changzhou,CN,04,3290918,
Busan,KR,10,3285147,
Madrid,ES,29,3255944,
Pyongyang,KP,12,3222000,
Zibo,CN,25,3129228,
Pune,IN,16,3124458,
Bursa,TR,16,3101833,
Changsha,CN,11,3093980,
Quezon City,PH,NCR,3084270,Quezon
Jaipur,IN,24,3046163,
Guiyang,CN,18,3037159,
Ürümqi,CN,13,3029372,Urumqi
Surabaya,ID,08,3018022,
Incheon,KR,12,3015482,
Lanzhou,CN,15,3000000,
Caracas,VE,25,3000000,
Kyiv,UA,12,2952301,Kiev
İzmir,TR,35,2938292,Izmir
Huizhou,CN,30,2900113,
Buenos Aires,AR,07,2891082,
Haikou,CN,31,2873358,
Taichung,TW,04,2850285,
Kanpur,IN,36,2823249,
Toronto,CA,08,2794356,
Quito,EC,18,2781641,
Brisbane,AU,04,2780063,
Luanda,AO,20,2776168,
Osaka,JP,32,2753862,
Linyi,CN,25,2743843,
Baoding,CN,10,2739887,
Kaohsiung,TW,02,2737660,
Brooklyn,US,NY,2736074,
Guayaquil,EC,10,2723665,
Belo Horizonte,BR,15,2721564,
Minhang,CN,23,2716600,
Bazhong,CN,32,2712894,
Salvador,BR,05,2711840,
Abuja,NG,11,2690000,
Gazipur,BD,81,2674697,
Chicago,US,IL,2664452,
Wenzhou,CN,02,2650000,
Bekasi,ID,30,2648272,
Dakar,SN,01,2646503,
Haiphong,VN,31,2625200,
Yunfu,CN,30,2612800,
Navi Mumbai,IN,16,2600000,
Mogadishu,SO,02,2587183,
Kumasi,GH,02,2544530,
Bandung,ID,30,2528163,
Gujranwala,PK,04,2511118,
Huai'an,CN,04,2494013,
Medan,ID,26,2486283,
Lucknow,IN,36,2472011,
Ouagadougou,BF,03,2415266,
Nagpur,IN,16,2405665,
Fortaleza,BR,06,2400000,
Cali,CO,29,2392877,
Perth,AU,08,2384371,
Daegu,KR,15,2365523,
Algiers,DZ,01,2364230,
Nanchang,CN,03,2357839,
Baku,AZ,09,2351300,
Hohhot,CN,20,2350000,
Nagoya,JP,01,2332176,
Rome,IT,07,2318895,Roma
Queens,US,NY,2316841,
Houston,US,TX,2314157,
Mashhad,IR,42,2307177,
Shaoxing,CN,02,2300000,
Nantong,CN,04,2273326,
Baoshan,CN,23,2265900,
Kowloon,HK,00,2232339,
Yantai,CN,25,2227733,
Gaziantep,TR,83,2222415,
Lubumbashi,CD,14,2221925,
Manaus,BR,04,2219580,
Lusaka,ZM,09,2212301,
Brasília,BR,07,2207718,Brasilia
Zhuhai,CN,30,2207090,
Santo Domingo,DO,34,2201941,
Lomé,TG,24,2188376,Lome
Multan,PK,04,2169915,
Havana,CU,02,2163824,
Depok,ID,30,2163635,
Baotou,CN,20,2150000,
Paris,FR,11,2138551,
Coimbatore,IN,25,2136916,
Qingyang,CN,15,2125400,
Port Harcourt,NG,50,2120000,
Pretoria,ZA,06,2112693,
Córdoba,AR,05,2106734,Cordoba
Mbuji-Mayi,CD,04,2101332,
Aleppo,SY,09,2098210,
Kunshan,CN,04,2092496,
Al Mawşil al Jadīdah,IQ,15,2065597,Al Mawsil al Jadidah
Weifang,CN,25,2044028,
Zunyi,CN,18,2037775,
Al Başrah al Qadīmah,IQ,02,2015483,Al Basrah al Qadimah
La Paz,BO,04,2004652,
Lianyungang,CN,04,2001009,
Medellín,CO,02,1999979,Medellin
Indore,IN,35,1994397,
Brazzaville,CG,12,1982000,
Tashkent,UZ,13,1978028,
Ganzhou,CN,03,1977253,
Almaty,KZ,02,1977011,
Khartoum,SD,29,1974647,
Hamburg,DE,04,1973896,
Sapporo,JP,12,1973832,
Songjiang,CN,23,1973500,
Accra,GH,01,1963264,
Curitiba,BR,18,1948626,
Ordos,CN,20,1940653,
Sanaa,YE,26,1937451,
Conakry,GN,04,1928389,
Tangerang,ID,33,1927815,
Tijuana,MX,02,1922523,
Hyderabad,PK,05,1921275,
Beirut,LB,04,1916100,
Jieyang,CN,30,1899394,
Jilin,CN,05,1895865,
Jiading,CN,23,1886100,
Bucharest,RO,10,1877155,
Camayenne,GN,04,1871242,
Kakamega,KE,20,1867579,
Shangqiu,CN,09,1859723,
Nanchong,CN,32,1858875,
Tainan,TW,04,1856642,
Datong,CN,24,1850000,
Kaduna,NG,23,1850000,
Omdurman,SD,29,1849659,
Davao,PH,11,1848947,
Thāne,IN,16,1841488,Thane
Iztapalapa,MX,09,1835486,
Diyarbakır,TR,21,1833684,
Santa Cruz de la Sierra,BO,08,1831434,
Vadodara,IN,09,1822221,
Adana,TR,81,1816750,
Nanyang,CN,09,1811812,
Abu Dhabi,AE,01,1807000,
Palembang,ID,32,1801367,
Sharjah,AE,06,1800000,
Bhopal,IN,35,1798218,
Jiangmen,CN,30,1795459,
Benin City,NG,37,1782000,Benin
Jiangyin,CN,04,1779515,
Fuyang,CN,01,1768947,
Montréal,CA,10,1762949,Montreal
Bayan Nur,CN,20,1760000,
Maracaibo,VE,23,1752602,
Chaozhou,CN,30,1750945,
Minsk,BY,04,1742124,
Budapest,HU,05,1741041,
Qingyuan,CN,30,1738424,
Tai’an,CN,25,1735425,
Rasapūdipalem,IN,02,1728128,Rasapudipalem
Pimpri-Chinchwad,IN,16,1727692,
Caloocan,PH,NCR,1712945,
Warsaw,PL,78,1702139,Warszawa
Soweto,ZA,06,1695047,
Semarang,ID,07,1694740,
Puebla,MX,21,1692181,
Vienna,AT,09,1691468,Wien
Barcelona,ES,56,1686208,
Patna,IN,34,1684297,
Mosul,IQ,15,1683000,
Kallakurichi,IN,25,1682687,
Kampala,UG,C,1680600,
Xining,CN,06,1677177,
Changshu,CN,04,1677050,
Huainan,CN,01,1666826,
Rabat,MA,04,1655753,
Recife,BR,30,1653461,
Phoenix,US,AZ,1650070,
Suzhou,CN,01,1647642,
Ecatepec de Morelos,MX,15,1645352,
Lu’an,CN,01,1644344,
Valencia,VE,07,1619470,
Ludhiana,IN,23,1618879,
Yancheng,CN,04,1615717,
Novosibirsk,RU,53,1612833,
Erbil,IQ,11,1612700,
Fukuoka,JP,07,1612392,
Taizhou,CN,04,1607108,
Daqing,CN,08,1604027,
Manila,PH,NCR,1600000,
Wuhu,CN,01,1598165,
Santiago de Querétaro,MX,22,1594212,Santiago de Queretaro
Dazhou,CN,32,1589435,
Yangzhou,CN,04,1584237,
León de los Aldama,MX,11,1579803,Leon de los Aldama
Makkah,SA,14,1578722,
Philadelphia,US,PA,1573916,
Phnom Penh,KH,22,1573544,
Guilin,CN,16,1572300,
Damascus,SY,13,1569394,
Quetta,PK,02,1565546,
Zhaoqing,CN,30,1553109,
Onitsha,NG,25,1553000,
Mianyang,CN,32,1550000,
Auckland,NZ,E7,1547200,
Isfahan,IR,28,1547164,
Wanzhou,CN,33,1545900,
Astana,KZ,05,1544142,
Harare,ZW,10,1542813,
Monrovia,LR,14,1542549,
Putian,CN,07,1539389,
Kawasaki,JP,19,1538262,
Goiânia,BR,29,1536097,Goiania
San Antonio,US,TX,1526656,
Kobe,JP,13,1525152,
Stockholm,SE,26,1515017,
Ciudad Juárez,MX,06,1512450,Ciudad Juarez
Cần Thơ,VN,92,1507187,Can Tho
Munich,DE,02,1505005,Muenchen|München
Khulna,BD,82,1500689,
Belém,BR,16,1499641,Belem
Yekaterinburg,RU,71,1495066,
Porto Alegre,BR,23,1488252,
Yinchuan,CN,21,1487579,
Manhattan,US,NY,1487536,
Nashik,IN,16,1486053,
Taizhou,CN,02,1485502,
Asunción,PY,22,1482200,Asuncion
Yiwu,CN,02,1481384,
Zapopan,MX,14,1476491,
Makassar,ID,38,1474393,
Adelaide,AU,05,1469163,
Quanzhou,CN,07,1469157,
Madurai,IN,25,1465625,
Jinhua,CN,02,1463990,
Kyoto,JP,22,1463723,
Cixi,CN,02,1457510,
Changde,CN,11,1457419,
Kuala Lumpur,MY,14,1453975,
Kayseri,TR,38,1452458,
Kaifeng,CN,09,1451741,
Anshan,CN,19,1450000,
Karaj,IR,44,1448075,
Kathmandu,NP,3,1442271,
Daejeon,KR,19,1441203,
Baoji,CN,26,1437802,
Suqian,CN,04,1437685,
Liuzhou,CN,16,1436599,
Tirunelveli,IN,25,1435844,
Konya,TR,71,1433861,
Zhangjiagang,CN,04,1432044,
Agra,IN,36,1430055,
South Tangerang,ID,33,1429529,
Tabriz,IR,33,1424641,
Kharkiv,UA,07,1421125,
Jinjiang,CN,07,1416151,
Faridabad,IN,10,1414050,
Bozhou,CN,01,1409436,
Qujing,CN,29,1408500,
San Diego,US,CA,1404452,
Gwangju,KR,18,1401235,
Zhanjiang,CN,30,1400709,
Fushun,CN,19,1400646,
Rājkot,IN,09,1390640,Rajkot
Luoyang,CN,09,1390581,
Guadalajara,MX,14,1385629,
The Bronx,US,NY,1385108,
Guankou,CN,11,1380000,
Huế,VN,46,1380000,Hue
Milan,IT,09,1371498,Milano
Najafgarh,IN,07,1365000,
N'Djamena,TD,21,1359526,
Handan,CN,10,1358318,
Bannu,PK,03,1357890,
Yichang,CN,12,1350150,
Antananarivo,MG,11,1349501,
Heze,CN,25,1346717,
Abobo,CI,93,1340083,
Jamshedpur,IN,38,1339438,
Douala,CM,05,1338082,
Antalya,TR,07,1335002,
Basrah,IQ,02,1326564,
Dallas,US,TX,1326087,
Saitama,JP,34,1324854,
Gorakhpur,IN,10,1324570,
Niamey,NE,08,1323691,
Liupanshui,CN,18,1320825,
Taguig,PH,NCR,1308085,
Maoming,CN,30,1307802,
Calgary,CA,01,1306784,
Tripoli,LY,77,1302947,
Madinah,SA,05,1300000,
Yaoundé,CM,11,1299369,Yaounde
Batam,ID,37,1296960,
Qinzhou,CN,16,1296300,
Luohe,CN,09,1294974,
Xiangyang,CN,12,1294733,
Yangjiang,CN,30,1292987,
Yixing,CN,04,1285785,
Pimpri,IN,16,1284606,
Da Nang,VN,48,1276000,
Amman,JO,16,1275857,
Budta,PH,14,1273715,
Belgrade,RS,SE,1273651,
Biên Hòa,VN,75,1272235,Bien Hoa
Qingpu,CN,23,1271424,
Montevideo,UY,10,1270737,
Xuchang,CN,09,1265536,
Kalyān,IN,16,1262255,Kalyan
Zigong,CN,32,1262064,
Nizhniy Novgorod,RU,51,1259013,
Jepara,ID,07,1257912,
Maputo,MZ,11,1254837,
Xuzhou,CN,04,1253991,
Dammam,SA,06,1252523,
Ra’s Bayrūt,LB,04,1251739,Ra’s Bayrut
Neijiang,CN,32,1251095,
Shiraz,IR,07,1249942,
Heshan,CN,11,1249807,
Dombivali,IN,16,1247327,
Kananga,CD,23,1247168,
Kazan,RU,73,1243500,
Jining,CN,25,1241012,
Barquisimeto,VE,13,1240714,
Shubrā al Khaymah,EG,12,1240289,Shubra al Khaymah
Putuo,CN,23,1239100,
Port-au-Prince,HT,11,1234742,
Suwon,KR,13,1234582,
Xinyang,CN,09,1230042,
Liaocheng,CN,25,1229768,
Jinzhong,CN,24,1226617,
Callao,PE,07,1226200,
Meerut,IN,36,1223184,
Virār,IN,16,1222390,Virar
Nowrangapur,IN,21,1220946,
Karbala,IQ,12,1218732,
Changzhi,CN,24,1214940,
Tianshui,CN,15,1212791,
Sadr City,IQ,07,1211849,Sadr
Yangpu,CN,23,1210800,
Mombasa,KE,37,1208333,
Mandalay,MM,08,1208099,
Srinagar,IN,12,1206419,
Barranquilla,CO,04,1206319,
Chelyabinsk,RU,13,1202371,
Mérida,MX,31,1201000,Merida
Hiroshima,JP,11,1200754,
Santiago de los Caballeros,DO,25,1200000,
Shymkent,KZ,1537272,1200000,
Weinan,CN,26,1199290,
Ghāziābād,IN,36,1199191,Ghaziabad
Matola,MZ,04,1198988,
Dhanbad,IN,38,1196214,
Arequipa,PE,04,1195700,
Hong Kong Island,HK,00,1195529,
Fes,MA,03,1191905,
Gustavo Adolfo Madero,MX,09,1185772,
Nouakchott,MR,,1184530,
Kisangani,CD,30,1181788,
Jiaxing,CN,02,1180000,
Aurangabad,IN,16,1175116,
Zhongwei,CN,21,1174600,
Omsk,RU,54,1172070,
Pikine,SN,01,1170791,
Guarulhos,BR,27,1169577,
Pekanbaru,ID,37,1167599,
Panjin,CN,19,1166481,
Bandar Lampung,ID,15,1166066,
Prague,CZ,52,1165581,Praha
Varanasi,IN,36,1164404,
Jiujiang,CN,03,1164268,
Samara,RU,65,1163399,
Aba,NG,45,1160000,
Amritsar,IN,23,1159227,
Birmingham,GB,ENG,1157603,
Copenhagen,DK,17,1153615,Kobenhavn|København
Sofia,BG,42,1152556,
Anyang,CN,09,1146839,
Yerevan,AM,11,1144700,
Luohu District,CN,30,1143801,
Vijayawada,IN,02,1143232,
Fengxiang,CN,23,1140872,
Bijie,CN,18,1137383,
Monterrey,MX,19,1135512,
Kigali,RW,12,1132686,
Rostov-on-Don,RU,61,1130305,
Zhuzhou,CN,11,1129687,
Malingao,PH,12,1121974,
Touba,SN,03,1120824,
Ufa,RU,08,1120547,
Ranchi,IN,38,1120374,
Shangrao,CN,03,1116486,
Lilongwe,MW,C,1115815,
Huaibei,CN,01,1113321,
Maiduguri,NG,27,1110000,
Xuhui,CN,23,1109800,
Meishan,CN,32,1107742,
Mwanza,TZ,12,1104521,
Ulsan,KR,21,1098421,
Sendai,JP,24,1096704,
Krasnoyarsk,RU,91,1090811,
Fuzhou,CN,03,1089888,
Guigang,CN,16,1086327,
Oslo,NO,12,1082575,
Jabalpur,IN,35,1081677,
Ilorin,NG,30,1080000,
Aden,YE,02,1079670,
Bogor,ID,30,1078351,
Ciudad Nezahualcoyotl,MX,15,1077208,
Hengyang,CN,11,1075516,
Prayagraj,IN,36,1073438,
Trujillo,PE,13,1067700,
Visakhapatnam,IN,02,1063178,
Goyang-si,KR,13,1061752,
Yulin,CN,16,1056743,
Jodhpur,IN,24,1056191,
Gwalior,IN,35,1054420,
Jingzhou,CN,12,1052282,
Gqeberha,ZA,05,1050078,
Tbilisi,GE,51,1049498,
Voronezh,RU,86,1047549,
Xinxiang,CN,09,1047088,
Yichun,CN,03,1045952,
Sokoto,NG,51,1040000,
Jos,NG,49,1040000,
Tangier,MA,01,1035141,
Teni,IN,25,1034724,
Xianyang,CN,26,1034081,
Mexicali,MX,02,1032686,
Pointe-Noire,CG,15,1032000,
Maceió,BR,02,1031597,Maceio
Campinas,BR,27,1031554,
Sanya,CN,31,1031396,
Rangpur,BD,87,1031388,
Kirkuk,IQ,13,1031000,
Ashgabat,TM,S,1030063,
Shaoguan,CN,30,1028460,
Howrah,IN,28,1027672,
Raipur,IN,37,1027264,
Changwon,KR,20,1025702,
Longyan,CN,07,1025087,
Köln,DE,07,1024621,Cologne|Koln
Dublin,IE,L,1024027,
Tiruchirappalli,IN,25,1022518,
Yongzhou,CN,11,1020715,
Brussels,BE,BRU,1019022,Brussel|Bruxelles
Zamboanga,PH,09,1018849,
Ottawa,CA,08,1017449,
Huzhou,CN,02,1015937,
Volgograd,RU,84,1013533,
Khartoum North,SD,29,1012211,
Edmonton,CA,01,1010899,
Odesa,UA,17,1010537,
Wuwei,CN,15,1010295,
Jacksonville,US,FL,1009833,
Fort Worth,US,TX,1008106,
Hanzhong,CN,26,1006557,
Hezhou,CN,16,1005490,
Pest,HU,05,1001748,
Kota,IN,24,1001694,
Zhu Cheng City,CN,25,1000000,Zhu Cheng
Shivaji Nagar,IN,16,1000000,
Dongying,CN,25,998968,
Luzhou,CN,32,998900,
San Jose,US,CA,997368,
Sholapur,IN,16,997281,
Marrakesh,MA,07,995871,
Guatemala City,GT,07,994938,Guatemala
Meizhou,CN,30,992351,
Yueyang,CN,11,991465,
Laiwu,CN,25,989535,
Benxi,CN,19,987717,
Esenyurt,TR,34,983571,
Perm,RU,90,982419,
Zaria,NG,23,980000,
Kennedy,CO,34,979914,
Chiba,JP,04,979768,
Pingdingshan,CN,09,979130,
Ciudad Guayana,VE,06,978202,
Sargodha,PK,04,975886,
Austin,US,TX,974447,
Managua,NI,10,973087,
Bengbu,CN,01,972784,
Salé,MA,04,972299,Sale
Jerusalem,IL,06,971800,
Chandigarh,IN,05,970602,
Dnipro,UA,04,968502,
Cebu City,PH,07,965332,Cebu
Sanhe,CN,10,965075,
Tiruppur,IN,25,963173,
Guwahati,IN,03,962334,
Xiangtan,CN,11,959303,
Linfen,CN,24,959198,
Victoria,HK,HCW,956800,
Zhenjiang,CN,04,950516,
Enugu,NG,47,950000,
Rosario,AR,21,948312,
Sulţānah,SA,05,946697,Sultanah
Huludao,CN,19,944495,
Hubballi,IN,19,943788,
Padang,ID,24,942938,
Kitakyushu,JP,07,940978,
Taiz,YE,25,940600,
Setagaya,JP,40,940071,
Kingston,JM,17,937700,
Jing’an,CN,23,936500,
Baoshan,CN,29,935618,
Rui’an,CN,02,927383,
Chihuahua,MX,06,925762,
Nay Pyi Taw,MM,18,925000,
Eskişehir,TR,26,921630,Eskisehir
Mysuru,IN,19,920550,
Salem,IN,25,917414,
São Luís,BR,13,917237,Sao Luis
Seongnam-si,KR,13,914832,
Cartagena,CO,35,914552,
Antipolo,PH,40,913712,
Columbus,US,OH,913175,
Sialkot,PK,04,911817,
Charlotte,US,NC,911311,
Laibin,CN,16,910282,
Warri,NG,36,910000,
Naples,IT,04,909048,
Xiaogan,CN,12,908266,
Campo Grande,BR,11,906092,
Ziyang,CN,32,905729,
Bobo-Dioulasso,BF,09,904920,
Bahawalpur,PK,04,903795,
Quzhou,CN,02,902767,
Blantyre,MW,S,902588,
Donetsk,UA,05,901645,
Abū Ghurayb,IQ,07,900000,Abu Ghurayb
Qom,IR,39,900000,
Bishkek,KG,01,900000,
Zaozhuang,CN,25,899753,
Krasnodar,RU,38,899541,
Natal,BR,22,896708,
Pingxiang,CN,03,893550,
Malang,ID,08,889359,
Cancún,MX,23,888797,Cancun
Indianapolis,US,IN,887642,
Gurugram,IN,10,886519,Gurgaon
Bhubaneswar,IN,21,885363,
Zhoushan,CN,02,882932,
Qiqihar,CN,08,882364,
Mulenvos,AO,20,882014,
Sulaymaniyah,IQ,05,878146,
Marseille,FR,93,877215,
Puning,CN,30,874954,
Bhiwandi,IN,16,874032,
Soshanguve,ZA,06,872309,
Teresina,BR,20,871126,
Ankang,CN,26,870126,
Jalandhar,IN,23,868929,
Rotterdam,NL,11,868135,
Langfang,CN,10,868066,
Viana,AO,20,865863,
Jiaozuo,CN,09,865413,
Samarinda,ID,14,865306,
Rohini,IN,07,860000,
Wanxian,CN,33,859662,
Guang’an,CN,32,858159,
Johor Bahru,MY,01,858118,
Arifwala,PK,04,854462,
Pasig City,PH,NCR,853050,Pasig
Cheongju-si,KR,05,852147,
Kanayannur,IN,13,851406,
Tegucigalpa,HN,08,850848,
Bucheon-si,KR,13,850731,
Thanh Hóa,VN,38,850000,Thanh Hoa
Turin,IT,12,847287,
Al Ain City,AE,01,846747,Al Ain
Libreville,GA,01,846090,
Saratov,RU,67,844858,
Ulan Bator,MN,20,844818,
Weihai,CN,25,844310,
Takeo,KH,19,843931,
Nova Iguaçu,BR,21,843046,Nova Iguacu
Cochabamba,BO,02,841276,
Ahvaz,IR,15,841145,
Vientiane,LA,24,840940,
Zhabei,CN,23,840000,
Xinyu,CN,03,839488,
Pietermaritzburg,ZA,02,839327,
Yibin,CN,32,836340,
Naucalpan de Juárez,MX,15,834434,Naucalpan de Juarez
Kampung Baru Subang,MY,12,833571,
Bouaké,CI,90,832371,Bouake
Taicang,CN,04,831113,
San Francisco,US,CA,827526,
Sakai,JP,32,826161,
Valencia,ES,60,824340,
Jinshan,CN,23,822776,
Chenzhou,CN,11,822534,
Duque de Caxias,BR,21,818329,
João Pessoa,BR,17,817511,Joao Pessoa
Bukavu,CD,12,816811,
Kraków,PL,77,816614,Krakow
Barcelona,VE,02,815141,
Bangui,CF,18,812407,
Hermosillo,MX,26,812229,
Bhayandar,IN,16,809378,
Culiacán,MX,25,808416,Culiacan
Petaling Jaya,MY,12,807879,
Anqing,CN,01,804493,
Oran,DZ,09,803329,
Freetown,SL,04,802639,
San Pedro Sula,HN,06,801259,
Narela,IN,07,800000,
Xingtai,CN,10,798770,
Niigata,JP,29,797591,
Muscat,OM,06,797000,
Zarqa,JO,17,792665,
Çankaya,TR,68,792189,Cankaya
Küçükçekmece,TR,34,792030,Kucukcekmece
Hamamatsu,JP,37,791707,
Kolwezi,CD,22,790248,
Vinh,VN,40,790000,
Thiruvananthapuram,IN,13,788271,
Zhaotong,CN,29,787845,
Panzhihua,CN,32,787177,
Chuzhou,CN,01,782671,
Seattle,US,WA,780995,
Port Said,EG,19,780515,
Cúcuta,CO,21,777106,Cucuta
Homs,SY,11,775404,
Xuancheng,CN,01,774332,
Ibb,YE,23,771514,
Tasikmalaya,ID,30,770839,
Nampula,MZ,06,770379,
Shangyu,CN,02,770000,
Bujumbura,BI,24,769317,
Tyumen,RU,78,768358,
Erzurum,TR,25,767848,
Anshun,CN,18,765313,
Dodoma,TZ,03,765179,
Rajshahi,BD,83,763580,
Dera Ismail Khan,PK,03,763195,
Sorocaba,BR,27,762172,
Wuzhou,CN,16,761948,
Ipoh,MY,07,759952,
Qinhuangdao,CN,10,759718,
Benghazi,LY,69,757490,
Alīgarh,IN,36,753207,Aligarh
Shaoyang,CN,11,753194,
Malatya,TR,44,750491,
Winnipeg,CA,03,749607,
Ōta,JP,40,748081,Ota
Andijon,UZ,01,747800,
Bareilly,IN,36,745435,
Buraydah,SA,08,745353,
São Bernardo do Campo,BR,27,743372,Sao Bernardo do Campo
Hegang,CN,08,743307,
Morelia,MX,16,743275,
Riga,LV,25,742572,
Amsterdam,NL,07,741636,
Cagayan de Oro,PH,10,741617,
Ma’anshan,CN,01,741531,
Shah Alam,MY,12,740750,
Bağcılar,TR,34,740069,Bagcılar
Shizuishan,CN,21,739400,
Kumamoto,JP,21,738907,
Oyo,NG,32,736072,
Serang,ID,33,735651,
Torreón,MX,07,735340,Torreon
Deyang,CN,32,735070,
Abeokuta,NG,16,735000,
Al Ḩudaydah,YE,08,734699,Al Hudaydah
Yangquan,CN,24,731228,
Akure,NG,48,730000,
Denver,US,CO,729019,
Osasco,BR,27,728615,
Kikolo,AO,20,728205,
Maianga,AO,20,727681,
São José dos Campos,BR,27,727078,Sao Jose dos Campos
Álvaro Obregón,MX,09,726664,Alvaro Obregon
Aihara,JP,19,725493,
Evaton,ZA,06,725468,
Valenzuela,PH,NCR,725173,
Muzaffarābād,PK,06,725000,Muzaffarabad
Okayama,JP,31,724691,
San Luis Potosí,MX,24,722772,San Luis Potosi
Aguascalientes,MX,01,722250,
General Santos,PH,12,722059,
Zhumadian,CN,09,721670,
Morādābād,IN,36,721139,Moradabad
Sagamihara,JP,19,720780,
Mississauga,CA,08,717961,
Lviv,UA,15,717273,
Namangan,UZ,06,713220,
Zaporizhzhya,UA,26,710052,
Zanzibar,TZ,25,709809,
Saltillo,MX,07,709671,
Latakia,SY,02,709000,
Subang Jaya,MY,12,708296,
Warangal,IN,40,704570,
Paranaque City,PH,NCR,703245,Paranaque
Tolyatti,RU,65,702879,
Santo Domingo Oeste,DO,37,701269,
Santo Domingo Este,DO,37,700000,
Dhārāvi,IN,16,700000,Dharavi
Battagram,PK,03,700000,
Suez,EG,15,699541,
Changzhi,CN,24,699514,
Ribeirão Preto,BR,27,698642,Ribeirao Preto
Agadir,MA,09,698310,
Edogawe,JP,40,697932,
Sarajevo,BA,01,696731,
Balikpapan,ID,14,695287,
Adachi,JP,40,695043,
Changning,CN,23,694900,
Bauchi,NG,46,693700,
Shizuoka,JP,37,693389,
Tunis,TN,36,693210,
Zhangjiakou,CN,10,692602,
Washington,US,DC,689545,Washington D.C.|Washington DC
Nashville,US,TN,689447,
Fuxin,CN,19,689050,
Ta’if,SA,14,688693,
Changsha,CN,30,688242,
Huangshi,CN,12,688090,
Liaoyang,CN,19,687890,
Hlaingthaya,MM,17,687867,
Beira,MZ,05,687764,
Hongkou,CN,23,687500,
Zaragoza,ES,52,686986,
Sevilla,ES,51,686741,
Baise,CN,16,686078,
Pontianak,ID,11,686019,
Situbondo,ID,08,685967,
Agege,NG,05,683600,
Binzhou,CN,25,682717,
Oklahoma City,US,OK,681054,Oklahoma
Yuncheng,CN,24,680036,
Dezhou,CN,25,679535,
Dushanbe,TJ,04,679400,
Cotonou,BJ,14,679012,
El Paso,US,TX,678815,
Gorakhpur,IN,36,674246,
Guadalupe,MX,19,673616,
Wrocław,PL,72,672545,
Denpasar,ID,02,670210,
Guntur,IN,02,670073,
Katsina,NG,24,670000,
Sanmenxia,CN,09,669307,
E’zhou,CN,12,668727,
Madīnat an Naşr,EG,11,668413,Madinat an Nasr
Camama,AO,20,667094,
Tabuk,SA,19,667000,
Kitwe,ZM,08,665961,
Bulawayo,ZW,09,665952,
Mudanjiang,CN,08,665915,
Aracaju,BR,28,664908,
Athens,GR,ESYE31,664046,
Zagreb,HR,21,663592,
Leshan,CN,32,662814,
Santo André,BR,27,662373,Santo Andre
Vancouver,CA,02,662248,
Rizhao,CN,25,661943,
Helsinki,FI,01,658864,
Cheonan,KR,17,658831,
Acapulco de Juárez,MX,12,658609,Acapulco de Juarez
Banjarmasin,ID,12,657663,
Puducherry,IN,22,657209,
Suining,CN,32,656760,
Brampton,CA,08,656480,
Golfe,AO,20,655796,
Puyang,CN,09,655674,
Soacha,CO,33,655025,
Boston,US,MA,653833,
Tlalnepantla,MX,15,653410,
Jājmau,IN,36,652831,Jajmau
Portland,US,OR,652503,
Calumbo,AO,19,652270,
Tlaquepaque,MX,14,650123,
Frankfurt am Main,DE,05,650000,Frankfurt
Macau,MO,02,649335,
Palermo,IT,15,648260,
Izhevsk,RU,80,648213,
Colombo,LK,36,648034,
Maturín,VE,16,647459,Maturin
Amravati,IN,16,647057,
Detroit,US,MI,645705,
Osogbo,NG,42,645000,
Honchō,JP,04,644668,Honcho
Bikaner,IN,24,644406,
Jaboatão dos Guararapes,BR,30,644037,Jaboatao dos Guararapes
Hoji ya Henda,AO,20,642050,
Las Vegas,US,NV,641903,
New South Memphis,US,TN,641608,
Hwaseong-si,KR,13,640890,
Gold Coast,AU,04,640778,
Łódź,PL,74,639890,Łodz
Jeonju,KR,03,638421,
Chongming,CN,,637921,
Al Aḩmadī,KW,04,637411,Al Ahmadi
Cuenca,EC,02,636996,
Chisinau,MD,57,635994,
Likasi,CD,14,635768,
Jambi City,ID,05,635101,Jambi
Hebi,CN,09,634721,
Comilla,BD,84,634654,
Tshikapa,CD,18,634529,
Chunian,PK,04,634236,
Kochi,IN,13,633553,
Memphis,US,TN,633104,
Jingmen,CN,12,632954,
Barnaul,RU,04,632372,
Dandong,CN,19,631973,
Piura,PE,20,630000,
Bhilai,IN,37,627734,
Ndola,ZM,08,627503,
Contagem,BR,15,627123,
Ulyanovsk,RU,81,626540,
Djibouti,DJ,07,626512,
Glasgow,GB,SCT,626410,
Panshan,CN,19,625040,
Louisville,US,KY,624444,
Irkutsk,RU,20,623869,
Ansan-si,KR,13,623256,
Al Mansurah,EG,01,621953,
Kermanshah,IR,13,621100,
Feira de Santana,BR,05,619609,
Jiaozhou,CN,25,619266,
Düsseldorf,DE,07,618685,Duesseldorf|Dusseldorf
Suizhou,CN,12,618582,
Villa Nueva,GT,07,618397,
Khabarovsk,RU,30,618150,
Cuiabá,BR,14,618124,Cuiaba
Arusha,TZ,26,617631,
Las Piñas,PH,NCR,615549,Las Pinas
Chizhou,CN,01,615274,
Coyoacán,MX,09,614447,Coyoacan
Stuttgart,DE,01,612663,
Ya'an,CN,32,612056,
Cuttack,IN,21,610189,
Borivli,IN,16,609617,
Chiclayo,PE,14,609400,
Yaroslavl,RU,88,608722,
Gothenburg,SE,28,608462,
Kawaguchi,JP,34,607373,
Bukit Rahman Putra,MY,12,607000,
Jhang Sadr,PK,04,606533,
Ha'il,SA,13,605930,
Bhavnagar,IN,09,605882,
Benoni,ZA,06,605344,
Vladivostok,RU,59,604901,
Jinzhou,CN,19,604269,
Tuxtla,MX,05,604147,
Kryvyy Rih,UA,04,603904,
Sanming,CN,07,602166,
Islamabad,PK,08,601600,
Sāngli,IN,16,601214,Sangli
Jamnagar,IN,09,600943,
Lubango,AO,09,600751,
Pokhara,NP,4,600051,
Shuangyashan,CN,08,600000,
Borama,SO,21,597842,
Pallabi,BD,81,597574,
Luancheng,CN,10,597130,
Makhachkala,RU,17,596356,
Anyang-si,KR,13,595644,
Huambo,AO,08,595304,
Samarkand,UZ,10,595200,
Mengzi,CN,29,595100,
Kagoshima,JP,18,595049,
Mukalla,YE,04,594951,
Rasht,IR,08,594590,
Mar del Plata,AR,01,593337,
Essen,DE,07,593085,
Al Maḩallah al Kubrá,EG,05,592573,Al Mahallah al Kubra
Málaga,ES,51,592346,Malaga
Shekhupura,PK,04,591424,
Yingkou,CN,19,591159,
Zhangzhou,CN,07,589831,
Reynosa,MX,28,589466,
Thuận An,VN,79,588616,Thuan An
Dortmund,DE,07,588462,
Suginami,JP,14,588354,
Baltimore,US,MD,585708,
Itabashi,JP,40,584483,
New Kingston,JM,08,583958,
Pelentong,MY,01,583640,
Cimahi,ID,30,581994,
Londrina,BR,18,581382,
Bucaramanga,CO,26,581130,
Genoa,IT,08,580097,
Hachiōji,JP,40,579355,Hachioji
Malacca,MY,04,579000,
Nha Trang,VN,56,579000,
Kerman,IR,29,577514,
Orūmīyeh,IR,01,577307,Orumiyeh
Bahçelievler,TR,34,576799,Bahcelievler
Tanta,EG,05,576648,
Jammu,IN,12,576198,
Iskandar Puteri,MY,01,575977,
Calamba,PH,40,575046,
Tlalpan,MX,09,574577,
Herāt,AF,11,574300,Herat
Gujrat,PK,04,574240,
Tomsk,RU,75,574002,
Umraniye,TR,34,573265,
Shihezi,CN,13,572772,
South Boston,US,MA,571281,
Nakuru,KE,39,570674,
Hamilton,CA,08,569353,
Irbid,JO,18,569068,
Manchester,GB,ENG,568996,
Kota Bharu,MY,03,568900,
Surrey,CA,02,568322,
Meknes,MA,03,568295,
Puente Alto,CL,12,568106,
Nyala,SD,49,565734,
Dresden,DE,13,564904,
Orenburg,RU,55,564773,
Albuquerque,US,NM,564559,
Bokāro,IN,38,564319,Bokaro
Asmara,ER,05,563930,
Sukkur,PK,05,563851,
Uberlândia,BR,15,563536,Uberlandia
Milwaukee,US,WI,563531,
Chợ Lớn,VN,79,561000,Cho Lon
Wenchang,CN,31,560894,
Ile-Ife,NG,42,560000,
Gombe,NG,55,560000,
Hamhŭng,KP,03,559056,Hamhung
Kemerovo,RU,29,558973,
Nasiriyah,IQ,09,558400,
Bloemfontein,ZA,03,556637,
Sheffield,GB,ENG,556500,
Santiago de Cuba,CU,15,555865,
Siping,CN,05,555609,
Cuautitlán Izcalli,MX,15,555163,Cuautitlan Izcalli
Benguela,AO,01,555124,
Chuxiong,CN,29,555081,
Balbala,DJ,07,554350,
Huaihua,CN,11,552622,
Muntinlupa,PH,40,552225,
Bình Thạnh,VN,79,552164,Binh Thanh
Zahedan,IR,04,551980,
Banqiao,TW,03,551221,
Nanded,IN,16,550564,
Kozhikode,IN,13,550440,
Ulanqab,CN,20,550231,
Cabinda,AO,03,550000,
Ajegunle,NG,05,550000,
Pristina,XK,10097360,550000,
Jiamusi,CN,08,549549,
Korla,CN,13,549324,
Kolhāpur,IN,16,549236,Kolhapur
Porto Velho,BR,24,548952,
San Miguel de Tucumán,AR,24,548866,San Miguel de Tucuman
Kuantan,MY,06,548014,
Sevastopol,UA,20,547820,
Nellore,IN,02,547621,
Mirpur Model Thana,BD,81,546503,
Bremen,DE,03,546501,
Wanning,CN,31,545992,
Owerri,NG,28,545000,
Kota Kuala Muda,MY,02,544984,
Sungai Petani,MY,02,544851,
Xinzhou,CN,24,544683,
Kotō,JP,21,543730,Koto
Kalaburagi,IN,19,543147,
Tucson,US,AZ,542629,
Selayang Baru Utara,MY,12,542409,
Vilnius,LT,65,542366,
Ajmer,IN,24,542321,
Pingdu,CN,25,542234,
Fresno,US,CA,542107,
Mbeya,TZ,09,541603,
Juiz de Fora,BR,15,540756,
Calabar,NG,22,540000,
Oujda,MA,02,539711,
Novokuznetsk,RU,29,539616,
Ryazan’,RU,62,538962,
Ji’an,CN,03,538699,
Sahiwal,PK,04,538344,
Sahiwal,PK,04,538344,
Mersin,TR,32,537842,
Nilüfer,TR,16,536365,Nilufer
Leeds,GB,ENG,536280,
Poznań,PL,86,536151,Poznan
Guli,CN,02,536000,
Aqsu,CN,13,535657,
Ebute Ikorodu,NG,05,535619,
Tanggu,CN,28,535298,
Pasir Gudang,MY,01,534659,
Astrakhan,RU,07,533925,
Okara,PK,04,533693,
Nansana,UG,C,532800,
Kimhae,KR,20,531966,
Ar Raqqah,SY,04,531952,
Québec,CA,10,531902,Quebec
Cuauhtémoc,MX,09,531831,Cuauhtemoc
Shangluo,CN,26,531696,
Himeji,JP,13,530495,
Ibagué,CO,28,529635,Ibague
Antwerp,BE,VLG,529247,
Assiut,EG,17,528669,
Hamadān,IR,09,528256,Hamadan
Qionghai,CN,31,528238,
Cangzhou,CN,10,527681,
Mohammadpur,BD,83,527571,
Surakarta,ID,07,526870,
San Salvador,SV,10,525990,
Beihai,CN,16,525329,
Van,TR,65,525016,
Sacramento,US,CA,524943,
Thủ Đức,VN,79,524670,Thu Đuc
Üsküdar,TR,34,524452,Uskudar
Penza,RU,57,523553,
Mazār-e Sharīf,AF,30,523300,Mazar-e Sharif
Kandahār,AF,23,523300,Kandahar
Hengshui,CN,10,522147,
Dehradun,IN,39,522081,
Erode,IN,25,521891,
Lyon,FR,84,520774,
Salta,AR,17,520683,
Serra,BR,08,520653,
Esenler,TR,34,520235,
Daxing’anling,CN,08,520000,
Qui Nhon,VN,52,519208,
Al Fayyum,EG,04,519047,
Durgapur,IN,28,518872,
Utsunomiya,JP,38,518757,
Victoria de Durango,MX,10,518709,
Lisbon,PT,14,517802,Lisboa
Rahim Yar Khan,PK,04,517000,
Ulhasnagar,IN,16,516584,
Guangyuan,CN,32,516424,
Loni,IN,36,516082,
Siliguri,IN,28,515574,
Nuremberg,DE,02,515543,
Ujjain,IN,35,515215,
Hannover,DE,06,515140,
Edinburgh,GB,SCT,514990,
Macapá,BR,03,512902,Macapa
Xianning,CN,12,512517,
Toulouse,FR,76,511684,
Thembisa,ZA,06,511655,
Carrefour,HT,11,511345,
Matsuyama,JP,05,511192,
Bilimora,IN,09,510879,
Kasur,PK,04,510875,
Atlanta,US,GA,510823,
Aparecida de Goiânia,BR,29,510770,Aparecida de Goiania
Heroica Matamoros,MX,28,510739,
Makati City,PH,NCR,510383,Makati
Buda,HU,05,510108,
Tonghua,CN,05,510000,
"Mianzhu, Deyang, Sichuan",CN,32,510000,
Naberezhnyye Chelny,RU,73,509870,
Lipetsk,RU,43,509735,
Kikwit,CD,20,509367,
Florianópolis,BR,26,508826,Florianopolis
Banan,CN,33,508703,
Newcastle,AU,02,508437,
Tuen Mun,HK,NTM,507900,
Zhangye,CN,15,507433,
Kirov,RU,33,507155,
Kashgar,CN,13,506640,
Mukim Pulai,MY,01,505661,
Najrān,SA,16,505652,Najran
Karol Bāgh,IN,07,505241,Karol Bagh
Zhoukou,CN,09,505171,
Leipzig,DE,13,504971,
Pingliang,CN,15,504848,
Huangpu,CN,23,504700,
Kalininskiy,RU,66,504641,
Duisburg,DE,07,504358,
Āsansol,IN,28,504271,Asansol
Arāk,IR,34,503647,Arak
Maipú,CL,12,503635,Maipu
Homyel',BY,02,501193,
Aktobe,KZ,04,500757,
Kota Kinabalu,MY,16,500421,
Talatona,AO,20,500000,
Kampung Larkin Lama,MY,01,500000,
Kota Damansara,MY,12,500000,
Jalalpur Pirwala,PK,04,500000,
Mangaluru,IN,19,499487,
Zhucheng,CN,25,499285,
Santa Marta,CO,38,499192,
Matsudo,JP,04,498575,
Hāthazāri,BD,84,498179,Hathazari
Lapu-Lapu City,PH,07,497813,Lapu-Lapu
Karagandy,KZ,12,497777,
Loudi,CN,11,497171,
Liverpool,GB,ENG,496770,
Ichikawa,JP,04,496676,
Bāndarban,BD,84,495272,Bandarban
Sha Tin,HK,NST,495200,
Dera Ghazi Khan,PK,04,494464,
Higashiosaka,JP,32,493940,
Pindi Bhattian,PK,04,493222,
Cheboksary,RU,16,492331,
Pohang,KR,14,492041,
Shanwei,CN,30,491766,
Montería,CO,12,490935,Monteria
Ruiru,KE,22,490120,
Valledupar,CO,10,490075,
Belagavi,IN,19,490045,
Ajman,AE,02,490035,
Jianshui,CN,29,490000,
Sancaktepe,TR,34,489848,
Port Sudan,SD,36,489725,
Toluca,MX,15,489333,
Ciudad López Mateos,MX,15,489160,Ciudad Lopez Mateos
Al Khuşūş,EG,12,488904,Al Khusus
Jeju City,KR,01,488844,Jeju
Gdańsk,PL,82,487371,Gdansk
Miami,US,FL,487014,
Omaha,US,NE,486051,
Nishinomiya,JP,13,485587,
Masina,CD,06,485167,
Sahāranpur,IN,36,484873,Saharanpur
Vellore,IN,25,484690,
Kurashiki,JP,31,483576,
Campos dos Goytacazes,BR,21,483540,
Angeles City,PH,03,483452,Angeles
Bhātpāra,IN,28,483129,Bhatpara
Jijiga,ET,52,483000,
Tula,RU,76,482873,
Najaf,IQ,17,482576,
Raleigh,US,NC,482295,
Imus,PH,40,481949,
Xichang,CN,32,481796,
Malegaon,IN,16,481228,
São José do Rio Preto,BR,27,480393,Sao Jose do Rio Preto
Karabağlar,TR,35,479338,Karabaglar
Okene,NG,41,479178,
Uijeongbu-si,KR,13,479141,
Bristol,GB,ENG,479024,
East London,ZA,05,478676,
Chéngguān Qū,CN,14,478275,Chengguan Qu
Yazd,IR,40,477905,
Hargeysa,SO,20,477876,
Ōita,JP,30,477715,Oita
Jincheng,CN,24,476945,
Taoyuan,TW,04,475798,
Eldoret,KE,52,475716,
Kansas City,US,MO,475378,Kansas
Yan’an,CN,26,475234,
Kaliningrad,RU,23,475056,
Skopje,MK,F6,474889,
Kupang,ID,18,474801,
Vereeniging,ZA,06,474681,
The Hague,NL,11,474292,
Long Beach,US,CA,474140,
Gaya,IN,34,474093,
Iloilo,PH,06,473728,
Shouguang,CN,25,473620,
Jingdezhen,CN,03,473561,
Murcia,ES,31,471982,
Mesa,US,AZ,471825,
Halifax,CA,07,471559,
Morogoro,TZ,10,471409,
Marikina City,PH,NCR,471323,Marikina
Kenitra,MA,04,470949,
Seeb,OM,06,470878,
Jiaojiang,CN,02,470804,
Cilegon,ID,33,470378,
Mykolayiv,UA,16,470011,
Fukuyama,JP,11,468812,
Staten Island,US,NY,468730,
Nanping,CN,07,467875,
Pereira,CO,24,467269,
Ciudad Apodaca,MX,19,467157,
São João de Meriti,BR,21,466536,Sao Joao de Meriti
Ambattur,IN,25,466205,
Belford Roxo,BR,21,466096,
Kanazawa,JP,15,466029,
Gonder,ET,46,466000,
Mandaluyong City,PH,NCR,465902,Mandaluyong
Mixco,GT,07,465773,
Longshan,CN,05,465249,
Ikare,NG,48,465000,
Nova Vida,AO,20,464985,
Vũng Tàu,VN,79,464860,Vung Tau
Maracay,VE,04,464700,
Tamale,GH,06,464316,
Heyuan,CN,30,463907,
Dĩ An,VN,79,463023,Di An
Kira,UG,C,462900,
Esna,EG,23,462787,
Joinville,BR,26,461304,
Huangshan,CN,01,460786,
Ḩamāh,SY,10,460602,Hamah
Jalgaon,IN,16,460228,
Kurnool,IN,02,460184,
Yola,NG,35,460000,
Rạch Giá,VN,91,459860,Rach Gia
Amagasaki,JP,13,459593,
Manado,ID,31,458582,
Santo Domingo de los Colorados,EC,26,458580,
Ţarţūs,SY,14,458327,Tartus
Mek'ele,ET,53,457900,
Nazrēt,ET,51,456900,Nazret
Colorado Springs,US,CO,456568,
Niterói,BR,21,456456,Niteroi
Huancayo,PE,12,456250,
Al Hillah,IQ,06,455700,
Mbandaka,CD,02,455011,
Malanje,AO,12,455000,
Namp’o,KP,14,455000,
Ciudad General Escobedo,MX,19,454967,
Bacolod City,PH,06,454898,Bacolod
Virginia Beach,US,VA,454808,
Wafangdian,CN,19,454338,
Mansilingan,PH,06,454150,
Kahama,TZ,15,453654,
Hsinchu,TW,04,453536,
Katsushika,JP,40,453093,
Rāmgundam,IN,40,452261,Ramgundam
Batman,TR,76,452157,
Yongji,CN,24,452000,
Lishui,CN,02,451418,
Udaipur,IN,24,451100,
Warder,ET,52,450400,
Wenshan City,CN,29,450000,Wenshan
Eslamshahr,IR,26,450000,
Juba,SS,01,450000,
Muratpaşa,TR,07,450000,Muratpasa
Bắc Giang,VN,24,450000,Bac Giang
Şanlıurfa,TR,63,449549,Sanlıurfa
Chengde,CN,10,449325,
Kursk,RU,41,448733,
Maheshtala,IN,28,448317,
Nam Định,VN,37,448225,Nam Đinh
Constantine,DZ,04,448028,
Patiāla,IN,23,446246,Patiala
Boksburg,ZA,06,445168,
Basuo,CN,31,444458,
Ensenada,MX,02,443807,
Elazığ,TR,23,443363,Elazıg
Jundiaí,BR,27,443221,Jundiai
Xochimilco,MX,09,442178,
Shyamnagar,IN,28,441956,
Dasmariñas,PH,40,441876,Dasmarinas
Zhangjiajie,CN,11,441804,
Mataram,ID,17,441147,
Korhogo,CI,87,440926,
Fujisawa,JP,19,439728,
Bissau,GW,11,439704,
Sandakan,MY,16,439050,
Mawlamyine,MM,13,438861,
Laval,CA,10,438366,
Palma,ES,07,438234,
Sunch’ŏn,KP,15,437000,Sunch’on
Sultangazi,TR,34,436935,
Uyo,NG,21,436606,
Bei’an,CN,08,436444,
Davangere,IN,19,435128,
Ado-Ekiti,NG,54,435000,
Manizales,CO,37,434403,
Masan,KR,18,434371,
Buôn Ma Thuột,VN,66,434256,Buon Ma Thuot
Ananindeua,BR,16,433956,
Stavropol,RU,70,433931,
Shuozhou,CN,24,433700,
Kashiwa,JP,04,433436,
Ogbomoso,NG,32,433030,
Tel Aviv,IL,05,432892,
Goma,CD,11,432587,
Buenaventura,CO,29,432385,
Welkom,ZA,03,431944,
Sham Shui Po,HK,KSS,431090,
Machida,JP,40,431079,
Venustiano Carranza,MX,09,430978,
Zagazig,EG,14,430445,
Vinnytsya,UA,23,430091,
Ismailia,EG,07,429465,
Ningde,CN,07,429260,
Akola,IN,16,428857,
Kima Kieza,AO,20,428855,
Cusco,PE,08,428450,
Jiuquan,CN,15,428346,
Veracruz,MX,30,428323,
East Jerusalem,PS,WE,428304,
Bryansk,RU,10,427236,
Maltepe,TR,34,427040,
Sumgayit,AZ,54,427000,
Tando Bago,PK,05,426535,
Kuala Terengganu,MY,13,426500,
Toyota,JP,01,426162,
Matadi,CD,08,425662,
Al Kharj,SA,10,425300,
Wong Tai Sin,HK,KWT,425235,
Minna,NG,31,425000,
Mandaluyong,PH,NCR,425000,
Xalapa de Enríquez,MX,30,424755,Xalapa de Enriquez
Rajpur Sonarpur,IN,28,424368,
Bratislava,SK,02,423737,
Taman Petaling,MY,14,423062,
Shinagawa,JP,05,422488,
Al Ḩasakah,SY,01,422445,Al Hasakah
Luxor,EG,28,422407,
London,CA,08,422324,
Awasa,ET,SI,422200,
Chimoio,MZ,10,422046,
Tando Allahyar,PK,05,421923,
Daloa,CI,96,421871,
Dingxi,CN,15,420614,
Bamenda,CM,07,420445,
Tver,RU,77,420065,
Thái Nguyên,VN,19,420000,Thai Nguyen
Boa Vista,BR,25,419652,
Rio Branco,BR,01,419452,
Oakland,US,CA,419267,
Christchurch,NZ,E9,419200,
Korba,IN,37,419146,
Takamatsu,JP,17,418994,
Kowloon City,HK,KKC,418732,Kowloon
Santos,BR,27,418608,
Tirana,AL,50,418495,
Mauá,BR,27,418261,Maua
San Juan,PR,127,418140,
Alor Setar,MY,02,417800,
Tongchuan,CN,26,417740,
Pasay,PH,NCR,416522,
Nuevo Laredo,MX,28,416055,
Toyama,JP,42,415844,
Tétouan,MA,01,415810,Tetouan
Zürich,CH,ZH,415367,Zuerich|Zurich
Beylikdüzü,TR,34,415290,Beylikduzu
Việt Trì,VN,25,415280,Viet Tri
Azcapotzalco,MX,09,414711,
Tampa,US,FL,414547,
Montes Claros,BR,15,414240,
Bunamwaya,UG,C,413400,
Magnitogorsk,RU,13,413351,
Tulsa,US,OK,413066,
Jhānsi,IN,36,412927,Jhansi
Tseung Kwan O,HK,NSK,412900,
Ciudad Bolívar,VE,06,412619,Ciudad Bolivar
Kampung Kangkar Teberau,MY,01,412373,
Koumassi,CI,93,412282,
San Nicolás de los Garza,MX,19,412199,San Nicolas de los Garza
Guyuan,CN,21,411854,
Wandsbek,DE,04,411422,
Minneapolis,US,MN,410939,
Jayapura,ID,36,410852,
Thoothukudi,IN,25,410760,
Ardabīl,IR,32,410753,Ardabil
Ballari,IN,19,410445,
Chaoyang,CN,19,410005,
Gaza,PS,GZ,410000,
Maringá,BR,18,409657,Maringa
Yokosuka,JP,19,409478,
Kom Ombo,EG,16,409311,
Saltivka,UA,07,409300,
Nagasaki,JP,27,409118,
Gujangbagh,CN,13,408894,
Tonalá,MX,14,408759,Tonala
Panama City,PA,08,408168,Panama
Piracicaba,BR,27,407252,
Uvira,CD,12,407092,
Hirakata,JP,32,406331,
Ivanovo,RU,21,406113,
Cumaná,VE,19,405626,Cumana
Newcastle,ZA,02,404838,
Gumi,KR,14,404691,
Jixi,CN,08,403759,
Kuching,MY,11,402738,
Gifu,JP,09,402557,
Caruaru,BR,30,402290,
Tongling,CN,01,402062,
Tarlac City,PH,03,401892,Tarlac
Toyonaka,JP,32,401558,
Kassala,SD,52,401477,
Miyazaki,JP,25,401339,
Lekki,NG,05,401272,
Antofagasta,CL,03,401096,
Wah Cantt,PK,04,400733,
Bhāgalpur,IN,34,400146,Bhagalpur
Agartala,IN,26,400004,
Dayrah,AE,03,400000,
West Jerusalem,IL,06,400000,
Bida,NG,31,400000,
Bunia,CD,17,399282,
Antakya,TR,31,399045,
Quận Mười,VN,79,399000,Quan Muoi
Sunshine Coast,AU,04,398840,
Kisumu,KE,26,397957,
Luhansk,UA,14,397677,
Bengkulu,ID,03,397321,
Barinas,VE,05,397279,
Wichita,US,KS,396119,
Al Hoceïma,MA,01,395644,Al Hoceima
Szczecin,PL,87,395513,
Delmas,HT,11,395260,
Vila Velha,BR,08,394930,
Bologna,IT,05,394843,
Sejong,KR,22,394630,
Cazenga,AO,20,394170,
Samsun,TR,55,394050,
Tallinn,EE,01,394024,
Tanga,TZ,18,393429,
El Obeid,SD,56,393311,
Diadema,BR,27,393237,
Lobito,AO,01,393079,
Saurimo,AO,18,393000,
Bello,CO,02,392939,
Pasto,CO,20,392930,
Gaomi,CN,25,391986,
Santa Fe,AR,21,391164,
San-Pédro,CI,76,390654,San-Pedro
Makurdi,NG,26,390000,
Palu,ID,21,389959,
Takoradi,GH,09,389114,
Samut Prakan,TH,42,388920,
Arlington,US,TX,388125,
Khamis Mushait,SA,11,387553,
Ambato,EC,19,387309,
Carapicuíba,BR,27,386984,Carapicuiba
Petrolina,BR,30,386791,
Ojo de Agua,MX,15,386290,
Windhoek,NA,21,386219,
Abomey-Calavi,BJ,09,385755,
Bochum,DE,07,385729,
Suita,JP,32,385567,
Benito Juárez,MX,09,385439,Benito Juarez
Sector 3,RO,10,385439,
Chak Jhumra,PK,04,385169,
Kahramanmaraş,TR,46,384953,Kahramanmaras
Chongzuo,CN,16,384905,
Grajaú,BR,27,384873,Grajau
Okazaki,JP,01,384654,
Xico,MX,15,384327,
Iztacalco,MX,09,384326,
Kākināda,IN,02,384182,Kakinada
Betim,BR,15,384000,
Las Palmas de Gran Canaria,ES,53,383516,
Cotabato,PH,14,383383,
Bawshar,OM,06,383257,
Latur,IN,16,382940,
Tanzhou,CN,30,382445,
Wellington,NZ,G2,381900,
Mazatlán,MX,25,381583,Mazatlan
Caxias do Sul,BR,23,381270,
Nizhny Tagil,RU,71,381116,
Irapuato,MX,11,380941,
Ichinomiya,JP,01,380073,
Aswān,EG,16,379774,Aswan
Brno,CZ,78,379466,
Bauru,BR,27,379297,
Iaşi,RO,23,378954,Iasi
Krugersdorp,ZA,06,378821,
Pānihāti,IN,28,378705,Panihati
Shibganj,BD,83,378701,
Iquitos,PE,16,377609,
Toyohashi,JP,01,377453,
Hechuan,CN,33,377213,
Pétionville,HT,11,376834,Petionville
Utrecht,NL,09,376435,
Rajamahendravaram,IN,02,376333,
Yogyakarta,ID,10,375699,
Dhule,IN,16,375559,
Minato,JP,43,375339,
Puchong,MY,12,375181,
Ondo,NG,48,375000,
Rohtak,IN,10,374292,
Bhawana,PK,04,373841,
Rustenburg,ZA,10,373695,
Bakersfield,US,CA,373640,
Xuanhua,CN,10,373422,
Emalahleni,ZA,07,373403,
Bafoussam,CM,08,373268,
Thủ Dầu Một,VN,79,373105,Thu Dau Mot
Takasaki,JP,10,372973,
Seremban,MY,05,372917,
Miguel Hidalgo,MX,09,372889,
Nagano,JP,26,372760,
Tawau,MY,16,372615,
Cardiff,GB,WLS,372089,
Dachang,CN,23,371856,
Đống Đa,VN,01,371606,Đong Đa
Chitungwiza,ZW,10,371246,
Fenghuang,CN,11,370000,
Umuahia,NG,45,370000,
Puerto La Cruz,VE,02,370000,
Uşak,TR,64,369433,Usak
Bharatpur,NP,3,369377,
Itaquaquecetuba,BR,27,369275,
Natore,BD,83,369138,
6th of October City,EG,08,368650,6th of October
Leicester,GB,ENG,368600,
Desna,UA,12,368500,
Sector 6,RO,10,367760,
Canberra,AU,01,367752,
Avellaneda,AR,01,367554,
Nara-shi,JP,28,367353,
Florence,IT,16,367150,
Ahilyanagar,IN,16,367140,
Kollam,IN,13,367107,
Huanggang,CN,12,366769,
Olinda,BR,30,366754,
Bradford,GB,ENG,366187,
Sukabumi,ID,30,365735,
Bilāspur,IN,37,365579,Bilaspur
Malabon,PH,NCR,365525,
Cleveland,US,OH,365379,
Iseyin,NG,32,365300,
Etobicoke,CA,08,365000,
Yenagoa,NG,52,365000,
Gboko,NG,26,365000,
Samba,AO,20,364986,
Pyeongtaek,KR,13,364694,
Petare,VE,15,364684,
Bến Cát,VN,79,364578,Ben Cat
Anqiu,CN,25,364208,
Alanya,TR,07,364180,
Larkana,PK,05,364033,
Al Qadarif,SD,39,363945,
Hrodna,BY,03,363718,
Cibinong,ID,30,363424,
Nawabshah,PK,05,363138,
New Orleans,US,LA,362701,
Keelung,TW,04,362487,
Malmö,SE,27,362133,Malmo
Jizhou,CN,10,362013,
Manukau City,NZ,E7,362000,Manukau
Maradi,NE,04,361702,
Burewala,PK,04,361664,
Ataşehir,TR,34,361615,Atasehir
Blumenau,BR,26,361261,
Nanqiao,CN,23,361185,
Mingora,PK,03,361112,
Wuppertal,DE,07,360797,
Ulan-Ude,RU,11,360278,
Huocheng,CN,13,360000,
Ijebu Ode,NG,16,360000,
Maseru,LS,14,359753,
Bhilwara,IN,24,359483,
Aurora,US,CO,359407,
Vitebsk,BY,07,358927,
Franca,BR,27,358539,
Sultanbeyli,TR,34,358201,
Taraz,KZ,17,358153,
Yangsan,KR,20,358074,
Dniprovskyi,UA,12,357900,
San Jose del Monte,PH,03,357828,
Abū al-Kahṣīb,IQ,02,357771,Abu al-Kahsib
Gwangmyeong,KR,13,357545,
Zanjan,IR,36,357471,
Neiva,CO,16,357392,
Iwaki,JP,08,357309,
Vladimir,RU,83,357024,
Tete,MZ,08,357000,
Bacoor,PH,40,356974,
Wakayama,JP,43,356729,
Brahmapur,IN,21,356598,
Fengshan,TW,02,356463,
Fatih,TR,34,356025,
Caucaia,BR,06,355679,
Misratah,LY,72,355657,
Cuíto,AO,02,355423,Cuito
Benito Juarez,MX,09,355017,
Kyzylorda,KZ,14,354800,
Sinjhoro,PK,05,354709,
Kawagoe,JP,34,354571,
Takatsuki,JP,32,354468,
Muzaffarpur,IN,34,354462,
Tapachula,MX,05,353706,
Lhoka,CN,14,353700,
Villahermosa,MX,27,353577,
Cariacica,BR,08,353491,
Setapak,MY,12,353268,
Mahilyow,BY,06,352896,
Bandar Abbas,IR,11,352173,
Pravyi Bereh,UA,05,352088,
Yunusobod,UZ,13,352000,
Ras Al Khaimah,AE,05,351943,
Cabimas,VE,23,351736,
Kendari,ID,22,351085,
Honolulu,US,HI,350964,
Anaheim,US,CA,350742,
Tarsus,TR,32,350732,
Pengze,CN,03,350000,
Bahir Dar,ET,46,350000,
Punāsa,IN,35,350000,Punasa
Al Maḩmūdīyah,IQ,07,350000,Al Mahmudiyah
Diepsloot,ZA,06,350000,
Xilinhot,CN,20,349953,
Praia Grande,BR,27,349935,
Quelimane,MZ,09,349842,
Arkhangel’sk,RU,06,349742,
Muzaffarnagar,IN,36,349706,
Hulunbuir,CN,20,349400,
Dumai,ID,37,349389,
Shinjuku,JP,40,349385,
Sikasso,ML,06,349324,
Sanandaj,IR,16,349176,
Chita,RU,93,349005,
San Pedro,PH,40,348968,
Campina Grande,BR,17,348936,
Alicante,ES,60,348901,
Bimbo,CF,17,348802,
Kalemyo,MM,10,348573,
Belfast,GB,NIR,348005,
Long Bien,VN,01,347829,
Camagüey,CU,05,347562,Camaguey
Daye,CN,12,347406,
Bilbao,ES,59,347342,
Ambon,ID,28,347288,
Brest,BY,01,347138,
Chifeng,CN,20,346654,
Central Coast,AU,02,346596,
Corrientes,AR,06,346334,
Hŭngnam,KP,03,346082,Hungnam
Avadi,IN,25,345996,
Yunlong,CN,04,345393,
Koshigaya,JP,34,345353,
Coventry,GB,ENG,345324,
Belgorod,RU,09,345289,
Toamasina,MG,31,345107,
Logan City,AU,04,345098,Logan
Ōtsu,JP,35,345070,Otsu
Kosti,SD,41,345068,
Qitaihe,CN,08,345033,
Doha,QA,01,344939,
Kadapa,IN,02,344893,
Nakano,JP,40,344880,
Cirebon,ID,30,344851,
Turmero,VE,04,344700,
Tokorozawa,JP,34,344194,
Cabanatuan City,PH,03,343672,Cabanatuan
Pizhou,CN,04,343421,
Darnytsya,UA,12,343384,
Dire Dawa,ET,48,343000,
Annaba,DZ,37,342703,
Nice,FR,93,342669,
Iligan,PH,10,342618,
Soledad,CO,04,342556,
Temara,MA,04,342345,
Shiqi,CN,30,342306,
Paulista,BR,30,342167,
Obalende,NG,05,342000,
Kukatpally,IN,40,341709,
Laixi,CN,25,341470,
Dihok,IQ,08,340900,
Kaluga,RU,25,340851,
Bắc Từ Liêm,VN,01,340605,Bac Tu Liem
Celaya,MX,11,340387,
Serekunda,GM,01,340000,
Kafrul,BD,81,339734,
Karşıyaka,TR,35,339624,Karsıyaka
Ḩadā’iq al Qubbah,EG,11,339612,Hada’iq al Qubbah
Makiyivka,UA,05,338968,
West Raleigh,US,NC,338759,
Cuernavaca,MX,17,338650,
Markham,CA,08,338503,
Kaesŏng,KP,19,338155,Kaesong
Uberaba,BR,15,337836,
Tungi,BD,81,337579,
Krasnogvargeisky,RU,66,337091,
Randburg,ZA,06,337053,
Safi,MA,07,336883,
Simferopol,UA,11,336460,
Lublin,PL,75,336339,
San José,CR,08,335007,San Jose
Orlando,US,FL,334854,
Viña del Mar,CL,01,334248,Vina del Mar
Tieling,CN,19,333907,
Qazvin,IR,38,333635,
Asahikawa,JP,12,333530,
Kāmārhāti,IN,28,332965,Kamarhati
Tepic,MX,18,332863,
Wŏnju,KR,06,332849,Wonju
Wad Medani,SD,38,332714,
Quận Mười Một,VN,79,332536,Quan Muoi Mot
Nukus,UZ,09,332500,
Konak,TR,35,332277,
Maebashi,JP,10,332149,
Kita,JP,40,332140,
Ciudad Victoria,MX,28,332100,
Soledad de Graciano Sánchez,MX,24,332072,Soledad de Graciano Sanchez
Kochi,JP,20,332059,
Bielefeld,DE,07,331906,
Blida,DZ,20,331779,
Kwai Chung,HK,NKT,331600,
Mandaue City,PH,07,331320,Mandaue
Ganja,AZ,20,330663,
Khorramshahr,IR,15,330606,
Bonn,DE,07,330579,
Mathura,IN,36,330511,
Hechi,CN,16,330131,
Bydgoszcz,PL,73,330038,
Smolensk,RU,69,330025,
Oral,KZ,07,330000,
São Vicente,BR,27,329911,Sao Vicente
Khorramabad,IR,23,329825,
Ribeirão das Neves,BR,15,329794,Ribeirao das Neves
Soyapango,SV,10,329708,
Tongshan,CN,04,329661,
Guédiawaye,SN,01,329659,Guediawaye
São José dos Pinhais,BR,18,329628,Sao Jose dos Pinhais
Plovdiv,BG,51,329489,
Ciudad Obregón,MX,26,329404,Ciudad Obregon
Wŏnsan,KP,09,329207,Wonsan
Brent,GB,ENG,329100,
Pavlodar,KZ,11,329002,
Chānda,IN,16,328351,Chanda
Canoas,BR,23,328291,
Kōriyama,JP,08,327692,Koriyama
Sochi,RU,38,327608,
Aksaray,TR,75,327575,
Vijayapura,IN,19,327427,
Chipata,ZM,03,327059,
Chongjin,KP,17,327000,
Yanji,CN,05,326957,
Roodepoort,ZA,06,326416,
Pucallpa,PE,25,326040,
Mogi das Cruzes,BR,27,325746,
Córdoba,ES,51,325708,Cordoba
Birkenhead,GB,ENG,325264,
Nantes,FR,52,325070,
Ilesa,NG,42,325000,
Pekalongan,ID,07,324564,
Bhatara,BD,81,324300,
Espoo,FI,01,323910,
Kikuyu,KE,22,323881,
Kluang,MY,01,323762,
Lincang,CN,29,323708,
Nottingham,GB,ENG,323632,
Ramiros,AO,20,323576,
Al ‘Amārah,IQ,14,323302,Al ‘Amarah
Volzhsky,RU,84,323293,
Vaughan,CA,08,323103,
Xingyi,CN,18,322890,
Guarujá,BR,27,322750,Guaruja
Shivamogga,IN,19,322650,
Alwar,IN,24,322568,
Uíge,AO,15,322531,Uige
Taubaté,BR,27,322397,Taubate
Ixtapaluca,MX,15,322271,
Osh,KG,08,322164,
Portoviejo,EC,14,321800,
Villavicencio,CO,19,321717,
Man’gyŏngdae-ri,KP,12,321690,Man’gyongdae-ri
San Miguelito,PA,08,321501,
Pelotas,BR,23,320674,
Shāhjānpur,IN,36,320434,Shahjanpur
Lexington,US,KY,320347,
Tantou,CN,30,320304,
Anápolis,BR,29,319587,Anapolis
Kaech’ŏn,KP,15,319554,Kaech’on
Jūnāgadh,IN,09,319462,Junagadh
Islington,GB,ENG,319143,
Holguín,CU,12,319102,Holguin
Ust-Kamenogorsk,KZ,15,319067,
Tsuen Wan,HK,NTW,318916,
Zinder,NE,07,318874,
Saransk,RU,46,318841,
Al Diwaniyah,IQ,04,318801,
Varna,BG,61,318737,
Hafizabad,PK,04,318621,
Marne La Vallée,FR,11,318325,Marne La Vallee
Palangkaraya,ID,13,318247,
Damanhur,EG,03,318207,
Chiniot,PK,04,318165,
Popayán,CO,09,318059,Popayan
Reading,GB,ENG,318014,
Geita,TZ,28,318006,
Constanţa,RO,14,317832,Constanta
New Delhi,IN,07,317797,
Thessaloníki,GR,ESYE12,317778,Thessaloniki
Thiès,SN,07,317763,Thies
Naha,JP,47,317625,
Riverside,US,CA,317261,
Baicheng,CN,05,316970,
Chimbote,PE,02,316966,
Bari,IT,13,316491,
Barueri,BR,27,316473,
Corpus Christi,US,TX,316239,
Thrissur,IN,13,315957,
Cherepovets,RU,85,315738,
Eloy Alfaro,EC,10,315724,
Hamburg-Nord,DE,04,315514,
Al-Kut,IQ,16,315162,
Muar,MY,01,314776,
Şişli,TR,34,314684,Sisli
Várzea Grande,BR,14,314627,Varzea Grande
Lexington-Fayette,US,KY,314488,
Maroua,CM,12,314122,
Kingston upon Hull,GB,ENG,314018,
Preston,GB,ENG,313332,
Lianshan,CN,19,313247,
Denizli,TR,20,313238,
Ikeja,NG,05,313196,
New Cairo,EG,11,313139,
Al Qāhirah al Jadīdah,EG,00,313139,Al Qahirah al Jadidah
Vitória,BR,08,312656,Vitoria
Palmira,CO,29,312519,
Vologda,RU,85,312420,
Iligan City,PH,12,312323,Iligan
Catania,IT,15,311584,
Jardim Angela,BR,27,311432,
Nizāmābād,IN,40,311152,Nizamabad
Cincinnati,US,OH,311097,
Percut,ID,26,311063,
Coatzacoalcos,MX,30,310698,
Santa Ana,US,CA,310227,
Sariwŏn-si,KP,07,310100,Sariwon-si
Botshabelo,ZA,03,309714,
Butuan,PH,13,309709,
Shahrīār,IR,26,309607,Shahriar
Qods,IR,26,309605,
Gia Lâm,VN,01,309353,Gia Lam
Kurgan,RU,40,309285,
Tampico,MX,28,309003,
Akowonjo,NG,05,308900,
Cabuyao,PH,40,308745,
Tabora,TZ,17,308741,
Kasugai,JP,01,308681,
An Nhơn,VN,52,308396,An Nhon
Alimosho,NG,05,308290,
Ciudad Benito Juárez,MX,19,308285,Ciudad Benito Juarez
Münster,DE,07,308258,Munster
Mannheim,DE,01,307960,
Karawang,ID,30,307880,
Akita,JP,02,307672,
Suzano,BR,27,307429,
Tumkūr,IN,19,307359,Tumkur
Chinju,KR,20,307242,
Parbhani,IN,16,307170,
Hisar,IN,10,307024,
Iksan,KR,03,307000,
Fīrozābād,IN,36,306409,Firozabad
Palmas,BR,31,306296,
Vladikavkaz,RU,68,306258,
Port-de-Paix,HT,03,306217,
Damietta,EG,20,305920,
Posadas,AR,14,305874,
Brakpan,ZA,06,305692,
Stockton,US,CA,305658,
Yokkaichi,JP,23,305424,
Kulti,IN,28,305405,
Tláhuac,MX,09,305076,Tlahuac
Sapele,NG,36,305000,
Kashan,IR,28,304487,
Kāshān,IR,28,304487,Kashan
Pittsburgh,US,PA,304391,
Armenia,CO,23,304314,
Santa Catarina,MX,19,304052,
Sumbawanga,TZ,24,303986,
Orël,RU,56,303696,Orel
Akashi,JP,13,303601,
Hai Bà Trưng,VN,01,303586,Hai Ba Trung
Kurume,JP,07,303579,
Graz,AT,06,303270,
Saint Paul,US,MN,303176,
Nghi Sơn,VN,38,302210,Nghi Son
Karnāl,IN,10,302140,Karnal
Changyi,CN,25,302072,
Ciudad del Este,PY,01,301815,
Rosetta,EG,03,301795,
Barddhamān,IN,28,301725,Barddhaman
Toshima,JP,40,301599,
Kediri,ID,08,301424,
Solwezi,ZM,06,301370,
Hamburg-Mitte,DE,04,301231,
Augsburg,DE,02,301105,
South Dublin,IE,L,301075,
Valladolid,ES,55,300618,
Miri,MY,11,300543,
Xinyi,CN,04,300511,
Mardan,PK,03,300424,
Surgut,RU,32,300367,
Swansea,GB,WLS,300352,
San Pablo,PH,40,300166,
Newcastle upon Tyne,GB,ENG,300125,
Gundupālaiyam,IN,22,300104,Gundupalaiyam
Gatineau,CA,10,300045,
Yangshuo,CN,16,300000,
Biñan,PH,40,300000,Binan
Malir Cantonment,PK,05,300000,
Winejok,SS,05,300000,
Batikent,TR,68,300000,
Mérida,VE,14,300000,Merida
Linqu,CN,25,299646,
Uruapan,MX,16,299523,
Pātan,NP,3,299283,Patan
Fergana,UZ,03,299200,
Bahía Blanca,AR,01,299101,Bahia Blanca
Santol,PH,03,298976,
Kaolack,SN,10,298904,
Jember,ID,08,298585,
Aomori,JP,03,298394,
Bārāsat,IN,28,298127,Barasat
Mulugu,IN,40,297671,
Foz do Iguaçu,BR,18,297352,Foz do Iguacu
Bihār Sharīf,IN,34,297268,Bihar Sharif
Tegal,ID,07,297173,
Grozny,RU,12,297137,
Boma,CD,08,297009,
Bāli,IN,28,296973,Bali
Pu'er,CN,29,296565,
Rāmpur,IN,36,296418,Rampur
Darbhanga,IN,34,296039,
Panipat,IN,10,295970,
Mwene,CD,22,295683,
Białystok,PL,81,295683,
Rufisque,SN,01,295459,
Murmansk,RU,49,295374,
Tirupati,IN,02,295323,
Southend-on-Sea,GB,ENG,295310,
Lincoln,US,NE,294757,
Phu Quoc,VN,91,294419,
Baiyin,CN,15,294400,
Fukushima,JP,08,294237,
Bergen,NO,46,294029,
Greater Noida,IN,36,293908,
Noida,IN,36,293908,
Tambov,RU,72,293661,
Vigo,ES,58,293642,
Aizawl,IN,31,293416,
Banjarbaru,ID,12,293332,
Thanh Xuân,VN,01,293292,Thanh Xuan
Al Hufūf,SA,06,293179,Al Hufuf
Cholula,MX,21,292881,
Gandhinagar,IN,09,292797,
Semey,KZ,12510143,292780,
Cầu Giấy,VN,01,292536,Cau Giay
Dindigul,IN,25,292512,
Ponta Grossa,BR,18,292177,
Gaozhou,CN,30,292164,
Kamoke,PK,04,292023,
Limeira,BR,27,291869,
Thanjavur,IN,25,291067,
Kariega,ZA,05,291052,
Adıyaman,TR,02,290883,
Al Mubarraz,SA,06,290802,
Resistencia,AR,03,290793,
Morioka,JP,16,290700,
Atyrau,KZ,06,290700,
Sector 2,RO,10,290507,
Xiuying,CN,31,290000,
San Cristóbal,VE,20,289852,San Cristobal
Cileungsir,ID,30,289833,
Karīmnagar,IN,40,289821,Karimnagar
Victoria,CA,02,289625,
Anchorage,US,AK,289600,
Dewas,IN,35,289550,
Batna,DZ,03,289504,
Kaunas,LT,57,289380,
Sonīpat,IN,10,289333,Sonipat
Machala,EC,08,289141,
Wiesbaden,DE,05,288850,
Meads,US,KY,288649,
Kabwe,ZM,02,288598,
Sinŭiju,KP,11,288112,Sinuiju
Meguro,JP,40,288088,
Sector 4,RO,10,287828,
Sumida,JP,40,287766,
Ibaraki,JP,32,287730,
Bắc Ninh,VN,24,287658,Bac Ninh
Ichalkaranji,IN,16,287353,
Marienthal,DE,04,287101,
Phú Mỹ,VN,79,287055,Phu My
Ceilândia,BR,07,287023,Ceilandia
Katowice,PL,83,286960,
Adapazarı,TR,54,286787,
Cluj-Napoca,RO,13,286598,
Gunpo,KR,13,286485,
Songea,TZ,14,286285,
Butembo,CD,11,286242,
Tacna,PE,23,286240,
Tin Shui Wai,HK,NYL,286232,
Long Xuyên,VN,91,286140,Long Xuyen
Savar,BD,81,286008,
Bathinda,IN,23,285788,
Henderson,US,NV,285667,
Jālna,IN,16,285577,Jalna
Sekondi,GH,09,285506,
Kyengera,UG,C,285400,
Greensboro,US,NC,285342,
Haifa,IL,04,285316,
Århus,DK,18,285273,Arhus
Viamão,BR,23,285269,Viamao
Dengzhou,CN,09,285032,
Artux,CN,13,285000,
Chuncheon,KR,06,284855,
Alto Barinas,VE,05,284289,
Mbour,SN,07,284189,
Brighton,GB,ENG,283870,
Karlsruhe,DE,01,283799,
Port Moresby,PG,20,283733,
Minya,EG,10,283605,
Plano,US,TX,283558,
Ichihara,JP,04,283531,
Qibao,CN,23,283352,
Kirāri Sulemānnagar,IN,07,283211,Kirari Sulemannagar
Cainta,PH,40,283172,
Satna,IN,35,282977,
Geelong,AU,07,282809,
Chernihiv,UA,02,282747,
Xinyuan,CN,13,282718,
Ba Vì,VN,01,282600,Ba Vi
Valparaíso,CL,01,282448,Valparaiso
Ica,PE,11,282407,
Purnia,IN,34,282248,
Newark,US,NJ,281944,
Itagüí,CO,02,281853,Itagui
Nicolás Romero,MX,15,281799,Nicolas Romero
Gebze,TR,41,281436,
Lichinga,MZ,07,281341,
Narsingdi,BD,81,281080,
Zeytinburnu,TR,34,280896,
Sfax,TN,32,280566,
Zumpango,MX,15,280455,
Merkezefendi,TR,20,280341,
Madison,US,WI,280305,
Bukhara,UZ,02,280187,
Wollongong,AU,02,280153,
Volta Redonda,BR,21,279898,
Ostrava,CZ,85,279791,
St. Louis,US,MO,279695,
Poltava,UA,18,279593,
Sumaré,BR,27,279545,Sumare
Efon-Alaaye,NG,54,279319,
Binjai,ID,26,279302,
Pematangsiantar,ID,26,279198,
Petrozavodsk,RU,28,279190,
Enshi,CN,12,279185,
Taganrog,RU,61,279056,
Santa Teresa del Tuy,VE,15,278890,
Quảng Ngãi,VN,51,278496,Quang Ngai
Qarshi,UZ,08,278300,
Tanghe,CN,09,278055,
Coacalco,MX,15,277959,
Sincelejo,CO,27,277773,
Zoucheng,CN,25,277400,
Khomeynī Shahr,IR,28,277334,Khomeyni Shahr
Kostroma,RU,37,277280,
Imphal,IN,17,277196,
Gagnoa,CI,95,277044,
Ulu Bedok,SG,00,276990,
Bedok New Town,SG,04,276990,
Owo,NG,48,276574,
Suncheon,KR,16,276375,
Fangchenggang,CN,16,276315,
Komsomolsk-on-Amur,RU,30,275908,
Abbottabad,PK,03,275890,
Kaili,CN,18,275745,
Hakodate,JP,12,275730,
Yamoussoukro,CI,81,275686,
Bab Ezzouar,DZ,01,275630,
Strasbourg,FR,44,274845,
Saugor,IN,35,274556,
Neihu,TW,04,274538,
Tsu,JP,23,274537,
Xingning,CN,30,274499,
Linxia Chengguanzhen,CN,15,274466,
Khmelnytskyi,UA,09,274452,
Kushinagar,IN,36,274403,
Saddiqabad,PK,04,274210,
Loja,EC,12,274112,
Tai Po,HK,NTP,274100,
Isfara,TJ,03,274000,
Luena,AO,14,273675,
Taboão da Serra,BR,27,273542,Taboao da Serra
Istaravshan,TJ,03,273500,
Turpan,CN,13,273385,
Rourkela,IN,21,273317,
Yao,JP,32,273213,
Banī Suwayf,EG,18,273151,Bani Suwayf
Nagar Naluākot,BD,81,273000,Nagar Naluakot
Guantánamo,CU,10,272801,Guantanamo
Baguio,PH,15,272714,
Petrópolis,BR,21,272691,Petropolis
Ar Rayyān,QA,06,272465,Ar Rayyan
Polokwane,ZA,09,272461,
Ljubljana,SI,61,272220,
Jalālābād,AF,18,271900,Jalalabad
Deir ez-Zor,SY,07,271800,
Gijón,ES,34,271780,Gijon
Santa Maria,BR,23,271735,
Parnamirim,BR,22,271713,
Hafar Al-Batin,SA,06,271642,
Kakogawachō-honmachi,JP,13,271634,Kakogawacho-honmachi
Sector 5,RO,10,271575,
Quận Sáu,VN,79,271050,Quan Sau
Capao Redondo,BR,27,270767,
Mỹ Tho,VN,82,270700,My Tho
Mito,JP,14,270685,
Derby,GB,ENG,270468,
Dessie,ET,46,270400,
São José,BR,26,270299,Sao Jose
Hạ Long,VN,22,270054,Ha Long
Gelsenkirchen,DE,07,270028,
Longling County,CN,29,270000,
Cherkasy,UA,01,269836,
Malolos,PH,03,269809,
Southampton,GB,ENG,269781,
Kapar,MY,12,269627,
Çorum,TR,19,269595,Corum
Ghulja,CN,13,269158,
Eimsbüttel,DE,04,269118,Eimsbuttel
Merlo,AR,01,268961,
Yeosu,KR,16,268823,
Durg,IN,37,268806,
Fuling,CN,33,268658,
Mokpo,KR,16,268402,
Birgañj,NP,2,268273,Birganj
Yoshkar-Ola,RU,45,268272,
Russeifa,JO,17,268237,
Banda Aceh,ID,01,267962,
Shibīn al Kawm,EG,09,267945,Shibin al Kawm
Parauapebas,BR,16,267836,
Mirpur Khas,PK,05,267833,
Sengkang New Town,SG,02,267600,
Floridablanca,CO,26,267591,
Tokushima,JP,39,267345,
Sterlitamak,RU,08,267231,
Anantapur,IN,02,267161,
Gyeongsan-si,KR,14,266951,
Sohag,EG,24,266944,
Nagaoka,JP,29,266936,
Sapopemba,BR,27,266715,
Saint-Marc,HT,06,266642,
Eixample,ES,56,266477,
Bagerhat,BD,82,266388,
Hà Tĩnh,VN,42,266321,Ha Tinh
Saskatoon,CA,11,266141,
Chengzhong,CN,12,265886,
Djelfa,DZ,22,265833,
Chula Vista,US,CA,265757,
Shimonoseki,JP,45,265684,
Toledo,US,OH,265638,
Kibaha,TZ,02,265360,
Hulan Ergi,CN,08,265344,
Tampines Estate,SG,00,265340,
Bordeaux,FR,75,265328,
Aachen,DE,07,265208,
Gent,BE,VLG,265086,
Gravataí,BR,23,265074,Gravatai
Mantampay,PH,10,265032,
Ratlām,IN,35,264914,Ratlam
Nogales,MX,26,264782,
El Daein,SD,60,264734,
Donghai,CN,30,264709,
Dezful,IR,15,264709,
Gunsan,KR,03,264656,
Mossoró,BR,22,264577,Mossoro
Rānipet,IN,25,264330,Ranipet
Brāhmanbāria,BD,84,264326,Brahmanbaria
Porto-Novo,BJ,16,264320,
Chernivtsi,UA,03,264298,
Jersey City,US,NJ,264290,Jersey
Manta,EC,14,264281,
Reno,US,NV,264165,
Bégoua,CF,17,264067,Begoua
Riobamba,EC,06,264048,
Sivas,TR,58,264022,
Wolverhampton,GB,ENG,263700,
Pasarkemis,ID,30,263289,
Fanling,HK,NNO,263200,
Chiayi City,TW,04,263188,Chiayi
Dongtai,CN,04,262873,
Fuchū,JP,40,262790,Fuchu
Jurong Town,SG,05,262730,
Marāgheh,IR,33,262604,Maragheh
Marāgheh,IR,42,262604,Maragheh
Quilmes,AR,01,262379,
Fukui-shi,JP,06,262328,
Lal Bahadur Nagar,IN,40,261987,
Mönchengladbach,DE,07,261742,Monchengladbach
Bagong Silang,PH,NCR,261729,
Zhytomyr,UA,27,261624,
Karamay,CN,13,261445,
Sacomã,BR,27,261436,Sacoma
Arrah,IN,34,261430,
Tongliao,CN,20,261110,
Bariadi,TZ,31,260927,
Antsirabe,MG,12,260907,
Chandler,US,AZ,260828,
Yei,SS,01,260720,
Chilanzar,UZ,13,260700,
Tampere,FI,06,260646,
Mahajanga,MG,41,260556,
Minato City,JP,40,260486,Minato
Fort Wayne,US,IN,260326,
Plymouth,GB,ENG,260203,
Nianbo,CN,06,260184,
Baranagar,IN,28,260072,
Skardu,PK,07,260000,
Marawi City,PH,14,259993,Marawi
Tampines New Town,SG,00,259900,
Qo‘qon,UZ,03,259700,
Jardim Sao Luis,BR,27,259377,
Tacloban,PH,08,259353,
Rondonópolis,BR,14,259167,Rondonopolis
Changle,CN,25,259161,
Gajuwaka,IN,02,258944,
Jining,CN,20,258757,
North Shore,NZ,E7,258697,
Rishon LeTsiyyon,IL,02,258535,
Hiratsuka,JP,19,258422,
Stoke-on-Trent,GB,ENG,258366,
Buffalo,US,NY,258071,
Verona,IT,20,258031,
Ðà Lạt,VN,68,258014,Ða Lat
San Salvador de Jujuy,AR,10,257970,
Durham,US,NC,257636,
Etāwah,IN,36,257448,Etawah
Gasteiz / Vitoria,ES,59,257407,
Rugao,CN,04,257400,
Gómez Palacio,MX,10,257352,Gomez Palacio
Cascavel,BR,18,257172,
St. Petersburg,US,FL,257083,
L'Hospitalet de Llobregat,ES,56,257038,
Gdynia,PL,82,257000,
Cilacap,ID,07,256996,
Irvine,US,CA,256927,
Kitchener,CA,08,256885,
Suicheng,CN,04,256665,
Nada,CN,31,256652,
Latina,ES,29,256644,
Los Mochis,MX,25,256613,
Bratsk,RU,20,256600,
Pachuca de Soto,MX,13,256584,
Chingola,ZM,08,256560,
Sumy,UA,21,256474,
Milton Keynes,GB,ENG,256385,
Indaiatuba,BR,27,256223,
Laredo,US,TX,256153,
Vila Flor,AO,20,256066,
Germiston,ZA,06,255863,
Ñuñoa,CL,12,255823,Nunoa
Parakou,BJ,10,255478,
Isiro,CD,16,255409,
Sari,IR,35,255396,
Tarakan,ID,42,255310,
Kenema,SL,01,255110,
Oaxaca,MX,20,255029,
Mossamedes,AO,13,255000,
Al Madīnah,IQ,02,255000,Al Madinah
Hobart,AU,06,254930,
Ikot Ekpene,NG,21,254806,
Yanzhou,CN,25,254788,
Woodlands,SG,03,254440,
Hanam,KR,13,254415,
Mueang Nonthaburi,TH,38,254375,
Muridke,PK,04,254291,
Saint-Louis,SN,14,254171,
Batu Caves,MY,12,254083,
Novo Hamburgo,BR,23,253841,
Jurong West,SG,00,253840,
Singkawang,ID,11,253812,
Cox’s Bāzār,BD,84,253788,Cox’s Bazar
Carabanchel,ES,29,253678,
Cotia,BR,27,253608,
Petaẖ Tiqva,IL,02,253529,Petah Tiqva
Marg‘ilon,UZ,03,253500,
Ambarnath,IN,16,253475,
Godomè,BJ,09,253262,Godome
Naihāti,IN,28,253221,Naihati
Braşov,RO,09,253200,Brasov
Xuân Lộc,VN,75,253140,Xuan Loc
Vitória da Conquista,BR,05,253137,Vitoria da Conquista
Laohekou,CN,12,253112,
Richards Bay,ZA,02,252968,
Qina,EG,23,252883,
Bharatpur,IN,24,252838,
Vantaa,FI,01,252724,
Porto,PT,17,252687,
Kiel,DE,10,252668,
El Fasher,SD,55,252609,
Thiès Nones,SN,07,252320,Thies Nones
Suihua,CN,08,252245,
Los Teques,VE,15,252242,
Santiago del Estero,AR,22,252192,
Sétif,DZ,12,252127,Setif
Begusarai,IN,34,252008,
Borūjerd,IR,23,251958,Borujerd
Qarchak,IR,26,251834,
Afyonkarahisar,TR,03,251799,
İskenderun,TR,31,251682,Iskenderun
Santiago de Surco,PE,15,251648,
Ota,NG,16,251546,
Thika,KE,05,251407,
San Fernando,PH,03,251248,
Menongue,AO,CBG,251178,
Ḩayy Khildā,JO,16,251000,Hayy Khilda
Jimma,ET,51,250900,
Governador Valadares,BR,15,250878,
Timişoara,RO,36,250849,Timisoara
Embu das Artes,BR,27,250691,
Santa Clara,CU,16,250512,
Iwo,NG,42,250443,
A Coruña,ES,58,250438,A Coruna
Libertad,PH,13,250353,
Altona,DE,04,250192,
La Paz,MX,03,250141,
Kelar,IQ,05,250000,
Colonia del Valle,MX,09,250000,
Niš,RS,SE,250000,Nis
Singa,SD,58,250000,
San Bernardo,CL,12,249858,
Sōka,JP,34,249645,Soka
Mzuzu,MW,N,249564,
Navotas,PH,NCR,249463,
Tiruvottiyūr,IN,25,249446,Tiruvottiyur
Cidade Ademar,BR,27,249218,
Burnaby,CA,02,249125,
Lubbock,US,TX,249042,
Thị Trấn Đông Triều,VN,22,248896,Thi Tran Đong Trieu
Thuqbah,SA,06,248888,
Yamagata,JP,44,248772,
Tehuacán,MX,21,248716,Tehuacan
Guarenas,VE,15,248588,
Montpellier,FR,76,248252,
Jimeta,NG,35,248148,
Częstochowa,PL,83,248125,Czestochowa
Gāndhīdhām,IN,09,247992,Gandhidham
Beibei,CN,33,247702,
Insein,MM,17,247675,
City of Westminster,GB,ENG,247614,
Gilbert,US,AZ,247542,
Chemnitz,DE,13,247220,
Paraná,AR,08,247139,Parana
San Miguel,SV,09,247126,
Shijie,CN,30,246960,
Chitato,AO,17,246880,
Orsk,RU,55,246836,
Vanderbijlpark,ZA,06,246754,
Coro,VE,11,246657,
Americana,BR,27,246655,
Hami,CN,13,246373,
Gaborone,BW,14,246325,
Al ‘Āshir min Ramaḑān,EG,14,246148,Al ‘Ashir min Ramadan
Mau,IN,36,246050,
Puerto Montt,CL,14,245902,
Northampton,GB,ENG,245899,
Juliaca,PE,21,245675,
Fuji,JP,37,245392,
Gyeongju,KR,14,245365,
Sinfra,CI,92,245226,
Syktyvkar,RU,34,245083,
Gorgān,IR,37,244937,Gorgan
Nizhnevartovsk,RU,32,244937,
Shahkot,PK,04,244868,
Groningen,NL,04,244807,
Biratnagar,NP,1,244750,
Braunschweig,DE,06,244715,
Valera,VE,21,244708,
São José de Ribamar,BR,13,244579,Sao Jose de Ribamar
Sīkar,IN,24,244497,Sikar
Bago,MM,16,244376,
Magdeburg,DE,14,244329,
Baruta,VE,15,244216,
Puente de Vallecas,ES,29,244151,
Magé,BR,21,244092,Mage
Trabzon,TR,61,244083,
Tri-Cities,US,WA,244036,
Jessore,BD,82,243987,
Manisa,TR,45,243971,
Rivne,UA,19,243873,
Padangsidempuan,ID,26,243843,
Probolinggo,ID,08,243746,
Sabzevar,IR,42,243700,
Arapiraca,BR,02,243661,
Musaffah,AE,01,243341,
Brasilandia,BR,27,243273,
Sasebo,JP,27,243223,
Angarsk,RU,20,243158,
Mar’ino,RU,48,243000,
Ramagundam,IN,40,242979,
Hāpur,IN,36,242920,Hapur
Chigasaki,JP,19,242798,
Toli-Toli,ID,21,242783,
Chōfu,JP,40,242614,Chofu
Huayin,CN,26,242488,
Berbera,SO,20,242344,
Jiyuan,CN,09,242143,
Yamato,JP,19,242065,
Man,CI,78,241969,
Bahawalnagar,PK,04,241873,
Bahawalnagar,PK,04,241873,
Novorossiysk,RU,38,241856,
Tsukuba,JP,14,241656,
Arica,CL,16,241653,
Peñalolén,CL,12,241599,Penalolen
Hải Dương,VN,31,241373,Hai Duong
Winston-Salem,US,NC,241218,
Farrukhābād,IN,36,241152,Farrukhabad
Matsumoto,JP,26,241145,
Alappuzha,IN,13,240991,
Itapevi,BR,27,240961,
Katihar,IN,34,240838,
Marília,BR,27,240590,Marilia
Buenaventura,CO,29,240387,
Ciudad Ojeda,VE,23,240283,
Gucun,CN,23,240185,
Glendale,US,AZ,240126,
Navegantes,AO,01,240075,
Bunkyo,JP,19,240069,
Itaboraí,BR,21,240040,Itaborai
Klang,MY,12,240016,
Almendares,CU,02,240000,
Golestān,IR,26,240000,Golestan
Vyhurivshchyna-Troyeshchyna,UA,12,240000,
Khimki,RU,47,239967,
Horlivka,UA,05,239828,
Nacala,MZ,06,239808,
Obolon,UA,12,239500,
Xiantao,CN,12,239406,
Nalchik,RU,22,239300,
Hachinohe,JP,03,239046,
Osan,KR,13,238788,
Fuencarral,ES,29,238765,
Lille,FR,32,238695,
Neyagawa,JP,32,238549,
Ormoc,PH,08,238545,
Magdalena Contreras,MX,09,238431,
Nāgarpur,BD,81,238422,Nagarpur
Kasulu,TZ,05,238321,
Ngaoundéré,CM,10,238196,Ngaoundere
Ivano-Frankivsk,UA,06,238196,
Cabo Frio,BR,21,238166,
Balıkesir,TR,10,238151,
Temuco,CL,04,238129,
Norfolk,US,VA,238005,
Krefeld,DE,07,237984,
Halle (Saale),DE,14,237865,
Juazeiro,BR,05,237821,
Sri Ganganagar,IN,24,237780,
Amarapura,MM,08,237618,
Kilamba,AO,20,237528,
Āmol,IR,35,237528,Amol
Freiburg,DE,01,237460,
Athlone,ZA,11,237414,
Batangas,PH,40,237370,
Al Jubayl,SA,06,237274,
Tŏkch’ŏn,KP,15,237133,Tokch’on
Oldham,GB,ENG,237110,
Pathein,MM,03,237089,
Hialeah,US,FL,237069,
Kunri,PK,05,237063,
Sylhet,BD,86,237000,
Paarl,ZA,11,236910,
Garland,US,TX,236897,
Podgorica,ME,16,236852,
Scottsdale,US,AZ,236839,
Irving,US,TX,236607,
Centurion,ZA,06,236580,
Qingzhou,CN,25,236406,
Pākdasht,IR,26,236319,Pakdasht
Kajang,MY,12,236240,
Campo Limpo,BR,27,236162,
Yuci,CN,24,235929,
Sant Martí,ES,56,235719,Sant Marti
Eindhoven,NL,06,235691,
Boise,US,ID,235684,
Rewa,IN,35,235654,
Yakutsk,RU,63,235600,
Bole,CN,13,235585,
Muzaffargarh,PK,04,235541,
Chesapeake,US,VA,235429,
Uluberiya,IN,28,235345,
Dali,CN,29,235305,
Najafābād,IR,28,235281,Najafabad
Thành Phố Bà Rịa,VN,79,235192,Thanh Pho Ba Ria
Georgetown,GY,12,235017,
Kismayo,SO,09,234852,
North Las Vegas,US,NV,234807,
Elche,ES,60,234765,
Sivakasi,IN,25,234704,
Kindu,CD,10,234651,
Digri,PK,05,234578,
Maracanaú,BR,06,234509,Maracanau
Nizhnekamsk,RU,73,234297,
Hortolândia,BR,27,234259,Hortolandia
Karur,IN,25,234191,
Lubuklinggau,ID,32,234166,
Craiova,RO,17,234140,
Rāichūr,IN,19,234073,Raichur
Pallāvaram,IN,25,233984,Pallavaram
Danlí,HN,07,233789,Danli
Yongkang,TW,04,233730,
Bo,SL,03,233684,
Granada,ES,51,233532,
Ooty,IN,25,233426,
Saga,JP,33,233301,
Magugpo Poblacion,PH,11,233254,
Dzerzhinsk,RU,51,233126,
Pemba,MZ,01,232932,
Geoje,KR,20,232921,
Teluk Intan,MY,07,232800,
Singida,TZ,16,232459,
Kigoma,TZ,05,232388,
Colombo,BR,18,232212,
Fremont,US,CA,232206,
Kampong Baharu Cheras Batu Sebelas,MY,12,232100,
Jiayuguan,CN,15,231853,
Abadan,IR,15,231476,
Taytay,PH,40,231460,
Phổ Yên,VN,19,231363,Pho Yen
Neuquén,AR,15,231198,Neuquen
Divinópolis,BR,15,231091,Divinopolis
Türkmenabat,TM,04,230861,Turkmenabat
Shibuya,JP,40,230609,
Sơn Tây,VN,01,230577,Son Tay
Ninh Hòa,VN,56,230566,Ninh Hoa
Pasir Mas,MY,03,230424,
Purwokerto,ID,07,230235,
José C. Paz,AR,01,230208,Jose C. Paz
Marka,SO,14,230100,
Pāli,IN,24,230075,Pali
Ḩalwān,EG,11,230000,Halwan
Atani,NG,25,230000,
Mariupol,UA,05,230000,
Changzheng,CN,23,229925,
Kasukabe,JP,34,229792,
Paris 15 Vaugirard,FR,11,229713,
Windsor,CA,08,229660,
Hosūr,IN,25,229528,Hosur
Spokane,US,WA,229447,
Tripoli,LB,09,229398,
Longueuil,CA,10,229330,
Ordu,TR,52,229214,
San Fernando de Apure,VE,03,229197,
Croix-des-Bouquets,HT,11,229127,
Lucena,PH,40,228758,
Ipatinga,BR,15,228746,
Yishun New Town,SG,03,228730,
Vizianagaram,IN,02,228720,
Jinchang,CN,15,228561,
Phan Thiết,VN,68,228536,Phan Thiet
Şabyā,SA,17,228375,Sabya
Netanya,IL,02,228204,
Ciudad Lineal,ES,29,228171,
Meycauayan,PH,03,228023,
Bexley,GB,ENG,228000,
Aliayabiagba,NG,05,228000,
Nassau,BS,23,227940,
San Lorenzo,PY,06,227876,
Rennes,FR,53,227830,
Mohammedia,MA,06,227799,
Guatire,VE,15,227666,
Tanjung Pinang,ID,40,227663,
Hougang New Town,SG,00,227560,
Baton Rouge,US,LA,227470,
Sete Lagoas,BR,15,227397,
Sosnowiec,PL,83,227295,
Diez de Octubre,CU,02,227293,
Turkistan,KZ,10,227098,
Klerksdorp,ZA,10,227039,
Upper West Side,US,NY,226989,
Staryy Oskol,RU,09,226977,
Ageo,JP,34,226940,
Gusau,NG,57,226857,
Neue Neustadt,DE,14,226851,
Kamyanske,UA,04,226845,
Ashdod,IL,01,226838,
Radom,PL,78,226794,
Paya Terubong,MY,09,226712,
Richmond,US,VA,226610,
Chang-hua,TW,04,226564,
Changhua,TW,04,226564,
Điện Bàn,VN,48,226564,Đien Ban
Takarazuka,JP,13,226432,
Nzérékoré,GN,N,226426,Nzerekore
Regina,CA,11,226404,
Cà Mau,VN,96,226372,Ca Mau
Shrīrāmpur,IN,28,226317,Shrirampur
Fendou,CN,08,226298,
Pangkalpinang,ID,35,226297,
Huanggang,CN,30,225956,
Quthbullapur,IN,40,225816,
Mubi,NG,35,225705,
Rio Verde,BR,29,225696,
Águas Lindas de Goiás,BR,29,225693,Aguas Lindas de Goias
Presidente Prudente,BR,27,225668,
Varāmīn,IR,26,225628,Varamin
Sector 1,RO,10,225453,
Batu,ID,08,225408,
Somerset West,ZA,11,225289,
Luton,GB,ENG,225262,
Ternopil,UA,22,225238,
Juazeiro do Norte,BR,06,225230,
Bitung,ID,31,225134,
Mymensingh,BD,H,225126,
Blagoveshchensk,RU,05,225091,
Nadiād,IN,09,225071,Nadiad
Kumba,CM,09,225046,
Košice,SK,03,225044,Kosice
Kremenchuk,UA,18,224997,
Jingling,CN,12,224871,
Nāgercoil,IN,25,224849,Nagercoil
Sucre,BO,01,224838,
Mutare,ZW,01,224802,
Ōta,JP,10,224358,Ota
Karāwalnagar,IN,07,224281,Karawalnagar
Puerto Vallarta,MX,14,224166,
Minamirinkan,JP,19,224015,
Cork,IE,M,224004,
Atsugi,JP,19,223960,
Heihe,CN,08,223832,
Mango,IN,38,223805,
Paramaribo,SR,16,223757,
Klungkung,ID,02,223720,
Narayanganj,BD,81,223622,
NIA Valencia,PH,10,223620,
Tongchuanshi,CN,26,223603,
Concepción,CL,06,223574,Concepcion
Ramadi,IQ,01,223500,
Paradise,US,NV,223167,
Tacoma,US,WA,222906,
Mainz,DE,08,222889,
Velikiy Novgorod,RU,52,222868,
Sungai Buloh,MY,12,222858,
Puerto Princesa,PH,41,222673,
Xintai,CN,25,222459,
El Tigre,VE,02,222450,
Haeju,KP,06,222396,
Formosa,AR,09,222226,
Ikire,NG,42,222160,
La Ceiba,HN,01,222055,
Tilburg,NL,06,221947,
Ba Dinh,VN,01,221893,
Murwāra,IN,35,221883,Murwara
Moshi,TZ,06,221733,
Kanchipuram,IN,25,221715,
Sousse,TN,23,221715,
Tuluá,CO,29,221684,Tulua
Soyo,AO,16,221555,
Sóc Trăng,VN,92,221430,Soc Trang
Kankan,GN,K,221428,
Shakhty,RU,61,221312,
Mbarara,UG,W,221300,
Olongapo,PH,03,221178,
Ibarra,EC,11,221149,
Banja Luka,BA,02,221106,
Rufisque est,SN,01,221066,
Neyshābūr,IR,42,220929,Neyshabur
Sāveh,IR,34,220762,Saveh
Wuxue,CN,12,220661,
Chí Linh,VN,31,220421,Chi Linh
Campeche,MX,04,220389,
Quận Ba,VN,79,220375,Quan Ba
Singrauli,IN,35,220257,
Fuencarral-El Pardo,ES,29,220085,
Shevchenkivskyi,UA,12,220077,
Mirzāpur,IN,36,220029,Mirzapur
Oviedo,ES,34,220027,
Bandar Seri Alam,MY,01,220000,
Sorong,ID,PD,219958,
Messina,IT,15,219948,
Dehiwala-Mount Lavinia,LK,36,219827,
Kropyvnytskyi,UA,10,219676,
Kharagpur,IN,28,219665,
Kabinda,CD,21,219396,
Jacobabad,PK,05,219315,
Tunduma,TZ,32,219309,
Binangonan,PH,40,219204,
Oberhausen,DE,07,219176,
Chon Buri,TH,46,219164,
Santa Luzia,BR,15,219132,
Prokop’yevsk,RU,29,219000,
Samambaia,BR,07,218840,
Erfurt,DE,15,218793,
Esmeraldas,EC,09,218727,
Terrassa,ES,56,218535,
Barking,GB,ENG,218534,
Wuhai,CN,20,218427,
Khuzdar,PK,02,218112,
Imperatriz,BR,13,218106,
Koutiala,ML,06,218031,
Eluru,IN,02,218020,
Rāniganj,IN,40,217910,Raniganj
San Pedro de Macorís,DO,24,217899,San Pedro de Macoris
Galaţi,RO,18,217851,Galati
Badalona,ES,56,217741,
Mokotów,PL,78,217683,Mokotow
Taiping,MY,07,217647,
Yintai,CN,26,217509,
Yamuna Nagar,IN,10,217071,
Cabo de Santo Agostinho,BR,30,216969,
Arakawa,JP,40,216900,
Jamaica,US,NY,216866,
Buenavista,MX,15,216776,
Gilgit,PK,07,216760,
Rybinsk,RU,88,216724,
Santa Rosa,PH,40,216650,
Trondheim,NO,21,216518,
Raurkela Industrial Township,IN,21,216410,
Porlamar,VE,17,216234,
San Bernardino,US,CA,216108,
Ciudad Acuña,MX,07,216099,Ciudad Acuna
Oulu,FI,17,216066,
Sinop,BR,14,216029,
Bidar,IN,19,216020,
Vykhino-Zhulebino,RU,48,216000,
Lutsk,UA,24,215986,
La Ceiba,HN,01,215973,
San Cristóbal de las Casas,MX,05,215874,San Cristobal de las Casas
Zelenograd,RU,48,215727,
Archway,GB,ENG,215667,
Wangsa Maju,MY,14,215600,
Salt Lake City,US,UT,215548,Salt Lake
Biysk,RU,04,215430,
Novi Sad,RS,VO,215400,
Jinzhou,CN,19,215386,
Jiutepec,MX,17,215357,
Longgang,CN,30,215273,
Monclova,MX,07,215271,
Tân An,VN,80,215250,Tan An
Ma On Shan,HK,NST,215200,
Commonwealth,PH,NCR,215034,
Huntsville,US,AL,215006,
Jabaquara,BR,27,214958,
Ziguinchor,SN,12,214874,
Kŭlob,TJ,02,214700,Kulob
Citeureup,ID,30,214668,
Centralniy,RU,66,214625,
Sa Dec,VN,82,214610,
Kure,JP,11,214592,
Shagamu,NG,16,214558,
Bnei Brak,IL,05,214444,
Khouribga,MA,05,214241,
Yingtan,CN,03,214229,
Des Moines,US,IA,214133,
Çiğli,TR,35,214065,Cigli
Marcory,CI,93,214061,
Gojra,PK,04,214000,
Cartagena,ES,31,213943,
Quevedo,EC,13,213842,
Oakville,CA,08,213759,
Pasuruan,ID,08,213469,
Naz̧arābād,IR,44,213388,Nazarabad
Munger,IN,34,213303,
Jacareí,BR,27,213110,Jacarei
Jerez de la Frontera,ES,51,212879,
El Jadida,MA,06,212863,
Zitong,CN,33,212819,
Loa Janan,ID,14,212816,
Târgu Mureş,RO,27,212752,Targu Mures
Fontana,US,CA,212704,
Rancagua,CL,08,212695,
Zhubei,TW,04,212695,
Mallawī,EG,10,212628,Mallawi
Cape Coast,GH,04,212426,
Bukit Mertajam,MY,09,212329,
Lipa City,PH,40,212287,Lipa
Lanús,AR,01,212252,Lanus
Lübeck,DE,10,212207,Lubeck
Luojiang,CN,32,212186,
Sepang,MY,12,212050,
Cobán,GT,01,212047,Coban
Maricá,BR,21,211986,Marica
Cao Lãnh,VN,82,211912,Cao Lanh
Isesaki,JP,10,211850,
Sabadell,ES,56,211734,
Jaraguá,BR,27,211610,Jaragua
Taito,JP,40,211444,
Nandyāl,IN,02,211424,Nandyal
Santa Cruz de Tenerife,ES,53,211359,
Panchkula,IN,10,211355,
Modesto,US,CA,211266,
Panabo,PH,11,211242,
Lijiang,CN,29,211151,
Konibodom,TJ,03,211100,
Hailar,CN,20,211066,
Itaquera,BR,27,210960,
Kabankalan,PH,06,210893,
Burhānpur,IN,35,210886,Burhanpur
Abha,SA,11,210886,
Ternate,ID,29,210836,
Burgas,BG,39,210646,
Pskov,RU,60,210501,
Morvi,IN,09,210451,
Daliang,CN,30,210411,
Quilicura,CL,12,210410,
Beni Mellal,MA,05,210397,
Ashuganj City,BD,84,210356,Ashuganj
Sidi Bel Abbes,DZ,30,210146,
Arroyo Naranjo,CU,02,210053,
Jebel Ali,AE,03,210000,
Bogra,BD,83,210000,
Kostanay,KZ,13,210000,
Richmond,CA,02,209937,
Rochester,US,NY,209802,
Banjar,ID,30,209791,
Kanggye,KP,01,209530,
Chungju,KR,05,209483,
Anand,IN,09,209410,
São Leopoldo,BR,23,209229,Sao Leopoldo
Bade,TW,04,209148,
Luziânia,BR,29,209129,Luziania
Oruro,BO,05,208684,
Bachuan,CN,33,208520,
La Romana,DO,12,208437,
Shashamane,ET,51,208400,
Hangu,CN,28,208369,
Ongole,IN,02,208344,
Pamplona,ES,32,208243,
Maryvale,US,AZ,208189,
Gangneung,KR,06,208161,
Portsmouth,GB,ENG,208100,
Gandajika,CD,21,208051,
Gunan,CN,33,208010,
Phan Rang-Tháp Chàm,VN,56,207998,Phan Rang-Thap Cham
Ciputat,ID,30,207858,
Kasangati,UG,C,207800,
Arlington,US,VA,207627,
Bishoftu,ET,51,207400,
Nishi-Tokyo-shi,JP,40,207388,
Changam-ch’on,KP,03,207299,
Bila Tserkva,UA,13,207273,
Oxnard,US,CA,207254,
Ciampea,ID,30,207212,
Hurghada,EG,02,207132,
Móstoles,ES,29,207095,Mostoles
Columbus,US,GA,206922,
Mantilla,CU,02,206918,
Dosquebradas,CO,24,206693,
Toledo,PH,07,206692,
Turku,FI,02,206655,
Worcester,US,MA,206518,
Pagadian,PH,09,206483,
Epworth,ZW,10,206365,
San Felipe,VE,22,206270,
Dinajpur,BD,87,206234,
Hosapete,IN,19,206167,
Việt Yên,VN,24,205900,Viet Yen
Ifakara,TZ,10,205843,
Sumbe,AO,06,205832,
Ségou,ML,05,205787,Segou
Kon Tum,VN,51,205762,
Itabuna,BR,05,205660,
Latacunga,EC,07,205624,
Nāngloi Jāt,IN,07,205596,Nangloi Jat
Kishiwada,JP,32,205561,
Jinghong,CN,29,205523,
Mdantsane,ZA,05,205504,
Bobruysk,BY,06,205502,
Gorontalo,ID,34,205390,
Itaim Paulista,BR,27,205295,
São Carlos,BR,27,205035,Sao Carlos
Qā’em Shahr,IR,35,204953,Qa’em Shahr
Shikarpur,PK,05,204938,
Gongheyong,CN,30,204881,
Linz,AT,04,204846,
Dhangaḍhi̇̄,NP,7,204788,Dhangadhi
Nanchuan,CN,33,204775,
Córdoba,MX,30,204721,Cordoba
Bishan,CN,33,204702,
Biskra,DZ,19,204661,
Xizhi,TW,03,204619,
Yanghang,CN,23,204564,
Gaoping,CN,32,204368,
Trieste,IT,06,204338,
Mpanda,TZ,29,204338,
Moreno Valley,US,CA,204198,
Secunderabad,IN,40,204182,
Punggol,SG,02,204150,
Sodo,ET,56,204100,
Zliten,LY,72,203790,
Padua,IT,20,203725,
Karnaphuli,BD,84,203697,
Las Tunas,CU,13,203684,
Matsue,JP,36,203616,
Bayamón,PR,021,203499,Bayamon
Gimpo-si,KR,13,203391,
Lauro de Freitas,BR,05,203331,
Deoghar,IN,38,203123,
Fianarantsoa,MG,21,203105,
Vasyl'evsky Ostrov,RU,66,203058,
Sobral,BR,06,203023,
Chāndpur,BD,84,203000,Chandpur
Atsiaman,GH,01,202932,
Bandundu Province,CD,20,202904,
Osmaniye,TR,91,202837,
Bābol,IR,35,202796,Babol
Cabo San Lucas,MX,03,202694,
Little Rock,US,AR,202591,
Çorlu,TR,59,202578,Corlu
Madiun,ID,08,202544,
Iringa,TZ,04,202490,
Debrecen,HU,10,202402,
Chāpra,IN,34,202352,Chapra
Motijheel,BD,81,202308,
Barishal,BD,85,202242,
Richmond Hill,CA,08,202022,
Fayetteville,US,NC,201963,
Al Khums,LY,82,201943,
Huntington Beach,US,CA,201899,
Favoriten,AT,09,201882,
Koronadal,PH,12,201844,
Geneva,CH,GE,201741,Geneve|Genf|Genève
Tallahassee,US,FL,201731,
Swindon,GB,ENG,201669,
Rengasdengklok,ID,30,201463,
Rio Claro,BR,27,201418,
Cajamarca,PE,06,201329,
Townsville,AU,04,201313,
Thanh Khê,VN,48,201240,Thanh Khe
La Pintana,CL,12,201178,
Daşoguz,TM,03,201142,Dasoguz
Yonkers,US,NY,201116,
Glendale,US,CA,201020,
Dadu,PK,05,201017,
Arba Minch,ET,56,201000,
Petropavl,KZ,16,200920,
Lhokseumawe,ID,01,200876,
Cypress,US,TX,200839,
Khandwa,IN,35,200738,
Aurora,US,IL,200661,
Puri,IN,21,200564,
Morena,IN,35,200482,
Nicosia,CY,04,200452,
Brescia,IT,09,200423,
Nasīm Shahr,IR,26,200393,Nasim Shahr
Nasimshahr,IR,26,200393,
Ugep,NG,22,200276,
Kamina,CD,15,200184,
Yanbu,SA,05,200161,
Nagareyama,JP,04,200136,
Charleroi,BE,WAL,200132,
Lạng Sơn,VN,20,200108,Lang Son
Talhar,PK,05,200014,
São José,BR,26,200000,Sao Jose
Nyingchi,CN,14,200000,
Yuen Long San Hui,HK,NYL,200000,
Yuen Long,HK,NYL,200000,
Sumedang,ID,30,200000,
Gyānpur,IN,36,200000,Gyanpur
Az Zāwīyah,LY,68,200000,Az Zawiyah
Salé Al Jadida,MA,04,200000,Sale Al Jadida
Bandar Sunway,MY,12,200000,
Bandar Utama,MY,14,200000,
Bukit Jalil,MY,14,200000,
Chakwama,NG,39,200000,
Qadirpur Ran,PK,04,200000,
Dajal,PK,04,200000,
Severnyy,RU,48,200000,
El Dibir,SO,03,200000,
Rayon KTZ,UA,07,200000,
Beiliu,CN,16,199769,
Sirjan,IR,29,199704,
Iquique,CL,15,199587,
Thuận Thanh,VN,24,199577,Thuan Thanh
Balakovo,RU,67,199572,
Armavir,RU,38,199548,
Yachiyo,JP,04,199498,
Saidpur,BD,87,199422,
Quận Bốn,VN,79,199329,Quan Bon
Arīsh,EG,27,199243,Arish
Rawang,MY,12,199095,
Dudley,GB,ENG,199059,
Mushin,NG,05,199000,
Yuzhno-Sakhalinsk,RU,64,198973,
Hagen,DE,07,198972,
Salatiga,ID,07,198971,
Guacara,VE,07,198883,
Valparaíso de Goiás,BR,29,198861,Valparaiso de Goias
Khūy,IR,01,198845,Khuy
Gliwice,PL,83,198835,
Changji,CN,13,198776,
Kodaira,JP,40,198739,
Plano Piloto,BR,07,198697,
Amarillo,US,TX,198645,
Bulandshahr,IN,36,198612,
Lusail,QA,13,198600,
Aberdeen,GB,SCT,198590,
Taranto,IT,13,198585,
Capiatá,PY,06,198553,Capiata
Zango,AO,20,198538,
Duyun,CN,18,198516,
Naivasha,KE,39,198444,
Kaiyuan,CN,29,198423,
Rzeszów,PL,80,198317,Rzeszow
Rostock,DE,12,198293,
Parma,IT,05,198292,
Sibu,MY,11,198239,
Arnavutköy,TR,34,198165,Arnavutkoy
Itami,JP,13,198138,
Mentougou,CN,22,197772,
Bhind,IN,35,197585,
Akron,US,OH,197542,
Talca,CL,11,197479,
Kassel,DE,05,197230,
Ciudad Madero,MX,28,197216,
Sawangan,ID,30,197170,
Gemena,CD,28,197159,
Bhālswa Jahangirpur,IN,07,197148,Bhalswa Jahangirpur
Lushui,CN,29,197000,
Bīrjand,IR,41,196982,Birjand
Toruń,PL,73,196935,Torun
Almería,ES,51,196851,Almeria
Jijiang,CN,33,196787,
Ahmadpur East,PK,04,196718,
Huánuco,PE,10,196627,Huanuco
Higashihiroshima,JP,11,196608,
İzmit,TR,41,196571,Izmit
Reims,FR,44,196565,
Hanfeng,CN,33,196528,
Vancouver,US,WA,196442,
Birmingham,US,AL,196357,
Laayoune,EH,,196331,
Khammam,IN,40,196283,
H̱olon,IL,05,196282,Holon
Middelburg,ZA,07,196263,
Icheon-si,KR,13,196230,
Khirdalan,AZ,01,196200,
Phra Pradaeng,TH,42,196129,
Moundou,TD,08,196124,
Sambhal,IN,36,196109,
Bhiwāni,IN,10,196057,Bhiwani
Engels,RU,67,196011,
Ciudad Lázaro Cárdenas,MX,16,196003,Ciudad Lazaro Cardenas
Mocuba,MZ,09,196001,
Hetauda,NP,3,195951,
Durrës,AL,42,195920,Durres
Suzuka,JP,23,195670,
Hub,PK,02,195661,
La Plata,AR,01,195443,
Janakpur,NP,2,195438,
Kamirenjaku,JP,40,195391,
Panvel,IN,16,195373,
Peicheng,CN,04,195363,
Maharagama,LK,36,195355,
Montgomery,US,AL,195287,
Liège,BE,WAL,195278,Liege
Kumagaya,JP,34,195277,
Guri-si,KR,13,195236,
Ambāla,IN,10,195153,Ambala
Grand Rapids,US,MI,195097,
Prato,IT,16,195089,
Kumarapalayam,IN,25,195071,
Butwāl,NP,5,195054,Butwal
Dhirkot,PK,06,195000,
Kayes,ML,03,194716,
Bontang,ID,14,194606,
Kafr ash Shaykh,EG,21,194569,
Tébessa,DZ,33,194461,Tebessa
Kuala Kubu Baharu,MY,12,194387,
Karuri,KE,22,194342,
Karuri,KE,38,194342,
Manéah,GN,D,194297,Maneah
Severodvinsk,RU,06,194292,
Kowloon City Centre,HK,KKC,194290,
Matuga,KE,28,194252,
Düzce,TR,93,194097,Duzce
Nnewi,NG,25,193987,
Yamaguchi,JP,45,193966,
Alcalá de Henares,ES,29,193751,Alcala de Henares
Başakşehir,TR,34,193750,Basaksehir
Ezhou,CN,12,193652,
Zhengding,CN,10,193524,
Būkān,IR,01,193501,Bukan
Taguatinga,BR,07,193367,
Braga,PT,04,193324,
Garhi Khairo,PK,05,193297,
Luanshya,ZM,08,193293,
Padalarang,ID,30,193114,
Bang Khae,TH,40,193002,
Bago City,PH,06,192993,Bago
Yongchuan,CN,33,192954,
Uji,JP,22,192925,
Machilīpatnam,IN,02,192827,Machilipatnam
Hepu,CN,16,192813,
Aihui,CN,08,192764,
Hyesan,KP,13,192680,
Bayamo,CU,09,192632,
Kielce,PL,84,192468,
Pār Naogaon,BD,83,192464,Par Naogaon
Fuding,CN,07,192352,
Nossa Senhora do Socorro,BR,28,192330,
Castanhal,BR,16,192256,
Cidade Tiradentes,BR,27,192177,
Zabrze,PL,83,192177,
Hamilton,NZ,G1,192100,
Bojnūrd,IR,43,192041,Bojnurd
Surulere,NG,05,191920,
Humen,CN,30,191891,
Benfica,AO,20,191828,
Hat Yai,TH,68,191696,
Haicheng,CN,19,191651,
Curug,ID,33,191406,
Barrancabermeja,CO,26,191403,
Zlatoust,RU,13,191366,
Mukono,UG,C,191300,
Angren,UZ,14,191300,
Ciudad del Carmen,MX,04,191238,
Nova Friburgo,BR,21,191158,
Khairpur Mir’s,PK,05,191044,
Business Bay,AE,03,191000,
Khujand,TJ,03,191000,
Peoria,US,AZ,190985,
Ashaiman,GH,01,190972,
Tanjungbalai,ID,26,190935,
Providence,US,RI,190934,
Mahesāna,IN,09,190753,Mahesana
Knoxville,US,TN,190740,
Rangel,AO,20,190569,
Fuenlabrada,ES,29,190496,
Hino,JP,40,190435,
Jhelum,PK,04,190425,
Mahbūbnagar,IN,40,190400,Mahbubnagar
Beipiao,CN,19,190315,
Pak Kret,TH,38,190272,
Cẩm Phả,VN,22,190232,Cam Pha
Al Fallūjah,IQ,01,190159,Al Fallujah
Jinshanlu,CN,13,190064,
Ise-Ekiti,NG,54,190063,
Kofu,JP,46,189591,
Numazu,JP,37,189486,
Jōetsu,JP,29,189430,Joetsu
Planaltina,BR,07,189412,
Sunrise Manor,US,NV,189372,
Sambalpur,IN,21,189366,
Syzran,RU,65,189338,
Danshui,TW,03,189271,
Bytom,PL,83,189186,
Mwene-Ditu,CD,21,189177,
Panalanoy,PH,08,189090,
Santarém,BR,16,189047,Santarem
Guixi,CN,33,188980,
Odawara,JP,19,188856,
Camaçari,BR,05,188758,Camacari
Labuan Bajo,ID,18,188724,
Anjō,JP,01,188693,Anjo
Boyeros,CU,02,188593,
George,ZA,11,188580,
Tottori-shi,JP,41,188465,
Leganés,ES,29,188425,Leganes
Acarigua,VE,18,188278,
Hosa’ina,ET,55,188200,
Sai Mai,TH,40,188123,
Yawnghwe,MM,11,188083,
Mabalacat City,PH,03,188050,Mabalacat
Riohacha,CO,17,188014,
Santa Bárbara d'Oeste,BR,27,188000,Santa Barbara d'Oeste
Laizhou,CN,25,188000,
Rio Grande,BR,23,187838,
Grand Prairie,US,TX,187809,
Sorsogon,PH,05,187670,
Ait Melloul,MA,09,187652,
Sutton,GB,ENG,187600,
Shreveport,US,LA,187593,
Choa Chu Kang New Town,SG,03,187550,
Getafe,ES,29,187525,
Quận Năm,VN,79,187510,Quan Nam
Bhusawal,IN,16,187421,
Miraflores,PE,15,187401,
Alvorada,BR,23,187315,
Chilpancingo,MX,12,187251,
Cachoeiro de Itapemirim,BR,08,187019,
Donaustadt,AT,09,187007,
Pinar del Río,CU,01,186990,Pinar del Rio
Huixing,CN,33,186972,
Kırıkkale,TR,79,186960,
Batumi,GE,04,186949,
Burlington,CA,08,186948,
Pābna,BD,83,186781,Pabna
Brownsville,US,TX,186738,
Changyuan,CN,33,186653,
Cienfuegos,CU,08,186644,
Beersheba,IL,01,186600,
El Oued,DZ,43,186525,
Overland Park,US,KS,186515,
Raebareli,IN,36,186433,
Shangri-La,CN,29,186400,
Springs,ZA,06,186394,
Newport News,US,VA,186247,
Yangcheng,CN,33,186242,
Mopti,ML,04,186187,
Khuraybat as Sūq,JO,16,186158,Khuraybat as Suq
Zawiya,LY,68,186123,
Zamora de Hidalgo,MX,16,186102,
Haridwar,IN,39,186079,
Ad-Damazin,SD,42,186051,
Dunhuang,CN,15,186027,
Jing’an,CN,30,186000,
Le Havre,FR,28,185972,
Verhunskyi,UA,14,185593,
Phusro,IN,38,185555,
Donostia / San Sebastián,ES,59,185357,Donostia / San Sebastian
Poza Rica de Hidalgo,MX,30,185242,
Bilbeis,EG,14,185237,
Roxas City,PH,06,185236,Roxas
Paris 20 Ménilmontant,FR,11,185140,Paris 20 Menilmontant
Kütahya,TR,43,185008,Kutahya
Palopo,ID,38,184961,
Potsdam,DE,11,184754,
Modena,IT,05,184732,
Bolu,TR,14,184682,
Toyokawa,JP,01,184661,
Adoni,IN,02,184625,
Izumi,JP,32,184615,
Santa Anita - Los Ficus,PE,15,184614,
Zaoyang,CN,12,184509,
Paltan,BD,81,184492,
Ivory Park,ZA,06,184383,
Al Qāmishlī,SY,01,184231,Al Qamishli
Abakan,RU,31,184168,
Pemalang,ID,07,184149,
Breda,NL,06,184126,
Langsa,ID,01,184016,
Vĩnh Châu,VN,92,183918,Vinh Chau
Baishan,CN,05,183880,
Sūjāngarh,IN,24,183808,Sujangarh
Tachikawa,JP,40,183581,
Cergy-Pontoise,FR,11,183430,
Unaizah,SA,08,183319,
Mobile,US,AL,183289,
St Helens,GB,ENG,183200,
Fort Lauderdale,US,FL,183146,
Lembang,ID,30,183130,
Paris 18 Buttes-Montmartre,FR,11,183127,
Sants-Montjuïc,ES,56,183120,Sants-Montjuic
Oradea,RO,05,183105,
Saarbrücken,DE,09,182971,Saarbrucken
Bunda,TZ,08,182970,
Skikda,DZ,31,182903,
Tirmiz,UZ,12,182800,
Jaraguá do Sul,BR,26,182660,Jaragua do Sul
Singosari,ID,08,182656,
Cúa,VE,15,182558,Cua
Sirsa,IN,10,182534,
Kamensk-Ural’skiy,RU,71,182500,
Cidade Dutra,BR,27,182459,
Reggio Calabria,IT,03,182455,
Dinapur Nizamat,IN,34,182429,
Santa Clarita,US,CA,182371,
Carletonville,ZA,06,182304,
Dubréka,GN,D,182296,Dubreka
Metro,ID,15,182293,
Banhā,EG,12,182254,Banha
Bahraigh,IN,36,182218,
Ash Shaţrah,IQ,09,182175,Ash Shatrah
Quarto Oggiaro,IT,09,182118,
Tsing Yi Town,HK,NKT,182100,
Guarapuava,BR,18,182093,
Monywa,MM,10,182011,
Dessalines,HT,06,181903,
Mwala,KE,31,181896,
Kāraikkudi,IN,25,181851,Karaikkudi
Araure,VE,18,181820,
Sultan Pur Majra,IN,07,181554,
Zhenping,CN,09,181528,
Anda,CN,08,181271,
Paris 13 Gobelins,FR,11,181271,
Petropavlovsk-Kamchatsky,RU,92,181216,
Wādī as Sīr,JO,16,181212,Wadi as Sir
Fardīs,IR,26,181174,Fardis
Chattanooga,US,TN,181099,
Guna,IN,35,180935,
Odense,DK,21,180863,
Sacaba,BO,02,180726,
Quetzaltenango,GT,13,180706,
Chandannagar,IN,28,180623,
Baharampur,IN,28,180547,
Ploieşti,RO,30,180540,Ploiesti
Berazategui,AR,01,180523,
Shahuwadi,IN,16,180322,
Madanapalle,IN,02,180180,
Tangail,BD,81,180144,
Shulin,TW,03,180044,
Edirne,TR,22,180002,
Nepean,CA,08,180000,
Pingwu County,CN,32,180000,
Kyaukpyu,MM,01,180000,
Yasenevo,RU,48,180000,
Phúc Yên,VN,25,180000,Phuc Yen
Shivpuri,IN,35,179977,
Yangju,KR,13,179923,
Borshchahivka,UA,12,179900,
Praga Południe,PL,78,179836,
Pirituba,BR,27,179724,
Kasama,ZM,05,179636,
Surendranagar,IN,09,179628,
Alexandra,ZA,06,179624,
Obuase,GH,02,179604,
Desnyanskyi,UA,02,179600,
Novozavodskyi,UA,02,179600,
Tsentralnyi,UA,05,179582,
Passo Fundo,BR,23,179529,
Legaspi,PH,05,179481,
Phú Quốc,VN,91,179480,Phu Quoc
Podolsk,RU,47,179400,
Purwakarta,ID,30,179233,
Jizzax,UZ,15,179200,
Ferraz de Vasconcelos,BR,27,179198,
Ila Orangun,NG,42,179192,
Thị Trấn Đại Từ,VN,19,179192,Thi Tran Đai Tu
Neyveli,IN,25,179150,
Angra dos Reis,BR,21,179120,
Qianjiang,CN,12,179079,
Hamm,DE,07,178967,
Si Racha,TH,46,178916,
Tiaret,DZ,13,178915,
La Rioja,AR,12,178872,
Silchar,IN,03,178865,
Amadora,PT,14,178858,
Cuautitlán,MX,15,178847,Cuautitlan
Ipswich,GB,ENG,178835,
Njeru,UG,C,178800,
Toliara,MG,51,178725,
Paris 19 Buttes-Chaumont,FR,11,178691,
Saki,NG,32,178677,
Chlef,DZ,41,178616,
Fontanar,CU,02,178601,
Seogwipo,KR,01,178552,
Concepcion,PH,03,178549,
East Flatbush,US,NY,178464,
Spring Valley,US,NV,178395,
Livingstone,ZM,07,178361,
Potchefstroom,ZA,10,178285,
Santa Rosa,US,CA,178127,
Ciudad Camilo Cienfuegos,CU,02,178041,
Paris 13e Arrondissement,FR,11,177833,
Sambizanga,AO,20,177808,
Proddatūr,IN,02,177797,Proddatur
Sittwe,MM,01,177743,
Dundo,AO,17,177604,
Basel,CH,BS,177595,
Meiktila,MM,08,177442,
Gulu,UG,N,177400,
Nijmegen,NL,03,177359,
Idkū,EG,03,177152,Idku
Uppsala,SE,21,177074,
Hugli,IN,28,177005,
Hashtsāl,IN,07,176877,Hashtsal
Bragança Paulista,BR,27,176811,Braganca Paulista
Teresópolis,BR,21,176692,Teresopolis
San Luis Río Colorado,MX,26,176685,San Luis Rio Colorado
Santa Ana,SV,11,176661,
Eugene,US,OR,176654,
Nador,MA,02,176600,
Al Muharraq,BH,15,176583,
Bielsko-Biala,PL,83,176515,
Marsá Maţrūḩ,EG,22,176498,Marsa Matruh
Almere Stad,NL,16,176432,
Burgos,ES,55,176418,
Gijang,KR,10,176388,
Lander,VE,15,176346,
Saint-Étienne,FR,84,176280,Saint-Etienne
Amroha,IN,36,176253,
Narashino,JP,04,176197,
Béjaïa,DZ,18,176139,Bejaia
Zhenzhou,CN,04,176006,
Tempe,US,AZ,175826,
Xindi,CN,12,175761,
Oceanside,US,CA,175691,
Bella Vista,DO,34,175683,
Fengcheng,CN,33,175576,
Salem,US,OR,175535,
Wigan,GB,ENG,175405,
Garden Grove,US,CA,175393,
Karaman,TR,78,175390,
Oshawa,CA,08,175383,
Siverek,TR,63,175341,
Palhoça,BR,26,175272,Palhoca
Rancho Cucamonga,US,CA,175236,
Cape Coral,US,FL,175229,
Tân Châu,VN,91,175211,Tan Chau
Teluknaga,ID,30,175155,
Jiutai,CN,05,175115,
Chhindwāra,IN,35,175052,Chhindwara
Khānaqīn,IQ,10,175000,Khanaqin
Naga,PH,05,174931,
Tomakomai,JP,12,174806,
Tambaram,IN,25,174787,
San Miguel de Allende,MX,11,174615,
Cianjur,ID,30,174587,
Pamulang,ID,30,174557,
Hitachi,JP,14,174508,
Timon,BR,13,174465,
Bhetia,IN,38,174355,
Pathānkot,IN,23,174306,Pathankot
Tando Adam,PK,05,174291,
Badlapur,IN,16,174226,
Cikupa,ID,30,174041,
Puerto Cabello,VE,07,174000,
Latkrabang,TH,40,173987,
Sakura,JP,04,173740,
Ube,JP,45,173733,
Daule,EC,10,173684,
Bayjī,IQ,18,173677,Bayji
Cuddalore,IN,25,173636,
Santander,ES,39,173635,
Tlemcen,DZ,15,173531,
Shimla,IN,11,173503,
Shāhīn Shahr,IR,28,173329,Shahin Shahr
Croydon,GB,ENG,173314,
Myeik,MM,12,173298,
East New York,US,NY,173198,
Khān Yūnis,PS,GZ,173183,Khan Yunis
Dharān,NP,1,173096,Dharan
Mülheim,DE,07,173050,Mulheim
Albacete,ES,54,173050,
Bata,GQ,08,173046,
Kamakura,JP,19,172929,
Chicoloapan,MX,15,172919,
Gadag-Betageri,IN,19,172813,
Licheng,CN,30,172775,
Izumo,JP,36,172775,
Gadag,IN,19,172612,
Ongata Rongai,KE,19,172569,
Lang'ata,KE,05,172569,
Tunja,CO,36,172548,
Quillacollo,BO,02,172405,
Alcorcón,ES,29,172384,Alcorcon
Gisenyi,RW,14,172357,
Isparta,TR,33,172334,
Warrington,GB,ENG,172330,
Klaipėda,LT,58,172292,Klaipeda
Walsall,GB,ENG,172141,
Herne,DE,07,172108,
Lyublino,RU,48,172000,
Mansfield,GB,ENG,171958,
Reggio nell'Emilia,IT,05,171944,
Castelló de la Plana,ES,60,171857,Castello de la Plana
Kēng Tung,MM,11,171620,Keng Tung
Sioux Falls,US,SD,171544,
Prizren,XK,10097361,171464,
Dongling,CN,19,171454,
Ungaran,ID,07,171378,
Urayasu,JP,04,171362,
Long Khánh,VN,75,171276,Long Khanh
Dagupan,PH,01,171271,
Ontario,US,CA,171214,
Watthana,TH,40,171150,
Verāval,IN,09,171121,Veraval
Navsari,IN,09,171109,
Imabari,JP,05,170986,
Mansa,ZM,04,170965,
Fort Collins,US,CO,170924,
Bảo Lộc,VN,68,170920,Bao Loc
Kulim,MY,02,170889,
Oshodi,NG,05,170870,
Ramat Gan,IL,05,170822,
Bahadurgarh,IN,10,170767,
Haldia,IN,28,170695,
Temirtau,KZ,12,170600,
East Helsinki,FI,01,170557,
Ibirité,BR,15,170537,Ibirite
Carolina,PR,031,170404,
Rāiganj,IN,28,170252,Raiganj
Malāyer,IR,09,170237,Malayer
Springfield,US,MO,170188,
Sunderland,GB,ENG,170134,
Takaoka,JP,42,170077,
Baranovichi,BY,01,170039,
Malda,IN,28,170039,
Guadalupe,MX,32,170029,
Araçatuba,BR,27,170024,Aracatuba
Nishio,JP,01,169984,
San Luis,AR,19,169947,
Ouargla,DZ,50,169928,
Olsztyn,PL,85,169793,
Kipushi,CD,14,169635,
Yuen Long Kau Hui,HK,NYL,169600,
Laiyang,CN,25,169594,
Jaunpur,IN,36,169572,
Khlong Sam Wa,TH,40,169489,
Harburg,DE,04,169221,
Chūō,JP,40,169179,Chuo
Mufulira,ZM,08,169136,
Deoli,IN,07,169122,
Jaffna,LK,38,169102,
Arad,RO,02,169065,
Chetumal,MX,23,169028,
Bharūch,IN,09,169007,Bharuch
Gurúè,MZ,09,168971,Gurue
San Miguel,AR,01,168762,
Hirosaki,JP,03,168739,
Pilsen,CZ,87,168733,
Chalco,MX,15,168720,
Toulon,FR,93,168701,
Vila Andrade,BR,27,168669,
Hoshiārpur,IN,23,168653,Hoshiarpur
Poços de Caldas,BR,15,168641,Pocos de Caldas
Calabozo,VE,12,168605,
Jabālyā,PS,GZ,168568,Jabalya
Cuauhtémoc,MX,06,168482,Cuauhtemoc
Araraquara,BR,27,168468,
Yopal,CO,32,168433,
Ituzaingó,AR,06,168419,Ituzaingo
Piranshahr,IR,01,168393,
Mahābād,IR,01,168393,Mahabad
Florencia,CO,08,168346,
Porto Seguro,BR,05,168326,
Tây Hồ,VN,01,168300,Tay Ho
Moratuwa,LK,36,168280,
Angers,FR,52,168279,
Ilford,GB,ENG,168168,
Hasilpur,PK,04,168146,
Rio das Ostras,BR,21,168099,
Horta-Guinardó,ES,56,168092,Horta-Guinardo
Pátra,GR,ESYE23,168034,Patra
Rutchenkivskyi,UA,05,168029,
Đồng Xoài,VN,75,168000,Đong Xoai
Jamālpur,BD,H,167900,Jamalpur
Kushiro,JP,12,167875,
Berezniki,RU,90,167748,
Awka,NG,25,167738,
Volgodonsk,RU,61,167731,
Hollywood,US,CA,167664,
Oyama,JP,38,167647,
Ijero-Ekiti,NG,54,167632,
Jīnd,IN,10,167592,Jind
Miass,RU,13,167500,
Fortechnyi,UA,10,167451,
Tuguegarao,PH,02,167297,
Carúpano,VE,19,167187,Carupano
Kumbakonam,IN,25,167155,
Plumbon,ID,30,167105,
Darmstadt,DE,05,167029,
Mary,TM,05,167027,
Novocherkassk,RU,61,166974,
Elk Grove,US,CA,166913,
Mohali,IN,23,166864,
Linhares,BR,08,166786,
Sampit,ID,13,166773,
Clarksville,US,TN,166722,
Wan Chai,HK,HWC,166695,
Linköping,SE,16,166673,Linkoping
Iwata,JP,37,166672,
Kamalia,PK,04,166617,
Pembroke Pines,US,FL,166611,
Maicao,CO,17,166603,
Obihiro,JP,12,166536,
Fatehpur,IN,36,166480,
Osnabrück,DE,06,166462,Osnabruck
Calama,CL,03,166334,
Nou Barris,ES,56,166310,
Nepalgunj,NP,5,166258,
Comitán,MX,05,166178,Comitan
Ocumare del Tuy,VE,15,166072,
Niiza,JP,34,166017,
Greater Sudbury,CA,08,166004,
Ulanhot,CN,20,165846,
Khobar,SA,06,165799,
Songcheng,CN,07,165730,
Deer Valley,US,AZ,165656,
São Caetano do Sul,BR,27,165655,Sao Caetano do Sul
Bang Khun Thian,TH,40,165491,
Murfreesboro,US,TN,165430,
Pindamonhangaba,BR,27,165428,
Bushehr,IR,22,165377,
Dar Bouazza,MA,06,165295,
Tonk,IN,24,165294,
Saqqez,IR,16,165258,
Béchar,DZ,38,165241,Bechar
Tam Kỳ,VN,48,165240,Tam Ky
Gölbaşı,TR,68,165201,Golbası
Francisco Morato,BR,27,165139,
Bima,ID,17,165113,
Mu-se,MM,11,165022,
Udupi,IN,19,165000,
Shahrud,IR,25,165000,
Banjaran,ID,30,164952,
Thenali,IN,02,164937,
Mthatha,ZA,05,164848,
Hengshan,CN,08,164844,
Slough,GB,ENG,164793,
Bocoio,AO,01,164685,
Lages,BR,26,164676,
Neukölln,DE,16,164636,Neukolln
Port Saint Lucie,US,FL,164603,
Sītāpur,IN,36,164435,Sitapur
Alandur,IN,25,164430,
Zenica,BA,01,164423,
Lajeado,BR,27,164391,
Solingen,DE,07,164359,
Ðông Hà,VN,44,164228,Ðong Ha
Corona,US,CA,164226,
Ḩawallī,KW,08,164212,Hawalli
Musoma,TZ,08,164172,
Inisa,NG,42,164161,
Nazran,RU,19,164131,
Barra Mansa,BR,21,164052,
Ilagan,PH,02,164020,
Port-Gentil,GA,08,164018,
Bhadrāvati,IN,19,163903,Bhadravati
Hadano,JP,19,163787,
Piraeus,GR,ESYE31,163688,
Vapi,IN,09,163630,
Bournemouth,GB,ENG,163600,
Pedreira,BR,27,163586,
Sidon,LB,06,163554,
‘Ibrī,OM,09,163473,‘Ibri
Jomvu,KE,37,163415,
Garissa,KE,16,163399,
Moga,IN,23,163397,
Peterborough,GB,ENG,163379,
Piedecuesta,CO,26,163362,
Tongzhou,CN,22,163326,
Ludwigshafen am Rhein,DE,08,163196,
Lat Krabang,TH,40,163175,
Şalālah,OM,08,163140,Salalah
Büyükçekmece,TR,34,163140,Buyukcekmece
Rāj-Nāndgaon,IN,37,163114,Raj-Nandgaon
Aydın,TR,09,163022,
Envigado,CO,02,163007,
Al-Junaynah,SD,47,162981,
Anbu,CN,30,162964,
McKinney,US,TX,162898,
Mostaganem,DZ,07,162885,
Chirchiq,UZ,14,162800,
Bandar-e Māhshahr,IR,15,162797,Bandar-e Mahshahr
Floridsdorf,AT,09,162779,
Leverkusen,DE,07,162738,
Pandi,PH,03,162725,
Capas,PH,03,162724,
Ning’er,CN,29,162711,
Haarlem,NL,07,162543,
Arnhem,NL,03,162424,
Nkongsamba,CM,05,162309,
El Vigía,VE,14,162289,El Vigia
Robertsonpet,IN,19,162230,
Dourados,BR,11,162202,
Kitale,KE,50,162174,
Suleja,NG,31,162135,
Taza,MA,03,162110,
Oxford,GB,ENG,162100,
Al Maţarīyah,EG,01,162045,Al Matariyah
Criciúma,BR,26,161954,Criciuma
Kunduz,AF,24,161902,
Fengcheng,CN,04,161850,
Trảng Bàng,VN,80,161831,Trang Bang
Unnāo,IN,36,161671,Unnao
Hortaleza,ES,29,161661,
N'dalatando,AO,05,161584,
Budaun,IN,36,161555,
Ōgaki,JP,09,161539,Ogaki
Newport,GB,WLS,161506,
Coquimbo,CL,07,161317,
Baubau,ID,22,161280,
Đưc Trọng,VN,68,161232,Đuc Trong
Blitar,ID,08,161204,
KwaDukuza,ZA,02,161177,
Miyakonojō,JP,25,161137,Miyakonojo
Madhyamgram,IN,28,161126,
Lancaster,US,CA,161103,
Rubtsovsk,RU,04,161065,
Tacheng,CN,13,161037,
Kindia,GN,D,161024,
Tauranga,NZ,E8,161000,
Kalemie,CD,29,160961,
Chatuchak,TH,40,160906,
San Juan de los Morros,VE,12,160868,
Sayama,JP,34,160843,
Sullana,PE,20,160789,
's-Hertogenbosch,NL,06,160783,
Szeged,HU,06,160766,
Malakal,SS,07,160765,
Chittoor,IN,02,160722,
Salamanca,MX,11,160682,
Ban Khlong Prawet,TH,40,160671,
La Gi,VN,68,160652,
Anderlecht,BE,BRU,160553,
Mytishchi,RU,47,160542,
Delegación Cuajimalpa de Morelos,MX,09,160491,Delegacion Cuajimalpa de Morelos
Hebron,PS,WE,160470,
Mejicanos,SV,10,160317,
Trà Vinh,VN,86,160310,Tra Vinh
Parepare,ID,38,160309,
Jāmuria,IN,28,160242,Jamuria
Koudougou,BF,06,160239,
Chapecó,BR,26,160157,Chapeco
Nyzhnodniprovsk,UA,04,160123,
Taunggyi,MM,11,160115,
Dhamār,YE,11,160114,Dhamar
Dubai Investments Park,AE,03,160000,
Ash Sharqāt,IQ,18,160000,Ash Sharqat
Dijon,FR,27,159941,
Salavat,RU,08,159893,
Ede,NG,42,159866,
Sukrah,TN,38,159862,
Manzanillo,MX,08,159853,
Jalapa,GT,10,159840,
Paech’ŏn-ŭp,KP,06,159825,Paech’on-up
Cary,US,NC,159769,
Barreiras,BR,05,159734,
Skudai,MY,01,159733,
Tahoua,NE,06,159468,
Alexandria,US,VA,159467,
Tuxtepec,MX,20,159452,
Puthia,BD,83,159406,
Newton,CA,02,159390,
Paris 16 Passy,FR,11,159386,
Zhicheng,CN,12,159383,
Ang Mo Kio New Town,SG,02,159340,
Limuru,KE,22,159314,
San Miguel del Padrón,CU,02,159273,San Miguel del Padron
Tarija,BO,09,159269,
Patos de Minas,BR,15,159235,
Oldenburg,DE,06,159218,
Paris 17 Batignolles-Monceau,FR,11,159212,
Matsusaka,JP,23,159145,
Catamarca,AR,02,159139,
Tochigi,JP,38,159056,
Khoroshëvo-Mnevniki,RU,48,159000,Khoroshevo-Mnevniki
Bibirevo,RU,48,159000,
Bordj Bou Arreridj,DZ,39,158812,
Dīla,ET,56,158800,Dila
Jaigaon,IN,28,158664,
Batāla,IN,23,158621,Batala
Grenoble,FR,84,158552,
Itapecerica da Serra,BR,27,158522,
Sāmarrā’,IQ,18,158508,Samarra’
Tempe Junction,US,AZ,158368,
Palmdale,US,CA,158351,
George Town,MY,09,158336,
El Achir,DZ,39,158333,
Hayward,US,CA,158289,
Orai,IN,36,158265,
Thốt Nốt,VN,92,158225,Thot Not
Gweru,ZW,02,158200,
Abaetetuba,BR,16,158188,
Centro Habana,CU,02,158151,
Panguíla,AO,19,158068,Panguila
Bukit Batok New Town,SG,00,158030,
Chom Thong,TH,40,158005,
Gol’yanovo,RU,48,158000,
Sunggal,ID,26,157914,
Admiralteisky,RU,66,157897,
Itapetininga,BR,27,157790,
Diourbel,SN,03,157554,
Ueda,JP,26,157480,
Aberdeen,HK,HSO,157400,
Avtozavodskyi,UA,18,157382,
Salinas,US,CA,157380,
San Blas-Canillejas,ES,29,157367,
Cuautla,MX,17,157336,
Salzburg,AT,05,157245,
Perbaungan,ID,26,157174,
Nong Chok,TH,40,157138,
Ussuriysk,RU,59,157068,
Arif Wala,PK,02,157063,
Nanpiao,CN,19,157044,
Livorno,IT,16,157017,
Río Cuarto,AR,05,157010,Rio Cuarto
Harar,ET,50,157000,
Tiraspol,MD,58,157000,
Caxias,BR,13,156973,
Enfield Town,GB,ENG,156858,
Westonaria,ZA,06,156831,
Lizhi,CN,33,156753,
Hitachi-Naka,JP,14,156581,
Saharsa,IN,34,156540,
Qalyub,EG,12,156363,
Escuintla,GT,06,156313,
Marbella,ES,51,156295,
Ereğli,TR,71,156253,Eregli
Batu Pahat,MY,01,156236,
Sitiawan,MY,07,156234,
Mariveles,PH,03,156200,
San Pablo de las Salinas,MX,15,156191,
Lampang,TH,06,156139,
York,GB,ENG,156135,
Bạc Liêu,VN,96,156110,Bac Lieu
Juja,KE,22,156041,
Nek’emtē,ET,51,156000,Nek’emte
Fès al Bali,MA,03,156000,Fes al Bali
Örebro,SE,15,155989,Orebro
Al Miqdādīyah,IQ,10,155968,Al Miqdadiyah
Katsuta,JP,14,155968,
Malabo,GQ,04,155963,
Vidisha,IN,35,155951,
Tuy Hòa,VN,66,155921,Tuy Hoa
Yizhou,CN,16,155872,
Xinqiao,CN,23,155856,
Sunnyvale,US,CA,155805,
Tema,GH,01,155782,
Camaragibe,BR,30,155771,
Yichun,CN,08,155762,
Đức Phổ,VN,51,155743,Đuc Pho
San Martin Texmelucan de Labastida,MX,21,155738,
Itajaí,BR,26,155716,Itajai
Ar Ramthā,JO,18,155693,Ar Ramtha
Hanumāngarh,IN,24,155687,Hanumangarh
São Mateus,BR,27,155682,Sao Mateus
Zemun,RS,SE,155591,
Telford,GB,ENG,155570,
Kisi,NG,32,155510,
Ilhéus,BR,05,155499,Ilheus
Villa Canales,GT,07,155423,
Guyong,PH,03,155391,
Settat,MA,06,155333,
Jampur,PK,04,155243,
Port Louis,MU,18,155226,
Kawanishi,JP,13,155165,
Thānesar,IN,10,155152,Thanesar
Al Ḩawāmidīyah,EG,08,155055,Al Hawamidiyah
Hassan,IN,19,155006,
Lianghu,CN,02,155000,
Tetuán de las Victorias,ES,29,155000,Tetuan de las Victorias
Kishangarh,IN,24,154886,
Birendranagar,NP,6,154886,
Dalūpura,IN,07,154791,Dalupura
Guangshui,CN,12,154771,
Saint-Denis,RE,RE,154765,
Brăila,RO,08,154686,Braila
Lyubertsy,RU,47,154650,
Bumba,CD,25,154586,
Rudrapur,IN,39,154554,
La Serena,CL,07,154521,
Miskolc,HU,04,154521,
Abū Kabīr,EG,14,154466,Abu Kabir
Fu’an,CN,07,154439,
Kitengela,KE,19,154436,
Frisco,US,TX,154407,
Zhaodong,CN,08,154406,
Wujiaqu,CN,13,154400,
Shomolu,NG,05,154390,
Janzūr,LY,81,154389,Janzur
Xai-Xai,MZ,02,154356,
Springfield,US,MA,154341,
Nalgonda,IN,40,154326,
Katabi,UG,C,154300,
Gwangyang,KR,16,154266,
Kovrov,RU,83,154224,
Viranşehir,TR,63,154163,Viransehir
Noda,JP,04,154114,
Santana de Parnaíba,BR,27,154105,Santana de Parnaiba
San Cristóbal,DO,33,154040,San Cristobal
East Chattanooga,US,TN,154024,
Limassol,CY,05,154000,
Kariya,JP,01,153834,
Pasadena,US,TX,153784,
Mīt Ghamr,EG,01,153754,Mit Ghamr
Sanshui,CN,30,153714,
Jackson,US,MS,153701,
Parelheiros,BR,27,153695,
Mogi Guaçu,BR,27,153658,Mogi Guacu
Enschede,NL,15,153655,
Boshan,CN,25,153596,
Hazāribāgh,IN,38,153595,Hazaribagh
Yangchun,CN,30,153547,
Souk Ahras,DZ,52,153479,
Musanze,RW,13,153368,
Medinīpur,IN,28,153349,Medinipur
Andong,KR,14,153348,
Bālurghāt,IN,28,153279,Balurghat
Pomona,US,CA,153266,
Valle de La Pascua,VE,12,153136,
Kreuzberg,DE,16,153135,
Chincha Alta,PE,11,153076,
Cairns,AU,04,153075,
Fyzābād,IN,36,153047,Fyzabad
Thị Trấn Thuận Châu,VN,14,153000,Thi Tran Thuan Chau
Dinapore,IN,34,152940,
Dingzhou,CN,10,152934,
Kansas City,US,KS,152933,Kansas
As Samawah,IQ,03,152890,
Porbandar,IN,09,152760,
Sinp’o,KP,03,152759,
Pengpu,CN,23,152725,
Wazirabad,PK,04,152624,
Washington Heights,US,NY,152613,
Lakewood,US,CO,152597,
Baqubah,IQ,10,152550,
Sumayl,IQ,08,152512,
Simele,IQ,08,152512,
Neuss,DE,07,152457,
Chenghua,CN,30,152453,
Songnim-ni,KP,07,152425,
Bānda,IN,36,152218,Banda
Pouso Alegre,BR,15,152217,
Cần Giuộc,VN,80,152200,Can Giuoc
Balvanera,AR,07,152198,
Longfeng,CN,08,152074,
Beining,CN,19,152033,
Strogino,RU,48,152000,
Gonbad-e Kāvūs,IR,37,151910,Gonbad-e Kavus
Etwatwa,ZA,06,151866,
Higashimurayama,JP,40,151815,
Hindupur,IN,02,151677,
Stavanger,NO,14,151669,
Araucária,BR,18,151666,Araucaria
Bintulu,MY,11,151617,
Poole,GB,ENG,151500,
Akhmīm,EG,24,151430,Akhmim
Kohat,PK,03,151427,
Regensburg,DE,02,151389,
Layyah,PK,04,151274,
Girga,EG,24,151256,
Koforidua,GH,05,151255,
Bukit Merah Estate,SG,00,151250,
Logroño,ES,27,151164,Logrono
Beāwar,IN,24,151152,Beawar
Sykhiv,UA,15,151131,
Shujaabad,PK,04,151115,
Garanhuns,BR,30,151064,
Escondido,US,CA,151038,
Ṣuwayliḥ,JO,02,151016,Suwaylih
Erzincan,TR,24,150714,
Kırşehir,TR,40,150700,Kırsehir
Zarichnyi,UA,21,150694,
La Laguna,ES,53,150661,
Kokshetau,KZ,03,150649,
Eminabad,PK,04,150646,
Anantnag,IN,12,150592,
Kukichūō,JP,34,150582,Kukichuo
Badajoz,ES,57,150530,
Serilingampalle,IN,40,150525,
Malatia-Sebastia,AM,11,150500,
Talcahuano,CL,06,150499,
Chillán,CL,18,150396,Chillan
Jaranwala,PK,04,150380,
Kỳ Anh,VN,42,150226,Ky Anh
Nong Khaem,TH,40,150218,
Piedras Negras,MX,07,150178,
Kızıltepe,TR,72,150174,
Astoria,US,NY,150165,
Musashino,JP,40,150149,
Balashikha,RU,47,150103,
Raigarh,IN,37,150019,
Gloucester,CA,08,150012,
Vryheid,ZA,02,150012,
Malkajgiri,IN,40,150000,
Gimcheon,KR,14,150000,
Bercham,MY,07,150000,
Setia Alam,MY,12,150000,
Bandar Tasik Puteri,MY,12,150000,
Tordher,PK,03,150000,
Zhulebino,RU,48,150000,
Dili,TL,DI,150000,
Shāntipur,IN,28,149983,Shantipur
Chishtian,PK,04,149939,
Playa del Carmen,MX,23,149923,
Santa Rita,BR,17,149910,
Split,HR,15,149830,
Ursynów,PL,78,149775,Ursynow
Hollywood,US,FL,149728,
Madrid Centro,ES,29,149718,
Iguatemi,BR,27,149700,
Harunabad,PK,04,149679,
Shūnan,JP,45,149632,Shunan
Agadez,NE,01,149549,
Burnley,GB,ENG,149422,
Reẖovot,IL,02,149392,Rehovot
Watampone,ID,38,149336,
Sabha,LY,75,149329,
Disūq,EG,21,149291,Disuq
Cagliari,IT,14,149257,
Borough Park,US,NY,149248,
Harrow,GB,ENG,149246,
Berrechid,MA,06,149201,
Queimados,BR,21,149093,
Tambacounda,SN,05,149071,
Huddersfield,GB,ENG,149017,
Ārabī,ET,52,148933,Arabi
Kerch,UA,11,148932,
Saguenay,CA,10,148886,
Prenzlauer Berg,DE,16,148878,
Fazenda Rio Grande,BR,18,148873,
Komaki,JP,01,148872,
Marvdasht,IR,07,148858,
Melitopol,UA,26,148851,
Dunhua,CN,05,148844,
Bhuj,IN,09,148834,
Arganzuela,ES,29,148797,
Jyväskylä,FI,13,148744,Jyvaskyla
Yonago,JP,41,148720,
Ruqi,SO,21,148702,
Rimini,IT,05,148688,
Coquitlam,CA,02,148625,
Arar,SA,15,148540,
Valencia,US,CA,148456,
Moreno,AR,01,148290,
Tama,JP,40,148285,
Rockford,US,IL,148278,
Kalaban Koro,ML,07,148247,
El Limón,VE,04,148247,El Limon
Nîmes,FR,76,148236,Nimes
Dundee,GB,SCT,148210,
Bārākpur,IN,28,148174,Barakpur
Sao Rafael,BR,27,148145,
Botucatu,BR,27,148130,
Sujiatun,CN,19,148113,
Astanajapura,ID,30,148047,
Ciudad Delicias,MX,06,148045,
Siguiri,GN,K,148018,
Mbanza Kongo,AO,16,148000,
East Hampton,US,VA,147993,
Honggang,CN,08,147977,
Sarrià-Sant Gervasi,ES,56,147912,Sarria-Sant Gervasi
Kiambu,KE,22,147870,
Clermont-Ferrand,FR,84,147865,
Joliet,US,IL,147861,
Barrie,CA,08,147829,
Bang Kapi,TH,40,147800,
Savannah,US,GA,147780,
Paterson,US,NJ,147754,
Salamanca,ES,29,147707,
Kolomna,RU,47,147690,
Hājīpur,IN,34,147688,Hajipur
Rafsanjān,IR,29,147680,Rafsanjan
Hòa Thành,VN,80,147666,Hoa Thanh
Mestre,IT,20,147662,
As Sālimīyah,KW,08,147649,As Salimiyah
Bridgeport,US,CT,147629,
Shevchenko,UA,18,147600,
Kuntsevo,RU,48,147497,
Kragujevac,RS,SE,147473,
Aktau,KZ,09,147443,
Balcón de la Lisa,CU,02,147415,Balcon de la Lisa
Sasarām,IN,34,147408,Sasaram
Bohuniya,UA,27,147324,
Nilópolis,BR,21,147281,Nilopolis
Iruma,JP,34,147166,
Renca,CL,12,147151,
Kramatorsk,UA,05,147145,
Naperville,US,IL,147100,
Manama,BH,16,147074,
Colima,MX,08,146965,
Bhimavaram,IN,02,146961,
Lárisa,GR,ESYE14,146926,Larisa
Nakhodka,RU,59,146920,
Debre Birhan,ET,46,146900,
Cacuaco,AO,20,146867,
Aix-en-Provence,FR,93,146821,
Cam Ranh,VN,56,146771,
Jalalpur Jattan,PK,04,146743,
Matanzas,CU,03,146733,
Beed,IN,16,146709,
Khasnahzān,IQ,11,146639,Khasnahzan
Taozhou,CN,01,146610,
Saint-Quentin-en-Yvelines,FR,11,146598,
Bandar Bukit Raja,MY,12,146534,
Blackburn,GB,ENG,146521,
Rosemont–La Petite-Patrie,CA,10,146501,
Colina,CL,12,146207,
Burāri,IN,07,146190,Burari
Ruda Śląska,PL,83,146189,Ruda Slaska
Nouadhibou,MR,08,146048,
Puerto Plata,DO,18,146000,
Urdaneta,PH,01,145935,
Chamberí,ES,29,145934,Chamberi
Krishnanagar,IN,28,145926,
Xinji,CN,10,145911,
Jutiapa,GT,11,145880,
Marabá,BR,16,145860,Maraba
Chitradurga,IN,19,145853,
Bueng Kum,TH,40,145830,
Cambridge,GB,ENG,145674,
Paço do Lumiar,BR,13,145643,Paco do Lumiar
Kampung Pasir Gudang Baru,MY,01,145639,
Kampung Sungai Glugur,MY,09,145600,
Dibrugarh,IN,03,145488,
Médéa,DZ,06,145441,Medea
Taishan,CN,30,145440,
El Eulma,DZ,12,145380,
Pécs,HU,02,145347,Pecs
Giá Rai,VN,96,145340,Gia Rai
Abohar,IN,23,145302,
Tiruvannamalai,IN,25,145278,
Teixeira de Freitas,BR,05,145216,
Gainesville,US,FL,145214,
Concordia,AR,08,145210,
Fujieda,JP,37,145032,
Spanish Town,JM,10,145018,
Blackpool,GB,ENG,145007,
Urganch,UZ,05,145000,
Bukoba,TZ,19,144938,
Kaithal,IN,10,144915,
Ingombota,AO,20,144911,
Brest,FR,53,144899,
Basildon,GB,ENG,144859,
Franco da Rocha,BR,27,144849,
Salamanca,ES,55,144825,
Villeray–Saint-Michel–Parc-Extension,CA,10,144814,
Mesquite,US,TX,144788,
Ashikaga,JP,38,144746,
Huyện Lâm Hà,VN,68,144707,Huyen Lam Ha
Acheng,CN,08,144665,
Kelowna,CA,02,144576,
Umarkot,PK,05,144558,
León,NI,08,144538,Leon
Kakamigahara,JP,09,144521,
Le Mans,FR,52,144515,
Lodhran,PK,04,144512,
Trois-Rivières,CA,10,144472,Trois-Rivieres
Hailin,CN,08,144443,
Tsuchiura,JP,14,144399,
Elektrostal’,RU,47,144387,
Balasore,IN,21,144373,
Yong’an,CN,33,144314,
Paris 11e Arrondissement,FR,11,144292,
Kampong Pasir Ris,SG,00,144260,
Huelva,ES,51,144258,
Navoiy,UZ,07,144158,
Syracuse,US,NY,144142,
Atibaia,BR,27,144088,
Ashkelon,IL,01,144073,
Pinetown,ZA,02,144026,
Teshi Old Town,GH,01,144013,
Biryulëvo,RU,48,144000,Biryulevo
Orekhovo-Borisovo,RU,48,144000,
Kusatsu,JP,35,143913,
Nanjin,CN,33,143766,
Guelph,CA,08,143740,
Qianjiang,CN,33,143727,
Ramna Maidan,BD,81,143677,
Godhra,IN,09,143644,
Khemisset,MA,04,143640,
Çanakkale,TR,17,143622,Canakkale
Torrance,US,CA,143592,
San Jose,PH,41,143495,
Ladysmith,ZA,02,143446,
Lévis,CA,10,143414,Levis
Cachoeirinha,BR,27,143366,
Heidelberg,DE,01,143345,
Fresnillo,MX,32,143281,
Touggourt,DZ,TG,143270,
Shillong,IN,18,143229,
Surprise,US,AZ,143148,
Norwich,GB,ENG,143135,
Tịnh Biên,VN,91,143098,Tinh Bien
Moriguchi,JP,32,143096,
Amiens,FR,32,143086,
Cai Lậy,VN,82,143050,Cai Lay
Macaé,BR,21,143029,Macae
Rewāri,IN,10,143021,Rewari
Basirhat City,IN,28,143007,Basirhat
Novyye Kuz’minki,RU,48,143000,
Kuz’minki,RU,48,143000,
Aalborg,DK,19,142937,
La Trinidad,PH,15,142925,
Ghardaïa,DZ,45,142913,Ghardaia
Timika,ID,PT,142909,
Pyatigorsk,RU,70,142865,
Mbanza-Ngungu,CD,08,142773,
Mercier–Hochelaga-Maisonneuve,CA,10,142753,
Okinawa,JP,47,142752,
Middlesbrough,GB,ENG,142707,
Shahrisabz,UZ,08,142700,
Moro,PK,05,142685,
Ch’ŏngdan-ŭp,KP,06,142607,Ch’ongdan-up
Sant Andreu,ES,56,142598,
Rybnik,PL,83,142510,
Saïda,DZ,10,142497,Saida
Metairie Terrace,US,LA,142489,
Tuzla,BA,01,142486,
Kovpakivskyi,UA,21,142447,
eMbalenhle,ZA,07,142443,
Trindade,BR,29,142431,
Khanpur,PK,04,142426,
Columbia,US,SC,142416,
Nawābganj,BD,83,142361,Nawabganj
Inezgane,MA,09,142320,
Puerto Cortez,HN,06,142311,
Pasadena,US,CA,142250,
Toowoomba,AU,04,142163,
Paderborn,DE,07,142161,
"Misato, Saitama",JP,34,142145,
Chhatarpur,IN,35,142128,
Kimberley,ZA,08,142089,
Alto Hospicio,CL,15,142086,
Ciego de Ávila,CU,07,142027,Ciego de Avila
Samālūţ,EG,10,142009,Samalut
Chertanovo Yuzhnoye,RU,48,142000,
Jieshou,CN,01,141993,
Maykop,RU,01,141970,
Attock City,PK,04,141945,Attock
Kisaran,ID,26,141915,
Mojokerto,ID,08,141785,
Facatativá,CO,33,141762,Facatativa
Masai,MY,01,141730,
Punto Fijo,VE,11,141729,
Myingyan,MM,08,141713,
Kamālshahr,IR,44,141669,Kamalshahr
Mandsaur,IN,35,141667,
Zheleznodorozhnyy,RU,47,141648,
Chas,IN,38,141640,
Jahrom,IR,07,141634,
Tours,FR,24,141621,
Pālanpur,IN,09,141592,Palanpur
Bondoukou,CI,92,141568,
Chichicastenango,GT,14,141567,
Tarragona,ES,56,141542,
Tobruk,LY,79,141499,
Sinch’ŏn-ŭp,KP,06,141407,Sinch’on-up
Abbotsford,CA,02,141397,
Brusque,BR,26,141385,
Circoiscrizione II,IT,12,141344,
Bolton,GB,ENG,141331,
Yushu,CN,06,141308,
Piteşti,RO,03,141275,Pitesti
Fukayachō,JP,34,141268,Fukayacho
Potosí,BO,07,141251,Potosi
Usera,ES,29,141189,
Limoges,FR,75,141176,
Cangaiba,BR,27,141172,
Asaka,JP,34,141083,
Paranaguá,BR,18,141013,Paranagua
Ghazni,AF,08,141000,
Orange,US,CA,140992,
Wola,PL,78,140958,
Sanhe,CN,33,140954,
Īlām,IR,10,140940,Ilam
Gongzhuling,CN,05,140909,
Shimotoda,JP,34,140899,
Comodoro Rivadavia,AR,04,140850,
Kampung Sungai Ara,MY,09,140849,
Fullerton,US,CA,140847,
Killeen,US,TX,140806,
Norilsk,RU,91,140800,
Lleida,ES,56,140797,
Coimbra,PT,07,140796,
Mtwara,TZ,11,140793,
Manjhand,PK,05,140766,
Beni,CD,11,140731,
Debre Mark’os,ET,46,140700,
Norzagaray,PH,03,140697,
Qeładizê,IQ,05,140688,Qeładize
Vila Curuca,BR,27,140673,
Nigel,ZA,06,140644,
Shengavit,AM,11,140600,
Catacamas,HN,15,140548,
Buea,CM,09,140533,
Shuizhai,CN,30,140493,
Al’met’yevsk,RU,73,140437,
Paris 12e Arrondissement,FR,11,140311,
McAllen,US,TX,140269,
Lakhīmpur,IN,36,140223,Lakhimpur
Ishinomaki,JP,24,140151,
Mpumalanga,ZA,02,140121,
Mian Channun,PK,04,140112,
Zaanstad,NL,07,140085,
Kabin Buri,TH,74,140056,
Kuwana,JP,23,140051,
Ayacucho,PE,05,140033,
Shanhaiguan,CN,10,140000,
Chamartín,ES,29,140000,Chamartin
Şaḩam,OM,11,140000,Saham
Abéché,TD,12,139983,Abeche
Peristéri,GR,ESYE31,139981,Peristeri
Amersfoort,NL,09,139914,
Darwin,AU,03,139902,
Jeongeup,KR,03,139876,
Bellevue,US,WA,139820,
Korolev,RU,47,139798,
Valsād,IN,09,139764,Valsad
Shinyanga,TZ,15,139727,
Sollentuna,SE,26,139606,
Al Hindīyah,IQ,12,139578,Al Hindiyah
Yaizu,JP,37,139578,
Payakumbuh,ID,24,139576,
Damoh,IN,35,139561,
Āsela,ET,51,139500,Asela
Haldwani,IN,39,139497,
Irewe,NG,05,139494,
Batang,ID,07,139492,
Gbongan,NG,42,139485,
Gama,BR,07,139467,
Siem Reap,KH,24,139458,
Anaco,VE,02,139397,
Purwodadi,ID,07,139387,
Koga,JP,14,139344,
Yuepu,CN,23,139328,
Hābra,IN,28,139297,Habra
Sidoarjo,ID,08,139189,
Kyivskyi,UA,05,139177,
Şabāḩ as Sālim,KW,09,139163,Sabah as Salim
Balneário Camboriú,BR,26,139155,Balneario Camboriu
Plaza de la Revolución,CU,02,139135,Plaza de la Revolucion
Lausanne,CH,VD,139111,
Choloma,HN,06,139100,
Kairouan,TN,03,139070,
Stockport,GB,ENG,139052,
Budapest XI. kerület,HU,05,139049,Budapest XI. kerulet
Huadian,CN,05,139047,
Kousséri,CM,12,139024,Kousseri
Weru,ID,30,139004,
Al-'Ubūr,EG,12,138987,Al-'Ubur
Kolpino,RU,66,138979,
Belgrano,AR,07,138942,
Sarh,TD,17,138928,
Gingoog,PH,10,138895,
San Juan del Río,MX,22,138878,San Juan del Rio
Sekondi-Takoradi,GH,09,138872,
Liuzhi,CN,18,138826,
Naga,PH,07,138727,
Fuyu,CN,05,138704,
Whitby,CA,08,138501,
Metairie,US,LA,138481,
Chaohu,CN,01,138463,
Kolār,IN,19,138462,Kolar
Bizerte,TN,18,138430,
Táriba,VE,20,138402,Tariba
Ejigbo,NG,42,138357,
Ksar El Kebir,MA,01,138262,
Paris 11 Popincourt,FR,11,138170,
Dabou,CI,82,138083,
Bukit Panjang New Town,SG,05,138050,
Sao Lucas,BR,27,138038,
Paris 12 Reuilly,FR,11,138024,
Parnaíba,BR,20,138008,Parnaiba
Bertoua,CM,04,137993,
Jacmel,HT,13,137966,
Srikakulam,IN,02,137944,
Candelaria,PH,40,137933,
Vĩnh Long,VN,86,137870,Vinh Long
Praia,CV,14,137868,
Araruama,BR,21,137773,
Liangping,CN,33,137620,
Kirdāsah,EG,08,137588,Kirdasah
Itu,BR,27,137586,
Ponce,PR,113,137491,
Doilungdêqên,CN,14,137451,Doilungdeqen
Jieshi,CN,30,137444,
Hejiang,CN,32,137437,
Pasir Puteh,MY,03,137400,
Mandya,IN,19,137358,
Xiayang,CN,23,137321,
Nor Nork,AM,11,137300,
Dixinn,GN,04,137287,
Bhisho,ZA,05,137287,
Freguesia do Ó,BR,27,137240,Freguesia do O
Subang,ID,30,137234,
Madhurampur Dehri,IN,34,137231,
Negombo,LK,36,137223,
Irákleion,GR,ESYE43,137154,Irakleion
Hampton,US,VA,137148,
Wuyishan,CN,07,137133,
Miramar,US,FL,137132,
Jiashan,CN,02,137112,
Bilqās,EG,01,137080,Bilqas
Rangkasbitung,ID,33,137041,
Odintsovo,RU,47,137041,
Foggia,IT,13,137032,
Antsiranana,MG,71,136959,
Kānchrāpāra,IN,28,136954,Kanchrapara
San Juan Sacatepéquez,GT,07,136886,San Juan Sacatepequez
Minoh,JP,32,136868,
Funtua,NG,24,136811,
St. Catharines,CA,08,136803,
Dawei,MM,12,136783,
Igboho,NG,32,136764,
Gunungsitoli,ID,26,136707,
Apeldoorn,NL,03,136670,
Cidade Lider,BR,27,136660,
Marīvān,IR,16,136654,Marivan
Phủ Lý,VN,37,136654,Phu Ly
Divo,CI,95,136627,
Huinong,CN,21,136570,
Ebina,JP,19,136516,
Larache,MA,01,136505,
Varginha,BR,15,136467,
Paris 14 Observatoire,FR,11,136455,
Van Nuys,US,CA,136443,
Būsh,EG,18,136441,Bush
Mlolongo,KE,31,136351,
Campo Largo,BR,18,136327,
San José del Cabo,MX,03,136285,San Jose del Cabo
Cachoeirinha,BR,23,136258,
West Valley City,US,UT,136208,West Valley
Kisarazu,JP,04,136166,
Gejiu,CN,29,136135,
Bacău,RO,04,136087,Bacau
Saaba,BF,03,136011,
Mingaladon,MM,17,136000,
Dimāpur,IN,20,135860,Dimapur
Sasolburg,ZA,03,135828,
Cheras,MY,12,135823,
Tasek Glugor,MY,09,135786,
Osorno,CL,14,135773,
Jiagedaqi,CN,20,135760,
Tumxuk,CN,13,135727,
Kushtia,BD,82,135724,
Pitalito,CO,16,135711,
Baliuag,PH,03,135679,
Hoàn Kiếm,VN,01,135618,Hoan Kiem
Kajansi,UG,C,135600,
Isahaya,JP,27,135546,
Dayton,US,OH,135512,
Cẩm Phả Mines,VN,22,135477,Cam Pha Mines
Petapa,GT,07,135447,
Māler Kotla,IN,23,135424,Maler Kotla
Buguma,NG,50,135404,
Ahuntsic-Cartierville,CA,10,135336,
Araras,BR,27,135331,
Shiqiao,CN,30,135308,
Pyay,MM,16,135308,
Rabak,SD,41,135281,
Tây Ninh,VN,80,135254,Tay Ninh
Le Vieux-Longueuil,CA,10,135218,
Tyre,LB,06,135204,
Kutaisi,GE,66,135201,
Andīmeshk,IR,15,135116,Andimeshk
Siwān,IN,34,135066,Siwan
Madrid,CO,33,135000,
Angono,PH,40,134975,
Cartago,CO,29,134972,
Shahreẕā,IR,28,134952,Shahreza
Hinthada,MM,03,134947,
Cap-Haïtien,HT,09,134815,Cap-Haitien
Baturaja,ID,32,134759,
Inazawa,JP,01,134751,
Rodriguez,PH,40,134432,
Kalol,IN,09,134426,
Mīāndoāb,IR,01,134425,Miandoab
Laghouat,DZ,25,134372,
Nevinnomyssk,RU,70,134345,
San Mateo,PH,40,134327,
Ţahţā,EG,24,134314,Tahta
San Juan,PH,NCR,134312,
Sibiu,RO,33,134309,
Olathe,US,KS,134305,
El Geneina Fort,SD,47,134264,
Ikirun,NG,42,134240,
Shenglilu,CN,33,134218,
San Nicolás de los Arroyos,AR,01,134217,San Nicolas de los Arroyos
Léogâne,HT,11,134190,Leogane
Vila Jacui,BR,27,134189,
Adiwerna,ID,07,134188,
Cametá,BR,16,134184,Cameta
Al Qurnah,IQ,02,134174,
Abakaliki,NG,53,134102,
Vitória de Santo Antão,BR,30,134084,Vitoria de Santo Antao
Marianao,CU,02,134057,
Warren,US,MI,134056,
Cizre,TR,80,134041,
Circoiscrizione VIII,IT,12,134028,
Bānkura,IN,28,133966,Bankura
İnegol,TR,16,133959,Inegol
Ebetsu,JP,12,133953,
Anyama,CI,93,133905,
Jiawang,CN,04,133861,
Singaraja,ID,02,133784,
Pātan,IN,09,133737,Patan
Würzburg,DE,02,133731,Wurzburg
Barysaw,BY,05,133700,
Đồng Hới,VN,44,133672,Đong Hoi
Randfontein,ZA,06,133654,
Pervouralsk,RU,71,133600,
Gondā City,IN,36,133583,Gonda|Gonda City|Gondā
Madīnat Ḩamad,BH,19,133550,Madinat Hamad
Ōme,JP,40,133535,Ome
Sinnūris,EG,04,133532,Sinnuris
Milagro,EC,10,133508,
Jaú,BR,27,133497,Jau
Thornton,US,CO,133451,
Valdivia,CL,17,133419,
Olmaliq,UZ,14,133400,
Okrika,NG,50,133271,
Santa Cruz do Sul,BR,23,133230,
High Wycombe,GB,ENG,133204,
Carrollton,US,TX,133168,
Talisay,PH,07,133148,
Gao,ML,09,133110,
Dhaulpur,IN,24,133075,
Tarime,TZ,08,133043,
Kentron,AM,11,133000,
Milton,CA,08,132979,
M'Sila,DZ,27,132975,
Narita,JP,04,132906,
Franceville,GA,02,132895,
Puqi,CN,12,132891,
Tondabayashichō,JP,32,132873,Tondabayashicho
Sandachō,JP,13,132858,Sandacho
Gondiā,IN,16,132813,Gondia
Dunedin,NZ,F7,132800,
Kislovodsk,RU,70,132771,
Kyauktan,MM,17,132765,
Schaerbeek,BE,BRU,132761,
Hoofddorp,NL,07,132734,
Machiques,VE,23,132734,
Palakkad,IN,13,132728,
Silifke,TR,32,132665,
Charleston,US,SC,132609,
Langley,CA,02,132603,
Midland,US,TX,132524,
Fujinomiya,JP,37,132507,
Mingala Tangnyunt,MM,17,132494,
Innsbruck,AT,07,132493,
Kingston,CA,08,132485,
Wugang,CN,11,132457,
Gloucester,GB,ENG,132416,
Waco,US,TX,132356,
Cerro,CU,02,132351,
Zama,JP,19,132325,
Manokwari,ID,39,132300,
Dimitrovgrad,RU,81,132226,
Zhalantun,CN,20,132224,
Bettiah,IN,34,132209,
Maijdi,BD,84,132185,
San Pedro Garza García,MX,19,132128,San Pedro Garza Garcia
Sapucaia do Sul,BR,23,132107,
Kombolcha,ET,46,132100,
Muricay,PH,09,132094,
Sterling Heights,US,MI,132052,
Surat Thani,TH,60,132040,
Fürth,DE,02,132036,Furth
Ferrara,IT,05,132009,
Quận Đức Thịnh,VN,00,132000,Quan Đuc Thinh
Isidro Casanova,AR,01,131981,
Ōmuta,JP,07,131974,Omuta
Villa Mercedes,CL,06,131936,
Fuji,CN,32,131927,
Palwal,IN,10,131926,
Bielany,PL,78,131910,
Dawukou,CN,21,131880,
Bulaon,PH,03,131818,
Garut,ID,30,131809,
Ajdabiya,LY,83,131773,
Abiko,JP,04,131771,
Kadoma,JP,32,131727,
Majie,CN,29,131696,
Bhakkar,PK,04,131658,
Rio Pequeno,BR,27,131631,
Kāshmar,IR,42,131517,Kashmar
Jijel,DZ,24,131513,
Martapura,ID,12,131449,
Villeurbanne,FR,84,131445,
Hải Châu,VN,48,131427,Hai Chau
Limbe,CM,09,131381,
Rānīganj,IN,28,131261,Raniganj
Hepo,CN,30,131238,
Iranshahr,IR,04,131232,
Soubré,CI,76,131181,Soubre
Onomichi,JP,11,131170,
Itapipoca,BR,06,131123,
Crato,BR,06,131050,
Denton,US,TX,131044,
Etah,IN,36,131023,
Pīlibhīt,IN,36,131008,Pilibhit
Shangzhi,CN,08,131006,
Lashio,MM,11,131000,
Novomoskovsk,RU,76,130982,
Matsubara,JP,32,130855,
Abengourou,CI,94,130810,
Al Bāb,SY,09,130745,Al Bab
Shuangcheng,CN,08,130710,
Exeter,GB,ENG,130709,
Circoiscrizione III,IT,12,130709,
Ho,GH,08,130701,
Narowal,PK,04,130692,
Lào Cai,VN,15,130671,Lao Cai
Al Ajaylat,LY,67,130546,
Udon Thani,TH,76,130531,
Baḥarkah,IQ,11,130518,Baharkah
Bayan Lepas,MY,09,130455,
Petrogradka,RU,66,130455,
Rajapalayam,IN,25,130442,
Zipaquirá,CO,33,130432,Zipaquira
Jīroft,IR,29,130429,Jiroft
Cedar Rapids,US,IA,130405,
Dongyang,CN,02,130387,
Nantou,CN,30,130370,
Botad,IN,09,130327,
Nablus,PS,WE,130326,
New Haven,US,CT,130322,
Arcahaie,HT,11,130306,
Jiazi,CN,30,130298,
Foumban,CM,08,130287,
Roseville,US,CA,130269,
Quilpué,CL,01,130263,Quilpue
Rawson,AR,18,130258,
Kati,ML,07,130254,
Seri Kembangan,MY,12,130252,
Kembangan,SG,00,130252,
Colchester,GB,ENG,130245,
Umeå,SE,23,130224,Umea
Din Daeng,TH,40,130220,
Chaman,PK,02,130139,
Apucarana,BR,18,130134,
Sennar,SD,58,130122,
Masaya,NI,11,130113,
Visalia,US,CA,130104,
Nankana Sahib,PK,04,130041,
Caála,AO,08,130000,Caala
Sonārgaon,BD,81,130000,Sonargaon
Tottenham,GB,ENG,130000,
Zugló,HU,05,130000,Zuglo
Aley,LB,05,130000,
San Martin,PE,20,130000,
Tychy,PL,83,130000,
Ramenki,RU,48,130000,
Wuda,CN,20,129922,
Cambridge,CA,08,129920,
Mardin,TR,72,129864,
Pingxiang,CN,16,129843,
Zwolle,NL,15,129840,
Baidoa,SO,04,129839,
Sầm Sơn,VN,38,129801,Sam Son
Santo António,CN,30,129800,Santo Antonio
Salford,GB,ENG,129794,
Mandi Bahauddin,PK,04,129733,
Tokat,TR,60,129702,
Erebuni,AM,11,129700,
Ô Môn,VN,92,129683,O Mon
Gapan,PH,03,129610,
Deoria,IN,36,129570,
Bayambang,PH,01,129506,
Mianwali,PK,04,129500,
Coral Springs,US,FL,129485,
Sherbrooke,CA,10,129447,
Al Bayḑā’,LY,63,129439,Al Bayda’
Jardim Helena,BR,27,129409,
Sabará,BR,15,129380,Sabara
Acilia-Castel Fusano-Ostia Antica,IT,07,129362,
Charlottenburg,DE,16,129359,
Thousand Oaks,US,CA,129339,
Columbia,US,MO,129330,
Győr,HU,09,129301,Gyor
Copiapó,CL,05,129280,Copiapo
Vespasiano,BR,15,129246,
Kokubunji,JP,40,129242,
Quibdó,CO,11,129237,Quibdo
Guelmim,MA,10,129200,
Charallave,VE,15,129182,
Shahr-e Kord,IR,03,129153,
Malambo,CO,04,129148,
Tatuí,BR,27,129130,Tatui
Iwakuni,JP,45,129125,
Leiyang,CN,11,129116,
Białołeka,PL,78,129106,
Cadiz,PH,06,129053,
Carnot,CF,19,129032,
Bat Yam,IL,05,129012,
Zacatecas,MX,32,129011,
Elizabeth,US,NJ,129007,
Zyablikovo,RU,48,129000,
Daur,PK,05,128958,
Bingöl,TR,12,128935,Bingol
Copacabana,BR,21,128919,
Sātkhira,BD,82,128918,Satkhira
Parung,ID,30,128905,
Palo Negro,VE,04,128875,
Stamford,US,CT,128874,
Idlib,SY,12,128840,
Moanda,CD,08,128804,
Sīnah,IQ,08,128776,Sinah
Ōsaki,JP,24,128763,Osaki
Magelang,ID,07,128709,
Concord,US,CA,128667,
Leiria,PT,13,128640,
Puno,PE,21,128637,
Kamyshin,RU,84,128626,
Shuanglonghu,CN,33,128563,
Nimach,IN,24,128561,
Kafr ad Dawwār,EG,03,128539,Kafr ad Dawwar
Águas Claras,BR,07,128486,Aguas Claras
Bosque Saúde,BR,27,128469,Bosque Saude
Novocheboksarsk,RU,16,128468,
Besançon,FR,27,128426,Besancon
Lugazi,UG,C,128400,
Thành phố Sông Công,VN,19,128357,Thanh pho Song Cong
Rosario,PH,40,128352,
Khardah,IN,28,128346,
Sakakah,SA,20,128332,
Khenifra,MA,05,128318,
Al Manāqil,SD,38,128297,Al Manaqil
Rustavi,GE,68,128249,
Jose Bonifacio,BR,27,128243,
Manzanillo,CU,09,128188,
Yavatmāl,IN,16,128175,Yavatmal
Hālīsahar,IN,28,128172,Halisahar
Serpukhov,RU,47,128158,
Rionegro,CO,02,128153,
Shache,CN,13,128145,
Siheungdong,KR,11,128142,
Khanna,IN,23,128137,
Koidu,SL,01,128030,
Norman,US,OK,128026,
Mosquera,CO,33,128012,
Orekhovo-Borisovo Severnoye,RU,48,128000,
Ivanovskoye,RU,48,128000,
Votorantim,BR,27,127923,
Buôn Hồ,VN,66,127920,Buon Ho
Chũ,VN,24,127881,Chu
Västerås,SE,25,127799,Vasteras
Seto,JP,01,127792,
Alhambra,US,AZ,127764,
Titāgarh,IN,28,127751,Titagarh
Newcastle under Lyme,GB,ENG,127727,
Opole,PL,79,127676,
Worcester,ZA,11,127597,
Elbląg,PL,85,127558,Elblag
Gaojing,CN,23,127512,
Sirajganj,BD,83,127481,
Jequié,BR,05,127475,Jequie
Płock,PL,78,127474,
Siguatepeque,HN,04,127468,
Wałbrzych,PL,72,127431,
Yevlakh,AZ,68,127400,
Mykilska Borshchahivka,UA,12,127400,
Al Manzalah,EG,01,127394,
Wau,SS,09,127384,
Songnan,CN,23,127347,
Södermalm,SE,26,127323,Sodermalm
Athens,US,GA,127315,
Amaigbo,NG,45,127300,
Vila Mariana,BR,27,127286,
Chiang Mai,TH,02,127240,
Lafia,NG,56,127236,
Jiangyou,CN,32,127225,
Cikampek,ID,30,127173,
Mustafābād,IN,07,127167,Mustafabad
Tengyue,CN,29,127133,
Shajing,CN,30,127089,
Jinfeng,CN,03,127076,
Sancti Spíritus,CU,14,127069,Sancti Spiritus
Mataró,ES,56,126988,Mataro
Kent,US,WA,126952,
Pakokku,MM,15,126938,
Murom,RU,83,126931,
Daska Kalan,PK,04,126924,
Sertãozinho,BR,27,126887,Sertaozinho
Hāthras,IN,36,126882,Hathras
Pulong Santa Cruz,PH,40,126844,
Klaten,ID,07,126831,
Khasavyurt,RU,17,126829,
Neftekamsk,RU,08,126805,
Villaverde,ES,29,126802,
Simi Valley,US,CA,126788,
Bayawan,PH,07,126744,
Shakargarh,PK,04,126742,
Jorhat,IN,03,126736,
Santa Cruz,PH,NCR,126735,
La Victoria,VE,04,126721,
Pakpattan,PK,04,126706,
Jingzhi,CN,25,126703,
Danshui,CN,30,126701,
Circoiscrizione V,IT,12,126666,
Barcarena,BR,16,126650,
Solihull,GB,ENG,126577,
East Los Angeles,US,CA,126496,
Lalitpur,IN,36,126475,
Jombang,ID,08,126465,
Maxixe,MZ,03,126408,
Nakhon Ratchasima,TH,27,126391,
Chinandega,NI,03,126387,
Al Jadīd,LY,75,126386,Al Jadid
Lambaré,PY,06,126377,Lambare
Valinhos,BR,27,126373,
Macheng,CN,12,126366,
Iizuka,JP,07,126364,
Hua Hin,TH,57,126355,
San Carlos del Zulia,VE,23,126353,
Vilkhivskyi,UA,14,126340,
Rafaḩ,PS,GZ,126305,Rafah
Ampang,MY,14,126285,
Altamira,BR,16,126279,
Guntakal,IN,02,126270,
Ālā'ĕr,CN,13,126259,Ala'er
Santa Clara,US,CA,126215,
Pithampur,IN,35,126200,
Paseh,ID,30,126181,
Mothīhāri,IN,34,126158,Mothihari
Koganei,JP,40,126074,
Retiro,ES,29,126058,
Nossa Senhora de Fátima,CN,30,126000,Nossa Senhora de Fatima
Sunset Park,US,NY,126000,
Topeka,US,KS,125963,
Orléans,CA,08,125937,Orleans
Paek'ak,KP,15,125924,
Huicheng,CN,30,125919,
Puerto Ayacucho,VE,01,125840,
Gashua,NG,44,125817,
Les Cayes,HT,12,125799,
Salerno,IT,04,125797,
Savannakhet,LA,20,125760,
Munūf,EG,09,125707,Munuf
Watford,GB,ENG,125707,
Giresun,TR,28,125682,
Xiazhen,CN,25,125667,
Torbat-e Ḩeydarīyeh,IR,42,125633,Torbat-e Heydariyeh
Chaeryŏng-ni,KP,15,125631,Chaeryong-ni
Kastamonu,TR,37,125622,
Kanhangad,IN,13,125564,
‘Ajlūn,JO,20,125557,‘Ajlun
Derince,TR,41,125485,
Sukawati,ID,02,125470,
Jagdalpur,IN,37,125463,
Kuopio,FI,11,125462,
Bang Sue,TH,40,125440,
Mailsi,PK,04,125431,
Los Ángeles,CL,06,125430,Los Angeles
Haimen,CN,30,125427,
Karabük,TR,89,125403,Karabuk
Ntuzuma,ZA,02,125394,
Tsuruoka,JP,44,125389,
Saint Peters,GB,ENG,125370,
Barbacena,BR,15,125317,
Uruma,JP,47,125303,
Debre Tabor,ET,46,125300,
Sakiet ed Daier,TN,32,125204,
Nzega,TZ,17,125193,
Abilene,US,TX,125182,
Ban Samae Dam,TH,40,125133,
Shahecheng,CN,10,125132,
Kumbo,CM,07,125124,
Ottawa South,CA,08,125090,
Willemstad,CW,,125000,
Bălţi,MD,60,125000,Balti
Dokri,PK,05,125000,
Tyoply Stan,RU,48,125000,
Az Zulfī,SA,10,125000,Az Zulfi
Sultan Kudarat,PH,14,124965,
Bet Shemesh,IL,06,124957,
Jagādhri,IN,10,124894,Jagadhri
Huixquilucan,MX,15,124846,
Semnan,IR,25,124826,
León,ES,55,124772,Leon
San Francisco de Macorís,DO,06,124763,San Francisco de Macoris
Yushu,CN,05,124736,
Yuanlin,TW,04,124725,
Santa Tecla,SV,05,124694,
Guarapari,BR,08,124656,
Ciudad Valles,MX,24,124644,
Ouahigouya,BF,10,124587,
Poblacion,PH,NCR,124554,
Kashihara-shi,JP,28,124521,
Ashmūn,EG,09,124483,Ashmun
Ağrı,TR,04,124483,Agrı
Leeuwarden,NL,02,124481,
Bến Tre,VN,86,124449,Ben Tre
Monza,IT,09,124398,
New Mirpur City,PK,06,124352,New Mirpur
Ji Paraná,BR,24,124333,Ji Parana
Chía,CO,33,124309,Chia
Olanchito,HN,18,124286,
Koreatown,US,CA,124281,
Targówek,PL,78,124279,Targowek
Lecheng,CN,30,124268,
Nancun,CN,25,124210,
Marand,IR,33,124191,
As Sinbillāwayn,EG,01,124020,As Sinbillawayn
Crawley,GB,ENG,124008,
Rudnyy,KZ,13,124000,
Magangué,CO,35,123982,Magangue
Itaguaí,BR,21,123980,Itaguai
Bemowo,PL,78,123932,
Metz,FR,44,123914,
Jiupu,CN,19,123843,
Dārjiling,IN,28,123797,Darjiling
Baoshan,CN,08,123791,
Salvaleón de Higüey,DO,10,123787,Salvaleon de Higuey
São Mateus,BR,08,123752,Sao Mateus
Butanta,BR,27,123748,
Thaton,MM,13,123727,
Budapest III. kerület,HU,05,123723,Budapest III. kerulet
Kurichchi,IN,25,123667,
Lumajang,ID,08,123626,
Ise,JP,23,123533,
Hagonoy,PH,03,123531,
Uruguaiana,BR,23,123480,
Samandağ,TR,31,123447,Samandag
Caraguatatuba,BR,27,123389,
Itaituba,BR,16,123314,
Pinsk,BY,01,123283,
Telde,ES,53,123265,
Indramayu,ID,30,123263,
Relizane,DZ,51,123255,
Bordj el Kiffan,DZ,01,123246,
Manas,KG,03,123239,
Kirishima,JP,18,123205,
Orizaba,MX,30,123182,
Bento Gonçalves,BR,23,123151,Bento Goncalves
Luoyang,CN,30,123144,
Toba Tek Singh,PK,04,123102,
Bragança,BR,16,123082,Braganca
Honmachi,JP,21,123067,
Wolfsburg,DE,06,123064,
Niihama,JP,05,123059,
Jiaohe,CN,05,123018,
Tsaritsyno,RU,48,123000,
Dos Hermanas,ES,51,122943,
Ajapnyak,AM,11,122800,
Tabuk,PH,15,122771,
Tabuk,PH,15,122771,
Dam Dam,IN,28,122719,
Hoima,UG,W,122700,
Alagoinhas,BR,05,122688,
Az Zubayr,IQ,02,122676,
Schöneberg,DE,16,122658,Schoneberg
Beppu,JP,30,122643,
Hardoī,IN,36,122635,Hardoi
Behbahān,IR,15,122604,Behbahan
Itatiba,BR,27,122581,
Huangzhou,CN,12,122563,
Sheepshead Bay,US,NY,122534,
Puruliya,IN,28,122533,
Ubon Ratchathani,TH,75,122533,
Virginia,ZA,03,122502,
Brits,ZA,10,122497,
Barretos,BR,27,122485,
Recklinghausen,DE,07,122438,
Xiulin,CN,12,122411,
Zhoucun,CN,25,122402,
Cherkessk,RU,27,122395,
Haveli Lakha,PK,04,122389,
Maastricht,NL,05,122378,
Amherst,US,NY,122366,
Igarassu,BR,30,122312,
Tekirdağ,TR,59,122287,Tekirdag
Shahr-e Ṣadrā,IR,07,122226,Shahr-e Sadra
Victorville,US,CA,122225,
Burton upon Trent,GB,ENG,122199,
Calumpit,PH,03,122187,
Lat Phrao,TH,40,122182,
Livoberezhnyi,UA,05,122175,
Göttingen,DE,06,122149,Gottingen
Titiwangsa,MY,14,122096,
Phasi Charoen,TH,40,122070,
Veshnyaki,RU,48,122000,
Presnenskiy,RU,48,122000,
Zābol,IR,04,121989,Zabol
Kaya,BF,05,121970,
Xiangcheng,CN,29,121959,
Dharmavaram,IN,02,121874,
Gokalpur,IN,07,121870,
Ādīgrat,ET,53,121800,Adigrat
Kotamobagu,ID,31,121756,
Carora,VE,13,121741,
Vallejo,US,CA,121692,
Bhadreswar,IN,28,121662,
Dorūd,IR,23,121638,Dorud
Bern,CH,BE,121631,
San Pedro de la Paz,CL,06,121631,
Nagaon,IN,03,121628,
Lahti,FI,07,121622,
Vejalpur,IN,09,121610,
Longshui,CN,33,121609,
Siracusa,IT,15,121605,
Mubende,UG,C,121600,
Stara Zagora,BG,59,121582,
Ondjiva,AO,07,121537,
Alberton,ZA,06,121536,
Gràcia,ES,56,121502,Gracia
Chikmagalūr,IN,19,121484,Chikmagalur
Ekibastuz,KZ,11,121470,
Algeciras,ES,51,121414,
Lafayette,US,LA,121374,
Lianhe,CN,08,121367,
Chico,US,CA,121345,
Bhadrak,IN,21,121338,
North Stamford,US,CT,121230,
Bergamo,IT,09,121200,
Ruse,BG,53,121168,
Sawai Madhopur,IN,24,121106,
Chơn Thành,VN,75,121083,Chon Thanh
Ambikāpur,IN,37,121071,Ambikapur
Apalit,PH,03,121057,
Hartford,US,CT,121054,
Bukittinggi,ID,24,121028,
Dolisie,CG,07,121000,
Zyuzino,RU,48,121000,
Sorriso,BR,14,120985,
Ejido,VE,14,120978,
Berkeley,US,CA,120972,
Xilin Hot,CN,20,120965,
Plaridel,PH,03,120939,
West Palm Beach,US,FL,120932,
Kashiwara,JP,28,120922,
Ikoma,JP,28,120741,
Heilbronn,DE,01,120733,
El Mourouj,TN,27,120732,
Ţūz Khūrmātū,IQ,18,120712,Tuz Khurmatu
Trento,IT,17,120709,
Shahdad Kot,PK,05,120687,
Catchiungo,AO,08,120677,
Ingolstadt,DE,02,120658,
Toa Payoh New Town,SG,00,120650,
Guará,BR,07,120641,Guara
Lichuan,CN,12,120587,
Bukit Bintang,MY,14,120529,
Fengcheng,CN,19,120514,
La Concepción,VE,23,120478,La Concepcion
Ulm,DE,01,120451,
Mandoli,IN,07,120417,
San Carlos,VE,08,120375,
Włocławek,PL,73,120339,
Allentown,US,PA,120207,
Satara,IN,16,120195,
Bao'an Centre,CN,30,120170,
Charsadda,PK,03,120170,
Fernando de la Mora,PY,06,120167,
Chūru,IN,24,120157,Churu
Perugia,IT,18,120137,
Gangāpur,IN,24,120115,Gangapur
Zhujing,CN,23,120084,
Bồ Đề,VN,01,120028,Bo Đe
Guelma,DZ,23,120004,
International City,AE,03,120000,International
Dubai Marina,AE,03,120000,
Zhaoyuan,CN,25,120000,
Nabatîyé et Tahta,LB,07,120000,Nabatiye et Tahta
Rustaq,OM,02,120000,
Solntsevo,RU,48,120000,
Orekhovo-Zuyevo,RU,47,120000,
Gereida,SD,49,120000,
Cabudwaaq,SO,05,120000,
Cheremushky,UA,17,120000,
Madhyapur Thimi,NP,3,119955,
Saint-Louis-de-Terrebonne,CA,10,119944,
Evansville,US,IN,119943,
Bonon,CI,96,119938,
Bottrop,DE,07,119909,
Ghotki,PK,05,119879,
Kwekwe,ZW,02,119863,
Malindi,KE,23,119859,
Ban I Chang,TH,52,119858,
Rize,TR,53,119828,
Almirante Tamandaré,BR,18,119825,Almirante Tamandare
Palm Bay,US,FL,119760,
Salto,BR,27,119736,
Ann,MM,01,119714,
Leiden,NL,11,119713,
Thon Buri,TH,40,119708,
Ajax,CA,08,119677,
Bergedorf,DE,04,119665,
Sambrial,PK,04,119571,
Pescara,IT,01,119554,
Modakeke,NG,42,119529,
Nobeoka,JP,25,119521,
Silang,PH,40,119475,
Amanfrom,GH,01,119467,
Moḩammad Shahr,IR,44,119418,Mohammad Shahr
Īz̄eh,IR,15,119399,Izeh
Nazilli,TR,09,119370,
Daitō,JP,32,119367,Daito
Hòa Cường,VN,48,119363,Hoa Cuong
Lira,UG,N,119323,
Toledo,BR,18,119313,
Pforzheim,DE,01,119313,
Salihli,TR,45,119311,
Arabkir,AM,11,119300,
Port Dickson,MY,05,119300,
Berkane,MA,02,119284,
Dordrecht,NL,11,119260,
Battambang,KH,29,119251,
Offenbach,DE,05,119192,
Arapongas,BR,18,119138,
Kitami,JP,12,119135,
Vĩnh Yên,VN,25,119128,Vinh Yen
Madhavaram,IN,25,119105,
Cagua,VE,04,119033,
Fujairah,AE,04,118933,
Mandimba,MZ,07,118922,
Reykjavík,IS,39,118918,Reykjavik
Dohad,IN,09,118846,
Cheltenham,GB,ENG,118836,
Huaraz,PE,02,118836,
Santa Coloma de Gramenet,ES,56,118821,
Piraquara,BR,18,118730,
Barshi,IN,16,118722,
Lhasa,CN,14,118721,
Bắc Quang,VN,08,118690,Bac Quang
Xunchang,CN,32,118664,
Hưng Yên,VN,33,118646,Hung Yen
Miramar,MX,28,118614,
Bremerhaven,DE,03,118610,
Queenstown,ZA,05,118599,
Nanbin,CN,33,118597,
Bandar-e Anzalī,IR,08,118564,Bandar-e Anzali
Khlong Luang,TH,39,118551,
Ādilābād,IN,40,118526,Adilabad
Fargo,US,ND,118523,
Brugge,BE,VLG,118509,
Jhunjhunūn,IN,24,118473,Jhunjhunun
Iguala de la Independencia,MX,12,118468,
Sarandi,BR,18,118455,
Senador Canedo,BR,29,118451,
Zomba,MW,S,118440,
Sepatan,ID,30,118439,
Malita,PH,11,118438,
Zielona Góra,PL,76,118433,Zielona Gora
Luodian,CN,23,118323,
Jetpur,IN,09,118302,
Tsentralno-Miskyi,UA,05,118283,
Uppal Kalan,IN,40,118259,
Maghāghah,EG,10,118223,Maghaghah
Pita Kotte,LK,36,118179,
Guiguinto,PH,03,118173,
Gudivāda,IN,02,118167,Gudivada
Setúbal,PT,19,118166,Setubal
Torrejón de Ardoz,ES,29,118162,Torrejon de Ardoz
Aizu-Wakamatsu,JP,08,118159,
Bama,NG,27,118121,
Ilobu,NG,42,118089,
Manolo Fortich,PH,10,118075,
Kiến An,VN,31,118047,Kien An
Jandira,BR,27,118045,
Guaratinguetá,BR,27,118044,Guaratingueta
San Rafael,AR,13,118009,
Shaoshan,CN,11,118000,
Troparëvo,RU,48,118000,Troparevo
Nghi Xuân,VN,42,118000,Nghi Xuan
Bārān,IN,24,117992,Baran
Narmadapuram,IN,35,117988,
Amreli,IN,09,117967,
Nakhon Pathom,TH,53,117927,
Manfalūţ,EG,17,117925,Manfalut
Kakegawa,JP,37,117925,
Handa,JP,01,117884,
Wushan,CN,33,117873,
Friedrichshain,DE,16,117829,
Abomey,BJ,18,117824,
Sokodé,TG,22,117811,Sokode
Araguari,BR,15,117808,
Tarnów,PL,77,117799,Tarnow
Bangkok Noi,TH,40,117793,
Jalingo,NG,43,117757,
Raposo Tavares,BR,27,117738,
Saanich,CA,02,117735,
Ibanda,UG,W,117700,
Bairro da Penha,BR,27,117691,
Nyíregyháza,HU,18,117689,Nyiregyhaza
Sano,JP,38,117669,
Karatsu,JP,33,117663,
Achinsk,RU,91,117634,
Pudukkottai,IN,25,117630,
Shunyi,CN,22,117623,
Rotherham,GB,ENG,117618,
Ciudad de Villa de Álvarez,MX,08,117600,Ciudad de Villa de Alvarez
Rouiba,DZ,01,117558,
Banyuwangi,ID,08,117558,
Tebingtinggi,ID,26,117530,
Tigwav,HT,11,117504,
Narasaraopet,IN,02,117489,
Lisala,CD,25,117464,
Badin,PK,05,117455,
Banfora,BF,02,117452,
Punta Arenas,CL,10,117430,
Kadoma,ZW,05,117381,
Midsayap,PH,12,117365,
Pyin Oo Lwin,MM,08,117303,
Clearwater,US,FL,117292,
Himamaylan,PH,06,117286,
Independence,US,MO,117255,
Heroica Guaymas,MX,26,117253,
Kedungwuni,ID,07,117249,
Ilebo,CD,18,117245,
Kristiansand,NO,42,117237,
Longjing,CN,05,117185,
Kroonstad,ZA,03,117152,
Remscheid,DE,07,117118,
Billings,US,MT,117116,
Möng Yang,MM,11,117108,Mong Yang
Umuarama,BR,18,117095,
Čačak,RS,SE,117072,Cacak
Ann Arbor,US,MI,117070,
Los Baños,PH,40,117030,Los Banos
Duekoué,CI,78,117023,Duekoue
Higashikurume,JP,40,117020,
Rishra,IN,28,117014,
Pinhais,BR,18,117000,
Kyzyl,RU,79,116983,
Cadiz,ES,51,116979,
Dąbrowa Górnicza,PL,83,116971,Dabrowa Gornicza
Fāqūs,EG,14,116945,Faqus
Tacurong,PH,12,116945,
Hōfu,JP,45,116925,Hofu
Gabela,AO,06,116903,
Serangoon,SG,00,116900,
Serangoon New Town,SG,00,116900,
Funza,CO,33,116890,
Merauke,ID,PS,116864,
Baripāda,IN,21,116849,Baripada
Kōnosu,JP,34,116828,Konosu
Soreang,ID,30,116780,
Smolyanskyi,UA,05,116779,
Dinaig,PH,14,116768,
Manp’o,KP,01,116760,
Muktsar,IN,23,116747,
El Monte,US,CA,116732,
Forlì,IT,05,116696,Forli
Azamgarh,IN,36,116644,
Santa Maria,BR,07,116622,
Masaka,UG,C,116600,
Cờ Đỏ,VN,92,116576,Co Đo
Taldykorgan,KZ,12510144,116558,
Moncloa-Aravaca,ES,29,116531,
Gulin,CN,32,116527,
Al Majaz,AE,06,116503,
Thung Khru,TH,40,116473,
Barnāla,IN,23,116449,Barnala
Yelahanka,IN,19,116447,
Pattaya,TH,46,116417,
Chittorgarh,IN,24,116406,
Chenggu,CN,26,116375,
Harlem,US,NY,116345,
Orléans,FR,24,116344,Orleans
Rouen,FR,28,116331,
Tinsukia,IN,03,116322,
Westminster,US,CO,116317,
Dasha,CN,30,116307,
Yakeshi,CN,20,116284,
Ipiranga,BR,27,116271,
Makumbako,TZ,30,116232,
Khargone,IN,35,116150,
Mariara,VE,07,116142,
Digos,PH,11,116122,
Tshilenge,CD,22,116073,
Aïn Beïda,DZ,29,116064,Ain Beida
Shahre Jadide Andisheh,IR,26,116062,
Andīsheh,IR,26,116062,Andisheh
Alcobendas,ES,29,116037,
Kissidougou,GN,F,116019,
San Tung Chung Hang,HK,NIS,116000,
Taganskiy,RU,48,116000,
Round Rock,US,TX,115997,
Noginsk,RU,47,115979,
Tinaquillo,VE,08,115937,
Wilmington,US,NC,115933,
Cavite City,PH,40,115932,Cavite
Campo Grande,BR,27,115925,
East Harlem,US,NY,115921,
Formosa,BR,29,115901,
Tandil,AR,01,115877,
Zoetermeer,NL,11,115845,
São Gonçalo do Amarante,BR,22,115838,Sao Goncalo do Amarante
Sri Jayewardenepura Kotte,LK,36,115826,
Nasushiobara,JP,38,115794,
Catanduva,BR,27,115791,
Várzea Paulista,BR,27,115771,Varzea Paulista
Baisha,CN,33,115761,
Banī Mazār,EG,10,115759,Bani Mazar
Taunsa,PK,04,115704,
Urasoe,JP,47,115690,
Santana,BR,27,115689,
Yelets,RU,43,115688,
Suan Luang,TH,40,115658,
Parla,ES,29,115611,
Mỹ Hào,VN,33,115608,My Hao
Anliu,CN,30,115560,
Ribeirão Pires,BR,27,115559,Ribeirao Pires
Recanto das Emas,BR,07,115550,
Chunga,ZM,09,115539,
Novo-Peredelkino,RU,48,115536,
Baidyabāti,IN,28,115504,Baidyabati
Okigwe,NG,28,115499,
Ar Rifā‘,BH,17,115495,Ar Rifa‘
Uzhhorod,UA,25,115449,
Kasese,UG,W,115400,
Lengshuijiang,CN,11,115399,
Tianfu,CN,25,115370,
Arvada,US,CO,115368,
Otaru,JP,12,115333,
Tayabas,PH,40,115318,
Inkisi,CD,08,115317,
Iriga City,PH,05,115306,Iriga
Vacoas,MU,17,115289,
Beaumont,US,TX,115282,
Vlorë,AL,51,115261,Vlore
Sanxia,TW,03,115185,
Provo,US,UT,115162,
Bastī,IN,36,115115,Basti
Peoria,US,IL,115070,
Ezeiza,AR,01,115021,
Lasnamäe,EE,01,115008,Lasnamae
Xiva,UZ,05,115000,
Amasya,TR,05,114921,
Mendoza,AR,13,114893,
Balkh,AF,30,114883,
Mingshui,CN,25,114858,
Vila Medeiros,BR,27,114839,
Phong Điền,VN,46,114820,Phong Đien
Wang Thonglang,TH,40,114768,
Carlsbad,US,CA,114746,
Mandera,KE,33,114718,
Qiaotou,CN,06,114712,
Gyumri,AM,07,114667,
Silopi,TR,80,114645,
Gangavati,IN,19,114642,
Ambur,IN,25,114608,
Gorzów Wielkopolski,PL,76,114567,Gorzow Wielkopolski
Simões Filho,BR,05,114559,Simoes Filho
Giridih,IN,38,114533,
Phool Nagar,PK,04,114530,
Quezon,PH,10,114521,
Aryanah,TN,38,114486,
Tungipara,BD,81,114482,
Ichinoseki,JP,16,114476,
Khenchela,DZ,47,114472,
Khon Kaen,TH,22,114459,
Odessa,US,TX,114428,
Catalão,BR,29,114427,Catalao
Tando Muhammad Khan,PK,05,114406,
Springfield,US,IL,114394,
Somaroboro,ZA,07,114369,
Guadalajara de Buga,CO,29,114316,
Pamanukan,ID,30,114290,
Codó,BR,13,114275,Codo
Pardīs,IR,26,114249,Pardis
Pleiku,VN,52,114225,
Downey,US,CA,114219,
Lower Hutt,NZ,G2,114200,
Yuyao,CN,02,114177,
Rānyah,IQ,05,114173,Ranyah
Hatsukaichi,JP,11,114173,
Tung Chung,HK,NIS,114100,
Salto,UY,15,114084,
Siirt,TR,74,114034,
Korolyov,UA,27,114034,
Zhaozhou,CN,08,114009,
Villa Lugano,AR,07,114000,
Ochakovo-Matveyevskoye,RU,48,114000,
Punta Cardón,VE,11,113999,Punta Cardon
Akishima,JP,40,113949,
Chililabombwe,ZM,08,113876,
Rivière-des-Prairies–Pointe-aux-Trembles,CA,10,113868,Riviere-des-Prairies–Pointe-aux-Trembles
Worthing,GB,ENG,113866,
Navojoa,MX,26,113836,
Offa,NG,30,113830,
Tobolsk,RU,78,113800,
Tōkai,JP,01,113787,Tokai
Wardha,IN,16,113759,
Wansheng,CN,33,113751,
Pattoki,PK,04,113735,
Eunápolis,BR,05,113710,Eunapolis
Wayaobu,CN,26,113698,
Hikone,JP,35,113647,
Nagahama,JP,35,113636,
Pingshan,CN,30,113631,
Songyuan,CN,05,113611,
Maba,CN,30,113609,
Fujimino,JP,34,113597,
Doncaster,GB,ENG,113566,
Bình Thủy,VN,92,113565,Binh Thuy
Dumaguete,PH,07,113541,
Budapest XIII. kerület,HU,05,113531,Budapest XIII. kerulet
Nippes,DE,07,113487,
Jaén,ES,51,113457,Jaen
Chengqiao,CN,23,113442,
Chorzów,PL,83,113430,Chorzow
Porz am Rhein,DE,07,113415,
Louga,SN,13,113365,
Elmhurst,US,NY,113364,
Hoàng Mai,VN,40,113360,Hoang Mai
Kamsar,GN,B,113350,
Itabira,BR,15,113343,
Yaritagua,VE,22,113343,
Shahdadpur,PK,05,113342,
Khwisero,KE,20,113294,
Costa Mesa,US,CA,113204,
Jauharabad,PK,04,113188,
Miami Gardens,US,FL,113187,
Chesterfield,GB,ENG,113057,
North Peoria,US,IL,113004,
Shchyolkovo,RU,47,113000,
Al Fashn,EG,18,112999,
Fairfield,US,CA,112970,
Guanabacoa,CU,02,112964,
Hammanskraal,ZA,10,112950,
Ōshū,JP,16,112937,Oshu
Taourirt,MA,02,112908,
Paulo Afonso,BR,05,112870,
Ţalkhā,EG,01,112851,Talkha
Neili,TW,04,112845,
Vihari,PK,04,112840,
Taonan,CN,05,112819,
Youkaichi,JP,35,112819,
Kazo,JP,34,112792,
Santa Lucía Cotzumalguapa,GT,06,112780,Santa Lucia Cotzumalguapa
Jönköping,SE,08,112766,Jonkoping
City of Port Phillip,AU,07,112669,
Tadepalligudem,IN,02,112655,
Haikou,CN,29,112644,
Lansing,US,MI,112644,
Chanduasi,IN,36,112635,
Bagaha,IN,34,112634,
Nefteyugansk,RU,32,112632,
Reutlingen,DE,01,112627,
Bushwick,US,NY,112620,
Upata,VE,06,112617,
Shaowu,CN,07,112585,
Mengmao,CN,29,112578,
Tangará da Serra,BR,14,112547,Tangara da Serra
Lawang,ID,08,112540,
Itacoatiara,BR,04,112520,
Bouskoura,MA,06,112501,
Satu Mare,RO,32,112490,
Cubatão,BR,27,112476,Cubatao
Kaiyuan,CN,19,112462,
Kisii,KE,25,112417,
Petržalka,SK,02,112380,Petrzalka
Kāzerūn,IR,07,112360,Kazerun
Ermelino Matarazzo,BR,27,112333,
Achalpur,IN,16,112311,
Guanare,VE,18,112286,
Wuzhishan,CN,31,112269,
Gravesend,US,NY,112229,
Rochester,US,MN,112225,
Gondal,IN,09,112197,
Chichawatni,PK,04,112191,
Farīdpur,BD,81,112187,Faridpur
Apopa,SV,10,112158,
Carmona,PH,40,112140,
Laoag,PH,01,112117,
Elgin,US,IL,112111,
Dharashiv,IN,16,112085,
Xigang,CN,21,112061,
Chóngfú,CN,02,112060,Chongfu
Taipa,MO,11875159,112051,
Port Blair,IN,01,112050,
Minatitlán,MX,30,112046,Minatitlan
Esuk Oron,NG,21,112033,
Atbara,SD,53,112021,
Vicenza,IT,20,111980,
Ciudad Guzmán,MX,14,111975,Ciudad Guzman
Ballarat,AU,07,111973,
Tocoa,HN,03,111972,
West Jordan,US,UT,111946,
Passos,BR,15,111939,
Bagalkot,IN,19,111933,
Lomas de Zamora,AR,01,111897,
Yeoju,KR,13,111897,
Dūmā,SY,08,111864,Duma
Winterthur,CH,ZH,111840,
Novokuybyshevsk,RU,65,111800,
Bou Saâda,DZ,27,111787,Bou Saada
Marituba,BR,16,111785,
Abnūb,EG,17,111785,Abnub
Qūchān,IR,42,111752,Quchan
Kuningan,ID,30,111742,
Suriāpet,IN,40,111729,Suriapet
Kandy,LK,29,111701,
Zefta,EG,05,111700,
Nova Lima,BR,15,111697,
Bangaon,IN,28,111693,
Araxá,BR,15,111691,Araxa
Inglewood,US,CA,111666,
Kilis,TR,90,111648,
Conselheiro Lafaiete,BR,15,111596,
Terrebonne,CA,10,111575,
Resende,BR,21,111514,
Kyimyindine,MM,17,111514,
Set Ka Lay,MM,17,111514,
Chelmsford,GB,ENG,111511,
Marzahn,DE,16,111508,
Chiquimula,GT,04,111505,
Cileunyi,ID,30,111476,
Ashoknagar Kalyangarh,IN,28,111475,
Mongu,ZM,01,111450,
Mulhouse,FR,44,111430,
Al Fqih Ben Çalah,MA,05,111402,Al Fqih Ben Calah
Pulilan,PH,03,111384,
Beau Bassin-Rose Hill,MU,17,111355,
Tuscaloosa,US,AL,111338,
Sogamoso,CO,36,111336,
Sainte-Foy,CA,10,111300,
Mbale,UG,E,111300,
São Lourenço da Mata,BR,30,111249,Sao Lourenco da Mata
Montreuil,FR,11,111240,
Terni,IT,18,111189,
Deesa,IN,09,111160,
Navadwīp,IN,28,111123,Navadwip
Maran,MY,06,111056,
Nandurbar,IN,16,111037,
Kasuga,JP,07,111023,
Nsukka,NG,47,111017,
Nguru,NG,44,111014,
Mabopane,ZA,06,110972,
Namur,BE,WAL,110939,
Encheng,CN,30,110921,
Turhal,TR,60,110884,
Gò Vấp,VN,79,110850,Go Vap
Richardson,US,TX,110815,
Bokhtar,TJ,02,110800,
Hadejia,NG,39,110753,
Zhuji,CN,02,110721,
Perpignan,FR,76,110706,
Lowell,US,MA,110699,
Manacapuru,BR,04,110691,
East Independence,US,MO,110675,
Caen,FR,28,110624,
Kyivskyi,UA,18,110600,
Borāzjān,IR,22,110567,Borazjan
São Pedro da Aldeia,BR,21,110556,Sao Pedro da Aldeia
Yenangyaung,MM,15,110553,
Gresham,US,OR,110553,
Antioch,US,CA,110542,
Paulínia,BR,27,110537,Paulinia
Manzini,SZ,03,110537,
St. John's,CA,05,110525,
Delicias,ES,52,110520,
Masindi,UG,W,110500,
Kfar Saba,IL,02,110456,
Matsutō,JP,15,110408,Matsuto
Cambridge,US,MA,110402,
Sultānpur,IN,36,110368,Sultanpur
Delhi Cantonment,IN,07,110351,
Firozpur,IN,23,110313,
Bayugan,PH,13,110313,
High Point,US,NC,110268,
Datun,CN,04,110258,
Manchester,US,NH,110229,
Bāneh,IR,16,110218,Baneh
Geylang,SG,00,110201,
Kresek,ID,30,110182,
Bender,MD,62,110175,
Mbombela,ZA,07,110159,
Rodenkirchen,DE,07,110158,
Sembawang Estate,SG,00,110090,
Tubarão,BR,26,110088,Tubarao
Gabès,TN,29,110075,Gabes
Orkney,ZA,10,110052,
Qingnian,CN,25,110046,
Temecula,US,CA,110003,
Lucapa,AO,17,110000,
Mendip,GB,ENG,110000,
Qal‘at Sukkar,IQ,09,110000,
An Nu‘mānīyah,IQ,16,110000,An Nu‘maniyah
Kufa,IQ,17,110000,
Ressano Garcia,MZ,04,110000,
Noyabrsk,RU,87,110000,
Sengerema,TZ,12,110000,
Bataysk,RU,61,109962,
Pisa,IT,16,109960,
Linshui,CN,10,109955,
Kamagaya,JP,04,109932,
Sutton Coldfield,GB,ENG,109899,
Hailun,CN,08,109881,
Maramag,PH,10,109864,
Kecskemét,HU,01,109847,Kecskemet
Seversk,RU,75,109844,
Ciamis,ID,30,109839,
Murrieta,US,CA,109830,
Brovary,UA,13,109806,
Lak Si,TH,40,109770,
Wakefield,GB,ENG,109766,
Centennial,US,CO,109741,
Shilong,CN,30,109733,
Richmond,US,CA,109708,
Corona,US,NY,109698,
Thới Lai,VN,92,109684,Thoi Lai
Sejoumi,TN,36,109672,
Pandit Deen Dayal Upadhyaya Nagar,IN,36,109650,
Dchira El Jihadia,MA,09,109564,
Didao,CN,08,109561,
Arsuz,TR,31,109550,
Pelabuhanratu,ID,30,109523,
Marugame,JP,17,109513,
Habikino,JP,32,109479,
Arzamas,RU,51,109479,
Phalaborwa,ZA,09,109468,
Walthamstow,GB,ENG,109424,
Pueblo,US,CO,109412,
Guaianases,BR,27,109316,
Ijebu-Igbo,NG,16,109261,
Sergiyev Posad,RU,47,109252,
Talisay,PH,06,109204,
San Juan,AR,18,109123,
Sehore,IN,35,109118,
Jianchang,CN,03,109108,
Hulan,CN,08,109104,
Matagalpa,NI,12,109089,
Khlong Toei,TH,40,109041,
Leninsk-Kuznetsky,RU,29,109023,
Kiryū,JP,10,108991,Kiryu
Handeni,TZ,18,108968,
Balombo,AO,01,108965,
Zhongxiang,CN,12,108883,
Thunder Bay,CA,08,108843,
Iwatsuki,JP,34,108833,
Pearland,US,TX,108821,
Dehui,CN,05,108818,
Pangkalanbuun,ID,13,108814,
Waterbury,US,CT,108802,
Greeley,US,CO,108795,
Boulogne-Billancourt,FR,11,108782,
Warīsān,AE,03,108759,Warisan
Kalisz,PL,86,108759,
Baia Mare,RO,25,108759,
Mascara,DZ,26,108629,
Uromi,NG,37,108608,
Katumba,TZ,09,108558,
Móng Cái,VN,22,108553,Mong Cai
Vila Maria,BR,27,108543,
Kanpur Cantonment,IN,36,108534,
Komatsu,JP,15,108509,
West Covina,US,CA,108484,
Enterprise,US,NV,108481,
Bānsbāria,IN,28,108474,Bansbaria
Girón,CO,26,108466,Giron
Baghlān,AF,03,108449,Baghlan
Hanjia,CN,33,108430,
Trincomalee,LK,37,108420,
La Cité-Limoilou,CA,10,108415,La Cite-Limoilou
Santiago,PH,02,108414,
Taibai,CN,33,108387,
Vedado,CU,02,108369,
Dagenham,GB,ENG,108368,
Xuyong,CN,32,108352,
North Charleston,US,SC,108304,
Sohar,OM,11,108274,
Nehe,CN,08,108253,
Oktyabrsky,RU,08,108200,
Tadpatri,IN,02,108171,
Birnin Kebbi,NG,40,108164,
Santa Cruz,PH,40,108145,
Everett,US,WA,108010,
An Nuhūd,SD,62,108008,An Nuhud
Ŭllyul,KP,06,107997,Ullyul
Rijeka,HR,12,107964,
Douliu,TW,04,107924,
Luis Eduardo Magalhães,BR,05,107909,Luis Eduardo Magalhaes
Catbalogan,PH,08,107896,
College Station,US,TX,107889,
As Salţ,JO,02,107874,As Salt
Mishima,JP,37,107851,
Baía Farta,AO,01,107841,Baia Farta
Jalpāiguri,IN,28,107832,Jalpaiguri
Jalai Nur,CN,20,107828,
Tajimi,JP,09,107818,
Castelar,AR,01,107786,
Pompano Beach,US,FL,107762,
Coronel,CL,06,107759,
Dusit,TH,40,107655,
Mandurah,AU,08,107643,
Basingstoke,GB,ENG,107642,
Bandırma,TR,10,107631,
Maidstone,GB,ENG,107627,
Tieli,CN,08,107621,
Umm Qaşr,IQ,02,107620,Umm Qasr
Santana,BR,03,107618,
Butterworth,MY,09,107591,
Shaping,CN,30,107589,
Labé,GN,L,107571,Labe
Chālūs,IR,35,107490,Chalus
Koszalin,PL,87,107450,
Bolzano,IT,17,107436,
South Fulton,US,GA,107436,
Sherpur,BD,H,107419,
Obninsk,RU,25,107392,
Circoiscrizione VI,IT,12,107369,
Girardot City,CO,33,107324,Girardot
Koblenz,DE,08,107319,
Itaperuna,BR,21,107246,
Siegen,DE,07,107242,
Hirnytskyi,UA,05,107216,
Cambé,BR,18,107208,Cambe
Mangalagiri,IN,02,107197,
Thohoyandou,ZA,09,107144,
As Suwayq,OM,11,107143,
Norwalk,US,CA,107140,
Yên Vinh,VN,40,107082,Yen Vinh
Mitrovicë,XK,10097358,107045,Mitrovice
Yevpatoriya,UA,11,107040,
Pati,ID,07,107028,
Elista,RU,24,106971,
Breves,BR,16,106968,
Dera Murad Jamali,PK,02,106952,
Taungoo,MM,16,106945,
Bedford,GB,ENG,106940,
Bagong Silangan,PH,NCR,106886,
Kangnyŏng,KP,06,106827,Kangnyong
Catia La Mar,VE,26,106822,
Boulder,US,CO,106803,
Anning,CN,29,106795,
Rayong,TH,47,106737,
Sirte,LY,76,106705,
Kotri,PK,05,106615,
Cherëmushki,RU,48,106587,Cheremushki
Broken Arrow,US,OK,106563,
Daly City,US,CA,106562,Daly
Açailândia,BR,13,106550,Acailandia
Cikarang,ID,30,106479,
Arlit,NE,01,106448,
Bahārestān,IR,28,106433,Baharestan
Ba Đồn,VN,44,106413,Ba Đon
Ranebennur,IN,19,106406,
Longjiang,CN,08,106384,
Hwado,KR,13,106358,
Buhe,CN,12,106347,
Hammamet,TN,19,106326,
Pindiga,NG,55,106322,
Berdyansk,UA,26,106311,
Toufen,TW,04,106310,
Mīāneh,IR,33,106291,Mianeh
Dakhla,EH,CE,106277,
Paniqui,PH,03,106190,
Novotroitsk,RU,55,106186,
Bergisch Gladbach,DE,07,106184,
Rangamati,BD,84,106069,
Alchevsk,UA,14,106062,
Sơn La,VN,14,106052,Son La
Mingachevir,AZ,33,106048,
Legnica,PL,72,106033,
Drammen,NO,04,106013,
Pare,ID,08,106007,
Tokoza,ZA,06,106000,
Sydney,CA,07,105968,
Derbent,RU,17,105965,
Xinghua,CN,04,105918,
Khurja,IN,36,105909,
Mati,PH,11,105908,
Arjawinangun,ID,30,105845,
Le Plateau-Mont-Royal,CA,10,105813,
Funchal,PT,10,105795,
Kishanganj,IN,34,105782,
Yautepec,MX,17,105780,
Jataí,BR,29,105729,Jatai
Sergeli,UZ,13,105700,
Azare,NG,46,105687,
Nantou,TW,04,105682,
Ipojuca,BR,30,105638,
Lahad Datu,MY,16,105622,
Vila Prudente,BR,27,105590,
Subulussalam,ID,01,105553,
Nova Serrana,BR,15,105552,
Paragominas,BR,16,105550,
Bukama,CD,15,105530,
Ponnāni,IN,13,105512,Ponnani
Tanza,PH,NCR,105510,
Inzai,JP,04,105463,
Bhairab Bāzār,BD,81,105457,Bhairab Bazar
Chengtangcun,CN,25,105456,
Hindaun,IN,24,105452,
Jamālpur,IN,34,105434,Jamalpur
Abū Tīj,EG,17,105418,Abu Tij
Coatepeque,GT,13,105415,
Baraki,DZ,01,105402,
Robāţ Karīm,IR,26,105393,Robat Karim
'Ākra,IQ,15,105370,'Akra
Sandy Springs,US,GA,105330,
Burbank,US,CA,105319,
Taling Chan,TH,40,105299,
San Justo,AR,01,105274,
Hòa Bình,VN,25,105260,Hoa Binh
Saint-Paul,RE,RE,105240,
Ourense,ES,58,105233,
Nāgaur,IN,24,105218,Nagaur
Riacho Fundo II,BR,07,105210,
Green Bay,US,WI,105207,
Mityana,UG,C,105200,
Jizan,SA,17,105198,
Texcoco de Mora,MX,15,105165,
Bang Bon,TH,40,105161,
Nikopol,UA,04,105160,
Slovyansk,UA,05,105141,
Maranguape,BR,06,105093,
Santa Maria,US,CA,105093,
Assis,BR,27,105087,
San Francisco De Borja,PE,15,105076,
Yidu,CN,25,105070,
Nancy,FR,44,105058,
Planaltina,BR,29,105031,
Araguaína,BR,31,105019,Araguaina
Kuala Krai,MY,03,105007,
Zhonghe,CN,33,105003,
Universal City,US,CA,105000,Universal
Puyang Chengguanzhen,CN,09,104994,
Ikeda,JP,32,104993,
Waterloo,CA,08,104986,
Ambala Sadar,IN,10,104974,
Chinautla,GT,07,104972,
Salzgitter,DE,06,104970,
Ville-Marie,CA,10,104944,
Moratalaz,ES,29,104923,
Bhiwadi,IN,24,104921,
Būndi,IN,24,104919,Bundi
Miryalaguda,IN,40,104918,
Daxing,CN,22,104904,
Artur Alvim,BR,27,104864,
Yezhou,CN,12,104839,
Hidalgo del Parral,MX,06,104836,
Saijō,JP,05,104791,Saijo
Lavras,BR,15,104761,
Coronel Fabriciano,BR,15,104736,
Jena,DE,15,104712,
Wichita Falls,US,TX,104710,
Brantford,CA,08,104688,
Gera,DE,15,104659,
Tuyên Quang,VN,08,104645,Tuyen Quang
Ottakring,AT,09,104627,
Al Fāw,IQ,02,104569,Al Faw
Angoche,MZ,06,104540,
Depok,ID,10,104527,
Toride,JP,14,104524,
Mostar,BA,01,104518,
Mazyr,BY,02,104517,
Kamloops,CA,02,104460,
Mazabuka,ZM,07,104412,
Lakeland,US,FL,104401,
Pozniaky,UA,12,104400,
Zhezqazghan,KZ,12510145,104357,
Pailou,CN,33,104351,
Lo Prado,CL,12,104316,
Tizi Ouzou,DZ,14,104312,
Pulandian,CN,19,104277,
Helsingborg,SE,27,104250,
Kot Addu,PK,04,104217,
Bouaflé,CI,96,104209,Bouafle
Kara,TG,23,104207,
Clovis,US,CA,104180,
Kafue,ZM,09,104174,
Wuchuan,CN,30,104168,
Muriaé,BR,15,104108,Muriae
Salaqi,CN,20,104090,
Kalulushi,ZM,08,104046,
Lewisville,US,TX,104039,
Oued Zem,MA,05,104029,
Weldiya,ET,46,104000,
Soyībug,IN,12,104000,Soyibug
Izmaylovo,RU,48,104000,
Kiselëvsk,RU,29,104000,Kiselevsk
Jishu,CN,05,103988,
El Kelaa des Srarhna,MA,07,103982,
Séguéla,CI,97,103980,Seguela
Ourinhos,BR,27,103970,
Totonicapán,GT,21,103952,Totonicapan
Abreu e Lima,BR,30,103945,
Ad-Damir,SD,53,103941,
Jagtiāl,IN,40,103930,Jagtial
Woking,GB,ENG,103900,
Roorkee,IN,39,103894,
Edéa,CM,05,103861,Edea
Yuxi,CN,29,103829,
Lincoln,GB,ENG,103813,
Novo Gama,BR,29,103804,
Poá,BR,27,103765,Poa
Bashan,CN,03,103748,
Nkpor,NG,25,103733,
Berbérati,CF,04,103713,Berberati
Bacabal,BR,13,103711,
Sangla Hill,PK,04,103709,
Tongren,CN,06,103700,
Tyler,US,TX,103700,
Male,MV,38,103693,
El Cajon,US,CA,103679,
Mandaqui,BR,27,103665,
Piacenza,IT,05,103607,
Gardez,AF,36,103601,
Zhanaozen,KZ,09,103598,
Gangu Chengguanzhen,CN,15,103589,
Teziutlan,MX,21,103583,
Kolda,SN,11,103574,
Vila Matilde,BR,27,103558,
Udgīr,IN,16,103550,Udgir
San Mateo,US,CA,103536,
Viseu,PT,22,103502,
Nagda,IN,35,103501,
Moers,DE,07,103487,
Brandon,US,FL,103483,
Buzău,RO,11,103481,Buzau
Reus,ES,56,103477,
Prabumulih,ID,32,103470,
Itabaiana,BR,28,103440,
Francistown,BW,13,103417,
Isehara,JP,19,103401,
Queluz,PT,14,103399,
Ubá,BR,15,103365,Uba
Betūl,IN,35,103330,Betul
Chikushino-shi,JP,07,103311,
Akademicheskoe,RU,42,103304,
Turgutlu,TR,45,103292,
Lida,BY,03,103262,
Taitung,TW,04,103260,
Kalynivskyi,UA,05,103249,
San,ML,05,103227,
Jahānābād,IN,34,103202,Jahanabad
Lethbridge,CA,01,103197,
Cursino,BR,27,103171,
Velikiye Luki,RU,60,103149,
Kashipur,IN,39,103138,
Rialto,US,CA,103132,
West Bromwich,GB,ENG,103112,
Itanhaém,BR,27,103102,Itanhaem
Ghazīpur,IN,36,103095,Ghazipur
Tanjung Pandan,ID,35,103062,
Santo Antônio de Jesus,BR,05,103055,Santo Antonio de Jesus
Ikere-Ekiti,NG,54,103054,
Hildesheim,DE,06,103052,
Kharian,PK,04,103036,
Bendigo,AU,07,103034,
Rantauprapat,ID,26,103009,
Chumakivskyi,UA,05,103005,
Nkayi,CG,01,103000,
Amaravati,IN,02,103000,
Bogorodskoye,RU,48,103000,
Pārsābād,IR,32,102996,Parsabad
Lahān,NP,2,102955,Lahan
Liberec,CZ,83,102951,
Nagapattinam,IN,25,102905,
Qurayyat,SA,20,102903,
Buxar,IN,34,102861,
Portmore,JM,10,102861,
Santa Rosa,AR,11,102860,
Palma Soriano,CU,15,102826,
Pushkino,RU,47,102816,
Khushāb,PK,04,102793,Khushab
Lafiagi,NG,30,102779,
Caieiras,BR,27,102775,
Xincheng,CN,13,102752,
Lyon 03,FR,84,102725,
Pasrur,PK,04,102717,
Belawan,ID,26,102707,
Pano Aqil,PK,05,102701,
Piatra Neamţ,RO,28,102688,Piatra Neamt
Cabudare,VE,13,102686,
Erlangen,DE,02,102675,
Tepexpan,MX,15,102667,
Tivaouane,SN,07,102658,
Entebbe,UG,C,102600,
Davenport,US,IA,102582,
Darnah,LY,70,102581,
Dayrūţ,EG,17,102570,Dayrut
Whalley,CA,02,102555,
Edison,US,NJ,102548,
Skhidni Kvartaly,UA,14,102500,
Curicó,CL,11,102438,Curico
Kangsŏn,KP,15,102436,Kangson
La Vega,DO,30,102426,
Shāhzādpur,BD,83,102420,Shahzadpur
Tulancingo,MX,13,102406,
Perdizes,BR,27,102391,
Yono,JP,34,102364,
Apatzingán,MX,16,102362,Apatzingan
Ciutat Vella,ES,56,102347,
Hillsboro,US,OR,102347,
Mormugao,IN,33,102345,
Seoni,IN,35,102343,
Shabqadar,PK,03,102340,
Mitte,DE,16,102338,
Sabanalarga,CO,04,102334,
Jishou,CN,11,102332,
Ngong,KE,19,102323,
Sebeta,ET,51,102300,
Artëm,RU,59,102300,Artem
Tsuyama,JP,31,102294,
Limerick,IE,M,102287,
Birigui,BR,27,102277,
Aurangābād,IN,34,102244,Aurangabad
Lampa,CL,12,102234,
Sungai Penuh,ID,05,102224,
Ituiutaba,BR,15,102217,
Ukhta,RU,34,102187,
Nakhon Si Thammarat,TH,64,102152,
Japeri,BR,21,102149,
Putatan,PH,NCR,102146,
Shuifu,CN,29,102143,
Kani,JP,09,102143,
Ōnojō,JP,07,102085,Onojo
Kot Radha Kishan,PK,04,102057,
Al Jumayl,LY,67,102000,
Shchukino,RU,48,102000,
Brateyevo,RU,48,102000,
Maldonado,UY,09,102000,
Venlo,NL,05,101988,
Parintins,BR,04,101956,
Mairiporã,BR,27,101937,Mairipora
Novara,IT,12,101916,
Shūshtar,IR,15,101878,Shushtar
Wilmersdorf,DE,16,101877,
Al-Musayab,IQ,06,101873,
Pôr do Sol,BR,07,101866,Por do Sol
Hedong,CN,30,101825,
Hinganghāt,IN,16,101805,Hinganghat
Balsas,BR,13,101767,
Zonguldak,TR,85,101749,
Iğdır,TR,88,101700,Igdır
Kawachi-Nagano,JP,32,101692,
Eastbourne,GB,ENG,101689,
Dhamtari,IN,37,101677,
Delta,CA,02,101668,
Orsha,BY,07,101662,
Worcester,GB,ENG,101659,
Las Cruces,US,NM,101643,
Székesfehérvár,HU,08,101600,Szekesfehervar
Lagarto,BR,28,101579,
Kindrativskyi,UA,05,101565,
Bath,GB,ENG,101557,
Sidi Slimane,MA,04,101541,
Iida,JP,26,101536,
Los Puertos de Altagracia,VE,23,101527,
South Bend,US,IN,101516,
Kansk,RU,91,101502,
Kalmiuskyi,UA,05,101498,
Chilliwack,CA,02,101491,
Queenstown Estate,SG,00,101480,
Argenteuil,FR,11,101475,
Khanty-Mansiysk,RU,32,101466,
Isulan,PH,12,101455,
Itaim Bibi,BR,27,101452,
Mbaké,SN,03,101451,Mbake
Pavlohrad,UA,04,101430,
Simmering,AT,09,101420,
Mustafakemalpaşa,TR,16,101412,Mustafakemalpasa
Burayu,ET,51,101400,
Chilakalūrupet,IN,02,101398,Chilakalurupet
Malappuram,IN,13,101386,
Ébolowa,CM,14,101363,Ebolowa
Dartmouth,CA,07,101343,
Orihuela,ES,60,101321,
Kallang,SG,00,101290,
Sangju,KR,14,101267,
Perling,MY,01,101263,
Albany,US,NY,101228,
Medina Estates,GH,01,101207,
Chakwal,PK,04,101200,
Ngã Bảy,VN,92,101192,Nga Bay
Colatina,BR,08,101190,
Gillingham,GB,ENG,101187,
Suruç,TR,63,101178,Suruc
Teófilo Otoni,BR,15,101170,Teofilo Otoni
Huacheng,CN,30,101165,
Ocaña,CO,21,101158,Ocana
Hồng Ngự,VN,82,101155,Hong Ngu
Daoukro,CI,81,101136,
Tokuyama,JP,45,101133,
Ţimā,EG,24,101130,Tima
Donghae City,KR,06,101128,Donghae
Standerton,ZA,07,101101,
Kanoya,JP,18,101096,
Mokopane,ZA,09,101090,
Dikirnis,EG,01,101082,
New Bedford,US,MA,101079,
Lāhījān,IR,08,101073,Lahijan
Leuven,BE,VLG,101032,
Mezhdurechensk,RU,29,101026,
Bānswāra,IN,24,101017,Banswara
Jolo,PH,14,101002,
Ryazanskiy,RU,48,101000,
Novyye Cherëmushki,RU,48,101000,Novyye Cheremushki
Elbasan,AL,43,100903,
Pechersk,UA,12,100900,
Ijok,MY,12,100899,
Vista,US,CA,100890,
Davie,US,FL,100882,
Errachidia,MA,08,100870,
Twifu Praso,GH,04,100851,
Red Deer,CA,01,100844,
Solikamsk,RU,90,100812,
El Progreso,HN,18,100810,
Chirmiri,IN,37,100800,
Chikusei,JP,14,100753,
Sungailiat,ID,35,100750,
Arezzo,IT,16,100734,
Újpest,HU,05,100694,Ujpest
Calasiao,PH,01,100686,
Glazov,RU,80,100676,
Rosarito,MX,02,100660,
Kallithéa,GR,ESYE31,100641,Kallithea
Ahar,IR,33,100641,
Juan Díaz,PA,08,100636,Juan Diaz
Yên Bái,VN,15,100631,Yen Bai
Grogol,ID,07,100613,
Nāḩiyat al Iskandarīyah,IQ,06,100600,Nahiyat al Iskandariyah
Puerto Barrios,GT,09,100593,
Bakwa,CD,16,100575,
Itārsi,IN,35,100574,Itarsi
Chinatown,US,CA,100574,
Si Maha Phot,TH,74,100563,
Hà Tiên,VN,91,100560,Ha Tien
Oleksiyivka,UA,07,100500,
Masjed Soleymān,IR,15,100497,Masjed Soleyman
Los Rastrojos,VE,13,100497,
Vasco da Gama,IN,33,100485,
Barakaldo,ES,59,100435,
Lianjiang,CN,30,100341,
Oleksandrivskyi,UA,05,100330,
Ermelo,ZA,07,100324,
Klagenfurt am Wörthersee,AT,02,100316,Klagenfurt am Worthersee
Linxi,CN,10,100316,
Tiébo,SN,03,100289,Tiebo
Gangtok,IN,29,100286,
Datia,IN,35,100284,
Sakado,JP,34,100275,
Sakata,JP,44,100273,
Ust’-Ilimsk,RU,20,100271,
Girona,ES,56,100266,
Renton,US,WA,100242,
Chust,UZ,06,100200,
Kalmunai,LK,37,100171,
Udine,IT,06,100170,
Xinzhai,CN,25,100168,
Phagwāra,IN,23,100146,Phagwara
Izumisano,JP,32,100131,
Trier,DE,08,100129,
Ginowan,JP,47,100125,
Inda Silasē,ET,53,100100,Inda Silase
Negara,ID,02,100074,
Qaşr Bin Ghashīr,LY,77,100069,Qasr Bin Ghashir
Renala Khurd,PK,04,100054,
Punta Cana,DO,10,100023,
Roanoke,US,VA,100011,
Kangding,CN,32,100000,
Alamar,CU,02,100000,
Becontree,GB,ENG,100000,
Sumedang Utara,ID,30,100000,
Jaffa,IL,05,100000,
Airoli,IN,16,100000,
Shahrak-e Pardīsān,IR,39,100000,Shahrak-e Pardisan
P’yŏngsŏng,KP,15,100000,P’yongsong
Tājūrā’,LY,77,100000,Tajura’
Colonia Lindavista,MX,15,100000,
Sentul,MY,14,100000,
Seri Manjung,MY,07,100000,
Bandar Mahkota Cheras,MY,12,100000,
Alasia,NG,05,100000,
Raja Jang,PK,04,100000,
Model Town,PK,04,100000,
Subotica,RS,VO,100000,
Tekstil’shchiki,RU,48,100000,
Nyagatare,RW,11,100000,
Sabt Alalayah,SA,11,100000,
Sakiet ez Zit,TN,32,100000,
al-Yarmūk,SY,13,99999,al-Yarmuk
Jaramānā,SY,08,99999,Jaramana
Qincheng,CN,03,99987,
Luckeesarai,IN,34,99979,
Menghuan,CN,29,99970,
Śródmieście,PL,78,99950,Srodmiescie
Hāgere Hiywet,ET,51,99900,Hagere Hiywet
San Angelo,US,TX,99893,
Kambove,CD,14,99884,
Bislig,PH,13,99872,
Xixiang,CN,26,99867,
Dipalpur,PK,04,99858,
Kenosha,US,WI,99858,
Nabire,ID,PT,99848,
Chanthaburi,TH,48,99819,
Niagara Falls,CA,08,99818,
Dongsheng,CN,20,99809,
Andria,IT,13,99784,
Tucupita,VE,09,99778,
Clinton Township,US,MI,99753,
Shikohābād,IN,36,99678,Shikohabad
Villa de Cura,VE,04,99669,
Al Jammālīyah,EG,01,99641,Al Jammaliyah
San Chaung,MM,17,99619,
Wangkui,CN,08,99617,
Columbia,US,MD,99615,
Zelenodolsk,RU,73,99600,
Al Qūşīyah,EG,17,99598,Al Qusiyah
Dschang,CM,08,99582,
Tucuruvi,BR,27,99559,
Hwasŏng,KP,17,99557,Hwasong
Myŏnggan-dong,KP,17,99557,Myonggan-dong
Dhahran,SA,06,99540,
Santiago de Compostela,ES,58,99536,
Roubaix,FR,32,99507,
Manbij,SY,09,99497,
Olomouc,CZ,84,99496,
Novoshakhtinsk,RU,61,99478,
Erie,US,PA,99475,
Kāsganj,IN,36,99462,Kasganj
Šiauliai,LT,61,99462,Siauliai
Hualien City,TW,04,99458,Hualien
Campo Mourão,BR,18,99432,Campo Mourao
Meihekou,CN,05,99419,
Santander de Quilichao,CO,09,99354,
Xinle,CN,10,99347,
Acharnés,GR,ESYE31,99346,Acharnes
Qubo Saeed Khan,PK,05,99308,
Mafinga,TZ,04,99305,
Taman Melawati,MY,12,99304,
Minyā al Qamḩ,EG,14,99284,Minya al Qamh
Bang Rak,TH,40,99273,
Burao,SO,19,99270,
Bam,IR,29,99268,
Manavgat,TR,07,99254,
Guercif,MA,03,99238,
Khambhāt,IN,09,99164,Khambhat
Tourcoing,FR,32,99160,
Kandhkot,PK,05,99155,
Saku,JP,26,99131,
Śródmieście,PL,72,99088,Srodmiescie
Bhola,BD,85,99079,
Talara,PE,20,99074,
Riberalta,BO,03,99070,
Linghe,CN,25,99069,
Siverskodonetsk,UA,14,99067,
Morón,AR,01,99066,Moron
Zárate,AR,01,99061,Zarate
Portsmouth Heights,US,VA,99049,
Kohima,IN,20,99039,
Richmond Hill,US,NY,98984,
Choma,ZM,07,98974,
Xingcheng,CN,19,98968,
Bagé,BR,23,98940,Bage
Paoy Paet,KH,25,98934,
Pandharpur,IN,16,98923,
Kapurthala Town,IN,23,98916,
Itoshima,JP,07,98877,
Burzaco,AR,01,98859,
Sarapul,RU,80,98830,
Saint-Laurent,CA,10,98828,
Zwickau,DE,13,98796,
Circoiscrizione IV,IT,12,98787,
Kontagora,NG,31,98754,
Kaiserslautern,DE,08,98732,
Alief,US,TX,98725,
Soma,TR,45,98714,
Thimphu,BT,20,98676,
Bocaue,PH,03,98649,
Votkinsk,RU,80,98633,
Caldas Novas,BR,29,98622,
Spring Hill,US,FL,98621,
São Sebastião,BR,07,98612,Sao Sebastiao
Słupsk,PL,82,98608,
Tatuapé,BR,27,98601,Tatuape
Renqiu,CN,10,98569,
Suifenhe,CN,08,98561,
Mahuva,IN,09,98519,
Cárdenas,CU,03,98515,Cardenas
Bridgetown,BB,08,98511,
Barra do Piraí,BR,21,98501,Barra do Pirai
Compton,US,CA,98462,
Serov,RU,71,98438,
Habboûch,LB,07,98433,Habbouch
Phong Điền,VN,92,98424,Phong Đien
Xinshi,CN,12,98422,
Vĩnh Thạnh,VN,92,98399,Vinh Thanh
Landstraße,AT,09,98389,
Budapest IV. kerület,HU,05,98374,Budapest IV. kerulet
League City,US,TX,98312,League
Flint,US,MI,98310,
Silvassa,IN,52,98265,
Xinyi,CN,30,98259,
Al Qaţīf,SA,06,98259,Al Qatif
Kōnan,JP,01,98255,Konan
Santa Cruz do Capibaribe,BR,30,98254,
Balāngīr,IN,21,98238,Balangir
Lagos de Moreno,MX,14,98206,
Chengzihe,CN,08,98188,
Thayetmyo,MM,15,98185,
Penzing,AT,09,98176,
Xishan,CN,11,98162,
Leme,BR,27,98161,
Allen,US,TX,98143,
Barika,DZ,03,98141,
Aïn Oussera,DZ,22,98107,Ain Oussera
Balashov,RU,67,98107,
Arsi Negele,ET,51,98100,
Dukuhturi,ID,07,98074,
Iguatu,BR,06,98064,
Fasā,IR,07,98061,Fasa
Saint-Jean-sur-Richelieu,CA,10,98036,
Nawāda,IN,34,98029,Nawada
Lugo,ES,58,98025,
Bhilai Charoda,IN,37,98008,
Mīnāb,IR,11,97986,Minab
Dar‘ā,SY,06,97969,Dar‘a
Shāmli,IN,36,97966,Shamli
Chitose,JP,12,97950,
Yeyuan,CN,25,97936,
Trelew,AR,04,97915,
Kamyanets-Podilskyi,UA,09,97908,
Zheleznogorsk,RU,41,97900,
Kâhta,TR,02,97875,Kahta
Santa Cruz de Yojoa,HN,06,97848,
Dorchester,US,MA,97826,
Erdenet,MN,25,97814,
Hyesan-dong,KP,13,97794,
Temixco,MX,17,97788,
Namalombwe,ZM,09,97758,
Asan,KR,17,97749,
Catarman,PH,08,97738,
Jharsuguda,IN,21,97730,
Gò Công,VN,82,97709,Go Cong
Guanhu,CN,04,97705,
Itaúna,BR,15,97669,Itauna
Tha Raeng,TH,40,97658,
Sādatpur Gujran,IN,07,97641,Sadatpur Gujran
Meidling,AT,09,97624,
Oulad Teïma,MA,09,97608,Oulad Teima
Jiudian,CN,25,97604,
Gambēla,ET,49,97600,Gambela
Chalisgaon,IN,16,97551,
Rochdale,GB,ENG,97550,
Aguachica,CO,10,97525,
Jérémie,HT,14,97503,Jeremie
Xinxing,CN,15,97483,
Herzliya,IL,05,97470,
Parand,IR,26,97464,
Rio Largo,BR,02,97435,
Pyinmana,MM,18,97409,
Villupuram,IN,25,97380,
Amalner,IN,16,97369,
Kuje,NG,11,97367,
Luján,AR,01,97363,Lujan
Swabi,PK,03,97363,
Hadera,IL,04,97335,
Deventer,NL,15,97331,
Villa Alemana,CL,01,97320,
Brikama,GM,05,97233,
Tellicherry,IN,13,97201,
Naxçıvan,AZ,35,97200,Naxcıvan
Zhukovsky,RU,47,97200,
Kameoka,JP,22,97181,
Mission Viejo,US,CA,97156,
Pará de Minas,BR,15,97139,Para de Minas
Cesena,IT,05,97137,
Manjeri,IN,13,97102,
Munakata,JP,07,97095,
Messaad,DZ,22,97091,
Escalante,PH,06,97050,
Molenbeek-Saint-Jean,BE,BRU,97037,
Fangshan,CN,22,97026,
Chimaltenango,GT,03,96985,
Magway,MM,15,96954,
Tumbes,PE,24,96946,
Dijkot,PK,04,96934,
Quvasoy,UZ,03,96900,
Beshariq,UZ,03,96900,
Bekobod,UZ,14,96900,
Jinniu,CN,29,96883,
Vicente Pires,BR,07,96871,
Caotun,TW,04,96838,
Ariquemes,BR,24,96833,
Vacaville,US,CA,96803,
Grand-Bassam,CI,94,96797,
Binga,CD,25,96790,
Yasuj,IR,05,96786,
Villa Mercedes,AR,19,96781,
Ben Guerir,MA,07,96777,
Wabu,KR,13,96775,
Ventura,US,CA,96769,
Khurarianwala,PK,04,96743,
Houzhen,CN,25,96737,
Dogonbadan,IR,05,96728,
Sumber,ID,30,96725,
Highlands Ranch,US,CO,96713,
Francisco Beltrão,BR,18,96666,Francisco Beltrao
Lawton,US,OK,96655,
Azimpur,BD,81,96641,
Schwerin,DE,12,96641,
Beaverton,US,OR,96577,
Jaworzno,PL,83,96541,
Corumbá,BR,11,96520,Corumba
Zhudong,TW,04,96518,
Gongguan,CN,16,96492,
Pouytenga,BF,04,96469,
Estelí,NI,05,96422,Esteli
Soligorsk,BY,05,96418,
Nghĩa Đô,VN,01,96418,Nghia Đo
Monkayo,PH,11,96405,
South Gate,US,CA,96401,
Jounieh,LB,05,96315,
Caloundra,AU,04,96305,
Ceyhan,TR,81,96303,
Birgaon,IN,37,96294,
Shibata,JP,29,96236,
Stellenbosch,ZA,11,96228,
Bārmer,IN,24,96225,Barmer
Maribor,SI,J2,96209,
Caçapava,BR,27,96202,Cacapava
Portsmouth,US,VA,96201,
Muroran,JP,12,96197,
Gütersloh,DE,07,96180,Gutersloh
Limpio,PY,06,96143,
Saint-Denis,FR,11,96128,
Khōst,AF,37,96123,Khost
Avaré,BR,27,96098,Avare
Sparks,US,NV,96094,
Erechim,BR,23,96087,
Cáceres,ES,57,96068,Caceres
Nanxi,CN,32,96061,
General Trias,PH,40,96022,
Pūth Kalān,IN,07,96002,Puth Kalan
Japekrom,GH,13,96000,
Ramenskoye,RU,47,96000,
Ouislane,MA,03,95995,
Hemel Hempstead,GB,ENG,95961,
Kuniyamuttūr,IN,25,95924,Kuniyamuttur
Bang Na,TH,40,95912,
Sardārshahr,IN,24,95911,Sardarshahr
Sānand,IN,09,95890,Sanand
Sāhibganj,IN,38,95890,Sahibganj
Ash-Shaykh Zāyid,EG,08,95854,Ash-Shaykh Zayid
Tema New Town,GH,01,95837,
Vilhena,BR,24,95832,
Lubu,CN,30,95820,
Jastrzębie Zdrój,PL,83,95813,Jastrzebie Zdroj
Río Gallegos,AR,20,95796,Rio Gallegos
Shimada,JP,37,95719,
Jinsha,CN,04,95647,
Ciudad Río Bravo,MX,28,95647,Ciudad Rio Bravo
Psie Pole,PL,72,95615,
São Cristóvão,BR,28,95612,Sao Cristovao
Ŭnch’ŏn-ŭp,KP,06,95597,Unch’on-up
Paramagudi,IN,25,95579,
Shkodër,AL,49,95553,Shkoder
Zerakpur,IN,23,95553,
Las Rozas de Madrid,ES,29,95550,
Yuma,US,AZ,95548,
Ducheng,CN,30,95525,
Cipolletti,AR,16,95524,
Kamisu,JP,14,95454,
Burdur,TR,15,95436,
Shenjiamen,CN,02,95433,
Ōmura,JP,27,95397,Omura
San Carlos de Bariloche,AR,16,95394,
Inhambane,MZ,03,95388,
La Habana Vieja,CU,02,95383,
Novopolotsk,BY,07,95370,
Tiruchengode,IN,25,95335,
Amozoc de Mota,MX,21,95322,
Brockton,US,MA,95314,
Owendo,GA,01,95313,
Mons,BE,WAL,95299,
Hương Thủy,VN,46,95299,Huong Thuy
Yotsukaidō,JP,04,95266,Yotsukaido
Boli,CN,08,95260,
Gafsa,TN,30,95242,
Xiaoshan,CN,02,95234,
Saint-Michel de l'Atalaye,HT,06,95216,
Xingguo,CN,15,95211,
Pagoh,MY,01,95202,
Saquarema,BR,21,95201,
San Fernando,ES,51,95174,
Dearborn,US,MI,95171,
Federal Way,US,WA,95171,
Closepet,IN,19,95167,
Emmiganūr,IN,02,95149,Emmiganur
Labuan,MY,15,95120,
Lindi,TZ,07,95096,
Lee's Summit,US,MO,95094,
Daanbantayan,PH,07,95080,
Vaniyambadi,IN,25,95061,
Delft,NL,11,95060,
Kovilpatti,IN,25,95057,
Asheville,US,NC,95056,
Zaxo,IQ,08,95052,
Ushirombo,TZ,28,95052,
Aqaba,JO,21,95048,
Catumbela,AO,01,95034,
Frederiksberg,DK,17,95029,
Kutloanong,ZA,03,95008,
Biu,NG,27,95005,
Olupona,NG,42,95002,
Romford,GB,ENG,95000,
Ozerki,RU,66,95000,
Novogireyevo,RU,48,95000,
Vostochnoe Degunino,RU,48,95000,
La Gazelle,TN,38,94961,
Cereté,CO,12,94935,Cerete
Roquetas de Mar,ES,51,94925,
Spokane Valley,US,WA,94919,
Kanuma,JP,38,94903,
As Salamīyah,SY,10,94887,As Salamiyah
Parli Vaijnāth,IN,16,94863,Parli Vaijnath
Bình Minh,VN,86,94862,Binh Minh
Alkmaar,NL,07,94853,
Tiko,CM,09,94836,
Wuchang,CN,08,94786,
Djougou,BJ,13,94773,
Aracruz,BR,08,94765,
Leskovac,RS,SE,94758,
Behshahr,IR,35,94702,
Hanamaki,JP,16,94691,
Tiflet,MA,04,94684,
Fordham,US,NY,94678,
Bibā,EG,18,94677,Biba
Sanjō,JP,29,94642,Sanjo
Nemby,PY,06,94641,
Livonia,US,MI,94635,
Al Qurayn,EG,14,94632,
Mainpuri,IN,36,94619,
Jaçanã,BR,27,94609,Jacana
Khāmgaon,IN,16,94604,Khamgaon
Anusawari,TH,40,94550,
Roswell,US,GA,94501,
Aksum,ET,53,94500,
Makrāna,IN,24,94487,Makrana
Yonezawa,JP,44,94486,
Orem,US,UT,94457,
Allinagaram,IN,25,94453,
Dunhou,CN,03,94445,
Bayan Hot,CN,20,94445,
Tsentralno-Miskyi,UA,05,94417,
Ximeicun,CN,07,94326,
Yuzivskyi,UA,05,94228,
Azumino,JP,26,94222,
Daxi,TW,04,94222,
Novyy Urengoy,RU,87,94212,
Boryeong,KR,17,94191,
Yilan,TW,04,94188,
Awsīm,EG,08,94174,Awsim
Gjakovë,XK,10096859,94158,Gjakove
Yishui,CN,25,94115,
Ruwa,ZW,04,94083,
Sông Cầu,VN,66,94066,Song Cau
Pendang,MY,02,94033,
Chomedey,CA,10,94030,
Paracatu,BR,15,94023,
Fall River,US,MA,94000,
Cacém,PT,14,93982,Cacem
Gudiyatham,IN,25,93973,
Zhongduo,CN,33,93928,
Hayes,GB,ENG,93928,
Ashiya,JP,13,93922,
Dhār,IN,35,93917,Dhar
Lawrence,US,KS,93917,
Gambat,PK,05,93884,
Gesundbrunnen,DE,16,93862,
Novoural’sk,RU,71,93849,
The Woodlands,US,TX,93847,
Zheleznogorsk,RU,91,93834,
Bandar Kinrara,MY,12,93822,
Fangcheng,CN,09,93808,
West Albany,US,NY,93794,
Norrköping,SE,16,93765,Norrkoping
Bohicon,BJ,18,93744,
Daotian,CN,25,93728,
Yakima,US,WA,93701,
Kharkivskyi Masyv,UA,12,93700,
Baijiantan,CN,13,93697,
Yunnanyi,CN,29,93671,
Shuangliao,CN,05,93666,
Lajeado,BR,23,93646,
García,MX,19,93641,Garcia
Quincy,US,MA,93618,
Aflou,DZ,25,93585,
Yala,TH,70,93558,
Dipolog,PH,09,93549,
Al-Qāsim,IQ,06,93546,Al-Qasim
Baraut,IN,36,93544,
Zhaoyuan,CN,08,93505,
Michurinsk,RU,72,93499,
Kuala Nerus,MY,13,93485,
Kribi,CM,14,93482,
Guadalajara,ES,54,93470,
Düren,DE,07,93440,Duren
České Budějovice,CZ,79,93426,Ceske Budejovice
Fuwwah,EG,21,93392,
Yashio,JP,34,93363,
Flatbush,US,NY,93361,
Lysychansk,UA,14,93340,
Monastir,TN,16,93306,
Harlow,GB,ENG,93300,
Dalai,CN,05,93297,
Hesperia,US,CA,93295,
Lere,NG,23,93290,
La Spezia,IT,08,93288,
Carson,US,CA,93281,
Barletta,IT,13,93279,
Modi‘in Makkabbim Re‘ut,IL,02,93277,
Polatlı,TR,68,93262,
Tangwu,CN,25,93260,
Boca Raton,US,FL,93235,
Jiayue,CN,25,93228,
Budapest XVIII. kerület,HU,05,93225,Budapest XVIII. kerulet
Santa Monica,US,CA,93220,
Rubio,VE,20,93197,
Praga Północ,PL,78,93192,Praga Połnoc
Kalyani,IN,28,93184,
Changping,CN,22,93174,
Inagi,JP,40,93151,
Râmnicu Vâlcea,RO,39,93151,Ramnicu Valcea
Ōbu,JP,01,93123,Obu
Galle,LK,34,93118,
Stilfontein,ZA,10,93110,
Doddaballapura,IN,19,93105,
Heerlen,NL,05,93084,
Ozamiz City,PH,10,93082,Ozamiz
Lorca,ES,31,93079,
Itajubá,BR,15,93073,Itajuba
Qonce,ZA,05,93072,
Jinja,UG,E,93061,
Nouméa,NC,02,93060,Noumea
Kitakami,JP,16,93045,
Heho,MM,11,93041,
Kalaw,MM,11,93032,
Wonosobo,ID,07,92990,
La Marsa,TN,36,92987,
Kineshma,RU,21,92983,
Negage,AO,15,92950,
Bafra,TR,55,92944,
Chīrāla,IN,02,92942,Chirala
Wukari,NG,43,92933,
Krasnogorsk,RU,47,92932,
San Marcos,US,CA,92931,
Guaíba,BR,23,92924,Guaiba
Pushkin,RU,66,92889,
Hastings,GB,ENG,92855,
Moa,CU,12,92852,
Lianzhou,CN,30,92827,
Sunyani,GH,13,92825,
Malacatán,GT,17,92816,Malacatan
Boyle Heights,US,CA,92785,
Magadan,RU,44,92782,
Banco Filipino Homes,PH,NCR,92752,
Beni Mered,DZ,20,92749,
Igbo-Ora,NG,32,92719,
Cajamar,BR,27,92689,
High Peak,GB,ENG,92666,
Akot,IN,16,92637,
Kaizuka,JP,32,92632,
Palimanan,ID,30,92600,
Fatehpur,IN,24,92595,
Patos,BR,17,92575,
Yingqiu,CN,25,92564,
Plantation,US,FL,92560,
Grudziądz,PL,73,92552,Grudziadz
São João da Boa Vista,BR,27,92547,Sao Joao da Boa Vista
Gharroli,IN,07,92540,
Njombe,TZ,30,92537,
Rahlstedt,DE,04,92511,
Semenyih,MY,12,92491,
Maizuru,JP,22,92465,
Selong,ID,17,92464,
Concepción,VE,23,92463,Concepcion
Lynn,US,MA,92457,
Villa María,AR,05,92453,Villa Maria
Ratchaburi,TH,52,92448,
Pamekasan,ID,08,92447,
Clementi Housing Estate,SG,00,92420,
Sendai,JP,18,92403,
Al Hārithah,IQ,02,92395,Al Harithah
Esslingen,DE,01,92390,
Darlington,GB,ENG,92363,
Muğla,TR,48,92328,Mugla
Bang Phlat,TH,40,92325,
Tübingen,DE,01,92322,Tubingen
Pandeglang,ID,33,92316,
Miami Beach,US,FL,92312,
Rajpura,IN,23,92301,
Dongcun,CN,25,92282,
Lucas do Rio Verde,BR,14,92256,
Sibolga,ID,26,92244,
Sakai,JP,06,92210,
Vila Formosa,BR,27,92186,
Arden-Arcade,US,CA,92186,
Pariaman,ID,24,92183,
Kudus,ID,07,92156,
Ballarpur,IN,16,92146,
Rohri,PK,05,92135,
Westminster,US,CA,92114,
Alessandria,IT,12,92104,
Longonjo,AO,08,92103,
Longmont,US,CO,92088,
Hohoe,GH,08,92076,
Delmas,ZA,07,92046,
Nasinu,FJ,01,92043,
Duitama,CO,36,92040,
Ponta Porã,BR,11,92017,Ponta Pora
Muan,KR,16,92009,
Danjiangkou,CN,12,92008,
Paranavaí,BR,18,92001,Paranavai
Kot Kapūra,IN,23,91979,Kot Kapura
Tepatitlán de Morelos,MX,14,91959,Tepatitlan de Morelos
Bai’anba,CN,33,91947,
Kabirwala,PK,04,91932,
Erciş,TR,65,91915,Ercis
Bugulma,RU,73,91900,
El Shorouk,EG,11,91899,
Sassari,IT,14,91895,
Kilosa,TZ,10,91889,
Cruzeiro do Sul,BR,01,91888,
Gravatá,BR,30,91887,Gravata
Manhuaçu,BR,15,91886,Manhuacu
Caringin,ID,30,91845,
Bhandāra,IN,16,91845,Bhandara
Santa Barbara,US,CA,91842,
Pato Branco,BR,18,91836,
Ubatuba,BR,27,91824,
Iserlohn,DE,07,91811,
Witten,DE,07,91808,
Nisshin,JP,01,91795,
Higashi-Matsuyama,JP,34,91791,
Cuamba,MZ,07,91780,
Stevenage,GB,ENG,91774,
Pickering,CA,08,91771,
Cidade Ocidental,BR,29,91767,
Zhongshu,CN,29,91750,
Türkmenbaşy,TM,02,91745,Turkmenbasy
Southport,GB,ENG,91703,
Huazhou,CN,30,91701,
Phú Thọ,VN,25,91650,Phu Tho
Cáceres,BR,14,91626,Caceres
Ratingen,DE,07,91606,
Porto Amboim,AO,06,91605,
Soran,IQ,11,91589,
Redding,US,CA,91582,
Xingren,CN,18,91579,
Cárdenas,MX,27,91558,Cardenas
Grahamstown,ZA,05,91548,
Banga,PH,12,91536,
Longquan,CN,29,91534,
Kalamariá,GR,ESYE12,91518,Kalamaria
Yatou,CN,25,91517,
Tanfang,CN,25,91460,
Kars,TR,84,91450,
Lingyuan,CN,19,91418,
Surallah,PH,12,91412,
Lodja,CD,27,91409,
Tartu,EE,18,91407,
Sablayan,PH,41,91406,
Molārband,IN,07,91402,Molarband
Pergamino,AR,01,91399,
Marl,DE,07,91398,
Bagaha,IN,34,91383,
Macon,US,GA,91351,
Bạch Mai,VN,01,91308,Bach Mai
Tucuruí,BR,16,91306,Tucurui
Jirapa,GH,11,91279,
Rayachoti,IN,02,91234,
Arujá,BR,27,91157,Aruja
Al Minshāh,EG,24,91149,Al Minshah
Daisen,JP,02,91143,
Nakonde,ZM,10,91107,
Bethlehem,ZA,03,91075,
Niğde,TR,73,91039,Nigde
Newmarket,CA,08,91034,
Lünen,DE,07,91009,Lunen
Yaroslavskiy,RU,48,91000,
Lefortovo,RU,48,91000,
Launceston,AU,06,90953,
Ga-Rankuwa,ZA,10,90945,
Gaoyou,CN,04,90911,
Kunjah,PK,04,90905,
Lüleburgaz,TR,39,90899,Luleburgaz
Myitkyina,MM,04,90894,
Lqoliaa,MA,09,90890,
Yulinshi,CN,26,90870,
Chauk,MM,15,90870,
Al Badrashayn,EG,08,90833,
Thakhèk,LA,15,90800,Thakhek
Chinhoyi,ZW,05,90800,
Namyangju,KR,13,90798,
‘Amrān,YE,19,90792,‘Amran
Imizu,JP,42,90742,
Meridian,US,ID,90739,
San Leandro,US,CA,90712,
Kishorganj,BD,81,90690,
Mtwapa,KE,23,90677,
Emure-Ekiti,NG,54,90645,
Hanting,CN,25,90637,
Bohodukhivskyi,UA,05,90600,
Kattaqo’rg’on Shahri,UZ,10,90600,
Greenville,US,NC,90597,
Hradec Králové,CZ,82,90596,Hradec Kralove
Tongren,CN,18,90593,
Körfez,TR,41,90580,Korfez
Mihara,JP,11,90573,
Çankırı,TR,82,90564,Cankırı
Eslāmābād-e Gharb,IR,13,90559,Eslamabad-e Gharb
Chester,GB,ENG,90524,
Moḩammadīyeh,IR,38,90513,Mohammadiyeh
Retalhuleu,GT,15,90505,
Nanaimo,CA,02,90504,
Ziway,ET,51,90500,
Palmerston North,NZ,F3,90500,
Kuznetsk,RU,57,90480,
Tual,ID,28,90470,
Montelíbano,CO,12,90450,Montelibano
Xihe,CN,12,90422,
Guliston,UZ,16,90398,
San Juan Bautista,VE,17,90387,
Ústí nad Labem,CZ,89,90378,Usti nad Labem
Cubal,AO,01,90367,
Kadayanallur,IN,25,90364,
Phra Khanong,TH,40,90354,
Valparai,IN,25,90353,
Masvingo,ZW,08,90286,
Abū Qurqāş,EG,10,90266,Abu Qurqas
Duobao,CN,12,90257,
Kirovo-Chepetsk,RU,33,90252,
Berdsk,RU,53,90250,
Bougouni,ML,06,90234,
Bela Bela,ZA,09,90210,
Pleven,BG,50,90209,
Reconquista,AR,21,90184,
Huddinge,SE,26,90182,
Pollachi,IN,25,90180,
Daharki,PK,05,90177,
Sishui,CN,25,90175,
Prosperidad,PH,13,90162,
El Khroub,DZ,04,90122,
Alabel,PH,12,90120,
Wajir,KE,54,90116,
Araripina,BR,30,90104,
Marudi,MY,11,90100,
New Plymouth,NZ,F9,90100,
Kāvali,IN,02,90099,Kavali
Edmond,US,OK,90092,
Wembley,GB,ENG,90045,
Airdrie,CA,01,90044,
San Vicente,AR,01,90021,
Botoşani,RO,07,90010,Botosani
Dubai Silicon Oasis,AE,03,90000,
Cela,AO,06,90000,
Cafunfo,AO,17,90000,
Quissecula,AO,06,90000,
Kanata,CA,08,90000,
Gantang,CN,11,90000,
Roha,IN,16,90000,
Alvand,IR,38,90000,
Chinatown,US,NY,90000,
Luomen,CN,15,89998,
Fort-de-France,MQ,MQ,89995,
Ancona,IT,10,89994,
Isieke,NG,53,89990,
Huaidian,CN,09,89978,
Mancherial,IN,40,89935,
Dinga,PK,04,89922,
Kwail-ŭp,KP,06,89895,Kwail-up
Ponte Rasa,BR,27,89881,
Mogok,MM,08,89855,
Nampa,US,ID,89839,
Patrocínio,BR,15,89826,Patrocinio
Saphan Sung,TH,40,89825,
Point Pedro,LK,38,89810,
Butajīra,ET,55,89800,Butajira
Avignon,FR,93,89769,
Gatchina,RU,42,89761,
Baisha,CN,16,89759,
Grays,GB,ENG,89755,
Msaken,TN,23,89745,
Itapeva,BR,27,89728,
Olavarría,AR,01,89721,Olavarria
Masasi,TZ,11,89700,
Lillestrøm,NO,01,89684,
Calauan,PH,40,89670,
Avaniyāpuram,IN,25,89635,Avaniyapuram
Nyaunglebin,MM,16,89626,
Trenton,US,NJ,89620,
Kōka,JP,35,89619,Koka
Sangyoung,MM,17,89618,
Miaohang,CN,23,89615,
Maitland,AU,02,89597,
Sandy Hills,US,UT,89575,
Gurupi,BR,31,89574,
Aricanduva,BR,27,89574,
Murādnagar,IN,36,89482,Muradnagar
Tuggeranong,AU,01,89461,
Ankleshwar,IN,09,89457,
Circoiscrizione VII,IT,12,89448,
Fujin,CN,08,89442,
Kadiri,IN,02,89429,
Granada,NI,06,89409,
Níkaia,GR,ESYE31,89380,Nikaia
Tân Bình,VN,79,89373,Tan Binh
Katwa,CD,11,89352,
Mulongo,CD,15,89340,
Marseille 13,FR,93,89316,
Lankaran,AZ,29,89300,
Huaicheng,CN,30,89294,
Shahdol,IN,35,89289,
Shrirampur,IN,16,89282,
Kwangyang,KR,16,89281,
Alīgūdarz,IR,23,89268,Aligudarz
Ŭndŏk,KP,17,89244,Undok
Houmt Souk,TN,28,89228,
Miragoâne,HT,15,89202,Miragoane
Gießen,DE,05,89179,
Polangui,PH,05,89176,
Hongseong,KR,17,89174,
Mahobā,IN,36,89170,Mahoba
Guidonia Montecelio,IT,07,89165,
Micheng,CN,29,89144,
Kalibo (poblacion),PH,06,89127,
Mudon,MM,13,89123,
Lucheng,CN,01,89119,
Hede,CN,04,89107,
Kūhdasht,IR,23,89091,Kuhdasht
Chengxiang,CN,33,89080,
Biyalā,EG,21,89068,Biyala
Harrogate,GB,ENG,89060,
Banjar,ID,02,89040,
Bibir Hat,BD,84,89030,
Sambava,MG,72,89003,
Biryulëvo Zapadnoye,RU,48,89000,Biryulevo Zapadnoye
Nusaybin,TR,72,88977,
Cicurug,ID,30,88965,
Nandajie,CN,33,88948,
Lengshuitan,CN,11,88935,
Kartasura,ID,07,88927,
Calabanga,PH,05,88918,
Shwebo,MM,10,88914,
Iga,JP,23,88895,
Sao Domingos,BR,27,88884,
Talavera de la Reina,ES,54,88856,
Hartlepool,GB,ENG,88855,
Ereğli,TR,85,88848,Eregli
Fusagasugá,CO,33,88820,Fusagasuga
Mangaldan,PH,01,88818,
Newton,US,MA,88817,
Nuneaton,GB,ENG,88813,
Toms River,US,NJ,88791,
Rāmgarh,IN,38,88781,Ramgarh
Habiganj,BD,86,88760,
Wangqing,CN,05,88732,
Budapest II. kerület,HU,05,88729,Budapest II. kerulet
Rafaela,AR,21,88713,
Carmel,US,IN,88713,
Xiazhuang,CN,25,88710,
Contai,IN,28,88702,
Khan Na Yao,TH,40,88678,
Hanau am Main,DE,05,88648,Hanau
Montero,BO,08,88616,
Sangrūr,IN,23,88615,Sangrur
Dongxing,CN,16,88607,
Chosica,PE,15,88606,
Val Dor,MY,09,88600,
Campo di Marte,IT,16,88588,
Alaghsas,NE,01,88561,
Thul,PK,05,88554,
Centro,ES,53,88546,
Gengqing,CN,32,88542,
Pardubice,CZ,86,88520,
Linjiacun,CN,25,88509,
Zhoujiaba,CN,33,88494,
Norwalk,US,CT,88485,
Waukegan,US,IL,88475,
Deltona,US,FL,88474,
Takayama,JP,09,88473,
Berisso,AR,01,88470,
La Haute-Saint-Charles,CA,10,88460,
Honghe,CN,25,88458,
Hawthorne,US,CA,88451,
Montepuez,MZ,01,88442,
Nirmal,IN,40,88433,
Fūlād Shahr,IR,28,88426,Fulad Shahr
Al Bahah,SA,02,88419,
Fukuroi,JP,37,88395,
Bhimdatta,NP,7,88381,
Klangenan,ID,30,88378,
El Puerto de Santa María,ES,51,88364,El Puerto de Santa Maria
Mobara,JP,04,88330,
Ben Arous,TN,27,88322,
Ciénaga,CO,38,88311,Cienaga
Le Kram,TN,36,88302,
Hastings,NZ,F2,88300,
Heroica Ciudad de Juchitán de Zaragoza,MX,20,88280,Heroica Ciudad de Juchitan de Zaragoza
Ifo,NG,16,88272,
Baixi,CN,32,88251,
Fort Smith,US,AR,88194,
Deoband,IN,36,88171,
North Vancouver,CA,02,88168,
Suffolk,US,VA,88161,
Sugar Land,US,TX,88156,
Livermore,US,CA,88126,
Lidu,CN,33,88124,
Kozan,TR,81,88115,
Neyyāttinkara,IN,13,88104,Neyyattinkara
Tāndā,IN,36,88073,Tanda
Bais,PH,07,88050,
Mogoditshane,BW,06,88004,
Nowshera Kalan,PK,03,88003,
Taikkyi,MM,17,88000,
Sarov,RU,51,88000,
Arayat,PH,03,87987,
Nashua,US,NH,87970,
Yuzhou,CN,09,87961,
Qorveh,IR,16,87953,
Samannūd,EG,05,87921,Samannud
Yingge,TW,03,87920,
Wakiso,UG,C,87900,
Idiofa,CD,20,87882,
Gusong,CN,32,87882,
Kolar,IN,35,87882,
Yozgat,TR,66,87881,
Al-Tabqa,SY,04,87880,
Reading,US,PA,87879,
Jhumri Telaiya,IN,38,87867,
Redditch,GB,ENG,87847,
Surigao,PH,13,87832,
Perus,BR,27,87823,
Balkanabat,TM,02,87822,
Guanambi,BR,05,87817,
Yeysk,RU,38,87814,
Tagaytay,PH,40,87811,
Ŏrang,KP,17,87757,Orang
Arecibo,PR,013,87754,
Hanchuan,CN,12,87737,
Aruppukkottai,IN,25,87722,
Takasago,JP,13,87722,
Maumere,ID,18,87720,
Buzuluk,RU,55,87714,
Dapitan,PH,09,87699,
Concord,US,NC,87696,
Farīdkot,IN,23,87695,Faridkot
Tiefu,CN,04,87689,
Maco,PH,11,87680,
San Antonio,CL,01,87675,
Velbert,DE,07,87669,
Kadugli,SD,50,87666,
Qiongshan,CN,31,87657,
Madgaon,IN,33,87650,
Gitarama,RW,15,87613,
Ludwigsburg,DE,01,87603,
Xiangxiang,CN,11,87592,
Deqing,CN,02,87576,
Indio,US,CA,87533,
Rio Rancho,US,NM,87521,
Enchanted Hills,US,NM,87521,
Taroudant,MA,09,87520,
Shevchenkivskyi,UA,14,87516,
Junín,AR,01,87509,Junin
Santa Fe,US,NM,87505,
Sandy,US,UT,87461,
Xujiang,CN,03,87459,
Settsu,JP,32,87456,
Wonosari,ID,10,87454,
Patnos,TR,04,87451,
Whittier,US,CA,87438,
Velampālaiyam,IN,25,87427,Velampalaiyam
Thượng Cát,VN,01,87406,Thuong Cat
Ben Gardane,TN,28,87404,
Bantayan,PH,07,87394,
Midrand,ZA,06,87387,
Maghnia,DZ,15,87373,
Canarsie,US,NY,87366,
Caratinga,BR,15,87360,
Jamūī,IN,34,87357,Jamui
Qaraçuxur,AZ,09,87349,Qaracuxur
Maladziečna,BY,05,87339,Maladziecna
Bishan New Town,SG,00,87320,
Glyfáda,GR,ESYE31,87305,Glyfada
Lisovyi Masyv,UA,12,87300,
Igede-Ekiti,NG,54,87282,
Kirkland,US,WA,87281,
Ende,ID,18,87269,
Mishan,CN,08,87257,
Lund,SE,27,87244,
Nenjiang,CN,08,87236,
Sefrou,MA,03,87234,
Anjār,IN,09,87183,Anjar
Menifee,US,CA,87174,
Cornellà de Llobregat,ES,56,87173,Cornella de Llobregat
Fulham,GB,ENG,87161,
Londonderry County Borough,GB,NIR,87153,
Paralakhemundi,IN,21,87152,
Houndé,BF,09,87151,Hounde
Brindisi,IT,13,87141,
Newport Beach,US,CA,87127,
Tracy,US,CA,87075,
Ad Douiem,SD,41,87068,
Citrus Heights,US,CA,87056,
Norton,ZW,05,87039,
Bend,US,OR,87014,
Lerik,AZ,31,87000,
Gubkin,RU,09,87000,
Vavoua,CI,96,86977,
Brigittenau,AT,09,86967,
Effium,NG,53,86945,
Jharia,IN,38,86938,
Hacienda Santa Fe,MX,14,86935,
Kongolo,CD,29,86932,
Serra Talhada,BR,30,86915,
Ban Mai,TH,68,86899,
Sơn Trà,VN,48,86890,Son Tra
Cacoal,BR,24,86887,
Menglang,CN,29,86877,
San Ramón de la Nueva Orán,AR,17,86867,San Ramon de la Nueva Oran
Ad Dawādimī,SA,10,86861,Ad Dawadimi
Campana,AR,01,86860,
Montréal-Nord,CA,10,86857,Montreal-Nord
Louis Trichardt,ZA,09,86854,
Kāraikāl,IN,22,86838,Karaikal
Canton,US,MI,86825,
Caguas,PR,025,86804,
Kāmthi,IN,16,86793,Kamthi
Lehigh Acres,US,FL,86784,
Hānsi,IN,10,86770,Hansi
Greenburgh,US,NY,86764,
Kasoa,GH,04,86753,
Shizilu,CN,25,86749,
Asnières-sur-Seine,FR,11,86742,Asnieres-sur-Seine
Batticaloa,LK,37,86742,
Nanterre,FR,11,86719,
Gbawe,GH,01,86718,
Tumaco,CO,20,86713,
Chaykovskiy,RU,90,86712,
Rat Burana,TH,40,86695,
Atlixco,MX,21,86690,
Brno střed,CZ,78,86685,Brno stred
Ixelles,BE,BRU,86671,
Barra do Corda,BR,13,86662,
Mayiladuthurai,IN,25,86660,
Podilskyi,UA,10,86652,
Jiangshan,CN,25,86642,
Hualpén,CL,06,86639,Hualpen
Paraiso,MX,27,86632,
Unaí,BR,15,86619,Unai
Vĩnh Tuy,VN,01,86618,Vinh Tuy
Gotemba,JP,37,86614,
Abū an Numrus,EG,08,86601,Abu an Numrus
Bojonegoro,ID,08,86568,
Zhaogezhuang,CN,10,86555,
Toledo,ES,54,86526,
Al Farwānīyah,KW,07,86525,Al Farwaniyah
Anakapalle,IN,02,86519,
Victorias,PH,06,86510,
Hamakita,JP,37,86502,
Tulcán,EC,05,86498,Tulcan
Idanre,NG,48,86468,
Apartadó,CO,02,86438,Apartado
Bloomington,US,MN,86435,
West Town,US,IL,86429,
Anlong,CN,18,86416,
Tagbilaran City,PH,07,86411,Tagbilaran
Puli,TW,04,86406,
Navegantes,BR,26,86401,
Germantown,US,MD,86395,
Kitanagoya,JP,01,86385,
Le Sud-Ouest,CA,10,86347,
Gyōda,JP,34,86343,Gyoda
Clifton,US,NJ,86334,
Nitra,SK,04,86329,
Miaoli,TW,04,86327,
Qamdo,CN,14,86280,
Cái Răng,VN,92,86278,Cai Rang
Kampung Manjoi,MY,07,86266,
Dunkirk,FR,32,86263,
Bangkalan,ID,08,86250,
Chigorodó,CO,02,86239,Chigorodo
Kasihan,ID,10,86234,
Viacha,BO,04,86218,
Maduravoyal,IN,25,86195,
Ibshawāy,EG,04,86186,Ibshaway
Kashiwazaki,JP,29,86183,
Lyon 08,FR,84,86154,
Sārni,IN,35,86141,Sarni
Grimsby,GB,ENG,86138,
Nanfeng,CN,30,86129,
Ama,JP,01,86126,
Cannock,GB,ENG,86121,
Duluth,US,MN,86110,
Moncton,CA,04,86106,
Rutoma,UG,W,86100,
Champaign,US,IL,86096,
Volos,GR,ESYE14,86048,
Samch’ŏn,KP,06,86042,Samch’on
Gbarnga,LR,01,86031,
Potiskum,NG,44,86002,
Ar Rumaylah,AE,02,86000,
Tajrīsh,IR,26,86000,Tajrish
Lianozovo,RU,48,86000,
Babushkin,RU,48,86000,
Novi Pazar,RS,SE,85996,
Melilla,ES,ML,85985,
Poitiers,FR,75,85960,
Dausa,IN,24,85960,
Kepong,MY,14,85960,
Keffi,NG,56,85911,
Galway,IE,C,85910,
Usol’ye-Sibirskoye,RU,20,85900,
Bukit Timah,SG,00,85900,
Lichterfelde,DE,16,85885,
Panevėžys,LT,60,85885,Panevezys
Zhonggulou,CN,33,85873,
Parādīp Garh,IN,21,85868,Paradip Garh
Heidelberg,ZA,06,85858,
Makoko,NG,05,85840,
Flensburg,DE,10,85838,
Longnan,CN,15,85826,
Peterborough,CA,08,85807,
Agua Rasa,BR,27,85788,
Ryūgasaki,JP,14,85761,Ryugasaki
Treviso,IT,20,85760,
Helong,CN,05,85756,
Near North Side,US,IL,85711,
Tecomán,MX,08,85689,Tecoman
Peñaflor,CL,12,85671,Penaflor
Valença,BR,05,85655,Valenca
Obruchevo,RU,48,85616,
Adwa,ET,53,85600,
Esmeraldas,BR,15,85598,
Redenção,BR,16,85597,Redencao
Chino,US,CA,85595,
Arauca,CO,03,85585,
El Bayadh,DZ,42,85577,
Mukachevo,UA,25,85569,
Krasnaya Glinka,RU,55,85566,
Yokote,JP,02,85555,
Alhambra,US,CA,85551,
Svetlanovskiy,RU,42,85508,
Bangil,ID,08,85504,
Nanding,CN,25,85495,
Birni N Konni,NE,06,85494,
Moriyama,JP,35,85485,
Ogden,US,UT,85444,
Sóc Sơn,VN,01,85431,Soc Son
Lakang,MM,04,85423,
Versailles,FR,11,85416,
Guozhen,CN,26,85415,
Voznesenskyi,UA,05,85399,
Sandnes,NO,14,85386,
Khalifah A City,AE,01,85374,Khalifah A
Tārūt,SA,06,85371,Tarut
Los Reyes Acaquilpan,MX,15,85359,
Maun,BW,11,85350,
Santo Amaro,BR,27,85349,
Torre del Greco,IT,04,85332,
Al Marj,LY,66,85315,
Lido di Ostia,IT,07,85301,
Redwood City,US,CA,85288,Redwood
Sekimachi,JP,09,85283,
Dengzhou,CN,25,85279,
Wedding,DE,16,85275,
Mehestan,IR,44,85200,
Yegor’yevsk,RU,47,85200,
Goiana,BR,30,85160,
Courbevoie,FR,11,85158,
Bellingham,US,WA,85146,
Qufu,CN,25,85144,
Essaouira,MA,07,85137,
Makeni,SL,02,85116,
Iwamizawa,JP,12,85107,
Camboriú,BR,26,85105,Camboriu
Hingoli,IN,16,85103,
Gia Nghĩa,VN,68,85082,Gia Nghia
Muñoz,PH,03,85061,Munoz
Monte Chingolo,AR,01,85060,
O'Fallon,US,MO,85040,
Puerto Maldonado,PE,17,85024,
Santa Inês,BR,13,85014,Santa Ines
Mohammed Bin Zayed City,AE,01,85000,Mohammed Bin Zayed
Sintang,ID,11,85000,
Rukban,JO,15,85000,
Damansara Damai,MY,12,85000,
Vwawa,TZ,32,85000,
Repentigny,CA,10,84965,
Gonaïves,HT,06,84961,Gonaives
Sathon,TH,40,84916,
Bāruni,IN,34,84888,Baruni
Lorena,BR,27,84855,
Hoover,US,AL,84848,
Créteil,FR,11,84833,Creteil
Jeypore,IN,21,84830,
Amsterdam-Zuidoost,NL,07,84811,
Como,IT,09,84808,
Ílion,GR,ESYE31,84793,Ilion
Madaripur,BD,81,84789,
Ciudad Mante,MX,28,84787,
Konotop,UA,21,84787,
Ijuí,BR,23,84780,Ijui
Rivera,UY,13,84775,
Komae,JP,40,84772,
Laojunmiao,CN,15,84769,
Cottbus,DE,11,84754,
Túxpam de Rodríguez Cano,MX,30,84750,Tuxpam de Rodriguez Cano
Seropédica,BR,21,84737,Seropedica
Chiguayante,CL,06,84718,
Epe,NG,05,84711,
El Ejido,ES,51,84710,
Nakatsu,JP,30,84701,
Melbourne,US,FL,84678,
Gamboru,NG,27,84672,
Dien Bien Phu,VN,11,84672,
Tlaxcala,MX,29,84670,
Hawr al ‘Anz,AE,03,84661,
Akhisar,TR,45,84659,
Danbury,US,CT,84657,
Sumenep,ID,08,84656,
Ushiku,JP,14,84651,
Katunayaka,LK,36,84643,
Yeongju,KR,14,84625,
Pinheiro,BR,13,84621,
Dacheng,CN,31,84620,
Mianyang,CN,26,84606,
Bijnor,IN,36,84593,
Tanjay,PH,07,84593,
St Albans,GB,ENG,84561,
Fnidek,MA,01,84558,
Dhoraji,IN,09,84545,
East Norwalk,US,CT,84530,
Gununo,ET,56,84510,
Āreka,ET,56,84500,Areka
Edinburg,US,TX,84497,
Vīrappanchathiram,IN,25,84453,Virappanchathiram
Sunrise,US,FL,84439,
Salina Cruz,MX,20,84438,
Sant'Ana do Livramento,BR,23,84421,
Dundee,ZA,02,84413,
Carrao,BR,27,84397,
Wilhelmshaven,DE,06,84393,
Qūş,EG,23,84386,Qus
Nowy Sącz,PL,77,84376,Nowy Sacz
Ogaminana,NG,41,84373,
Akçapınar,TR,62,84366,Akcapınar
Kasserine,TN,02,84365,
Chita,JP,01,84364,
Karakol,KG,07,84351,
Piet Retief,ZA,07,84349,
Mackay,AU,04,84333,
Dazhong,CN,04,84323,
Ettadhamen,TN,38,84312,
Suceava,RO,34,84308,
Heróica Zitácuaro,MX,16,84307,Heroica Zitacuaro
Liaolan,CN,25,84306,
Bālāghāt,IN,35,84261,Balaghat
Trinidad,BO,03,84259,
Phuthaditjhaba,ZA,03,84258,
Çerkezköy,TR,59,84234,Cerkezkoy
Jinxiang,CN,02,84231,
Yurga,RU,29,84220,
Timbuktu,ML,08,84208,
Voskresenka,UA,12,84200,
Quixadá,BR,06,84168,Quixada
Hellersdorf,DE,16,84103,
Moju,BR,16,84094,
Dongxia,CN,25,84083,
Saint-Pierre,RE,RE,84077,
Techiman,GH,14,84074,
Bloomington,US,IN,84067,
Komendantsky aerodrom,RU,66,84052,
Kampung Sungai Kajang,MY,12,84031,
Feni,BD,84,84028,
Udhampur,IN,12,84015,
Wanju,KR,03,84009,
Najībābād,IN,36,84006,Najibabad
Wako,JP,34,83989,
Binonga,PH,06,83980,
Reinickendorf,DE,16,83972,
Degan,CN,33,83950,
Xiannü,CN,04,83936,Xiannu
Bāghestān,IR,26,83934,Baghestan
Ayase,JP,19,83913,
Idaiyarpālaiyam,IN,25,83908,Idaiyarpalaiyam
Higashiyamato,JP,40,83901,
Cicero,US,IL,83886,
Darhan,MN,23,83883,
Paris 10 Entrepôt,FR,11,83873,Paris 10 Entrepot
Yinma,CN,25,83872,
Hemet,US,CA,83861,
Chiclana de la Frontera,ES,51,83831,
Cianorte,BR,18,83816,
Ocotlán,MX,14,83769,Ocotlan
Fredrikstad,NO,13,83761,
Sliven,BG,56,83740,
Jardim Paulista,BR,27,83667,
South Shields,GB,ENG,83655,
Derry,GB,NIR,83652,
Belo Jardim,BR,30,83647,
Hilversum,NL,07,83640,
Lingdong,CN,08,83636,
Nanzhang Chengguanzhen,CN,12,83604,
Hamma Bouziane,DZ,04,83603,
Al Qanāţir al Khayrīyah,EG,12,83568,Al Qanatir al Khayriyah
San Pedro,US,CA,83556,
Ahwatukee Foothills,US,AZ,83464,
Paris 10e Arrondissement,FR,11,83459,
Kisilevsk,RU,29,83431,
Busto Arsizio,IT,09,83405,
Şabrātah,LY,68,83398,Sabratah
Yangp'yŏng,KR,13,83367,Yangp'yong
Ungsang,KR,20,83360,
Kafr az Zayyāt,EG,05,83348,Kafr az Zayyat
Johns Creek,US,GA,83335,
La Piedad de Cabadas,MX,16,83323,
Mission,US,TX,83298,
Yamatokōriyama,JP,28,83285,Yamatokoriyama
Troy,US,MI,83280,
São Bento do Sul,BR,26,83277,Sao Bento do Sul
Marilao,PH,03,83276,
Buena Park,US,CA,83270,
Xucheng,CN,30,83267,
Ihiala,NG,25,83265,
Harihar,IN,19,83219,
Chilla Soroda Bāngar,IN,07,83217,Chilla Soroda Bangar
Kapiri Mposhi,ZM,02,83211,
Carpina,BR,30,83205,
Fort Abbas,PK,04,83192,
Sirsilla,IN,40,83186,
Ceuta,ES,CE,83179,
Sinwŏn-ŭp,KP,06,83161,Sinwon-up
Pori,FI,04,83157,
Owariasahi,JP,01,83144,
Margahayukencana,ID,30,83119,
Wensu,CN,13,83110,
Al Khārjah,EG,13,83108,Al Kharjah
Al-Khārijah,EG,13,83108,Al-Kharijah
Bulacan,PH,03,83101,
San José de Guanipa,VE,02,83092,San Jose de Guanipa
Picos,BR,20,83090,
Amakusa,JP,21,83082,
Echizen,JP,06,83078,
Kimitsu,JP,04,83058,
Galesong,ID,38,83050,
Bambari,CF,11,83029,
Mar del Tuyú,AR,01,83016,Mar del Tuyu
Hecun,CN,10,83009,
San Fernando,PH,01,83003,
Kamigyō-ku,JP,22,83000,Kamigyo-ku
Mid-City,US,CA,83000,
Ḩawsh ‘Īsá,EG,03,82999,Hawsh ‘Isa
Ningyang,CN,25,82994,
Bingerville,CI,93,82983,
Lodwar,KE,51,82970,
Karauli,IN,24,82960,
Mānsa,IN,23,82956,Mansa
Uccle,BE,BRU,82929,
Prešov,SK,05,82927,Presov
David,PA,02,82907,
Jinshi,CN,11,82906,
Weston-super-Mare,GB,ENG,82903,
Palm Coast,US,FL,82893,
Yuanping,CN,24,82883,
Minden,DE,07,82879,
Charlesbourg,CA,10,82870,
Montego Bay,JM,12,82867,
Kraljevo,RS,SE,82846,
Norderstedt,DE,10,82844,
Fayetteville,US,AR,82830,
Sioux City,US,IA,82821,Sioux
Yacuiba,BO,09,82803,
Pontevedra,ES,58,82802,
Muhanga,RW,15,82797,
Shīrvān,IR,43,82790,Shirvan
Marj Al Hamam,JO,16,82788,
Sobradinho II,BR,07,82785,
Ochota,PL,78,82774,
Havířov,CZ,85,82768,Havirov
La Villa del Rosario,VE,23,82766,
Shikokuchūō,JP,05,82754,Shikokuchuo
Bayeux,BR,17,82742,
Atlantis,ZA,11,82736,
Aoxi,CN,03,82717,
Liping,CN,18,82710,
Pau,FR,75,82697,
Rutshuru,CD,11,82680,
Kelo,TD,14,82677,
An Hải,VN,48,82635,An Hai
Sidi Kacem,MA,04,82632,
Algorta,ES,59,82624,
Halifax,GB,ENG,82624,
Torrevieja,ES,60,82599,
Changqing,CN,25,82598,
Jacobina,BR,05,82590,
Malapatan,PH,12,82577,
Lyon 07,FR,84,82573,
Dali Old Town,CN,29,82566,
Sinhyeon,KR,20,82560,
Xindian,CN,25,82555,
San Martín,AR,13,82549,San Martin
Saint-Hubert,CA,10,82548,
Jangipur,IN,28,82548,
Ecunna,AO,08,82541,
Muş,TR,49,82536,Mus
Douar Hicher,TN,39,82532,
Anzhero-Sudzhensk,RU,29,82526,
Yima,CN,09,82509,
Sahand,IR,33,82494,
Lake Forest,US,CA,82492,
Pernik,BG,49,82467,
Qiaoguan,CN,25,82467,
Manono,CD,29,82465,
Merced,US,CA,82436,
Minyat an Naşr,EG,01,82429,Minyat an Nasr
Sant Boi de Llobregat,ES,56,82428,
Pozuelo de Alarcón,ES,29,82428,Pozuelo de Alarcon
Bagamoyo,TZ,02,82426,
Cukai,MY,13,82425,
Parit Sulung,MY,01,82399,
Nangong,CN,10,82386,
Mbalmayo,CM,11,82384,
Sabaneta,CO,02,82375,
Limão,BR,27,82373,Limao
Lüshun,CN,19,82345,Lushun
Troitsk,RU,13,82338,
Mādabā,JO,23,82335,Madaba
Maţāy,EG,10,82328,Matay
Hengelo,NL,15,82311,
Reef Al Fujairah City,AE,04,82310,Reef Al Fujairah
Nizip,TR,83,82308,
Nakhon Sawan,TH,16,82305,
Três Rios,BR,21,82300,Tres Rios
Colombes,FR,11,82300,
Lākshām,BD,84,82290,Laksham
Longview,US,TX,82287,
Les Corts,ES,56,82270,
Gobindgarh,IN,23,82266,
Dondo,MZ,05,82260,
Maple Ridge,CA,02,82256,
Macaíba,BR,22,82249,Macaiba
Caldas,CO,02,82234,
Ōmihachiman,JP,35,82233,Omihachiman
Budapest VIII. kerület,HU,05,82222,Budapest VIII. kerulet
Atambua,ID,18,82196,
Anguo,CN,04,82181,
Quixeramobim,BR,06,82177,
Fatsa,TR,52,82160,
Azov,RU,61,82133,
Pagbilao,PH,40,82132,
Bryan,US,TX,82118,
Ipoti,NG,54,82113,
Tanashichō,JP,40,82112,Tanashicho
Shiwan,CN,30,82031,
Arcoverde,BR,30,82003,
Edmonton,GB,ENG,82000,
Westland,US,MI,82000,
Ishwardi,BD,83,81995,
Tamworth,GB,ENG,81964,
Limay,PH,03,81960,
Bolgatanga,GH,10,81958,
Donghe,CN,32,81953,
Gosport,GB,ENG,81952,
La Dorada,CO,37,81950,
Le Tampon,RE,RE,81943,
Ratodero,PK,05,81935,
Saunda,IN,38,81915,
Akiruno,JP,40,81912,
Breña,PE,15,81909,Brena
Moema,BR,27,81899,
Presidencia Roque Sáenz Peña,AR,03,81879,Presidencia Roque Saenz Pena
Maraimalainagar,IN,25,81872,
Huaiyang,CN,10,81861,
Coslada,ES,29,81860,
Ashoknagar,IN,35,81828,
Qal‘at Bīshah,SA,11,81828,Qal‘at Bishah
Sesto San Giovanni,IT,09,81822,
Gwangju,KR,13,81780,
Agboville,CI,82,81770,
Villingen-Schwenningen,DE,01,81770,
Tamanghasset,DZ,53,81752,
Kaspiysk,RU,17,81752,
Lucca,IT,16,81748,
Babamba,CD,30,81740,
Phulwari Sharif,IN,34,81740,
Tangping,CN,30,81729,
Ar Rass,SA,08,81728,
Mhow,IN,35,81702,
Warwick,US,RI,81699,
Bartın,TR,87,81692,
Luzern,CH,LU,81691,
Barkā’,OM,02,81647,Barka’
Concórdia,BR,26,81646,Concordia
Al Khānkah,EG,12,81646,Al Khankah
Kasongo,CD,10,81629,
Lakewood,US,CA,81611,
Guider,CM,13,81608,
Salmās,IR,01,81606,Salmas
Yirga ‘Alem,ET,SI,81600,
An Khê,VN,52,81600,An Khe
Naqadeh,IR,01,81598,
São Sebastião,BR,27,81595,Sao Sebastiao
Timóteo,BR,15,81579,Timoteo
Scunthorpe,GB,ENG,81576,
Tiznit,MA,09,81569,
Muntilan,ID,07,81555,
Paysandú,UY,11,81550,Paysandu
Uman,UA,01,81525,
Pacatuba,BR,06,81524,
Yan Nawa,TH,40,81521,
Tianguá,BR,06,81506,Tiangua
Remedios de Escalada de San Martín,AR,01,81465,Remedios de Escalada de San Martin
Beauport,CA,10,81425,
Yudong,CN,33,81408,
Malout,IN,23,81406,
Kadi,IN,09,81404,
Bulungu,CD,20,81393,
Chapadinha,BR,13,81386,
Balqash,KZ,12,81364,
Guaynabo,PR,061,81360,
Farmington Hills,US,MI,81330,
Sarishābāri,BD,H,81325,Sarishabari
Fatehjang,PK,04,81321,
San Tan Valley,US,AZ,81321,
Mount Pleasant,US,SC,81317,
Athi River,KE,31,81302,
Lambayong,PH,12,81288,
Konstanz,DE,01,81275,
Tatebayashi,JP,10,81274,
Mweka,CD,18,81267,
Konin,PL,86,81258,
Nangen,KR,03,81257,
Changning,CN,32,81248,
Vijalpor,IN,09,81245,
Pozzuoli,IT,04,81231,
Reşiţa,RO,12,81228,Resita
Žilina,SK,08,81219,Zilina
Palakollu,IN,02,81199,
Kabalo,CD,29,81191,
Baudhuinville,CD,29,81181,
Sokcho,KR,06,81164,
Xiugu,CN,03,81153,
Himatnagar,IN,09,81137,
Lalupon,NG,32,81130,
Pilar,AR,01,81120,
Al Ḩurshah,LY,68,81119,Al Hurshah
Worms,DE,08,81099,
Cranston,US,RI,81073,
Ozersk,RU,13,81023,
Tallaght,IE,L,81022,
Rockhampton,AU,04,81021,
Moabit,DE,16,81021,
San Timoteo,VE,23,81017,
Yessentuki,RU,70,81015,
São Miguel,BR,27,81011,Sao Miguel
Vitry-sur-Seine,FR,11,81001,
Largo,US,FL,81000,
Naesŏ,KR,20,80987,Naeso
Santa Cecilia,BR,27,80972,
Diyarb Najm,EG,14,80954,
Dholka,IN,09,80945,
Feicheng,CN,25,80929,
Mooca,BR,27,80880,
Aveiro,PT,02,80880,
Ravenna,IT,05,80868,
Shanting,CN,25,80843,
Rouissat,DZ,50,80784,
Madido,ZM,09,80782,
Klin,RU,47,80778,
Getxo,ES,59,80770,
Buta,CD,13,80751,
Kotkapura,IN,23,80741,
East Hastings,CA,02,80740,
Homestead,US,FL,80737,
Junlian,CN,32,80708,
Lecce,IT,13,80695,
South Suffolk,US,VA,80690,
Avondale,US,AZ,80684,
Atakpamé,TG,25,80683,Atakpame
Berestovskyi,UA,05,80671,
Curvelo,BR,15,80665,
Lai Vung,VN,82,80649,
Mijas,ES,51,80630,
Güigüe,VE,07,80627,Guigue
Bargarh,IN,21,80625,
Nianzhuang,CN,04,80617,
Aulnay-sous-Bois,FR,11,80615,
Kharghar,IN,16,80612,
Tepeji del Río de Ocampo,MX,13,80612,Tepeji del Rio de Ocampo
Kōtari,JP,22,80608,Kotari
Chatham,GB,ENG,80596,
Varese,IT,09,80588,
Tustin,US,CA,80583,
Santa Catarina Pinula,GT,07,80582,
Bustos,PH,03,80565,
Samā’il,OM,01,80538,Sama’il
Casa Verde,BR,27,80536,
Khemis Miliana,DZ,35,80512,
Ambalantota,LK,34,80506,
Bakhmut,UA,05,80500,
Bani Yas City,AE,01,80498,Bani Yas
Água Rasa,BR,15,80484,Agua Rasa
Yingjiang,CN,29,80481,
Elbistan,TR,46,80456,
Kondoa,TZ,03,80443,
Serrinha,BR,05,80435,
Mountain View,US,CA,80435,
Napa,US,CA,80434,
Kairāna,IN,36,80432,Kairana
Brajarajnagar,IN,21,80403,
Zhuanghe,CN,19,80384,
Hannō,JP,34,80361,Hanno
Bonāb,IR,33,80359,Bonab
Loushanguan,CN,18,80344,
Somerville,US,MA,80318,
Kāmāreddi,IN,40,80315,Kamareddi
Baoying,CN,04,80292,
Giugliano in Campania,IT,04,80269,
Kedungwaru,ID,08,80257,
Kendall,US,FL,80241,
Lawrence,US,MA,80231,
Dashiqiao,CN,19,80223,
Budapest XV. kerület,HU,05,80218,Budapest XV. kerulet
Panshi,CN,05,80200,
Palwancha,IN,40,80199,
Neumünster,DE,10,80196,Neumunster
Serpong,ID,30,80193,
Meru,KE,35,80191,
João Monlevade,BR,15,80187,Joao Monlevade
Piotrków Trybunalski,PL,74,80128,Piotrkow Trybunalski
Purmerend,NL,07,80117,
Vinhedo,BR,27,80111,
Qŭnghirot,UZ,09,80090,Qunghirot
Alahabad,PK,04,80084,
Nyeri,KE,44,80081,
Cachoeira do Sul,BR,23,80070,
Xichang,CN,16,80064,
Gamagōri,JP,01,80063,Gamagori
Manmād,IN,16,80058,Manmad
Srikalahasti,IN,02,80056,
Huanglou,CN,25,80055,
Dushan,CN,18,80045,
Kanyama,CD,15,80043,
Vorkuta,RU,34,80039,
Sangmélima,CM,14,80036,Sangmelima
El Cafetal,VE,15,80029,
Rikaze,CN,14,80000,
Sha Tin Wai,HK,NST,80000,
Hajiawa,IQ,05,80000,
Khewra,PK,04,80000,
Fili,RU,48,80000,
Cung Kiệm,VN,24,80000,Cung Kiem
Ughelli,NG,36,79986,
Dorsten,DE,07,79981,
Stockton-on-Tees,GB,ENG,79957,
Tan-Tan,MA,10,79942,
Parma,US,OH,79937,
Miabi,CD,04,79929,
Drobeta-Turnu Severin,RO,26,79865,
New Rochelle,US,NY,79846,
San José Pinula,GT,07,79844,San Jose Pinula
Paco,PH,NCR,79839,
Kottagūdem,IN,40,79819,Kottagudem
Lynchburg,US,VA,79812,
Lelystad,NL,16,79811,
Medford,US,OR,79805,
Zrenjanin,RS,VO,79773,
Deerfield Beach,US,FL,79768,
Songlou,CN,04,79763,
Pongch’ŏn-ŭp,KP,06,79740,Pongch’on-up
Bella Vista,AR,01,79737,
San Francisco,PH,13,79718,
Lerdo,MX,10,79669,
Taixing,CN,04,79655,
Genteng,ID,08,79652,
Kidapawan,PH,12,79652,
Bolenge,CD,02,79648,
Amstelveen,NL,07,79639,
Sathorn,TH,40,79624,
Bende,NG,45,79618,
Sylmar,US,CA,79614,
Kropotkin,RU,38,79599,
Itumbiara,BR,29,79582,
Calarcá,CO,23,79569,Calarca
Oke Mesi,NG,42,79563,
Kimpese,CD,08,79539,
Khrustalnyi,UA,14,79533,
Kafanchan,NG,23,79522,
Edfu,EG,16,79510,
Pleasanton,US,CA,79510,
Saint-Léonard,CA,10,79495,Saint-Leonard
Tangjiazhuang,CN,10,79489,
São Roque,BR,27,79484,Sao Roque
Shadrinsk,RU,40,79479,
Willowdale,CA,08,79440,
Talagang,PK,04,79431,
Huehuetenango,GT,08,79426,
Dosso,NE,03,79406,
Bang Sue subdistrict,TH,40,79405,
Lüdenscheid,DE,07,79386,Ludenscheid
Zarzis,TN,28,79316,
Phuket,TH,62,79308,
Kahna Nau,PK,04,79301,
Polotsk,BY,07,79285,
Tefé,BR,04,79278,Tefe
Sant Cugat del Vallès,ES,56,79253,Sant Cugat del Valles
Nawābganj,IN,36,79246,Nawabganj
Gedangan,ID,08,79230,
Cyberjaya,MY,12,79200,
Yanta,CN,25,79196,
Belmont Cragin,US,IL,79159,
Bwizibwera,UG,W,79157,
Brooklyn Park,US,MN,79149,
Gueckedou,GN,N,79140,
Gokak,IN,19,79121,
Ceará-Mirim,BR,22,79115,Ceara-Mirim
Mamou,GN,M,79109,
Zhuangyuan,CN,25,79106,
Tīkamgarh,IN,35,79106,Tikamgarh
Ikom,NG,22,79103,
Arakkonam,IN,25,79080,
Wuyang,CN,01,79070,
Kashihara,JP,32,79058,
Xiongzhou,CN,30,79050,
Chaigou,CN,25,79043,
Būmahen,IR,26,79034,Bumahen
Matão,BR,27,79033,Matao
Ponorogo,ID,08,79026,
Arāria,IN,34,79021,Araria
Agulu,NG,25,79021,
Netrakona,BD,H,79016,
Goodyear,US,AZ,79003,
Kaambooni,SO,09,79000,
Alfenas,BR,15,78970,
Catanzaro,IT,03,78970,
Prince George,CA,02,78943,
Mossel Bay,ZA,11,78940,
Nakatsugawa,JP,09,78930,
New Westminster,CA,02,78916,
Kennewick,US,WA,78896,
Marburg an der Lahn,DE,05,78895,
Bistriţa,RO,06,78877,Bistrita
Marseille 08,FR,93,78837,
Cẩm Lệ,VN,48,78837,Cam Le
Xinzhou,CN,12,78767,
Shitanjing,CN,21,78765,
Coffs Harbour,AU,02,78759,
Chiang Rai,TH,03,78756,
Deurne,BE,VLG,78747,
Sagaing,MM,10,78739,
Koch Bihār,IN,28,78737,Koch Bihar
Mooka,JP,38,78720,
Tumen,CN,05,78719,
Natori-shi,JP,24,78718,
Avilés,ES,34,78715,Aviles
Três Lagoas,BR,11,78712,Tres Lagoas
Armant,EG,23,78695,
Kharakvasla,IN,16,78684,
Gualeguaychú,AR,08,78676,Gualeguaychu
Thanhlyin,MM,17,78667,
Isiolo,KE,18,78650,
Vyborg,RU,42,78633,
Alameda,US,CA,78630,
Palencia,ES,55,78629,
Curepipe,MU,17,78618,
Danané,CI,78,78614,Danane
Arona,ES,53,78614,
Waliso,ET,51,78600,
Tupi,PH,12,78599,
São João del Rei,BR,15,78592,Sao Joao del Rei
Qinggang,CN,33,78582,
Hengbei,CN,30,78575,
Honjō,JP,34,78569,Honjo
Bhadohi,IN,36,78568,
Torrent,ES,60,78543,
Circoiscrizione I,IT,12,78523,
Lins,BR,27,78503,
Carlisle,GB,ENG,78470,
Town 'n' Country,US,FL,78442,
Bellflower,US,CA,78441,
Kőbánya,HU,05,78414,Kobanya
Yishan,CN,25,78408,
Kātoya,IN,28,78408,Katoya
Youhao,CN,08,78402,
Joensuu,FI,12,78398,
Medininagar,IN,38,78396,
Wāshīm,IN,16,78387,Washim
Reutov,RU,47,78370,
Bagbera,IN,38,78356,
Savarkundla,IN,09,78354,
Bandar-e Emam Khomeyni,IR,15,78353,
Toyooka,JP,13,78348,
Putatan,MY,16,78340,
Chino Hills,US,CA,78309,
Bang Kruai,TH,38,78305,
Denov,UZ,12,78300,
Bloomington,US,IL,78292,
Basoda,IN,35,78289,
Santa Cruz del Quiché,GT,14,78279,Santa Cruz del Quiche
Daura,NG,44,78277,
Al Ḩayy,IQ,16,78272,Al Hayy
Bamban,PH,03,78260,
Pingyi,CN,25,78254,
Southall,GB,ENG,78253,
Budapest XVII. kerület,HU,05,78250,Budapest XVII. kerulet
Mogi Mirim,BR,27,78244,
Wulong,CN,33,78225,
Valvedditturai,LK,38,78205,
Rheinhausen,DE,07,78203,
Linping,CN,02,78180,
Huai Khwang,TH,40,78175,
Sirs al Layyānah,EG,09,78168,Sirs al Layyanah
Ilioúpoli,GR,ESYE31,78153,Ilioupoli
San Juan,PE,16,78153,
Zahlé,LB,08,78145,Zahle
Daet,PH,05,78142,
Daugavpils,LV,06,78126,
Blue Mountains,AU,02,78121,
Rugby,GB,ENG,78117,
Kashiba,JP,28,78113,
Alafaya,US,FL,78113,
Wa,GH,11,78107,
Vanadzor,AM,06,78100,
Kouvola,FI,08,78094,
Donggongon,MY,16,78086,
Szombathely,HU,22,78025,
Xixiang,CN,30,78022,
Matala,AO,09,78000,
Colón,PA,04,78000,Colon
Alekseyevka,RU,47,78000,
Kuacjok,SS,08,78000,
Tanuku,IN,02,77962,
Gurdaspur,IN,23,77928,
Castrop-Rauxel,DE,07,77924,
Marsala,IT,15,77915,
Kizugawa,JP,22,77907,
Pakse,LA,02,77900,
Tome,JP,24,77897,
Springdale,US,AR,77859,
Luleå,SE,14,77832,Lulea
Edattala,IN,13,77811,
Shap Pat Heung,HK,NYL,77775,
Marseille 15,FR,93,77770,
Jardim Botânico,BR,07,77767,Jardim Botanico
Huankou,CN,04,77758,
Ciranjang-hilir,ID,30,77758,
Linkou,CN,08,77754,
Nchelenge,ZM,04,77746,
Racine,US,WI,77742,
Ipiales,CO,20,77729,
Roosendaal,NL,06,77725,
Hakkâri,TR,70,77699,Hakkari
Ukunda,KE,28,77686,
Bauang,PH,01,77670,
Nikkō,JP,38,77661,Nikko
Hasselt,BE,VLG,77651,
Keningau,MY,16,77650,
Gateshead,GB,ENG,77649,
Huangmei,CN,12,77633,
Campo Limpo Paulista,BR,27,77632,
Numan,NG,35,77617,
Hammond,US,IN,77614,
Feicheng,CN,25,77606,
Ītāy al Bārūd,EG,03,77606,Itay al Barud
Milpitas,US,CA,77604,
Ouarzazate,MA,08,77603,
Inowrocław,PL,73,77597,
Ünye,TR,52,77585,Unye
Bodhan,IN,40,77573,
Songling,CN,04,77566,
Bogenhausen,DE,02,77542,
Jishui,CN,09,77540,
Aalst,BE,VLG,77534,
Lubin,PL,72,77532,
Mechelen,BE,VLG,77530,
Lisburn,GB,NIR,77506,
Welk’īt’ē,ET,55,77500,Welk’it’e
Bagong Barrio,PH,NCR,77490,
Kambar,PK,05,77481,
Barracas,AR,07,77474,
Nazareth,IL,03,77445,
Mazatenango,GT,20,77431,
Khomeyn,IR,34,77425,
Shulan,CN,05,77420,
Balrāmpur,IN,36,77396,Balrampur
Tsubame,JP,29,77382,
Mandela,GH,01,77371,
Suva,FJ,01,77366,
Jelenia Góra,PL,72,77366,Jelenia Gora
Matehuala,MX,24,77328,
Gebiley,SO,20,77320,
Quatre Bornes,MU,17,77308,
Fukuchiyama,JP,22,77306,
Mungyeong,KR,14,77304,
Bāramūla,IN,12,77276,Baramula
Paisley,GB,SCT,77270,
Keur Médoune,SN,03,77255,Keur Medoune
Agua Prieta,MX,26,77254,
Pesaro,IT,10,77241,
Kanasín,MX,31,77240,Kanasin
Cozumel,MX,23,77236,
Baicheng,CN,25,77235,
Lod,IL,02,77223,
Wawer,PL,78,77205,
Aş Şuwayrah,IQ,16,77200,As Suwayrah
Akihabara,JP,40,77200,
Siedlce,PL,78,77185,
Damiao,CN,04,77179,
Jiexiu,CN,24,77178,
South Surrey,CA,02,77170,
Santa Cruz de Barahona,DO,03,77160,
Gary,US,IN,77156,
Shūsh,IR,15,77148,Shush
Putney,GB,ENG,77140,
Karwar,IN,19,77139,
Ovalle,CL,07,77138,
Kunitachi,JP,40,77130,
Scranton,US,PA,77118,
Şurmān,LY,68,77114,Surman
Mafikeng,ZA,10,77110,
Coyah,GN,D,77103,
Pok Fu Lam,HK,HSO,77100,
Voskresensk,RU,47,77086,
Canaã dos Carajás,BR,16,77079,Canaa dos Carajas
Keratsíni,GR,ESYE31,77077,Keratsini
Baldwin Park,US,CA,77071,
Dhuliān,IN,28,77070,Dhulian
Yên Hòa,VN,01,77029,Yen Hoa
Hunchun,CN,05,77028,
Nabari,JP,23,77022,
Kagoro,NG,23,77008,
Auburn,US,WA,77006,
Rabkavi-Banhatti,IN,19,77004,
Yalta,UA,11,77003,
Dubai Festival City,AE,03,77000,Dubai Festival
Les Rivières,CA,10,77000,Les Rivieres
Hassi Bahbah,DZ,22,77000,
Zahir Pir,PK,04,76979,
Mawāna,IN,36,76973,Mawana
Tsurusaki,JP,30,76968,
Santa Rosa,BR,23,76963,
Józsefváros,HU,05,76957,Jozsefvaros
Khlong Chan,TH,40,76934,
Sarqant,KZ,12510144,76919,
Santo Ângelo,BR,23,76917,Santo Angelo
Shirpur,IN,16,76905,
Kiserian,KE,19,76903,
Marseille 09,FR,93,76868,
Puerto Padre,CU,13,76838,
Budge Budge,IN,28,76837,
Arraiján,PA,13,76815,Arraijan
La Rochelle,FR,75,76810,
Kundla,IN,09,76809,
Fishers,US,IN,76794,
Shrewsbury,GB,ENG,76782,
Saint Joseph,US,MO,76780,
Al Maţār al ‘Atīq,QA,01,76774,Al Matar al ‘Atiq
Biguaçu,BR,26,76773,Biguacu
Sandu,CN,31,76757,
Mmabatho,ZA,10,76754,
Visnagar,IN,09,76753,
Liangxiang,CN,22,76744,
Champigny-sur-Marne,FR,11,76726,
Melong,CM,05,76716,
Brookes Point,PH,41,76715,
Kannauj,IN,36,76714,
Zhaodun,CN,04,76691,
Luxembourg,LU,LU,76684,
Yenakiyeve,UA,05,76673,
La Louvière,BE,WAL,76668,La Louviere
Pančevo,RS,VO,76654,Pancevo
Fenghua,CN,02,76653,
Khajoori Khas,IN,07,76640,
Rueil-Malmaison,FR,11,76616,
Neelankarai,IN,25,76600,
Nagīna,IN,36,76593,Nagina
Caledon,CA,08,76581,
Juhaynah,EG,24,76555,
Biruaca,VE,03,76553,
Pharr,US,TX,76538,
Fuorigrotta,IT,04,76521,
Fylde,GB,ENG,76500,
Badagara,IN,13,76493,
Fazilka,IN,23,76492,
Rheine,DE,07,76491,
Hujra Shah Muqim,PK,04,76462,
Bawku,GH,10,76459,
Bunbury,AU,08,76452,
Shiki,JP,34,76445,
Upland,US,CA,76443,
Crewe,GB,ENG,76437,
Viçosa,BR,15,76430,Vicosa
Oss,NL,06,76430,
Yaxing,CN,31,76427,
Yuktae-dong,KP,03,76427,
Dangkao,KH,22,76421,
Ciudad Satelite,PE,04,76410,
Fünfhaus,AT,09,76396,Funfhaus
Antibes,FR,93,76393,
Crateús,BR,06,76390,Crateus
Yangliuqing,CN,28,76387,
Stoney Creek,CA,08,76382,
Folsom,US,CA,76375,
Modiin Ilit,IL,06,76374,
Bebedouro,BR,27,76373,
Basoko,CD,30,76371,
Odendaalsrus,ZA,03,76371,
Thawi Watthana,TH,40,76351,
Electronic City Phase I,IN,19,76348,
Aira,JP,18,76348,
Qiuji,CN,04,76343,
Budapest XXI. kerület,HU,05,76339,Budapest XXI. kerulet
Baytown,US,TX,76335,
Furukawa,JP,24,76312,
Latina,IT,07,76305,
Zhlobin,BY,02,76304,
Mineralnye Vody,RU,70,76280,
Babahoyo,EC,13,76279,
Midyat,TR,72,76268,
Lae,PG,14,76255,
Matara,LK,34,76254,
Manresa,ES,56,76250,
Nahāvand,IR,09,76250,Nahavand
Ramla,IL,02,76246,
Tuban,ID,08,76242,
Thanh Liệt,VN,01,76238,Thanh Liet
Sakon Nakhon,TH,20,76237,
Ratnagiri,IN,16,76229,
Mbabane,SZ,01,76218,
Kiyose,JP,40,76208,
Keshod,IN,09,76193,
Qingquan,CN,12,76154,
Viersen,DE,07,76153,
Esteio,BR,23,76137,
San Ramon,US,CA,76134,
Adzopé,CI,82,76122,Adzope
Camden,US,NJ,76119,
Bracknell,GB,ENG,76103,
Shibukawa,JP,10,76098,
Oleksandriya,UA,10,76097,
Konnagar,IN,28,76082,
Shirbīn,EG,01,76081,Shirbin
Yurihonjō,JP,02,76077,Yurihonjo
Ash Shuhadā’,EG,09,76071,Ash Shuhada’
Lake Charles,US,LA,76070,
Chintamani,IN,19,76068,
Kalamazoo,US,MI,76041,
Shouxian,CN,04,76030,
Paharpur,PK,03,76027,
Brick,US,NJ,76021,
Nagornyy,RU,48,76000,
Kebomas,ID,08,75982,
Cinisello Balsamo,IT,09,75943,
Itapema,BR,26,75940,
Arlington Heights,US,IL,75926,
San Sebastián de los Reyes,ES,29,75912,San Sebastian de los Reyes
Plymouth,US,MN,75907,
Maymana,AF,07,75900,
Delmenhorst,DE,06,75893,
Lintong,CN,26,75882,
La Libertad,EC,10,75881,
South Ozone Park,US,NY,75878,
Doral,US,FL,75874,
Ciudad Choluteca,HN,02,75872,
Pammal,IN,25,75870,
Karangsembung,ID,30,75856,
Buchanan,LR,11,75854,
Mashtūl as Sūq,EG,14,75837,Mashtul as Suq
Sindhnūr,IN,19,75837,Sindhnur
Sankt Gallen,CH,SG,75833,
Kamensk-Shakhtinsky,RU,61,75814,
Belovo,RU,29,75764,
Takefu,JP,06,75753,
Tarub,ID,07,75739,
Waterford,US,MI,75737,
Madhubani,IN,34,75736,
Kageleke,CN,13,75730,
Kotido,UG,N,75700,
Turbat,PK,02,75694,
Bodināyakkanūr,IN,25,75680,Bodinayakkanur
Kanjia,CN,25,75669,
Yinzhu,CN,25,75656,
Khadki,IN,16,75654,
Battersea,GB,ENG,75651,
Sapiranga,BR,23,75648,
Chekhov,RU,47,75643,
Bihać,BA,01,75641,Bihac
Souk El Arbaa,MA,04,75635,
Battaramulla South,LK,36,75633,
Warabi,JP,34,75614,
Ibiúna,BR,27,75605,Ibiuna
Kita,ML,03,75598,
Gare,FR,11,75580,
Dhrāngadhra,IN,09,75578,Dhrangadhra
Kryukiv,UA,18,75578,
Al Karama,AE,03,75560,
Tezpur,IN,03,75540,
Osijek,HR,10,75535,
Lapa,BR,27,75533,
Piła,PL,86,75532,
Nevşehir,TR,50,75527,Nevsehir
Evanston,US,IL,75527,
Kanaker-Zeytun,AM,11,75500,
Gladbeck,DE,07,75499,
Três Corações,BR,15,75485,Tres Coracoes
Ode,NG,48,75463,
Miki,JP,13,75450,
Manteca,US,CA,75448,
Schiedam,NL,11,75438,
Ra'anana,IL,02,75421,
Döbling,AT,09,75418,Dobling
Saint-Maur-des-Fossés,FR,11,75402,Saint-Maur-des-Fosses
Srivilliputhur,IN,25,75396,
Anhanguera,BR,27,75360,
Bariq,SA,11,75351,
Ulu Tiram,MY,01,75350,
Chaoyang,CN,05,75347,
Dawbon,MM,03,75325,
Benipur,IN,34,75317,
Ekpé,BJ,16,75313,Ekpe
Kai,JP,46,75313,
East Kilbride,GB,SCT,75310,
Wyoming,US,MI,75275,
Kruševac,RS,SE,75256,Krusevac
Hongch’ŏn,KR,06,75251,Hongch’on
Kampong Chhnang,KH,03,75244,
Trujillo Alto,PR,139,75243,
Shangmei,CN,11,75233,
Pāloncha,IN,40,75224,Paloncha
Igbo-Ukwu,NG,25,75224,
Mek’ī,ET,51,75200,Mek’i
Loveland,US,CO,75182,
Rundu,NA,40,75180,
Cheektowaga,US,NY,75178,
Hove,GB,ENG,75174,
Fuyu,CN,08,75147,
Lagoa Santa,BR,15,75145,
Virac,PH,05,75135,
Kings Bridge,US,NY,75132,
Pedro Juan Caballero,PY,02,75109,
Bismarck,US,ND,75092,
Basyūn,EG,05,75084,Basyun
Kpalimé,TG,25,75084,Kpalime
Okegawa,JP,34,75062,
Kumanovo,MK,D7,75051,
Telêmaco Borba,BR,18,75042,Telemaco Borba
Barbalha,BR,06,75033,
Katano,JP,32,75033,
Gela,IT,15,75001,
Barra do Dande,AO,19,75000,
Feriana,TN,02,75000,
Katoro,TZ,28,75000,
Tekstylnyk,UA,05,75000,
Củ Chi,VN,79,75000,Cu Chi
Sukagawa,JP,08,74992,
Spijkenisse,NL,11,74988,
Encarnación,PY,11,74983,Encarnacion
Aprilia,IT,07,74977,
Xinying,TW,04,74972,
Perris,US,CA,74971,
Haninge,SE,26,74968,
Cruzeiro,BR,27,74961,
Maozhou,CN,30,74910,
Jaora,IN,35,74907,
Bethlehem,US,PA,74892,
Gävle,SE,03,74884,Gavle
Arnsberg,DE,07,74879,
Topi,PK,03,74867,
Molepolole,BW,06,74861,
Tura,IN,18,74858,
Gūdūr,IN,02,74851,Gudur
Albany,US,GA,74843,
El Tocuyo,VE,13,74829,
Hihyā,EG,14,74823,Hihya
Ouro Preto,BR,15,74821,
Huilong,CN,04,74818,
Keren,ER,01,74800,
Ubud,ID,02,74800,
Yotsuya,JP,40,74800,
Nam Cheong,HK,KSS,74780,
Beidao,CN,15,74767,
Troisdorf,DE,07,74749,
Moroni,KM,02,74749,
Aylesbury,GB,ENG,74748,
Valdemoro,ES,29,74745,
Bhalwal,PK,04,74744,
Ciudad Real,ES,54,74743,
Helmond,NL,06,74740,
Yanggu,CN,25,74725,
Kowloon West End,HK,KKC,74710,
Alicia,PH,02,74699,
Schaumburg,US,IL,74693,
Am Timan,TD,13,74691,
Évosmos,GR,ESYE12,74686,Evosmos
Parque Do Carmo,BR,27,74677,
Changnyeong,KR,20,74668,
Mirpur Mathelo,PK,05,74651,
Gobernador Gálvez,AR,21,74650,Gobernador Galvez
Vedado del Cotorro,CU,02,74650,
Jōyō,JP,22,74607,Joyo
Longgang,CN,33,74605,
Banská Bystrica,SK,01,74590,Banska Bystrica
Asbest,RU,71,74583,
Narnaul,IN,10,74581,
Sunāmganj,BD,86,74570,Sunamganj
Cannes,FR,93,74545,
Gastonia,US,NC,74543,
Senhor do Bonfim,BR,05,74523,
Irecê,BR,05,74507,Irece
Hyosha,CD,11,74502,
Brownsville,US,NY,74497,
Balotra,IN,24,74496,
Union City,US,CA,74494,Union
Bismil,TR,21,74493,
Aramoko-Ekiti,NG,54,74491,
Katori-shi,JP,04,74469,
Kharar,IN,23,74460,
Shancheng,CN,25,74459,
Bilecik,TR,11,74457,
Zhangzhai,CN,04,74433,
Calais,FR,32,74433,
Izumiōtsu,JP,32,74412,Izumiotsu
Nanma,CN,25,74406,
Méagui,CI,76,74365,Meagui
Iţsā,EG,04,74357,Itsa
Huicheng,CN,01,74349,
Asti,IT,12,74348,
Foumbot,CM,08,74319,
Tatsuno,JP,13,74316,
Bolingbrook,US,IL,74306,
Yadgir,IN,19,74294,
Bosaso,SO,03,74287,
Rāmhormoz,IR,15,74285,Ramhormoz
Kilifi,KE,23,74270,
Harda,IN,35,74268,
Yuanshang,CN,25,74253,
Ragusa,IT,15,74251,
Silao de la Victoria,MX,11,74242,
Iowa City,US,IA,74220,Iowa
Pilkhua,IN,36,74212,
Seosan,KR,17,74208,
Tosu,JP,33,74196,
Khalándrion,GR,ESYE31,74192,Khalandrion
Vélez-Málaga,ES,51,74190,Velez-Malaga
Canindé,BR,06,74174,Caninde
Suixi,CN,01,74172,
Eusébio,BR,06,74170,Eusebio
Layton,US,UT,74143,
Xinmin,CN,19,74139,
Missouri City,US,TX,74139,Missouri
Appleton,US,WI,74139,
Igbara-Odo,NG,54,74121,
Zhangzhuang,CN,04,74114,
Ambājogāi,IN,16,74114,Ambajogai
Meshgīn Shahr,IR,32,74109,Meshgin Shahr
Al Qā’im,IQ,01,74100,Al Qa’im
Shelby,US,MI,74099,
Fuentes del Valle,MX,15,74087,
Imerintsiatosika,MG,13,74085,
Béziers,FR,76,74081,Beziers
Kāpas Herd,IN,07,74073,Kapas Herd
Bafia,CM,11,74050,
Gucheng Chengguanzhen,CN,12,74038,
Xianshuigu,CN,28,74028,
Zaraza,VE,12,74017,
Fort Myers,US,FL,74013,
Inuyama,JP,01,73995,
Bela,IN,36,73992,
Ostrowiec Świętokrzyski,PL,84,73989,Ostrowiec Swietokrzyski
Sarai Alamgir,PK,04,73967,
Boynton Beach,US,FL,73966,
Wattenscheid,DE,07,73965,
Bocholt,DE,07,73943,
Yunyang,CN,09,73922,
Casoria,IT,04,73918,
Msalātah,LY,82,73907,Msalatah
Jonesboro,US,AR,73907,
Majene,ID,41,73883,
Kortrijk,BE,VLG,73879,
Grajaú,BR,13,73872,Grajau
Youssoufia,MA,07,73848,
Sipalay,PH,06,73847,
Gbadolite,CD,26,73835,
Rabkavi,IN,19,73835,
Pistoia,IT,16,73832,
Chimbas,AR,18,73829,
Gandia,ES,60,73829,
South Lawndale,US,IL,73826,
Coari,BR,04,73820,
Prilep,MK,E3,73814,
Ozubulu,NG,25,73812,
Vlaardingen,NL,11,73798,
Ifrane,MA,03,73782,
Kyōtanabe,JP,22,73753,Kyotanabe
Bundaberg,AU,04,73747,
Aku,NG,47,73742,
Huayuan,CN,03,73732,
Caçador,BR,26,73720,Cacador
Shibīn al Qanāţir,EG,12,73711,Shibin al Qanatir
Goianésia,BR,29,73707,Goianesia
Lanxi,CN,02,73706,
Logan Square,US,IL,73702,
Oudtshoorn,ZA,11,73694,
Drohobych,UA,15,73682,
Detmold,DE,07,73680,
Bawāna,IN,07,73680,Bawana
Al Buraymī,OM,10,73670,Al Buraymi
Kasama,JP,14,73664,
Genhe,CN,20,73631,
Gresik,ID,08,73629,
Birobidzhan,RU,89,73623,
Oyan,NG,42,73622,
Shāhābād,IN,36,73606,Shahabad
Chokolivka,UA,12,73600,
Walvis Bay,NA,29,73598,
Don Carlos,PH,10,73592,
Sewon,ID,10,73585,
Virudhachalam,IN,25,73585,
Luocheng,CN,32,73581,
Kabanjahe,ID,26,73581,
Rapid City,US,SD,73569,Rapid
Necochea,AR,01,73557,
Chāndpur,IN,36,73555,Chandpur
Cao Bằng,VN,04,73549,Cao Bang
Pirassununga,BR,27,73545,
Târgu Jiu,RO,19,73545,Targu Jiu
Bat Khela,PK,03,73525,
Jega,NG,40,73495,
Warner Robins,US,GA,73490,
Heguan,CN,25,73470,
Solok,ID,24,73438,
Kāsipālaiyam,IN,25,73425,Kasipalaiyam
Rochester Hills,US,MI,73424,
Viana,BR,08,73423,
Chibuto,MZ,02,73393,
Canary Wharf,GB,ENG,73390,
Sikandarābād,IN,36,73379,Sikandarabad
Asaba,NG,36,73374,
Chilca,PE,12,73371,
Cloverdale,CA,02,73355,
Ohafia-Ifigh,NG,45,73355,
Juegang,CN,04,73317,
Virudunagar,IN,25,73273,
Bonao,DO,31,73269,
Khlong San,TH,40,73263,
Yoshikawa,JP,34,73262,
Belek,TR,07,73260,
Decatur,US,IL,73254,
Kadiyivka,UA,14,73248,
Tatvan,TR,13,73222,
General Roca,AR,16,73212,
Kawit,PH,40,73210,
Fada N'gourma,BF,08,73200,
Peterhof,RU,66,73199,
Shostka,UA,21,73197,
Pierrefonds-Roxboro,CA,10,73194,
Taman Senai,MY,01,73176,
Dazaifu,JP,07,73164,
Southfield,US,MI,73156,
Richard-Toll,SN,14,73147,
Pattukkottai,IN,25,73135,
Siemianowice Śląskie,PL,83,73121,Siemianowice Slaskie
Negēlē,ET,51,73100,Negele
Mayagüez,PR,097,73077,Mayaguez
Néa Smýrni,GR,ESYE31,73076,Nea Smyrni
Castro,BR,18,73075,
Ţāmiyah,EG,04,73070,Tamiyah
Joypur Hāt,BD,83,73068,Joypur Hat
Ishioka,JP,14,73061,
Majalengka,ID,30,73052,
Pusad,IN,16,73046,
Berdychiv,UA,27,73046,
Sihanoukville,KH,28,73036,
Ratchathewi,TH,40,73035,
Santa Isabel do Pará,BR,16,73019,Santa Isabel do Para
Jatibarang,ID,30,73010,
Beled Hawo,SO,06,73000,
Shixing,CN,30,72996,
Koch'ang,KR,03,72996,
Rubí,ES,56,72987,Rubi
Zlín,CZ,90,72973,Zlin
Jurong East,SG,04,72960,
Dongdu,CN,25,72957,
Balanga,PH,03,72954,
San Juan de la Maguana,DO,23,72950,
Bayreuth,DE,02,72940,
Oyem,GA,09,72939,
Russas,BR,06,72928,
Rābigh,SA,14,72928,Rabigh
Lappeenranta,FI,09,72909,
Ostrów Wielkopolski,PL,86,72898,Ostrow Wielkopolski
Saint George,US,UT,72897,
Padre Las Casas,CL,04,72892,
Rosh Ha‘Ayin,IL,02,72881,
Caserta,IT,04,72844,
Yanjia,CN,33,72825,
Dachnoye,RU,66,72822,
Bethal,ZA,07,72821,
Krathum Baen,TH,55,72819,
Nanyuki,KE,29,72813,
New Britain,US,CT,72808,
Tindivanam,IN,25,72796,
Dongkan,CN,04,72789,
Chopda,IN,16,72783,
Minusinsk,RU,91,72781,
Paine,CL,12,72759,
Almelo,NL,15,72725,
Thaba Nchu,ZA,03,72721,
Cascavel,BR,06,72720,
Selva Alegre,PE,04,72696,
Barra do Garças,BR,14,72694,Barra do Garcas
Amparo,BR,27,72677,
Hương Trà,VN,46,72677,Huong Tra
Huangchuan,CN,09,72663,
Georgiyevsk,RU,70,72649,
Daytona Beach,US,FL,72647,
Yelabuga,RU,73,72643,
Franklin,US,TN,72639,
Naro-Fominsk,RU,47,72632,
Port Area,PH,NCR,72605,
Sitrah,BH,16,72601,
Rio do Sul,BR,26,72587,
Wusu,CN,13,72587,
Gaspar,BR,26,72570,
Nutana Sector,CA,11,72564,
Talā,EG,09,72536,Tala
Lanxi,CN,08,72528,
Guamúchil,MX,25,72500,Guamuchil
Tailândia,BR,16,72493,Tailandia
Miyang,CN,29,72485,
Ferkessédougou,CI,87,72476,Ferkessedougou
Taliparamba,IN,13,72465,
Steglitz,DE,16,72464,
Hekinan,JP,01,72458,
Jiangzhuang,CN,25,72453,
Beichengqu,CN,20,72444,
Gongju,KR,17,72435,
Alegrete,BR,23,72409,
Arua,UG,N,72400,
Candeias,BR,05,72382,
Socopó,VE,05,72352,Socopo
Sangāreddi,IN,40,72344,Sangareddi
Shumen,BG,54,72342,
Venado Tuerto,AR,21,72340,
Pālghar,IN,16,72335,Palghar
Maroúsi,GR,ESYE31,72333,Marousi
Kalima,CD,29,72327,
Bangkok Yai,TH,40,72321,
Xinzhi,CN,24,72303,
Finlyandskiy,RU,42,72292,
Turlock,US,CA,72292,
Dharapuram,IN,25,72291,
Tabatinga,BR,04,72283,
Abancay,PE,03,72277,
Temple,US,TX,72277,
Licheng,CN,04,72276,
Sobradinho,BR,07,72273,
Adelaide Hills,AU,05,72260,
Guanajuato,MX,11,72237,
Suva Reka,XK,10097361,72229,
West Ridge,US,IL,72211,
Radès,TN,27,72209,Rades
K’olīto,ET,55,72200,K’olito
Chiryū,JP,01,72193,Chiryu
Ash Shafā,SA,14,72190,Ash Shafa
Apple Valley,US,CA,72174,
Sagay,PH,06,72153,
Santo Antônio do Descoberto,BR,29,72127,Santo Antonio do Descoberto
Sarnia,CA,08,72125,
Kyosai,KR,20,72124,
Mysłowice,PL,83,72124,
Payyanur,IN,13,72111,
Ōtawara,JP,38,72087,Otawara
Casa Nova,BR,05,72086,
Nizwá,OM,01,72076,Nizwa
Zhoucheng,CN,25,72070,
Sault Ste. Marie,CA,08,72051,
Sakrand,PK,05,72040,
Itapira,BR,27,72022,
Thị Trấn Mạo Khê,VN,22,72012,Thi Tran Mao Khe
Mariano Roque Alonso,PY,06,72008,
Larnaca,CY,03,72000,
Purley,GB,ENG,72000,
Bandar Saujana Utama,MY,12,72000,
Al Līth,SA,14,72000,Al Lith
Bromma,SE,26,72000,
Lynwood,US,CA,71989,
La Paz,PH,03,71978,
Waukesha,US,WI,71970,
Le Bardo,TN,36,71961,
Gouda,NL,11,71952,
Sheopur,IN,35,71951,
Channapatna,IN,19,71942,
Bothaville,ZA,03,71934,
Araranguá,BR,26,71922,Ararangua
Goianira,BR,29,71916,
Antalaha,MG,72,71898,
Caidian,CN,12,71891,
Busia,KE,13,71886,
Canton,US,OH,71885,
Guildford,GB,ENG,71873,
Koyilandy,IN,13,71873,
Mbouda,CM,08,71867,
Afikpo,NG,53,71866,
Landshut,DE,02,71863,
Santa Lucía,ES,53,71863,Santa Lucia
Gulfport,US,MS,71856,
Panzos,GT,01,71846,
Sunzha,RU,19,71841,
Amatitlán,GT,07,71836,Amatitlan
Jaboticabal,BR,27,71821,
Saint John,CA,04,71808,
São Sebastião do Paraíso,BR,15,71796,Sao Sebastiao do Paraiso
Farīdpur,IN,36,71783,Faridpur
Tando Jam,PK,05,71760,
Yüksekova,TR,70,71729,Yuksekova
Birkhadem,DZ,01,71722,
Zaandam,NL,07,71708,
Borås,SE,28,71700,Boras
Shakhtarsk,UA,05,71700,
Nyvky,UA,12,71700,
Mānikganj,BD,81,71698,Manikganj
Esbjerg,DK,21,71698,
Bouar,CF,09,71680,
Rolândia,BR,18,71670,Rolandia
Migori,KE,36,71668,
Barauni,IN,34,71660,
Yawata,JP,22,71656,
Apomu,NG,42,71656,
Minami-Alps,JP,46,71618,
Xiuyan,CN,19,71614,
Dārayyā,SY,08,71596,Darayya
Delgado,SV,10,71594,
Pawtucket,US,RI,71591,
Chernogorsk,RU,31,71582,
Lauderhill,US,FL,71579,
Peckham,GB,ENG,71552,
Indaial,BR,26,71549,
Rock Hill,US,SC,71548,
Khanabad,AF,24,71531,
Sragen,ID,07,71522,
Luohuang,CN,33,71515,
Madīnat as Sādāt,EG,03,71501,Madinat as Sadat
Tākestān,IR,38,71499,Takestan
Dias d'Ávila,BR,05,71485,Dias d'Avila
Fuengirola,ES,51,71482,
Solana,PH,02,71475,
Shangsi,CN,16,71468,
Valença,BR,21,71462,Valenca
Fiditi,NG,32,71461,
Silver Spring,US,MD,71452,
Barnsley,GB,ENG,71447,
Qarasu,CN,13,71446,
Tokmok,KG,02,71443,
Yumbo,CO,29,71436,
Borongan,PH,08,71431,
Yukuhashi,JP,07,71426,
Medenine,TN,28,71406,
Triyuga,NP,1,71405,
Shahrixon,UZ,01,71400,
Campo Formoso,BR,05,71377,
Oroquieta,PH,10,71373,
Upington,ZA,08,71373,
Trujillo,VE,21,71362,
Don Torcuato,AR,01,71356,
Zelenogorsk,RU,91,71354,
West Gulfport,US,MS,71329,
Lowestoft,GB,ENG,71327,
Krishnagiri,IN,25,71323,
Parys,ZA,03,71319,
Agios Dimitrios,GR,ESYE31,71294,
Sopur,IN,12,71292,
Yalova,TR,92,71289,
Winneba,GH,04,71288,
Szolnok,HU,20,71285,
Changtu,CN,19,71284,
Ban Ko Sire,TH,62,71284,
Växjö,SE,12,71282,Vaxjo
Huashan,CN,04,71281,
Ilidža,BA,01,71277,Ilidza
Lüneburg,DE,06,71260,Luneburg
Tôlanaro,MG,53,71258,Tolanaro
El Pueblito,MX,22,71254,
Flower Mound,US,TX,71253,
Stargard,PL,87,71224,
Cremona,IT,09,71223,
Rāyagada,IN,21,71208,Rayagada
Serendah,MY,12,71202,
Anlu,CN,12,71198,
Guasave,MX,25,71196,
Fernandópolis,BR,27,71186,Fernandopolis
Yilan,CN,08,71180,
Zahirābād,IN,40,71166,Zahirabad
Sur,OM,04,71152,
Linjiang,CN,33,71149,
Carpi,IT,05,71148,
Khopoli,IN,16,71141,
San Francisco del Rincón,MX,11,71139,San Francisco del Rincon
Centreville,US,VA,71135,
Grazhdanka,RU,66,71128,
Ratangarh,IN,24,71124,
Lafayette,US,IN,71111,
Moanda,GA,02,71099,
Thākurgaon,BD,87,71096,Thakurgaon
Hala,PK,05,71094,
Mārkāpur,IN,02,71092,Markapur
Passaic,US,NJ,71085,
Billstedt,DE,04,71077,
Guiping,CN,16,71066,
Gemlik,TR,16,71063,
Campo Belo,BR,27,71058,
Tenri,JP,28,71052,
Riverview,US,FL,71050,
Kalamassery,IN,13,71038,
Sougueur,DZ,13,71036,
Redlands,US,CA,71035,
Orita-Eruwa,NG,32,71027,
Zográfos,GR,ESYE31,71026,Zografos
Missoula,US,MT,71022,
Rancho Cordova,US,CA,71017,
Farshūţ,EG,23,71013,Farshut
Celle,DE,06,71010,
Prymorskyi,UA,05,71008,
Bolpur,IN,28,70998,
Panjim,IN,33,70991,
Rānāghāt,IN,28,70984,Ranaghat
Pacajus,BR,06,70983,
Horizonte,BR,06,70983,
Tanabe,JP,43,70972,
Doba,TD,09,70942,
Hongwŏn,KP,03,70923,Hongwon
Aubervilliers,FR,11,70914,
Wilmington,US,DE,70898,
Al Ghanāyim,EG,17,70884,Al Ghanayim
Kuandian,CN,19,70867,
Gwadar,PK,02,70852,
Musashimurayama,JP,40,70829,
Shenzhen City Centre,CN,30,70826,
Vila Nova de Gaia,PT,17,70811,
Aïn Temouchent,DZ,36,70810,Ain Temouchent
Uwajima,JP,05,70809,
Ejura,GH,02,70807,
Poyang,CN,03,70787,
Yongfeng,CN,11,70783,
Lahraouyine,MA,06,70783,
Kopeysk,RU,13,70780,
Eha Amufu,NG,47,70779,
Fatehābād,IN,10,70777,Fatehabad
Bāpatla,IN,02,70777,Bapatla
Södertälje,SE,26,70777,Sodertalje
Gongchangling,CN,19,70761,
Beypore,IN,13,70751,
Bir el Ater,DZ,33,70749,
Jimo,CN,25,70733,
Malumfashi,NG,24,70709,
Cổ Đô,VN,01,70706,Co Đo
Janaúba,BR,15,70699,Janauba
Koppal,IN,19,70698,
Buenavista,PH,13,70691,
Al Qanāyāt,EG,14,70687,Al Qanayat
Pala,TD,20,70677,
Tongyeong,KR,20,70641,
Badvel,IN,02,70626,
Antanifotsy,MG,12,70626,
Dialakorodji,ML,07,70619,
Sherwood Park,CA,01,70618,
Dādri,IN,36,70609,Dadri
Kurortnyy,RU,42,70589,
Chingford,GB,ENG,70583,
Samar,UA,04,70550,
Thenkasi,IN,25,70545,
New Braunfels,US,TX,70543,
Pabianice,PL,74,70542,
Altamura,IT,13,70539,
Berekum,GH,13,70536,
Suratgarh,IN,24,70536,
Santa María Chimalhuacán,MX,15,70519,Santa Maria Chimalhuacan
Mariano,PH,10,70516,
Brumado,BR,05,70510,
Auraiya,IN,36,70508,
Lamezia Terme,IT,03,70501,
Vol’sk,RU,67,70500,
Nungua,GH,01,70483,
Bailundo,AO,12,70481,
Halmstad,SE,06,70480,
Cherry Hill,US,NJ,70475,
Mykytivskyi,UA,05,70474,
Baiquan,CN,08,70472,
Beloretsk,RU,08,70468,
Palani,IN,25,70467,
Benidorm,ES,60,70450,
Contramaestre,CU,15,70438,
Nabeul,TN,19,70437,
Ishimbay,RU,08,70421,
Alamata,ET,53,70400,
Capanema,BR,16,70394,
Pagar Alam,ID,32,70386,
Grande Prairie,CA,01,70385,
Linares,MX,19,70378,
Bayramaly,TM,05,70376,
Jiangyan,CN,04,70375,
Maidenhead,GB,ENG,70374,
Shiguai,CN,20,70357,
Faro,PT,09,70347,
Maebaru-chūō,JP,07,70339,Maebaru-chuo
Eniwa,JP,12,70331,
Flagstaff,US,AZ,70320,
Rittō,JP,35,70312,Ritto
Chivacoa,VE,22,70298,
Farroupilha,BR,23,70286,
Anan,JP,39,70285,
Martil,MA,01,70274,
Danao,PH,07,70270,
Gniezno,PL,86,70269,
Alphen aan den Rijn,NL,11,70251,
Kadirli,TR,91,70248,
Goya,AR,06,70245,
Châu Đốc,VN,91,70239,Chau Đoc
Phaya Thai,TH,40,70238,
Dārāb,IR,07,70232,Darab
Şirvan,AZ,07,70220,Sirvan
Schweizer-Reneke,ZA,10,70214,
Adler,RU,38,70200,
Dimbokro,CI,81,70198,
Confederation,CA,11,70192,
Fuyang,CN,02,70183,
Faranah,GN,F,70181,
Haining,CN,02,70171,
Doğubayazıt,TR,04,70171,Dogubayazıt
Alcalá de Guadaira,ES,51,70155,Alcala de Guadaira
Shankou,CN,16,70153,
Chapayevsk,RU,65,70147,
Stafford,GB,ENG,70145,
Mauban,PH,40,70135,
Tsurugashima,JP,34,70117,
Nallūr,IN,25,70115,Nallur
Taungdwingyi,MM,15,70094,
Inaruwa,NP,1,70093,
Indang,PH,40,70092,
Muncie,US,IN,70087,
Mineiros,BR,29,70081,
Pan’an,CN,15,70072,
Cahama,AO,07,70061,
Bamberg,DE,02,70047,
Khāliş,IQ,10,70046,Khalis
Ayvalık,TR,10,70002,
Uxbridge,GB,ENG,70000,
Baikonur,KZ,08,70000,
Dainava (Kaunas),LT,57,70000,
Rabwah,PK,04,70000,
Fordon,PL,73,70000,
Vikindu,TZ,02,70000,
Mira Mesa,US,CA,70000,
Woodland Hills,US,CA,70000,
Linh Đàm,VN,01,70000,Linh Đam
Raha,ID,22,69980,
Duyên Hải,VN,86,69961,Duyen Hai
Weston,US,FL,69959,
Imola,IT,05,69953,
Aigáleo,GR,ESYE31,69946,Aigaleo
Izmayil,UA,17,69932,
Mengcheng Chengguanzhen,CN,01,69916,
San Joaquín,VE,07,69894,San Joaquin
Abhar,IR,36,69889,
Xinhe,CN,25,69884,
Moquegua,PE,18,69882,
Shima,CN,33,69881,
Güira de Melena,CU,AR,69879,Guira de Melena
Chamrajnagar,IN,19,69875,
Mertoyudan,ID,07,69871,
Votuporanga,BR,27,69863,
Consolación del Sur,CU,01,69857,Consolacion del Sur
Mīthepur,IN,07,69837,Mithepur
Vaasa,FI,15,69819,
Segamat,MY,01,69816,
Rājbirāj,NP,2,69803,Rajbiraj
Ciro,ET,55,69800,
Vidradnyi,UA,12,69800,
Mérignac,FR,75,69791,Merignac
Bondowoso,ID,08,69783,
Satpayev,KZ,12510145,69782,
Santa Cruz de Mara,VE,23,69781,
Māngrol,IN,09,69779,Mangrol
Kahror Pakka,PK,04,69743,
Kaura Namoda,NG,57,69725,
Basavakalyan,IN,19,69717,
Planeta Rica,CO,12,69708,
Āsosa,ET,47,69700,Asosa
Las Piedras,UY,02,69682,
Kladno,CZ,88,69664,
Pul Pehlad,IN,07,69657,
Tacarigua,VE,07,69636,
Abū ‘Arīsh,SA,17,69632,Abu ‘Arish
Bairro Parque Nossa Senhora do Carmo,BR,27,69630,
Khāsh,IR,04,69603,Khash
Fengping,CN,29,69586,
Brossard,CA,10,69575,
Chāībāsa,IN,38,69565,Chaibasa
Dougnane,SN,07,69556,
Tournai,BE,WAL,69554,
Yokota,JP,40,69550,
Linares,CL,11,69535,
Rhondda,GB,WLS,69506,
Karonga,MW,N,69486,
Frederick,US,MD,69479,
Fuefuki,JP,46,69463,
Frontera,MX,07,69462,
Minamiarupusu,JP,46,69459,
Villa Carlos Paz,AR,05,69451,
Pasco,US,WA,69451,
Mobārakeh,IR,28,69449,Mobarakeh
Thanlyin,MM,17,69448,
Dobrich,BG,40,69434,
Chengxian Chengguanzhen,CN,15,69427,
Pittsburg,US,CA,69424,
Luquembo,AO,12,69420,
Núi Thành,VN,48,69406,Nui Thanh
Sayyān,YE,16,69404,Sayyan
Tripunittura,IN,13,69390,
Alenquer,BR,16,69377,
Bongabon,PH,03,69376,
Gujar Khan,PK,04,69374,
Kungsholmen,SE,26,69363,
Xininglu,CN,13,69361,
Kot Malik Barkhurdar,PK,02,69359,
Chuhar Kana,PK,04,69321,
Ridgewood,US,NY,69317,
Palatine,US,IL,69308,
Kampung Baru Balakong,MY,12,69302,
Toyoake,JP,01,69295,
Bitola,MK,06,69287,
Ambovombe,MG,52,69265,
Shājāpur,IN,35,69263,Shajapur
Anseong,KR,13,69255,
Xuantan,CN,32,69250,
Jiehu,CN,25,69245,
Bargny,SN,01,69242,
Ōdate,JP,02,69237,Odate
Verdun,CA,10,69229,
Suwałki,PL,81,69222,
Mettupalayam,IN,25,69213,
North Richland Hills,US,TX,69204,
San Leonardo,PH,03,69180,
Valdefuentes,ES,29,69176,
Union City,US,NJ,69156,Union
Kissimmee,US,FL,69152,
Linjiang,CN,05,69149,
Hunedoara,RO,21,69136,
Las Cumbres,PA,08,69102,
San Carlo All'Arena,IT,04,69094,
Khlong Kum,TH,40,69071,
Sunām,IN,23,69069,Sunam
Tantou,CN,07,69050,
Bhawānipatna,IN,21,69045,Bhawanipatna
Sōja,JP,31,69030,Soja
Mindelo,CV,11,69013,
Ostend,BE,VLG,69011,
Nganjuk,ID,08,69011,
Sint-Niklaas,BE,VLG,69010,
Chicoutimi,CA,10,69004,
Calauag,PH,40,68999,
Xiaoshi,CN,19,68994,
Ziauddin Pur,IN,07,68993,
Boconó,VE,21,68990,Bocono
Magalang,PH,03,68988,
Ihnāsyā al Madīnah,EG,18,68976,Ihnasya al Madinah
Jamkhandi,IN,19,68938,
Bogale,MM,03,68938,
Güines,CU,MA,68935,Guines
Royal Tunbridge Wells,GB,ENG,68910,
Walnut Creek,US,CA,68910,
Ad Dilinjāt,EG,03,68901,Ad Dilinjat
Darnytskyi Masyv,UA,12,68900,
Koson,UZ,08,68900,
Cantaura,VE,02,68885,
Granada,CO,19,68876,
Inongo,CD,24,68852,
Hoorn,NL,07,68852,
Basmat,IN,16,68846,
Libon,PH,05,68846,
Assen,NL,01,68836,
Chulucanas,PE,20,68835,
Tuymazy,RU,08,68829,
Taj Pul,IN,07,68796,
Enugu-Ukwu,NG,25,68785,
Cordova,US,TN,68779,
Moriya,JP,14,68777,
Itō,JP,37,68773,Ito
Yachimata,JP,04,68769,
Venâncio Aires,BR,23,68763,Venancio Aires
Ponferrada,ES,55,68736,
Jinjiang,CN,31,68720,
Lupon,PH,11,68717,
Gion,JP,11,68713,
Idah,NG,41,68703,
Yunmen,CN,33,68698,
Lys’va,RU,90,68660,
Knysna,ZA,11,68659,
Wushan,CN,15,68643,
Kayamkulam,IN,13,68634,
Mount Vernon,US,NY,68628,
Darya Khan,PK,04,68622,
Dharmapuri,IN,25,68619,
Heishan,CN,19,68603,
Conroe,US,TX,68602,
Borisoglebsk,RU,86,68597,
Obonoma,NG,50,68584,
Dothan,US,AL,68567,
Sosnovyy Bor,RU,42,68563,
Feodosiya,UA,11,68562,
Porto Nacional,BR,31,68555,
Aschaffenburg,DE,02,68551,
Bouïra,DZ,21,68545,Bouira
Chinchiná,CO,37,68512,Chinchina
Budapest XVI. kerület,HU,05,68484,Budapest XVI. kerulet
Tsuruga,JP,06,68482,
Hämeenlinna,FI,05,68473,Hameenlinna
Northridge,US,CA,68469,
Waterloo,US,IA,68460,
Tanauan,PH,40,68456,
Pengcheng,CN,10,68442,
Wenjiang,CN,32,68433,
Al Balyanā,EG,24,68413,Al Balyana
Rivas-Vaciamadrid,ES,29,68405,
Sheki,AZ,48,68400,
Nakivale Refugee Camp,UG,W,68400,
Maple Grove,US,MN,68385,
Baranoa,CO,04,68383,
Shima,CN,07,68375,
Aparri,PH,02,68368,
Bīsalpur,IN,36,68355,Bisalpur
Peruíbe,BR,27,68352,Peruibe
Mingguang,CN,01,68351,
Ninghai,CN,02,68330,
Framingham,US,MA,68318,
San Isidro,PE,15,68309,
Sabae,JP,06,68302,
Oriximiná,BR,16,68294,Oriximina
Al Faḩāḩīl,KW,04,68290,Al Fahahil
Saldanha,ZA,11,68284,
Adrar,DZ,34,68276,
Issia,CI,96,68263,
Dolgoprudnyy,RU,47,68259,
Formiga,BR,15,68248,
Söke,TR,09,68230,Soke
Altagracia de Orituco,VE,12,68207,
Nghĩa Lộ,VN,15,68206,Nghia Lo
Attili,IN,02,68196,
Wimbledon,GB,ENG,68187,
Ina,JP,26,68177,
Redondo Beach,US,CA,68166,
Corby,GB,ENG,68164,
Aïn Harrouda,MA,06,68161,Ain Harrouda
Notre-Dame-de-Grâce,CA,10,68152,Notre-Dame-de-Grace
Langarūd,IR,08,68148,Langarud
Guiglo,CI,78,68113,
Cadereyta Jiménez,MX,19,68111,Cadereyta Jimenez
Majadahonda,ES,29,68110,
Bossier City,US,LA,68094,Bossier
Cumbum,IN,25,68090,
Morón,VE,07,68084,Moron
Neubrandenburg,DE,12,68082,
Artemisa,CU,AR,68073,
Valle de Santiago,MX,11,68058,
Stamford Hill,GB,ENG,68050,
Sanlúcar de Barrameda,ES,51,68037,Sanlucar de Barrameda
Bir el Djir,DZ,09,68032,
Bungoma,KE,12,68031,
Macenta,GN,N,68020,
Munnar,IN,13,68000,
Dorogomilovo,RU,48,68000,
Balanbale,SO,05,68000,
Panipat Taraf Makhdum Zadgan,IN,10,67998,
Cadereyta,MX,19,67994,
Bourges,FR,24,67987,
Yorba Linda,US,CA,67973,
Nābha,IN,23,67972,Nabha
Mustamäe,EE,01,67968,Mustamae
Ardeşen,TR,53,67965,Ardesen
Chaihe,CN,08,67963,
Budyonnovsk,RU,70,67962,
Bihāt,IN,34,67952,Bihat
Minggang,CN,09,67945,
Tangzhai,CN,01,67936,
Xunyang,CN,26,67929,
Barberton,ZA,07,67927,
Samāstipur,IN,34,67925,Samastipur
Calbayog City,PH,08,67921,Calbayog
Belogorsk,RU,05,67911,
Hashima,JP,09,67909,
Kāranja,IN,16,67907,Karanja
Stróvolos,CY,04,67904,Strovolos
Campiña,ES,51,67904,Campina
Yanghe,CN,21,67901,
Gode,ET,52,67900,
Concepción del Uruguay,AR,08,67895,Concepcion del Uruguay
San Mateo Atenco,MX,15,67890,
Angat,PH,03,67862,
Woodbury,US,MN,67855,
San Fernando,PE,25,67844,
Tanjung Selor,ID,42,67837,
Conceição do Coité,BR,05,67825,Conceicao do Coite
Dongfeng,CN,05,67820,
Roman,RO,28,67819,
Sītāmarhi,IN,34,67818,Sitamarhi
Bârlad,RO,38,67818,Barlad
Blagoevgrad,BG,38,67810,
Deva,RO,21,67802,
Kamuli,UG,E,67800,
Xo‘jayli Shahri,UZ,09,67800,
Rājsamand,IN,24,67798,Rajsamand
Huamak,TH,40,67798,
Kaga,JP,15,67793,
Tamano,JP,31,67786,
Quillota,CL,01,67779,
Eau Claire,US,WI,67778,
Jiang’an,CN,32,67776,
Kesklinn,EE,01,67766,
Saraburi,TH,37,67763,
Ishim,RU,78,67762,
Zhenlai,CN,05,67760,
Velsen-Zuid,NL,07,67758,
Waldorf,US,MD,67752,
Dessau,DE,14,67747,
Malkāpur,IN,16,67740,Malkapur
La Carlota,PH,06,67740,
Santo Domingo Tehuantepec,MX,20,67739,
Shuangfengqiao,CN,33,67717,
Forest Hills,US,NY,67714,
Apac,UG,N,67700,
Dāmghān,IR,25,67694,Damghan
Mococa,BR,27,67681,
Hwadae,KP,17,67677,
Songjianghe,CN,05,67672,
Ede,NL,03,67670,
Davis,US,CA,67666,
Subic,PH,03,67664,
Şırnak,TR,80,67662,Sırnak
Tsushima,JP,01,67658,
Yan Besar,MY,02,67653,
Pālang,BD,81,67652,Palang
Modāsa,IN,09,67648,Modasa
Glen Burnie,US,MD,67639,
Arenella,IT,04,67634,
Banepā,NP,3,67629,Banepa
Agbor,NG,36,67610,
Camarillo,US,CA,67608,
Jaisalmer,IN,24,67604,
Xaçmaz,AZ,60,67600,Xacmaz
Luorong,CN,16,67593,
Tomé-Açu,BR,16,67585,Tome-Acu
Kovel,UA,24,67575,
Victoria,US,TX,67574,
Trapani,IT,15,67531,
Paignton,GB,ENG,67520,
Rosales,PH,01,67510,
Lüeyang Chengguanzhen,CN,26,67496,Lueyang Chengguanzhen
Tejen,TM,01,67488,
Gaithersburg,US,MD,67456,
Babati,TZ,27,67445,
Shorkot,PK,03,67439,
Wenling,CN,02,67433,
Chaguanas,TT,CHA,67433,
Buldāna,IN,16,67431,Buldana
Montemorelos,MX,19,67428,
Omīdīyeh,IR,15,67427,Omidiyeh
Liepāja,LV,16,67421,Liepaja
Huajing,CN,23,67415,
Dhenkānāl,IN,21,67414,Dhenkanal
Ezza-Ohu,NG,53,67414,
Ixtapa-Zihuatanejo,MX,12,67408,
Rossendale,GB,ENG,67400,
Fuqing,CN,07,67397,
Urun-Islāmpur,IN,16,67391,Urun-Islampur
Caohe,CN,12,67370,
Eskilstuna,SE,18,67359,
Jacksonville,US,NC,67357,
Kiyosu,JP,01,67352,
Kostyantynivka,UA,05,67350,
Gaoliu,CN,25,67339,
Gopālganj,IN,34,67339,Gopalganj
City of Isabela,PH,14,67336,
Bongaigaon,IN,03,67322,
Xinzhou,CN,31,67316,
Zadar,HR,19,67309,
Sangamner,IN,16,67309,
San Luis,CU,15,67293,
Caicara del Orinoco,VE,06,67277,
Pingzhuang,CN,20,67273,
South San Francisco,US,CA,67271,
Sousa,BR,17,67259,
Kstovo,RU,51,67242,
Shiojiri,JP,26,67241,
Lippstadt,DE,07,67219,
Oum el Bouaghi,DZ,29,67201,
Tomaszów Mazowiecki,PL,74,67197,Tomaszow Mazowiecki
Tianliu,CN,25,67165,
Minchinabad,PK,04,67164,
Lushar,CN,06,67153,
Ödemiş,TR,35,67153,Odemis
Köpenick,DE,16,67148,Kopenick
Wanggou,CN,04,67140,
Fengkou,CN,12,67139,
Néa Ionía,GR,ESYE31,67134,Nea Ionia
Iranduba,BR,04,67114,
Hāveri,IN,19,67102,Haveri
Dolores Hidalgo,MX,11,67101,
Shajing Town,CN,30,67093,
Kenner,US,LA,67091,
Melati,ID,10,67090,
Santa Cruz Xoxocotlán,MX,20,67086,Santa Cruz Xoxocotlan
Aalen,DE,01,67085,
Washington,GB,ENG,67085,
Jackson Heights,US,NY,67067,
Saint-Nazaire,FR,52,67054,
Fukutsu,JP,07,67033,
Przemyśl,PL,80,67013,Przemysl
Estepona,ES,51,67012,
Nunukan,ID,42,67006,
Mannargudi,IN,25,66999,
Dinslaken,DE,07,66993,
Nizhyn,UA,02,66983,
Rockville,US,MD,66980,
Liuhe,CN,05,66975,
Jackson,US,TN,66975,
Embu-Guaçu,BR,27,66970,Embu-Guacu
Târgovişte,RO,16,66965,Targoviste
Lincoln Park,US,IL,66959,
Kashima-shi,JP,14,66950,
Abū al Maţāmīr,EG,03,66946,Abu al Matamir
Yuba City,US,CA,66941,Yuba
Hanyin Chengguanzhen,CN,26,66926,
Tataouine,TN,34,66924,
Jhālāwār,IN,24,66919,Jhalawar
Solna,SE,26,66909,
Aleksin,RU,76,66885,
Portland,US,ME,66881,
Sidi Aïssa,DZ,27,66856,Sidi Aissa
Palo Alto,US,CA,66853,
Saiki,JP,30,66851,
Wacheng Neighborhood,CN,09,66848,
Seinäjoki,FI,14,66848,Seinajoki
Tarn Taran,IN,23,66847,
General Pico,AR,11,66805,
Neuwied,DE,08,66805,
Ferrol,ES,58,66799,
Casas Adobes,US,AZ,66795,
Bajos de Haina,DO,33,66784,
Point Cook,AU,07,66781,
Marysville,US,WA,66773,
Duoba,CN,06,66767,
Siddipet,IN,40,66737,
Unna,DE,07,66734,
Shaozhuang,CN,25,66728,
Dambulla,LK,29,66716,
Trang,TH,65,66713,
Baní,DO,35,66709,Bani
Sayhāt,SA,06,66702,Sayhat
Tēpī,ET,SW,66700,Tepi
Parnas,RU,42,66693,
Bakıxanov,AZ,09,66686,
Chiyoda,JP,40,66680,
Karlskrona,SE,02,66675,
Dinalupihan,PH,03,66670,
Bellampalli,IN,40,66660,
Focșani,RO,40,66648,Focsani
South Jordan,US,UT,66648,
Santa Cruz,PH,03,66647,
Tailai,CN,08,66623,
Lishi,CN,33,66620,
Quartu Sant'Elena,IT,14,66620,
La Mohammedia,TN,36,66593,
Jidd Ḩafş,BH,16,66588,Jidd Hafs
Chengyang,CN,25,66588,
Aluche,ES,29,66588,
Sanchazi,CN,05,66576,
Fort McMurray,CA,01,66573,
Kurihara,JP,24,66565,
Daxu,CN,04,66563,
Oshkosh,US,WI,66555,
Ramos Arizpe,MX,07,66554,
Aflao,GH,08,66546,
Qaraqash,CN,13,66541,
Barbil,IN,21,66540,
Cabedelo,BR,17,66519,
Taihe,CN,33,66506,
Lençóis Paulista,BR,27,66505,Lencois Paulista
Koratla,IN,40,66504,
North Little Rock,US,AR,66504,
Lianyuan,CN,11,66501,
Goba,ET,51,66500,
Stalowa Wola,PL,80,66495,
Mansehra,PK,03,66486,
Sokaraja,ID,07,66482,
Smila,UA,01,66475,
Bayside,US,NY,66455,
Bununka Kunda,GM,01,66449,
Wuxi,CN,11,66442,
Vicálvaro,ES,29,66439,Vicalvaro
Folkestone,GB,ENG,66429,
Qipan,CN,04,66419,
Plauen,DE,13,66412,
Napier,NZ,F2,66400,
San Antonio del Táchira,VE,20,66392,San Antonio del Tachira
Rishīkesh,IN,39,66390,Rishikesh
Kungur,RU,90,66389,
Kituku,CD,29,66378,
Castelldefels,ES,56,66375,
Goyerkāta,IN,28,66358,Goyerkata
Klintsy,RU,10,66336,
Tōgane,JP,04,66332,Togane
Tangxiang,CN,33,66325,
Neryungri,RU,63,66320,
Huinan,CN,05,66315,
Bayonne,US,NJ,66311,
Brixton,GB,ENG,66300,
Hounslow,GB,ENG,66292,
Besbes,DZ,44,66287,
Eagan,US,MN,66286,
Beimeng,CN,25,66277,
Leninogorsk,RU,73,66263,
Cataguases,BR,15,66261,
Bergen op Zoom,NL,06,66256,
Delray Beach,US,FL,66255,
Algueirão,PT,14,66250,Algueirao
Loures,PT,14,66231,
Sosnovka,RU,66,66227,
Rajin,KP,18,66224,
Granby,CA,10,66222,
Marondera,ZW,04,66204,
Gama,AO,19,66202,
Luoyang,CN,07,66188,
Mandamarri,IN,40,66176,
Jesus Maria,PE,15,66171,
Muling,CN,08,66170,
Viladecans,ES,56,66168,
Castellammare di Stabia,IT,04,66164,
Cheria,DZ,33,66160,
Kasungu,MW,C,66152,
Huanren,CN,19,66147,
Qionghu,CN,11,66145,
I‘zāz,SY,09,66138,I‘zaz
Thái Hòa,VN,40,66127,Thai Hoa
Camucuio,AO,13,66112,
Gamping Lor,ID,10,66110,
Nikki,BJ,10,66109,
Tanjong Malim,MY,07,66103,
Oued Lill,TN,39,66100,
Beruniy,UZ,09,66090,
Huanan,CN,08,66087,
Tissemsilt,DZ,56,66084,
Wamena,ID,PE,66080,
Gukovo,RU,61,66079,
Sagunto,ES,60,66070,
Morón,CU,07,66060,Moron
Liberdade,BR,27,66056,
Puliyankudi,IN,25,66034,
Zamość,PL,75,66034,Zamosc
Xiaolingwei,CN,04,66031,
Ambilobe,MG,71,66029,
Johnson City,US,TN,66027,Johnson
Kitamoto,JP,34,66022,
Gwa,MM,01,66015,
Ţurayf,SA,15,66014,Turayf
Calapan,PH,41,66008,
Johor Jaya,MY,01,66000,
Kherson,UA,08,66000,
Ganshui,CN,33,65994,
Dale City,US,VA,65969,Dale
Namyang-nodongjagu,KP,17,65956,
Silvan,TR,21,65956,
Lesosibirsk,RU,91,65945,
Cedar Park,US,TX,65945,
Jablah,SY,02,65915,
Waterfront Communities-The Island,CA,08,65913,
Niitsu-honchō,JP,29,65910,Niitsu-honcho
Lahat,ID,32,65906,
Tanabe,JP,22,65903,
Rotorua,NZ,E8,65901,
Duramē,ET,55,65900,Durame
Itapetinga,BR,05,65897,
Yaoji,CN,04,65897,
Qiantang,CN,33,65894,
Vilanova i la Geltrú,ES,56,65890,Vilanova i la Geltru
Mengyin,CN,25,65889,
Parkchester,US,NY,65876,
Palín,GT,06,65873,Palin
Lichtenburg,ZA,10,65863,
Tatabánya,HU,12,65849,Tatabanya
Atascocita,US,TX,65844,
Jietou,CN,29,65843,
Saint Cloud,US,MN,65842,
Ellicott City,US,MD,65834,Ellicott
Xiangcheng,CN,09,65833,
Palāsa,IN,02,65833,Palasa
Bayiji,CN,04,65830,
Finchley,GB,ENG,65812,
Laguna Niguel,US,CA,65806,
Polewali,ID,41,65800,
Chegutu,ZW,05,65800,
Myŏngch’ŏn,KP,17,65797,Myongch’on
Saint Charles,US,MO,65794,
Harlingen,US,TX,65774,
Shangkou,CN,25,65770,
Polevskoy,RU,71,65770,
Pavia,IT,09,65734,
Montenegro,BR,23,65721,
Maués,BR,04,65714,Maues
Ligezhuang,CN,25,65714,
Mitoyo,JP,17,65713,
Gohāna,IN,10,65708,Gohana
Pulivendla,IN,02,65706,
Từ Sơn,VN,24,65697,Tu Son
Wrexham,GB,WLS,65692,
Quwaysinā,EG,09,65690,Quwaysina
Chengalpattu,IN,25,65689,
Dashitou,CN,05,65683,
Rovaniemi,FI,19,65670,
San Ildefonso,PH,03,65669,
San Miguel,PH,03,65661,
Huanghua,CN,25,65646,
Kędzierzyn-Koźle,PL,79,65636,Kedzierzyn-Kozle
Tulcea,RO,37,65624,
Qingyang,CN,25,65622,
Wadgaon Kolhati,IN,16,65620,
Babu,CN,16,65603,
Souq Sebt Oulad Nemma,MA,05,65601,
Barreirinhas,BR,13,65589,
Chivilcoy,AR,01,65575,
Lādnūn,IN,24,65575,Ladnun
Ioánnina,GR,ESYE21,65574,Ioannina
Wufeng,TW,04,65567,
Fleetwood,CA,02,65565,
Bom Jesus da Lapa,BR,05,65550,
Nūrābād,IR,23,65547,Nurabad
Korba,TN,19,65542,
Basirpur,PK,04,65541,
Piripiri,BR,20,65538,
Yebaishou,CN,19,65536,
Huaiyuan Chengguanzhen,CN,01,65530,
San Clemente,US,CA,65526,
West Lynchburg,US,VA,65517,
Iganga,UG,E,65500,
Al Manşūrah,QA,01,65493,Al Mansurah
Middletown,US,NJ,65490,
Burām,SD,49,65473,Buram
Dār Kulayb,BH,17,65466,Dar Kulayb
Afgooye,SO,14,65461,
Torremolinos,ES,51,65448,
Sattahip,TH,46,65444,
Sokhumi,GE,02,65439,
Supaul,IN,34,65437,
Ellesmere Port Town,GB,ENG,65430,
Narok,KE,41,65430,
Fort Garry South,CA,03,65420,
São Félix do Xingu,BR,16,65418,Sao Felix do Xingu
Fīrūzābād,IR,07,65417,Firuzabad
Framingham Center,US,MA,65413,
Xincheng,CN,09,65411,
Itapoã,BR,07,65408,Itapoa
Colmar,FR,44,65405,
Ārān Bīdgol,IR,28,65404,Aran Bidgol
Głogów,PL,72,65400,Głogow
Tendō,JP,44,65393,Tendo
Torquay,GB,ENG,65388,
Bāqershahr,IR,26,65388,Baqershahr
Bianzhuang,CN,25,65381,
Pankow,DE,16,65375,
Aïn M’Lila,DZ,29,65371,Ain M’Lila
Meleuz,RU,08,65362,
Ban Khoan,LA,22,65348,
Tultepec,MX,15,65338,
Suyangshan,CN,04,65333,
Kumertau,RU,08,65321,
Gangārāmpur,IN,28,65316,Gangarampur
Ramanathapuram,IN,25,65314,
Herten,DE,07,65306,
Jagraon,IN,23,65305,
Schenectady,US,NY,65305,
Perai,MY,09,65301,
Urgut Shahri,UZ,10,65300,
Sinnar,IN,16,65299,
Hepingjie,CN,05,65298,
Salamá,GT,02,65275,Salama
Bairro Militar,GW,11,65274,
Kopargaon,IN,16,65273,
Skhirate,MA,04,65272,
Acaraú,BR,06,65264,Acarau
Nioko I,BF,03,65263,
Tulungagung,ID,08,65262,
Liuxin,CN,04,65258,
Capelle aan den IJssel,NL,11,65255,
Gushikawa,JP,47,65251,
Ouricuri,BR,30,65245,
Caoqiao,CN,04,65243,
Manhiça,MZ,04,65240,Manhica
Alīpur Duār,IN,28,65232,Alipur Duar
Belize City,BZ,01,65222,Belize
Lala Musa,PK,04,65197,
Slavyansk-na-Kubani,RU,38,65196,
Longshan,CN,29,65192,
Craigieburn,AU,07,65178,
Irpin,UA,13,65167,
Villa de Vallecas,ES,29,65162,
Januária,BR,15,65150,Januaria
Fengrun,CN,10,65150,
Pinheiros,BR,27,65145,
Cheyenne,US,WY,65132,
Lalmonirhat,BD,87,65127,
Aquiraz,BR,06,65116,
Tandur,IN,40,65115,
Ambarawa,ID,07,65096,
Ouezzane,MA,01,65088,
Kalush,UA,06,65088,
Villasis,PH,01,65086,
Estância,BR,28,65078,Estancia
Itaberaba,BR,05,65073,
Broomfield,US,CO,65065,
Ames,US,IA,65060,
Park Slope,US,NY,65047,
Shawnee,US,KS,65046,
Mecheria,DZ,49,65043,
Kunyang,CN,02,65009,
Bāzār-e Yakāwlang,AF,05,65000,Bazar-e Yakawlang
Bāzārak,AF,42,65000,Bazarak
Ganda,AO,01,65000,
Patuakhali,BD,85,65000,
Cricklewood,GB,ENG,65000,
Wrzeszcz,PL,82,65000,
King Faisal Military City,SA,06,65000,King Faisal Military
Reseda,US,CA,65000,
Itauguá,PY,06,64997,Itaugua
Guildford,CA,02,64985,
Pampatar,VE,17,64983,
Conway,US,AR,64980,
Embu,KE,15,64979,
Sumusţā al Waqf,EG,18,64965,Sumusta al Waqf
Tianzhuang,CN,25,64957,
Villa del Rosario,CO,21,64951,
East Orange,US,NJ,64949,
Khulm,AF,30,64933,
Gitega,BI,13,64904,
Sodegaura,JP,04,64901,
Bodītī,ET,56,64900,Boditi
Busia,UG,E,64900,
Oas,PH,05,64890,
Kolonnawa,LK,36,64887,
Azul,AR,01,64884,
Loughborough,GB,ENG,64884,
Herford,DE,07,64879,
Lingao,CN,31,64874,
Hita,JP,30,64874,
Portage Park,US,IL,64841,
Igarapé Miri,BR,16,64831,Igarape Miri
Tongaat,ZA,02,64829,
Skokie,US,IL,64821,
Shikang,CN,16,64818,
Bezerros,BR,30,64809,
Massa,IT,16,64783,
Grevenbroich,DE,07,64779,
Čair,MK,F6,64773,Cair
Tecate,MX,02,64764,
Valverde,ES,29,64757,
Dishnā,EG,23,64744,Dishna
Rechytsa,BY,02,64733,
Khatauli,IN,36,64731,
Weimar,DE,15,64727,
Bertioga,BR,27,64723,
Hwawŏn,KR,15,64718,Hwawon
Fenggang,CN,03,64715,
Vīrarāghavapuram,IN,25,64698,Viraraghavapuram
Ahlat,TR,13,64695,
Asahi,JP,04,64690,
West Bloomfield Township,US,MI,64690,
Tamarac,US,FL,64681,
Yendi,GH,06,64676,
Monte Mor,BR,27,64662,
Siuri,IN,28,64659,
Rāipur,BD,84,64652,Raipur
Itaitinga,BR,06,64650,
Meulaboh,ID,01,64646,
Dondo,AO,05,64643,
Dondo,AO,05,64643,
Malanville,BJ,07,64639,
Usta Muhammad,PK,02,64632,
Youngstown,US,OH,64628,
Taunton,GB,ENG,64621,
Tomigusuku,JP,47,64612,
Talavera,PH,03,64610,
Chacao,VE,15,64609,
Guasdualito,VE,03,64608,
Crotone,IT,03,64603,
Lodi,US,CA,64596,
La Línea de la Concepción,ES,51,64595,La Linea de la Concepcion
North Hollywood,US,CA,64587,
Picheng,CN,04,64585,
Greenville,US,SC,64579,
Renzhao,CN,25,64569,
Kotikawatta,LK,36,64565,
Haskovo,BG,43,64564,
Puerto Madryn,AR,04,64555,
Fujioka,JP,10,64539,
Muncar,ID,08,64537,
Bīna,IN,35,64529,Bina
Koboko,UG,N,64500,
Pālitāna,IN,09,64497,Palitana
Taman Senawang Indah,MY,05,64497,
Changli,CN,10,64476,
Yanagawa,JP,07,64475,
Afragola,IT,04,64470,
Preaek Prasab,KH,09,64466,
Akşehir,TR,71,64446,Aksehir
Sahuayo de Morelos,MX,16,64431,
Celina,US,TX,64427,
Chaumu,IN,24,64417,
Bandar Seri Begawan,BN,02,64409,
Kaihua,CN,29,64404,
Yunmeng Chengguanzhen,CN,12,64390,
Tikhoretsk,RU,38,64387,
Gelang Patah,MY,01,64375,
Bantul,ID,10,64360,
Waterlooville,GB,ENG,64350,
Yangzhou,CN,26,64349,
Sandefjord,NO,20,64345,
Imaichi,JP,38,64323,
Rossosh’,RU,86,64323,
Maison Blanche,FR,11,64302,
Gimbi,ET,51,64300,
Sheptytskyi,UA,15,64297,
Tamana,JP,21,64292,
Enrique B. Magalona,PH,06,64290,
Kaposvár,HU,17,64280,Kaposvar
Mansfield,US,TX,64274,
Hālol,IN,09,64265,Halol
T’aet’an-ŭp,KP,06,64258,T’aet’an-up
Taloqan,AF,26,64256,
Ongjin,KP,06,64247,
Punta Alta,AR,01,64244,
Kodār,IN,40,64234,Kodar
Tuapse,RU,38,64234,
Alba Iulia,RO,01,64227,
Kerpen,DE,07,64226,
Skanes,TN,16,64222,
Santa Cruz,US,CA,64220,
Pico Rivera,US,CA,64218,
Bāngarda Chhota,IN,35,64213,Bangarda Chhota
Tshela,CD,08,64210,
Madera,US,CA,64208,
Vacaria,BR,23,64197,
Qinggang,CN,08,64182,
Uga,NG,25,64179,
Fria,GN,B,64169,
Tādepalle,IN,02,64149,Tadepalle
Koulikoro,ML,07,64128,
Tirupattur,IN,25,64125,
Janesville,US,WI,64123,
Surubim,BR,30,64120,
Ali Mendjeli,DZ,04,64120,
Boryspil,UA,13,64117,
West Des Moines,US,IA,64113,
Villa Elisa,PY,06,64099,
Aleksandrov,RU,83,64088,
Narutochō-mitsuishi,JP,39,64082,Narutocho-mitsuishi
Santiago,PE,08,64075,
Sibi,PK,02,64069,
Molina de Segura,ES,31,64065,
Ihnāsīyah,EG,18,64058,Ihnasiyah
Mutengene,CM,09,64054,
Chinnachowk,IN,02,64053,
Bishnupur,IN,28,64041,
Paterna,ES,60,64023,
Āmūr,IN,40,64023,Amur
Palaió Fáliro,GR,ESYE31,64021,Palaio Faliro
Wik’ro,ET,53,64000,
Kotlovka,RU,48,64000,
Polomolok,PH,12,63987,
Ensenada,AR,01,63978,
Baheri,IN,36,63953,
Nawalgarh,IN,24,63948,
Tupã,BR,27,63928,Tupa
Paranoá,BR,07,63923,Paranoa
Montebello,US,CA,63921,
Ānaiyūr,IN,25,63917,Anaiyur
Kunnamkulam,IN,13,63903,
Tulangan Utara,ID,08,63889,
Bognor Regis,GB,ENG,63885,
Ambanja,MG,71,63884,
Colón,CU,03,63882,Colon
Rāghogarh,IN,35,63873,Raghogarh
San Antonio de Los Altos,VE,15,63873,
Tohāna,IN,10,63871,Tohana
Kangar,MY,08,63869,
Valence,FR,84,63864,
Newtownabbey,GB,NIR,63860,
Cosenza,IT,03,63852,
Quimper,FR,53,63849,
Pateros,PH,NCR,63840,
San Pedro de Copán,HN,05,63829,San Pedro de Copan
Thành Phố Uông Bí,VN,22,63829,Thanh Pho Uong Bi
Dengbu,CN,03,63814,
Pindi Gheb,PK,04,63810,
Machakos,KE,31,63767,
Kulai,MY,01,63762,
Fulda,DE,05,63760,
Yangcun,CN,28,63756,
Zhicheng,CN,02,63753,
Shendi,SD,53,63746,
Magong,TW,04,63745,
Mpika,ZM,10,63740,
Boké,GN,B,63736,Boke
Georgetown,US,TX,63716,
Mangai,CD,20,63713,
As Safīrah,SY,09,63708,As Safirah
Lulou,CN,04,63704,
Hull,CA,10,63702,
‘Alemaya,ET,51,63700,
Bongor,TD,16,63699,
Kanchanaburi,TH,50,63699,
Jatani,IN,21,63697,
Chokwé,MZ,02,63695,Chokwe
Alpharetta,US,GA,63693,
Fujiidera,JP,32,63688,
Arni,IN,25,63671,
Genk,BE,VLG,63666,
Shimodate,JP,14,63666,
Yambol,BG,65,63656,
Chik Ballāpur,IN,19,63652,Chik Ballapur
Kilju,KP,17,63652,
Lorain,US,OH,63647,
Baihecun,CN,16,63629,
Dédougou,BF,01,63617,Dedougou
Bowling Green,US,KY,63616,
Nong Khai,TH,17,63609,
Guanyin,CN,32,63606,
Flatlands,US,NY,63601,
Dundalk,US,MD,63597,
Capão da Canoa,BR,23,63594,Capao da Canoa
New Halfa,SD,52,63589,
Dormagen,DE,07,63582,
Zarechnyy,RU,57,63579,
Užice,RS,SE,63577,Uzice
Buckley,GB,WLS,63576,
Mabai,CN,29,63569,
Benevides,BR,16,63567,
Leszno,PL,86,63565,
Bergheim,DE,07,63558,
Nago,JP,47,63554,
El Mgarsa,TN,28,63528,
Ganta,LR,09,63523,
Jelutong,MY,09,63507,
Samut Sakhon,TH,55,63498,
Eden Prairie,US,MN,63496,
Jitra,MY,02,63489,
Slatina,RO,29,63487,
North Bergen,US,NJ,63484,
Zayed City,AE,01,63482,Zayed
Pittwater,AU,02,63482,
Most,CZ,89,63474,
Korydallós,GR,ESYE31,63445,Korydallos
Great Yarmouth,GB,ENG,63434,
Buin,CL,12,63419,
El Prat de Llobregat,ES,56,63418,
Nanlong,CN,32,63405,
Mitcham,GB,ENG,63393,
Dhubri,IN,03,63388,
Florence-Graham,US,CA,63387,
Youxi,CN,33,63386,
Waltham,US,MA,63378,
Borsad,IN,09,63377,
Budapest XX. kerület,HU,05,63371,Budapest XX. kerulet
Feltham,GB,ENG,63368,
Siddharthanagar,NP,5,63367,
Garbsen,DE,06,63355,
Zagné,CI,78,63341,Zagne
Pavlovo,RU,51,63338,
Mirassol,BR,27,63337,
Margate,GB,ENG,63322,
Githunguri,KE,22,63319,
Githunguri,KE,31,63319,
Kenge,CD,08,63317,
Xiazhuang,CN,25,63285,
Mercedes,AR,01,63284,
West Hartford,US,CT,63268,
Kelaa Kebira,TN,23,63264,
Ōjima,JP,40,63254,Ojima
Mila,DZ,48,63251,
Padre Hurtado,CL,12,63250,
Põhja-Tallinn,EE,01,63240,Pohja-Tallinn
Cajazeiras,BR,17,63239,
Buduburam,GH,04,63217,
Gorno-Altaysk,RU,03,63214,
Changcheng,CN,25,63208,
Shanwang,CN,25,63195,
Lugano,CH,TI,63185,
Gadwāl,IN,40,63177,Gadwal
Kuşadası,TR,09,63177,Kusadası
Tetovo,MK,E8,63176,
Hod HaSharon,IL,02,63175,
Żory,PL,83,63174,Zory
Godean,ID,10,63164,
Rogers,US,AR,63159,
Medicine Hat,CA,01,63138,
Lushnjë,AL,44,63135,Lushnje
Qurayyāt,OM,06,63133,Qurayyat
Fredericton,CA,04,63116,
Pidugurālla,IN,02,63103,Piduguralla
Melipilla,CL,12,63100,
Novaya Balakhna,RU,51,63083,
Limón,CR,06,63081,Limon
Collado-Villalba,ES,29,63074,
Botou,CN,10,63045,
Orion,PH,03,63044,
Uiwang,KR,13,63040,
Vaslui,RO,38,63035,
Carol City,US,FL,63031,Carol
Pubal,KR,13,63026,
Agnibilékrou,CI,94,63015,Agnibilekrou
Liuku,CN,29,63013,
Los Andes,CL,01,63009,
Florida,CU,05,63007,
Kélibia,TN,19,62993,Kelibia
Baoqing,CN,08,62991,
Urla,TR,35,62989,
Horad Zhodzina,BY,05,62983,
Nkwerre,NG,28,62973,
Mong Kok,HK,KYT,62967,
Al Bājūr,EG,09,62961,Al Bajur
Shizhai,CN,04,62956,
Halton Hills,CA,08,62951,
Encinitas,US,CA,62930,
Sheikhpura,IN,34,62927,
Jinggou,CN,25,62917,
Māhdāsht,IR,26,62910,Mahdasht
Auchi,NG,37,62907,
Bełchatów,PL,74,62896,Bełchatow
Graaff Reinet,ZA,05,62896,
Campo Bom,BR,23,62886,
Sirsi,IN,19,62882,
Nipāni,IN,16,62865,Nipani
Sorgun,TR,66,62862,
Fanlou,CN,04,62859,
Nasugbu,PH,40,62857,
Brighouse-City Centre,CA,02,62855,
Pueblo Nuevo,ES,29,62840,
Kannur,IN,13,62836,
East Village,US,NY,62832,
Tagajō-shi,JP,24,62827,Tagajo-shi
Butare,RW,15,62823,
Trnava,SK,07,62806,
Randers,DK,18,62802,
Moknine,TN,16,62802,
Caltanissetta,IT,15,62797,
Ashford,GB,ENG,62787,
Haverhill,US,MA,62765,
Changle,CN,16,62763,
Sumbawa Besar,ID,17,62753,
Gus’-Khrustal’nyy,RU,83,62746,
Pesqueira,BR,30,62722,
Bāri,IN,24,62721,Bari
Jupiter,US,FL,62707,
Nokha,IN,24,62699,
Santa Lucía,AR,18,62697,Santa Lucia
Dovzhansk,UA,14,62691,
Puerto Peñasco,MX,26,62689,Puerto Penasco
Buynaksk,RU,17,62689,
Tiquipaya,BO,02,62675,
Icó,BR,06,62642,Ico
Semporna,MY,16,62641,
Çubuk,TR,68,62602,Cubuk
Krasnoturinsk,RU,71,62600,
Council Bluffs,US,IA,62597,
Phitsanulok,TH,12,62584,
Belebey,RU,08,62582,
Pedro Leopoldo,BR,15,62580,
Nyunzu,CD,29,62565,
Wellington,US,FL,62560,
Sale,GB,ENG,62550,
Vinukonda,IN,02,62550,
Tonypandy,GB,WLS,62545,
Miaojie,CN,29,62540,
Kaitong,CN,05,62537,
West Coon Rapids,US,MN,62528,
Colón,VE,20,62513,Colon
Portel,BR,16,62503,
Zhangjiachuan,CN,15,62497,
Drancy,FR,11,62488,
Pingnan,CN,16,62483,
Acton,GB,ENG,62480,
Phalia,PK,04,62453,
Kosong,KR,06,62446,
Ntoum,GA,01,62445,
Shiroi,JP,04,62441,
North Miami,US,FL,62435,
Pervomaysk,UA,16,62426,
Noisy-le-Grand,FR,11,62420,
Fochville,ZA,10,62416,
Renukūt,IN,36,62413,Renukut
Mohammadia,DZ,26,62410,
Érd,HU,16,62408,Erd
Hamilton,US,OH,62407,
Dêqên,CN,14,62400,Deqen
Villeneuve-d'Ascq,FR,32,62400,
San Francisco Tesistán,MX,14,62397,San Francisco Tesistan
Songyang,CN,09,62375,
Salgueiro,BR,30,62372,
Grao de Murviedro,ES,60,62368,
Yucheng,CN,25,62365,
Benslimane,MA,06,62352,
North Port,US,FL,62345,
Marechal Deodoro,BR,02,62341,
La Seyne-sur-Mer,FR,93,62330,
Camocim,BR,06,62326,
Shuikou,CN,30,62321,
Tulare,US,CA,62315,
Ras Tanura,SA,06,62314,
Humaitá,BR,04,62312,Humaita
Kogon Shahri,UZ,02,62300,
Nagari,IN,02,62253,
Escada,BR,30,62252,
Abepura,ID,36,62248,
Sopron,HU,09,62246,
Rzhev,RU,77,62246,
Coon Rapids,US,MN,62240,
Berat,AL,40,62232,
Camaquã,BR,23,62200,Camaqua
Chistopol’,RU,73,62200,
Holosiyiv,UA,12,62200,
Shulyavka,UA,12,62200,
Asaka,UZ,01,62200,
Levallois-Perret,FR,11,62178,
Huaral,PE,15,62174,
Inhulets,UA,04,62173,
Boituva,BR,27,62170,
Viareggio,IT,16,62169,
Nioki,CD,24,62153,
Chidambaram,IN,25,62153,
Tanba,JP,13,62152,
Tinongan,PH,06,62146,
Zarechnyy,RU,57,62139,
Millcreek,US,UT,62139,
Shuangyang,CN,05,62137,
Nianzishan,CN,08,62131,
La Habra,US,CA,62131,
Blaine,US,MN,62124,
Dabwāli,IN,10,62113,Dabwali
Sibsāgar,IN,03,62104,Sibsagar
Asakusa,JP,40,62092,
Narwāna,IN,10,62090,Narwana
Yangambi,CD,30,62082,
Tikhvin,RU,42,62075,
Sagua la Grande,CU,16,62073,
Auburn,US,AL,62059,
Minglanilla,PH,07,62058,
Okha,IN,09,62052,
Kiffa,MR,03,62051,
Pingyin,CN,25,62050,
Lār,IR,07,62045,Lar
Floriano,BR,20,62036,
Sanghar,PK,05,62033,
Korogwe,TZ,18,62032,
Downtown Vancouver,CA,02,62030,
Nova Odessa,BR,27,62019,
Łomża,PL,81,62019,Łomza
Bin Xian,CN,08,62017,
Kempas,MY,01,62011,
Angyalföld,HU,05,62006,Angyalfold
Meshkīn Dasht,IR,26,62005,Meshkin Dasht
Qingshuping,CN,11,62000,
Mīzan Teferī,ET,SW,62000,Mizan Teferi
Erzsébetváros,HU,05,62000,Erzsebetvaros
Nani Daman,IN,52,62000,
Seremban 2,MY,05,62000,
Smederevo,RS,SE,62000,
Rossosh’,RU,86,62000,
gorod Solnetchnogorsk,RU,47,62000,
Irun,ES,59,61983,
Lake Elsinore,US,CA,61981,
Zhaobaoshan,CN,02,61979,
Hushitai,CN,19,61979,
Petrodvorets,RU,66,61973,
Kuchāman,IN,24,61969,Kuchaman
Miyoshi,JP,01,61952,
Nīmbāhera,IN,24,61949,Nimbahera
Labinsk,RU,38,61945,
Tenkodogo,BF,04,61936,
Zhangji,CN,04,61929,
Marseille 14,FR,93,61920,
Picpus,FR,11,61920,
Maputsoe,LS,12,61916,
Asker,NO,01,61906,
Huoqiu Chengguanzhen,CN,01,61904,
Mudu,CN,04,61902,
Zalaegerszeg,HU,24,61898,
Fengyi,CN,29,61890,
Nandu,CN,16,61881,
Pisco,PE,11,61869,
Siddhapur,IN,09,61867,
Bāmyān,AF,05,61863,Bamyan
Longfeng,CN,12,61862,
Taoluo,CN,25,61852,
Bassar,TG,23,61845,
Moca,DO,08,61834,
Zamora,ES,55,61827,
Iskitim,RU,53,61827,
Kiryat Gat,IL,01,61817,
Svetlogorsk,BY,02,61812,
Carazinho,BR,23,61804,
Diphu,IN,03,61797,
Attur,IN,25,61793,
Darāw,EG,16,61790,Daraw
Beni Enzar,MA,02,61786,
Revda,RU,71,61785,
Long Mỹ,VN,92,61781,Long My
Kōshi,JP,21,61772,Koshi
Lobnya,RU,47,61772,
Yingshang Chengguanzhen,CN,01,61771,
Tempelhof,DE,16,61769,
San Andrés Tuxtla,MX,30,61769,San Andres Tuxtla
Carmichael,US,CA,61762,
Songkhla,TH,68,61758,
Kokstad,ZA,02,61751,
Kampong Cham,KH,02,61750,
Scarborough,GB,ENG,61749,
Rāyadrug,IN,02,61749,Rayadrug
Xiangzhou,CN,25,61748,
Yamato-Takada,JP,28,61744,
Rāth,IN,36,61728,Rath
Ngozi,BI,19,61716,
Al Shamkhah City,AE,01,61710,Al Shamkhah
Lakshmīpur,BD,84,61703,Lakshmipur
Yangiyŭl,UZ,14,61700,Yangiyul
Yongning,CN,16,61690,
Wesel,DE,07,61685,
Penápolis,BR,27,61679,Penapolis
Vyksa,RU,51,61664,
Cortazar,MX,11,61658,
Tríkala,GR,ESYE14,61653,Trikala
Kolea,DZ,55,61643,
Chambéry,FR,84,61640,Chambery
Kolding,DK,21,61638,
Extremoz,BR,22,61635,
Xinye,CN,09,61633,
Cheruvannur,IN,13,61614,
Budapest XIX. kerület,HU,05,61610,Budapest XIX. kerulet
Ad Dir‘īyah,SA,10,61609,Ad Dir‘iyah
Dmitrov,RU,47,61607,
Ueno-ebisumachi,JP,23,61598,
Sibay,RU,08,61590,
Faqirwali,PK,04,61586,
Lishu,CN,05,61584,
Oroqen Zizhiqi,CN,20,61582,
Béja,TN,17,61568,Beja
Taylor,US,MI,61568,
La Fría,VE,20,61568,La Fria
Alcoy,ES,60,61552,
Cayenne,GF,GF,61550,
Hasuda,JP,34,61540,
Gaya,NE,03,61533,
Xianju,CN,02,61532,
Aş Şaff,EG,08,61531,As Saff
Malaybalay,PH,10,61524,
Mora,CM,12,61523,
Porirua,NZ,G2,61500,
Vriddhāchalam,IN,25,61498,Vriddhachalam
Korosten,UA,27,61496,
Karlstad,SE,22,61492,
Nieuwegein,NL,09,61489,
Burnsville,US,MN,61481,
Andradina,BR,27,61473,
Tamba,JP,13,61471,
Bārh,IN,34,61470,Barh
Jianguang,CN,03,61469,
Monterey Park,US,CA,61468,
Widnes,GB,ENG,61464,
Djibo,BF,12,61462,
Euclides da Cunha,BR,05,61456,
Kispest,HU,05,61453,
Issy-les-Moulineaux,FR,11,61447,
Morada Nova,BR,06,61443,
Dongning,CN,08,61440,
Aketi,CD,13,61437,
Dashi,CN,33,61426,
Stryi,UA,15,61404,
Kempten (Allgäu),DE,02,61399,Kempten (Allgau)
Mdiq,MA,01,61398,
Abū Ḩummuş,EG,03,61388,Abu Hummus
Castro Valley,US,CA,61388,
Mariana,BR,15,61387,
Shāhāda,IN,16,61376,Shahada
Tunasan,PH,40,61374,
Sig,DZ,26,61373,
San Salvador Tizatlalli,MX,15,61367,
Coroatá,BR,13,61351,Coroata
Arrecife,ES,53,61351,
Savona,IT,08,61345,
Mushie,CD,24,61336,
Irvington,US,NJ,61323,
Sindelfingen,DE,01,61311,
Výronas,GR,ESYE31,61308,Vyronas
Mojo,ET,51,61300,
Neuilly-sur-Seine,FR,11,61300,
Tianchang,CN,10,61292,
Mizusawa,JP,16,61281,
Dabra,IN,35,61277,
Veenendaal,NL,09,61271,
Mateare,NI,10,61234,
La Chorrera,PA,13,61232,
Kuroiso,JP,38,61230,
Tauá,BR,06,61227,Taua
Nova Mutum,BR,14,61223,
Schwäbisch Gmünd,DE,01,61216,Schwabisch Gmund
Rocklin,US,CA,61213,
Slawi,ID,07,61206,
Gaalkacyo,SO,10,61200,
Apatity,RU,49,61186,
Chichibu,JP,34,61159,
Kesennuma,JP,24,61147,
Caicó,BR,22,61146,Caico
Runcorn,GB,ENG,61145,
Udumalaippettai,IN,25,61133,
Dembī Dolo,ET,51,61100,Dembi Dolo
Utica,US,NY,61100,
Gubat,PH,05,61095,
Dar Naim,MR,14,61089,
Xifeng,CN,19,61087,
Datong,CN,01,61085,
Punta de Mata,VE,16,61080,
Horsens,DK,18,61074,
Banfield,AR,01,61072,
Malden,US,MA,61068,
Biga,TR,17,61066,
Hashimoto,JP,43,61063,
National City,US,CA,61060,National
Novoaltaysk,RU,04,61050,
Pecangaan,ID,07,61046,
Bury,GB,ENG,61044,
Dewsbury,GB,ENG,61035,
Valjevo,RS,SE,61035,
Nanhu,CN,25,61034,
Yicheng,CN,12,61027,
Svobodnyy,RU,05,61017,
Bangor,GB,NIR,61011,
Ban Tha Kham,TH,40,61011,
Itoman,JP,47,61007,
Felege Neway,ET,56,61000,
Villa Poeta José Gálvez Barrenechea,PE,15,61000,Villa Poeta Jose Galvez Barrenechea
Sal’sk,RU,61,61000,
Stupino,RU,47,60999,
Fier-Çifçi,AL,44,60995,Fier-Cifci
Nekā,IR,35,60991,Neka
Parit,MY,07,60988,
Kampong Sidam,MY,02,60983,
Granollers,ES,56,60981,
Fano,IT,10,60978,
Financial District,US,NY,60976,
Chinch'ŏn,KR,05,60964,Chinch'on
Tiptūr,IN,19,60957,Tiptur
Sahaswān,IN,36,60953,Sahaswan
Wanparti,IN,40,60949,
Zeist,NL,09,60949,
Sidi Bennour,MA,06,60948,
Anuradhapura,LK,30,60943,
Tarnowskie Góry,PL,83,60938,Tarnowskie Gory
Xiema,CN,33,60933,
Buluan,PH,14,60931,
Grosseto,IT,16,60922,
Kırıkhan,TR,31,60916,
Soroti,UG,E,60900,
Yanliang,CN,26,60891,
União dos Palmares,BR,02,60874,Uniao dos Palmares
Tahe,CN,08,60874,
Springfield,US,OR,60870,
Mbinga,TZ,14,60868,
Bethesda,US,MD,60858,
San Miguel,PE,21,60850,
Uyovu,TZ,28,60849,
Norfolk County,CA,08,60847,
Sirhind,IN,23,60847,
Dayr Mawās,EG,10,60835,Dayr Mawas
Jōsō,JP,14,60834,Joso
Erdaojiang,CN,05,60831,
Aisai,JP,01,60829,
Terre Haute,US,IN,60825,
Bārdoli,IN,09,60821,Bardoli
Kolomyia,UA,06,60821,
Tartagal,AR,17,60819,
Vineland,US,NJ,60818,
West Hollywood,US,FL,60806,
Prokhladnyy,RU,22,60800,
Fort Portal,UG,W,60800,
Tianpeng,CN,32,60797,
Troyes,FR,44,60785,
Kertosono,ID,08,60782,
North Delta,CA,02,60769,
Stodůlky,CZ,52,60758,Stodulky
Sarandí,AR,01,60752,Sarandi
Xixiang,CN,09,60745,
Beckenham,GB,ENG,60739,
Yazman,PK,04,60738,
Seraing,BE,WAL,60737,
San Marcos,CO,27,60735,
Chicacao,GT,20,60735,
Novo Repartimento,BR,16,60732,
El Wak,KE,33,60732,
Republica,BR,27,60720,
Gilgil,KE,39,60711,
Upper Gilgil,KE,43,60711,
Shuya,RU,21,60705,
Shchëkino,RU,76,60700,Shchekino
Ban Lam Luk Ka,TH,39,60700,
Towada,JP,03,60697,
San Marcos,US,TX,60684,
Mokameh,IN,34,60678,
Yaowan,CN,04,60668,
Brentwood,US,NY,60664,
Farnborough,GB,ENG,60652,
Bor,RU,51,60647,
Givatayim,IL,05,60644,
Arāmbāgh,IN,28,60639,Arambagh
Lakeville,US,MN,60633,
Mujiayingzi,CN,20,60627,
West Allis,US,WI,60620,
Yame,JP,07,60608,
Poonamalle,IN,25,60607,
Tynemouth,GB,ENG,60605,
Akim Oda,GH,05,60604,
Dubna,RU,47,60604,
Redmond,US,WA,60598,
Motril,ES,51,60592,
Kinokawa,JP,43,60592,
Keonjhargarh,IN,21,60590,
Tacuarembó,UY,18,60586,Tacuarembo
Dingjia,CN,33,60585,
Mene Grande,VE,23,60580,
Lokoja,NG,41,60579,
Canoga Park,US,CA,60578,
Cupertino,US,CA,60572,
Bhadravati,IN,16,60565,
Ualog,PH,06,60548,
Langzhong,CN,32,60542,
Ciudad Hidalgo,MX,16,60542,
Taylorsville,US,UT,60514,
Takaishi,JP,32,60511,
Liancheng,CN,07,60504,
Jiangbei,CN,33,60466,
Moramanga,MG,33,60456,
Bristol,US,CT,60452,
Moore,US,OK,60451,
Gardena,US,CA,60447,
Longgang,CN,25,60444,
Itapecuru Mirim,BR,13,60440,
Petaluma,US,CA,60438,
Fethiye,TR,48,60437,
Bensalem,US,PA,60427,
District of Taher,DZ,24,60426,
Zacapa,GT,22,60424,
Hereford,GB,ENG,60415,
Matera,IT,02,60403,
Midelt,MA,05,60390,
Grand Junction,US,CO,60358,
Taitou,CN,25,60354,
Świdnica,PL,72,60351,Swidnica
Cruz das Almas,BR,05,60348,
Olbia,IT,14,60345,
Mangochi,MW,S,60338,
Gushu,CN,01,60335,
Sanyōonoda,JP,45,60326,Sanyoonoda
Panruti,IN,25,60323,
Al Burj,EG,21,60320,
Fenshui,CN,33,60308,
Mirdif,AE,03,60288,
Casper,US,WY,60285,
Monze,ZM,07,60281,
Setia Tropika,MY,01,60279,
Shimotsuke,JP,38,60274,
Wujing,CN,25,60260,
Opava,CZ,85,60252,
Ilkal,IN,19,60242,
Rowlett,US,TX,60236,
Vejle,DK,21,60231,
Chełm,PL,75,60231,
Cogan,PH,07,60230,
Kīratpur,IN,36,60223,Kiratpur
Wucheng,CN,01,60212,
Cristalina,BR,29,60210,
Yuxia,CN,26,60206,
Trinidad,CU,14,60206,
Tahara,JP,01,60206,
Runan,CN,09,60202,
Parkent,UZ,14,60200,
Vrindāvan,IN,36,60195,Vrindavan
Douane,TN,19,60192,
Kodungallūr,IN,13,60190,Kodungallur
Penedo,BR,02,60189,
Bandar-e Kangān,IR,22,60187,Bandar-e Kangan
Vavuniya,LK,38,60176,
Ech Chettia,DZ,41,60170,
Zhijiang,CN,12,60169,
Rosenheim,DE,02,60167,
Nagakute,JP,01,60162,
Nedumangād,IN,13,60161,Nedumangad
Stroud,GB,ENG,60155,
Gucheng,CN,25,60149,
Bambang,PH,02,60146,
Taozhuang,CN,25,60137,
Tczew,PL,82,60133,
Sandaohezi,CN,13,60129,
Pokrovsk,UA,05,60127,
Hpākān,MM,04,60123,Hpakan
Ābyek,IR,38,60107,Abyek
Sennan,JP,32,60102,
Laascaanood,SO,22,60100,
Yongbei,CN,29,60099,
Halesowen,GB,ENG,60097,
La Mesa,US,CA,60089,
Waterford,IE,M,60079,
Pine Hills,US,FL,60076,
Martínez de la Torre,MX,30,60074,Martinez de la Torre
Kuwait City,KW,02,60064,Kuwait
Melbourne City Centre,AU,07,60057,
Zushi,JP,19,60055,
Pavlovskiy Posad,RU,47,60051,
Hyūga,JP,25,60037,Hyuga
Dazeshan,CN,25,60034,
Ibitinga,BR,27,60033,
Bela Vista,BR,27,60024,
São Borja,BR,23,60019,Sao Borja
Sarāvān,IR,04,60014,Saravan
Monte Alegre,BR,16,60012,
Villa Vicente Guerrero,MX,29,60001,
Nzagi,AO,05,60000,
Hurlingham,AR,01,60000,
Zhujiajiao,CN,23,60000,
Wuzhen,CN,02,60000,
Gamonal,ES,55,60000,
Santutxu,ES,59,60000,
Juan-les-Pins,FR,93,60000,
Chelsea,GB,ENG,60000,
Bangaon,IN,34,60000,
Mbale,KE,53,60000,
Néma,MR,01,60000,Nema
Colonia Nativitas,MX,09,60000,
Putra Heights,MY,12,60000,
Ara Damansara,MY,12,60000,
Bukit Indah,MY,01,60000,
Faruka,PK,04,60000,
Sviblovo,RU,48,60000,
Ostankinskiy,RU,48,60000,
Bensonhurst,US,NY,60000,
Coney Island,US,NY,60000,
Rancho Penasquitos,US,CA,60000,
Valley Glen,US,CA,60000,
Vinhomes Ocean Park,VN,01,60000,
Meriden,US,CT,59988,
Dại Mỗ,VN,01,59980,Dai Mo
Narsimhapur,IN,35,59966,
Tanay,PH,40,59950,
Registro,BR,27,59947,
Obando,PH,03,59929,
Uki,JP,21,59928,
Heroica Caborca,MX,26,59922,
Pontiac,US,MI,59917,
Temerluh,MY,06,59916,
Hwasun,KR,16,59914,
Ponnur,IN,02,59913,
Acerra,IT,04,59910,
Jiangkou,CN,07,59902,
Maqin County,CN,06,59900,
Yamethin,MM,08,59867,
Kathua,IN,12,59866,
Port Orange,US,FL,59866,
Mérida,ES,57,59857,Merida
Boyolali,ID,07,59851,
Hamden,US,CT,59847,
Antony,FR,11,59845,
Jacundá,BR,16,59842,Jacunda
North Lakhimpur,IN,03,59841,
Cachoeiras de Macacu,BR,21,59837,
Pucheng,CN,07,59832,
Lakewood,US,WA,59829,
Brandenburg an der Havel,DE,11,59826,
Balagtas,PH,03,59826,
Buyeo,KR,17,59823,
Bang Khae Nuea,TH,40,59821,
Masaurhi Buzurg,IN,34,59803,
Nerkunram,IN,25,59790,
Cosmópolis,BR,27,59773,Cosmopolis
Kosai,JP,37,59770,
Fountainebleau,US,FL,59764,
Piekary Śląskie,PL,83,59757,Piekary Slaskie
Itogon,PH,15,59736,
Békéscsaba,HU,03,59732,Bekescsaba
Rüsselsheim am Main,DE,05,59730,Russelsheim|Russelsheim am Main|Rüsselsheim
Zvishavane,ZW,08,59717,
Saint Clair Shores,US,MI,59715,
Viçosa do Ceará,BR,06,59712,Vicosa do Ceara
Agía Paraskeví,GR,ESYE31,59704,Agia Paraskevi
Metu,ET,51,59700,
Prachantakham,TH,74,59696,
Springfield,US,OH,59680,
Shegaon,IN,16,59672,
Pampán,VE,21,59657,Pampan
Mandideep,IN,35,59654,
Katiola,CI,90,59641,
Great Falls,US,MT,59638,
Ksar el Boukhari,DZ,06,59634,
Date,JP,08,59625,
Ekpoma,NG,37,59618,
Pāchora,IN,16,59609,Pachora
Itamaraju,BR,05,59605,
Nag Hammâdi,EG,23,59601,Nag Hammadi
Baimajing,CN,31,59585,
Tuanbao,CN,12,59580,
San Cristobal,CU,AR,59579,
Den Helder,NL,07,59569,
Chapel Hill,US,NC,59568,
Berlin Köpenick,DE,16,59561,Berlin Kopenick
Limoeiro do Norte,BR,06,59560,
Molfetta,IT,13,59557,
Altamira,MX,28,59536,
Canyon Country,US,CA,59530,
Sengkang,ID,38,59523,
Gobichettipalayam,IN,25,59523,
Gangoh,IN,36,59519,
Mielec,PL,80,59509,
Dayr al Balaḩ,PS,GZ,59504,Dayr al Balah
Ferizaj,XK,10096138,59504,
Shirakawa,JP,08,59491,
Itanagar,IN,30,59490,
Esfarāyen,IR,43,59490,Esfarayen
Drummondville,CA,10,59489,
Comitancillo,GT,17,59489,
Sonsonate,SV,13,59468,
Wenshang,CN,25,59455,
Mölndal,SE,28,59430,Molndal
Huntington Park,US,CA,59430,
Meïganga,CM,10,59426,Meiganga
La Roche-sur-Yon,FR,52,59410,
Chikuma,JP,26,59381,
Mingshui,CN,08,59369,
Ogōri,JP,07,59360,Ogori
Azrou,MA,03,59348,
Galátsi,GR,ESYE31,59345,Galatsi
Lancaster,US,PA,59339,
Jaitpur,IN,10,59330,
Huiqu,CN,25,59323,
Aş Şāliḩīyah al Jadīdah,EG,14,59320,As Salihiyah al Jadidah
Narasapur,IN,02,59306,
Coconut Creek,US,FL,59302,
Wendo,ET,SI,59300,
San Felipe,CL,01,59294,
Dhone,IN,02,59272,
Irati,BR,18,59250,
Gannan,CN,08,59239,
Offenburg,DE,01,59238,
Craigavon,GB,NIR,59236,
Aboisso,CI,94,59225,
Lamongan,ID,08,59224,
Pánlóngchéng Jīngjì Kāifāqū,CN,12,59207,Panlongcheng Jingji Kaifaqu
Nabarūh,EG,01,59202,Nabaruh
Leander,US,TX,59202,
Hongjiang,CN,11,59199,
Mikhaylovsk,RU,70,59198,
Rājgarh,IN,24,59193,Rajgarh
Sahagún,CO,12,59188,Sahagun
Jian’ou,CN,07,59187,
Idaho Falls,US,ID,59184,
Kotlas,RU,06,59180,
Fundación,CO,38,59175,Fundacion
Veliko Tŭrnovo,BG,62,59166,Veliko Turnovo
Tashan,CN,04,59162,
San Rafael,US,CA,59162,
Jixian,CN,08,59160,
Hezuo,CN,15,59148,
Azua,DO,01,59139,
Wanchaq,PE,08,59134,
Chalkída,GR,ESYE24,59125,Chalkida
Oltinko‘l,UZ,09,59122,
Ullal,IN,19,59116,
Ābādeh,IR,07,59116,Abadeh
Abadeh,IR,07,59116,
Manaoag,PH,01,59115,
Rio Bonito,BR,21,59113,
Langenfeld,DE,07,59112,
Al Warqaa,AE,03,59111,
Umm Al Quwain City,AE,07,59098,Umm Al Quwain
Haizhou,CN,04,59098,
Pierrefonds,CA,10,59093,
Noblesville,US,IN,59093,
Panna,IN,35,59091,
Dilling,SD,50,59089,
Longgu,CN,04,59086,
Yigou,CN,09,59073,
Santo Tomé,AR,21,59072,Santo Tome
Yagoua,CM,12,59069,
Marietta,US,GA,59067,
San Francisco,AR,05,59062,
Verkhnyaya Pyshma,RU,71,59061,
Ferencváros,HU,05,59056,Ferencvaros
As-Suwayda,SY,05,59052,
Fairfield,US,CT,59052,
Talnakh,RU,91,59051,
Langtoucun,CN,19,59046,
Owensboro,US,KY,59042,
Jose Rizal,PH,41,59040,
Eastvale,US,CA,59039,
Sarpsborg,NO,13,59038,
Içara,BR,26,59035,Icara
Simpang Renggam,MY,01,59033,
El Palomar,AR,01,59031,
Qiryat Ata,IL,04,59030,
Acará,BR,16,59023,Acara
Royal Oak,US,MI,59008,
Minami-Sōma,JP,08,59005,Minami-Soma
Camacupa,AO,02,59000,
Mot’a,ET,46,59000,
Slutsk,BY,05,58995,
Gola Gokarannāth,IN,36,58986,Gola Gokarannath
Mbera,MR,01,58985,
Zarand,IR,29,58983,
Petroúpolis,GR,ESYE31,58979,Petroupolis
Stralsund,DE,12,58976,
Brentwood,US,CA,58968,
Goz Beida,TD,25,58941,
Gohad,IN,35,58939,
Golpāyegān,IR,28,58936,Golpayegan
Torbat-e Jām,IR,42,58928,Torbat-e Jam
Fraijanes,GT,07,58922,
Kitahiroshima,JP,12,58918,
Mpanda,BI,09,58913,
Cruz Alta,BR,23,58913,
Xiaoweizhai,CN,18,58913,
Baki,ID,07,58909,
Cerro de Pasco,PE,19,58899,
Mikhaylovka,RU,84,58898,
Solnechnogorsk,RU,47,58891,
Villach,AT,02,58882,
Antu,CN,05,58872,
Bañga,PH,12,58855,Banga
Benalmádena,ES,51,58854,Benalmadena
Wani,IN,16,58840,
Ardakān,IR,40,58834,Ardakan
Avan,AM,11,58800,
Menzel Bourguiba,TN,18,58800,
Dubuque,US,IA,58799,
Wallasey,GB,ENG,58794,
Kamphaeng Phet,TH,11,58787,
Koga,JP,07,58786,
Comayagua,HN,04,58784,
Thiruvarur,IN,25,58777,
Upleta,IN,09,58775,
Suozhen,CN,25,58766,
Ishikari,JP,12,58755,
Tessaoua,NE,04,58750,
Cerdanyola del Vallès,ES,56,58747,Cerdanyola del Valles
Vinto,BO,02,58739,
Kayes,CG,01,58737,
Marseille 12,FR,93,58734,
Brookline,US,MA,58732,
Novi,US,MI,58723,
Jaguariúna,BR,27,58722,Jaguariuna
Pestlőrinc,HU,05,58722,Pestlorinc
Littlehampton,GB,ENG,58714,
Er Roseires,SD,42,58712,
Tokoname,JP,01,58710,
Arsen’yev,RU,59,58700,
Shwegu,MM,04,58696,
Viseu,BR,16,58692,
Hanyū,JP,34,58686,Hanyu
Ṣāleḥīeh,IR,26,58683,Salehieh
Des Plaines,US,IL,58677,
Beliatta,LK,34,58675,
Kampong Dungun,MY,07,58674,
Hameln,DE,06,58666,
Carrara,IT,16,58666,
Taifu,CN,32,58663,
Los Patios,CO,21,58661,
Mnihla,TN,38,58641,
Carson City,US,NV,58639,Carson
Padangpanjang,ID,24,58627,
Orland Park,US,IL,58619,
San Pedro Ayampuc,GT,07,58609,
Oumé,CI,95,58606,Oume
Mpondwe,UG,W,58600,
Nūzvīd,IN,02,58590,Nuzvid
Frutal,BR,15,58588,
Ngã Năm,VN,92,58588,Nga Nam
Bartlett,US,TN,58579,
Glogovac,XK,10097360,58579,
Beitbridge,ZW,07,58574,
Guerara,DZ,45,58572,
Toki,JP,09,58567,
Woodland,US,CA,58567,
Lonavla,IN,16,58562,
Loum,CM,05,58554,
Shiqiaozi,CN,25,58538,
Una,IN,09,58528,
Jidong,CN,08,58520,
São Gabriel,BR,23,58487,Sao Gabriel
Lehi,US,UT,58486,
Dom Eliseu,BR,16,58484,
Ouled Djellal,DZ,OD,58481,
Fenyi,CN,03,58478,
Racibórz,PL,83,58464,Raciborz
White Plains,US,NY,58459,
Uzlovaya,RU,76,58458,
Vasastaden,SE,26,58458,
Paombong,PH,03,58453,
Weleri,ID,07,58448,
Chonglong,CN,32,58441,
Sayama,JP,32,58435,
Xinglongshan,CN,05,58432,
Choshi,JP,04,58431,
San Pedro de Jujuy,AR,10,58430,
Al Ḩāmūl,EG,21,58430,Al Hamul
Fort Beaufort,ZA,05,58419,
Benevento,IT,04,58418,
Trairi,BR,06,58415,
Arcadia,US,CA,58408,
Reston,US,VA,58404,
Friedrichshafen,DE,01,58403,
Batatais,BR,27,58402,
Finote Selam,ET,46,58400,
Barkam,CN,32,58390,
Sakurai,JP,28,58386,
Chaiyaphum,TH,26,58350,
Tongchuan,CN,32,58346,
Shibuzi,CN,25,58333,
Uttaradit,TH,10,58313,
Lixian,CN,15,58300,
Murakami,JP,29,58300,
Larbaâ,DZ,20,58295,Larbaa
Hongqiao,CN,11,58287,
Sérres,GR,ESYE12,58287,Serres
Antsalova,MG,44,58280,
Trenčín,SK,06,58278,Trencin
Žižkov,CZ,52,58267,Zizkov
Changbai,CN,05,58266,
Zhutuo,CN,33,58262,
Korçë,AL,46,58259,Korce
San Andrés,CO,25,58257,San Andres
Patzún,GT,03,58240,Patzun
Będzin,PL,83,58236,Bedzin
Sillod,IN,16,58230,
Kırklareli,TR,39,58223,
Colón,AR,08,58219,Colon
Ocala,US,FL,58218,
Kisela Voda,MK,F6,58216,
Nikšić,ME,12,58212,Niksic
Dingtao,CN,25,58206,
Clay,US,NY,58206,
Myaungmya,MM,03,58205,
Omoa,HN,06,58172,
Dongxi,CN,33,58169,
Los Dos Caminos,VE,15,58168,
Arzew,DZ,09,58162,
Central City,US,AZ,58161,Central
Petauke,ZM,03,58156,
Kanbe,MM,17,58146,
Ar Rumaythīyah,KW,08,58135,Ar Rumaythiyah
Täby,SE,26,58123,Taby
South Vineland,US,NJ,58122,
Lorient,FR,53,58112,
Sanford,US,FL,58111,
Juye,CN,25,58107,
Ekangala,ZA,06,58099,
Nahariyya,IL,03,58096,
Dapaong,TG,26,58071,
Felgueiras,PT,17,58065,
Serian,MY,11,58059,
Streatham,GB,ENG,58055,
Hancheng,CN,26,58049,
Göppingen,DE,01,58040,Goppingen
Zgierz,PL,74,58036,
Caucasia,CO,02,58034,
Bowie,US,MD,58025,
Simpang Empat,MY,07,58004,
Port Coquitlam,CA,02,58000,
Santangpu,CN,11,58000,
Invercargill,NZ,F8,58000,
Volzhsk,RU,45,58000,
Kokomo,US,IN,57995,
Chornomors’k,UA,17,57983,
Sarcelles,FR,11,57979,
Jatiwangi,ID,30,57973,
Acámbaro,MX,11,57972,Acambaro
Vigevano,IT,09,57970,
Kawthoung,MM,12,57949,
Pessac,FR,75,57944,
Imarichō-kō,JP,33,57940,Imaricho-ko
Magsaysay,PH,11,57936,
Santa Rosa de Cabal,CO,24,57928,
Sīra,IN,19,57928,Sira
Baekrajan,ID,07,57920,
Wayne,US,NJ,57915,
Kraaifontein,ZA,11,57911,
Hardenberg,NL,15,57909,
Ivry-sur-Seine,FR,11,57897,
Kokubu-matsuki,JP,18,57896,
San Francisco El Alto,GT,21,57894,
Chikhli,IN,16,57889,
Veles,MK,F1,57873,
Al Wāsiţah,EG,04,57870,Al Wasitah
Tabaco,PH,05,57860,
Jing'an,CN,04,57825,
Belen,PE,16,57824,
Pianura,IT,04,57821,
Kogalym,RU,32,57800,
Jhārgrām,IN,28,57796,Jhargram
Évreux,FR,28,57795,Evreux
Bootle,GB,ENG,57791,
Santee,US,CA,57787,
Emin,CN,13,57782,
Ponte Nova,BR,15,57776,
Orito,CO,22,57774,
Longtan,CN,33,57769,
Shenliu,CN,11,57769,
Lop Buri,TH,34,57761,
Manicoré,BR,04,57758,Manicore
Ksar,MR,13,57758,
Görlitz,DE,13,57751,Gorlitz
Dublin,US,CA,57721,
St. Albert,CA,01,57719,
Hagere Maryam,ET,51,57700,
Stolberg,DE,07,57684,
la Nova Esquerra de l'Eixample,ES,56,57676,
Ash Shāmīyah,IQ,04,57661,Ash Shamiyah
Ávila,ES,55,57657,Avila
Maocun,CN,04,57649,
Mongaguá,BR,27,57648,Mongagua
Harsīn,IR,13,57647,Harsin
Santa Luzia,BR,13,57635,
Sundsvall,SE,24,57606,
Bebington,GB,ENG,57600,
El Hatillo,VE,15,57591,
Legnano,IT,09,57589,
Vénissieux,FR,84,57584,Venissieux
Kagaznāgār,IN,40,57583,Kagaznagar
Cergy,FR,11,57576,
Ālbū Kamāl,SY,07,57572,Albu Kamal
Trảng Bom,VN,75,57560,Trang Bom
Ban Pong,TH,52,57559,
Krymsk,RU,38,57555,
Huangpi,CN,12,57554,
Shanhecun,CN,08,57550,
Hernals,AT,09,57546,
Biała Podlaska,PL,75,57541,
Bhātāpāra,IN,37,57537,Bhatapara
Yantongshan,CN,05,57515,
Kāsībugga,IN,02,57507,Kasibugga
Vynohradar,UA,12,57500,
Guarabira,BR,17,57484,
Cupang,PH,NCR,57482,
Hasanpur,IN,36,57481,
Clichy,FR,11,57467,
Na Di,TH,74,57466,
Guiren,CN,04,57446,
Chongwe,ZM,09,57443,
Maulavi Bāzār,BD,86,57441,Maulavi Bazar
Palm Harbor,US,FL,57439,
Kan’onjichō,JP,17,57438,Kan’onjicho
Santo Tomas,PH,40,57438,
Linares,ES,51,57414,
Lohārdagā,IN,38,57411,Lohardaga
Kentau,KZ,10,57408,
Marinilla,CO,02,57403,
Medford,US,MA,57403,
Kidderminster,GB,ENG,57400,
Myaydo,MM,15,57395,
Cheremkhovo,RU,20,57395,
Morley,GB,ENG,57385,
Jahāngīrābād,IN,36,57363,Jahangirabad
Sherkot,IN,36,57361,
Siu Lek Yuen,HK,NST,57349,
Kātrās,IN,38,57349,Katras
El Menia,DZ,EM,57344,
Minbu,MM,15,57342,
Zhongxing,CN,04,57338,
Halabja,IQ,19,57333,
Talagante,CL,12,57323,
Langxiang,CN,08,57318,
Kaffrine,SN,16,57307,
Catacaos,PE,20,57304,
Garoowe,SO,18,57300,
Kota Sambas,ID,11,57295,
Mācherla,IN,02,57290,Macherla
Naksalbāri,IN,28,57283,Naksalbari
Sankarankovil,IN,25,57277,
Mulbāgal,IN,19,57276,Mulbagal
Paris 09 Opéra,FR,11,57271,Paris 09 Opera
Kolaboui,GN,B,57251,
Midwest City,US,OK,57249,Midwest
Kandukūr,IN,02,57246,Kandukur
Center City,US,PA,57239,Center
Nonoichi,JP,15,57238,
Margate,US,FL,57234,
Tiruvalla,IN,13,57223,
Roshanpura,IN,07,57217,
Villa Hayes,PY,16,57217,
Thanbyuzayat,MM,13,57208,
Bergama,TR,35,57200,
Ponnūru,IN,02,57170,Ponnuru
Boufarik,DZ,20,57162,
Chitral,PK,03,57157,
South Whittier,US,CA,57156,
Bageqi,CN,13,57153,
Saint-André,RE,RE,57150,Saint-Andre
Kollegāl,IN,19,57149,Kollegal
Tinley Park,US,IL,57143,
Hamada,JP,36,57142,
Mukandpur,IN,07,57135,
Bandō,JP,14,57128,Bando
Anamur,TR,32,57128,
Suiling,CN,08,57124,
Pflugerville,US,TX,57122,
Mafraq,JO,15,57118,
Wenxing,CN,11,57117,
Unjha,IN,09,57108,
Frankfurt (Oder),DE,11,57107,
Fichē,ET,51,57100,Fiche
Zhigulëvsk,RU,65,57094,Zhigulevsk
Yingli,CN,25,57091,
Sakaidechō,JP,17,57090,Sakaidecho
Cristo Rey,DO,34,57084,
Kāmyārān,IR,16,57077,Kamyaran
Chhibrāmau,IN,36,57071,Chhibramau
Borūjen,IR,03,57071,Borujen
As Sawānī,LY,81,57069,As Sawani
Nūrābād,IR,07,57058,Nurabad
Tilhar,IN,36,57043,
Dehdasht,IR,05,57036,
New Brunswick,US,NJ,57035,
Annaka,JP,10,57013,
Lunglei,IN,31,57011,
Jahangira,PK,03,57011,
Grand Forks,US,ND,57011,
Emmen,NL,01,57010,
Phra Phutthabat,TH,37,57008,
Colegiales,AR,07,57000,
Sokol’niki,RU,48,57000,
Sokol,RU,48,57000,
Reyhanlı,TR,31,56995,
Baishishan,CN,05,56992,
Fountain Valley,US,CA,56987,
Hoskote,IN,19,56980,
Hendala,LK,36,56978,
Haripur,PK,03,56977,
Minokamo,JP,09,56972,
Roslavl’,RU,69,56971,
Stourbridge,GB,ENG,56950,
Byasanagar,IN,21,56946,
North Hills,US,CA,56946,
Ninghai,CN,25,56937,
Manfredonia,IT,13,56932,
Veszprém,HU,23,56927,Veszprem
Anlong Veaeng,KH,27,56927,
Neu-Hohenschönhausen,DE,16,56921,Neu-Hohenschonhausen
Bayt Lāhyā,PS,GZ,56919,Bayt Lahya
Foligno,IT,18,56918,
Zhuzhai,CN,04,56908,
Purbalingga,ID,07,56903,
Xam Nua,LA,03,56900,
Diamond Bar,US,CA,56897,
Kitgum,UG,N,56891,
Baden-Baden,DE,01,56881,
Ipirá,BR,05,56876,Ipira
Bada Barabīl,IN,21,56870,Bada Barabil
Hattingen,DE,07,56866,
Sāmalkot,IN,02,56864,Samalkot
Caacupé,PY,08,56864,Caacupe
Mukō,JP,22,56859,Muko
Karīmganj,IN,03,56854,Karimganj
La Dolorita,VE,15,56846,
Livingston,GB,SCT,56840,
Umm Ruwaba,SD,56,56833,
Ushuaia,AR,23,56825,
Nōgata,JP,07,56821,Nogata
Bobbili,IN,02,56819,
Barri de Sant Andreu,ES,56,56818,
Jinji,CN,16,56816,
Fana,ML,07,56809,
Marseille 11,FR,93,56792,
Taunton,US,MA,56789,
Fussa,JP,40,56786,
Ambalangoda,LK,34,56783,
Batac City,PH,01,56781,Batac
Oak Lawn,US,IL,56781,
Union,US,NJ,56771,
Ankeny,US,IA,56764,
Battir,PS,WE,56746,
Malārd,IR,26,56745,Malard
Weining,CN,18,56744,
Mettur,IN,25,56743,
Chicopee,US,MA,56741,
Sattenapalle,IN,02,56721,
San Vicent del Raspeig,ES,60,56715,
Castlereagh,GB,NIR,56679,
Kettering,GB,ENG,56676,
Morondava,MG,54,56671,
Paudalho,BR,30,56665,
Qingfu,CN,32,56650,
Jamrud,PK,03,56642,
Daokou,CN,09,56637,
Okcheon,KR,05,56634,
Tirūrangādi,IN,13,56632,Tirurangadi
Yashan,CN,16,56629,
Woluwe-Saint-Lambert,BE,BRU,56584,
Lingayen,PH,01,56580,
Masinloc,PH,03,56579,
Borovichi,RU,52,56571,
Hilden,DE,07,56565,
Wellingborough,GB,ENG,56564,
Tennala,IN,13,56546,
Budapest XII. kerület,HU,05,56544,Budapest XII. kerulet
Aylmer,CA,10,56542,
Chakradharpur,IN,38,56531,
Oberá,AR,14,56528,Obera
Irving Park,US,IL,56520,
Dörtyol,TR,31,56513,Dortyol
Limoeiro,BR,30,56510,
Ureña,VE,20,56509,Urena
Capitão Poço,BR,16,56506,Capitao Poco
Açu,BR,22,56496,Acu
Sendhwa,IN,35,56485,
Nantai,CN,19,56478,
Sukuta,GM,05,56472,
Balai Pungut,ID,37,56452,
Talegaon Dābhāde,IN,16,56435,Talegaon Dabhade
Potenza,IT,02,56433,
Changleng,CN,03,56429,
Chernaya Rechka,RU,42,56429,
Saint-Michel,CA,10,56420,
Hiriyūr,IN,19,56416,Hiriyur
São Gabriel da Cachoeira,BR,04,56406,Sao Gabriel da Cachoeira
Rolim de Moura,BR,24,56406,
Chino,JP,26,56400,
Mocoa,CO,22,56398,
Boudouaou,DZ,40,56398,
Mizuho,JP,09,56388,
Winterhude,DE,04,56382,
Anjangaon,IN,16,56380,
Mon Repos,TT,10,56380,
Tarneit,AU,07,56370,
Hutang,CN,04,56370,
Pul-e Khumrī,AF,03,56369,Pul-e Khumri
Berwyn,US,IL,56368,
Sanchuan,CN,29,56345,
Charkhi Dādri,IN,10,56337,Charkhi Dadri
Châu Phong,VN,91,56322,Chau Phong
Caleta Olivia,AR,20,56310,
Ujhāni,IN,36,56309,Ujhani
Manhattan,US,KS,56308,
Honiara,SB,14,56298,
Fier,AL,44,56297,
Sitou,CN,25,56289,
Kaédi,MR,04,56283,Kaedi
Bankra,IN,28,56273,
Mendaha,ID,05,56268,
Forest,BE,BRU,56254,
Dabhoi,IN,09,56253,
Kūt-e ‘Abdollāh,IR,15,56252,Kut-e ‘Abdollah
Zibihu,CN,29,56246,
Mutsu,JP,03,56244,
Teghra,IN,34,56234,
Baidi,CN,33,56216,
Sleman,ID,10,56215,
Gaogou,CN,04,56214,
Espinal,CO,28,56213,
Huauchinango,MX,21,56206,
Vranje,RS,SE,56199,
Kirishi,RU,42,56190,
Gölcük,TR,41,56189,Golcuk
Khartsyzk,UA,05,56182,
Linghai,CN,19,56176,
Turbaco,CO,35,56171,
Dongola,SD,43,56167,
Paita,PE,20,56151,
Kendale Lakes,US,FL,56148,
Smyrna,US,GA,56146,
Dearborn Heights,US,MI,56145,
Longshi,CN,33,56142,
Hermanus,ZA,11,56139,
Moncalieri,IT,12,56134,
Ródos,GR,ESYE42,56128,Rodos
Obra,IN,36,56110,
Umm el Faḥm,IL,04,56109,Umm el Fahm
Kobo,ET,46,56100,
Xuzhuang,CN,04,56099,
Sankt Augustin,DE,07,56094,
Ayapel,CO,12,56082,
Tiruvallur,IN,25,56074,
Mandapeta,IN,02,56063,
Kutu,CD,24,56061,
Tirur,IN,13,56058,
Porterville,US,CA,56058,
Kimilili,KE,12,56050,
Piscataway,US,NJ,56044,
Kandi,BJ,07,56043,
Pandak,ID,10,56043,
Ropar,IN,23,56038,
Gongyi,CN,09,56033,
Al Badārī,EG,17,56033,Al Badari
Hendersonville,US,TN,56018,
Roeselare,BE,VLG,56016,
Melo,UY,03,56013,
Santo Amaro,BR,05,56012,
Papatoetoe,NZ,E7,56010,
Eisen,KR,14,56006,
Dangila,ET,46,56000,
Bonga,ET,SW,56000,
Kapenguria,KE,55,56000,
Ezhva,RU,34,56000,
Nāmakkal,IN,25,55997,Namakkal
Toumodi,CI,81,55986,
Cuneo,IT,12,55980,
Qinnan,CN,04,55975,
Barabai,ID,12,55956,
Arcot,IN,25,55955,
Liski,RU,86,55939,
Gelan,CN,33,55938,
Morningside Heights,US,NY,55929,
Zvyahel,UA,27,55925,
San Francisco,CR,04,55923,
Lāharpur,IN,36,55911,Laharpur
Impasugong,PH,10,55901,
Trần Văn Thời,VN,96,55897,Tran Van Thoi
Kudamatsu,JP,45,55887,
Kuala Selangor,MY,12,55887,
Vryburg,ZA,10,55879,
Bolvadin,TR,03,55870,
Dalianwan,CN,19,55841,
Changling,CN,05,55841,
Marechal Cândido Rondon,BR,18,55836,Marechal Candido Rondon
Chumphon,TH,58,55835,
Mozambique,MZ,06,55829,
Tirhanimîne,MA,01,55827,Tirhanimine
Viramgām,IN,09,55821,Viramgam
Zarrīn Shahr,IR,28,55817,Zarrin Shahr
San Rafael,VE,23,55810,
Rocky Mount,US,NC,55806,
Belem,BR,27,55785,
Corvallis,US,OR,55780,
Eschweiler,DE,07,55778,
Berrouaghia,DZ,06,55775,
Tsévié,TG,24,55775,Tsevie
Ełk,PL,85,55769,
San Antonio,PY,06,55754,
Aïn Touta,DZ,03,55736,Ain Touta
Olympia,US,WA,55733,
Valdosta,US,GA,55724,
Asadābād,IR,09,55703,Asadabad
Islāmpur,IN,28,55691,Islampur
Bonan,CN,29,55685,
Zile,TR,60,55680,
Serowe,BW,01,55676,
Dibaya-Lubwe,CD,20,55672,
Karād,IN,16,55663,Karad
Hanford,US,CA,55659,
Kampung Bukit Baharu,MY,04,55656,
Kawm Ḩamādah,EG,03,55652,Kawm Hamadah
Lubao,PH,03,55645,
Shibirghān,AF,31,55641,Shibirghan
Hashtgerd,IR,44,55640,
'Ārdamatā,SD,47,55637,'Ardamata
My Drarga,MA,09,55631,
Zhuyi,CN,33,55627,
Yanam,IN,02,55626,
Klaeng,TH,47,55619,
Dakhla,MA,09,55618,
Pirapora,BR,15,55606,
Świętochłowice,PL,83,55600,Swietochłowice
Rumonge,BI,26,55599,
Ābu Road,IN,24,55599,Abu Road
Yongqing,CN,15,55595,
Castle Rock,US,CO,55591,
Linqiong,CN,32,55587,
Snizhne,UA,05,55587,
Greenwood,US,IN,55586,
Takizawa,JP,16,55579,
Brazlândia,BR,07,55561,Brazlandia
At Tall,SY,08,55561,
Amuntai,ID,12,55560,
Hà Giang,VN,08,55559,Ha Giang
Nuevo Casas Grandes,MX,06,55553,
Chicago Lawn,US,IL,55551,
Eminönü,TR,34,55548,Eminonu
Hempstead,US,NY,55547,
Buthidaung Town,MM,01,55545,
Wellington,ZA,11,55543,
Raxaul,IN,34,55536,
Moonniyur,IN,13,55535,
Novato,US,CA,55530,
Kettering,US,OH,55525,
Bellevue,US,NE,55510,
Tlokweng,BW,09,55508,
Barwāni,IN,35,55504,Barwani
Qishan,CN,01,55500,
Vyaz’ma,RU,69,55500,
Buriticupu,BR,13,55499,
Barrow in Furness,GB,ENG,55489,
Videira,BR,26,55466,
Besuki,ID,08,55465,
Rîbniţa,MD,58,55455,Ribnita
Aurora,CA,08,55445,
Lanshan,CN,04,55442,
Mangina,CD,11,55439,
Shoreline,US,WA,55439,
Decatur,US,AL,55437,
Luau,AO,14,55432,
Oued Rhiou,DZ,51,55430,
Friedrichsfelde,DE,16,55423,
Anjiang,CN,11,55421,
San Fernando,TT,10,55419,
Xinqing,CN,08,55415,
Gapyeong,KR,13,55415,
Ksar Hellal,TN,16,55415,
Paramount,US,CA,55412,
Beledweyne,SO,07,55410,
Placetas,CU,16,55408,
Saint-Quentin,FR,32,55407,
Mpulungu,ZM,05,55405,
Tønsberg,NO,20,55387,
Bisceglie,IT,13,55385,
Jaguare,BR,27,55382,
Kottayam,IN,13,55374,
Pruszków,PL,78,55371,Pruszkow
Bozüyük,TR,11,55365,Bozuyuk
Tiruttangal,IN,25,55362,
Minamiuonuma,JP,29,55354,
Bossangoa,CF,12,55353,
Taliwang,ID,17,55340,
Port Arthur,US,TX,55340,
Petlād,IN,09,55330,Petlad
Dorbod,CN,08,55316,
Sesvete,HR,21,55313,
Yutan,CN,11,55312,
Abington,US,PA,55310,
Anderson,US,IN,55305,
Wedi,ID,07,55300,
Jālaun,IN,36,55299,Jalaun
Ahu,CN,04,55298,
Pátzcuaro,MX,16,55298,Patzcuaro
Torrelavega,ES,39,55297,
Hidaka,JP,34,55294,
Moreno,BR,30,55292,
Mafra,BR,26,55286,
Satte,JP,34,55286,
Djemmal,TN,16,55285,
Periya Semūr,IN,25,55282,Periya Semur
Ahlen,DE,07,55280,
Tamiami,US,FL,55271,
Aïn Defla,DZ,35,55259,Ain Defla
Três Pontas,BR,15,55255,Tres Pontas
Kas,SD,49,55255,
Paris 05 Panthéon,FR,11,55252,Paris 05 Pantheon
Nazarovo,RU,91,55252,
Hulu Langat,MY,12,55251,
Rubizhne,UA,14,55247,
Villa Bruzual,VE,18,55244,
Rāmganj,BD,84,55241,Ramganj
Madhupur,IN,38,55238,
Dhūri,IN,23,55225,Dhuri
Pazardzhik,BG,48,55220,
Klimovsk,RU,47,55206,
South Croydon,GB,ENG,55198,
Towson,US,MD,55197,
Naic,PH,40,55195,
Challakere,IN,19,55194,
Bayan,CN,08,55186,
Etāwa,IN,35,55185,Etawa
Zouérat,MR,11,55183,Zouerat
North Chicopee,US,MA,55179,
Shijōnawate,JP,32,55177,Shijonawate
Elda,ES,60,55168,
Paraíso do Tocantins,BR,31,55164,Paraiso do Tocantins
Drean,DZ,44,55147,
Licha,CN,25,55140,
Pingjin,CN,33,55139,
Chiplūn,IN,16,55139,Chiplun
Uptown,US,IL,55137,
Cần Giờ,VN,79,55137,Can Gio
Mandlā,IN,35,55133,Mandla
Ābyek,IR,34,55128,Abyek
Biel/Bienne,CH,BE,55120,
Sarasota,US,FL,55118,
Šabac,RS,SE,55114,Sabac
Narail,BD,82,55112,
Kalasin,TH,23,55102,
Lesnoy,RU,71,55100,
Canterbury,GB,ENG,55087,
Bhīmunipatnam,IN,02,55082,Bhimunipatnam
Rybatskoye,RU,42,55076,
Olímpia,BR,27,55074,Olimpia
Eqbālīyeh,IR,38,55066,Eqbaliyeh
Cepu,ID,07,55055,
Kaga-Bandoro,CF,15,55047,
Uritsk,RU,66,55037,
União da Vitória,BR,18,55033,Uniao da Vitoria
Luang Prabang,LA,17,55027,
Sharifabad,PK,04,55027,
Canoinhas,BR,26,55016,
Mawlai-Mawïong,IN,18,55012,Mawlai-Mawiong
Cuango-Luzamba,AO,17,55000,
Caxito,AO,19,55000,
Shilin,CN,29,55000,
Jinotega,NI,07,55000,
Zamoskvorech’ye,RU,48,55000,
Pokrovskoye-Streshnëvo,RU,48,55000,Pokrovskoye-Streshnevo
Berëzovskiy,RU,29,55000,Berezovskiy
Waterloo,SL,04,55000,
Dunfermline,GB,SCT,54990,
Dompu,ID,17,54987,
Kavanur,IN,25,54986,
Reghaïa,DZ,01,54962,Reghaia
Liguo,CN,25,54960,
Huangnihe,CN,05,54959,
Viljoenskroon,ZA,03,54955,
Tallang-dong,KR,01,54954,
Saint-Jérôme,CA,10,54948,Saint-Jerome
Cypress Hills,US,NY,54944,
West Haven,US,CT,54927,
Miyakojima,JP,47,54908,
Rosemead,US,CA,54908,
Sabinas,MX,07,54905,
Bad Salzuflen,DE,07,54899,
Cuenca,ES,54,54898,
Euskirchen,DE,07,54889,
Estancia,PH,06,54882,
Yecheon,KR,14,54873,
Edgewater,US,IL,54873,
Pithāpuram,IN,02,54859,Pithapuram
Al Khafjī,SA,06,54857,Al Khafji
Jackson,US,NJ,54856,
Highland,US,CA,54854,
Kāndi,IN,28,54848,Kandi
San José de las Lajas,CU,MA,54847,San Jose de las Lajas
Jonquière,CA,10,54842,Jonquiere
Jelgava,LV,11,54834,
Mamoudzou,YT,97611,54831,
Meerbusch,DE,07,54826,
Sangarédi,GN,B,54824,Sangaredi
Idappadi,IN,25,54823,
Manzhouli,CN,20,54808,
Caaguazú,PY,04,54808,Caaguazu
Pontes e Lacerda,BR,14,54795,
Huguo,CN,32,54795,
Liuji,CN,04,54785,
Asenovgrad,BG,51,54778,
Sāhibābād Daulotpur,IN,07,54773,Sahibabad Daulotpur
Pozzo Strada,IT,12,54766,
Bandar Labuan,MY,16,54752,
Mount Prospect,US,IL,54747,
Punganūru,IN,02,54746,Punganuru
Liangzhai,CN,04,54742,
Wolfenbüttel,DE,06,54740,Wolfenbuttel
Huyton,GB,ENG,54738,
Bhamo,MM,04,54721,
Leytonstone,GB,ENG,54696,
Rio de Mouro,PT,14,54695,
Liaozhong,CN,19,54691,
Hürth,DE,07,54678,Hurth
Luputa,CD,21,54676,
Barry,GB,WLS,54673,
Odienné,CI,77,54669,Odienne
San Josecito,VE,20,54669,
Boghni,DZ,14,54666,
Niort,FR,75,54660,
Ghātāl,IN,28,54658,Ghatal
Burauen,PH,08,54635,
Odivelas,PT,14,54624,
Hamura,JP,40,54622,
Colton,US,CA,54621,
San Marcos,SV,10,54615,
Encanto,US,AZ,54614,
Sibonga,PH,07,54610,
Konan,JP,35,54607,
Jāfarābād,IN,07,54601,Jafarabad
Palmares,BR,30,54584,
Wangji,CN,04,54578,
Belfort,FR,27,54562,
Giurgiu,RO,42,54551,
Sāgar,IN,19,54550,Sagar
Sihor,IN,09,54547,
Huacho,PE,15,54545,
Mūndka,IN,07,54541,Mundka
Al Mayādīn,SY,07,54534,Al Mayadin
Belorechensk,RU,38,54526,
El Banco,CO,38,54522,
San Bernardino Tlaxcalancingo,MX,21,54517,
Himimachi,JP,42,54510,
Dumyāţ al Jadīdah,EG,20,54508,Dumyat al Jadidah
Bafang,CM,08,54505,
Chelghoum el Aïd,DZ,48,54495,Chelghoum el Aid
Deglur,IN,16,54493,
Meikle Earnock,GB,SCT,54480,
Hamilton,GB,SCT,54480,
Madhepura,IN,34,54472,
Modica,IT,15,54456,
Nanzhou,CN,11,54449,
Pocatello,US,ID,54441,
Bradenton,US,FL,54437,
Buíque,BR,30,54425,Buique
Pasir Ris New Town,SG,04,54420,
Pirojpur,BD,85,54418,
Swedru,GH,04,54417,
Bukit Tengah,MY,09,54416,
Bārāmati,IN,16,54415,Baramati
Mahāsamund,IN,37,54413,Mahasamund
Margareten,AT,09,54412,
Narva,EE,03,54409,
Rogers Park,US,IL,54402,
Jinka,ET,56,54400,
Nelson,NZ,F5,54400,
Ain El Aouda,MA,04,54397,
Xóm Cái Nước,VN,91,54397,Xom Cai Nuoc
Weymouth,US,MA,54395,
Sittingbourne,GB,ENG,54392,
Port Charlotte,US,FL,54392,
Tramandaí,BR,23,54387,Tramandai
Tharyarwady,MM,16,54386,
Yunjin,CN,32,54385,
Normal,US,IL,54373,
Medianeira,BR,18,54369,
Ajaccio,FR,94,54364,
Jagüey Grande,CU,03,54363,Jaguey Grande
Javānrūd,IR,13,54354,Javanrud
Eisenzicken,AT,01,54353,
Macclesfield,GB,ENG,54345,
Az̧ Z̧a‘āyin,QA,13,54339,Az Za‘ayin
Teramo,IT,01,54338,
Bahlā’,OM,01,54338,Bahla’
Sidhi,IN,35,54331,
Luojing,CN,23,54329,
Zehlendorf,DE,16,54328,
Krasnokamensk,RU,93,54316,
Guapimirim,BR,21,54300,
Spring,US,TX,54298,
Presidente Franco,PY,01,54292,
Allapattah,US,FL,54289,
Okaya,JP,26,54286,
Durbanville,ZA,11,54286,
Dullewala,PK,04,54277,
Kérou,BJ,08,54276,Kerou
Pir Jo Goth,PK,05,54266,
Hietzing,AT,09,54265,
Gravesend,GB,ENG,54263,
Zürich (Kreis 11),CH,ZH,54260,Zurich (Kreis 11)
Pemangkat,ID,11,54259,
Richland,US,WA,54248,
Eastleigh,GB,ENG,54225,
Zinacantepec,MX,15,54220,
Euless,US,TX,54219,
Sau Mau Ping,HK,KKT,54218,
Dhanmondi,BD,81,54210,
Kupchino,RU,66,54198,
Eldorado,AR,14,54189,
Kāsaragod,IN,13,54172,Kasaragod
Garhchiroli,IN,16,54152,
Blue Springs,US,MO,54148,
São Gonçalo do Amarante,BR,06,54143,Sao Goncalo do Amarante
Pakenham,AU,07,54118,
Cajicá,CO,33,54111,Cajica
Koumra,TD,19,54109,
East Pensacola Heights,US,FL,54104,
Kalamata,GR,ESYE25,54100,
As Sāḩil,EG,17,54094,As Sahil
Puttūr,IN,02,54092,Puttur
Diffa,NE,02,54082,
Jalor,IN,24,54081,
Nirgua,VE,22,54080,
Samāna,IN,23,54072,Samana
Bangassou,CF,08,54059,
Cerignola,IT,13,54056,
Aranjuez,ES,29,54055,
Rāzampeta,IN,02,54050,Razampeta
Wāri,IN,16,54048,Wari
Chilanga Township,ZM,09,54046,
Kwaggafontein,ZA,07,54040,
Shella,IN,18,54039,
Hacienda Heights,US,CA,54038,
Fangcun,CN,04,54035,
Palmaner,IN,02,54035,
Xihu,TW,04,54033,
Kavála,GR,ESYE11,54027,Kavala
Deolāli,IN,16,54027,Deolali
Lozova,UA,07,54026,
Nuevitas,CU,05,54022,
Suzaka,JP,26,54022,
Vannes,FR,53,54020,
Kanakapura,IN,19,54014,
Schweinfurt,DE,02,54012,
Ribeira do Pombal,BR,05,54010,
Wokha,IN,20,54010,
Altuf’yevskiy,RU,48,54000,
Ozone Park,US,NY,53985,
Neustadt an der Weinstraße,DE,08,53984,
Trani,IT,13,53981,
Sartrouville,FR,11,53980,
Druzhkivka,UA,05,53977,
Umred,IN,16,53971,
Şabbāshahr,IR,26,53971,Sabbashahr
Yongjian,CN,29,53970,
Bandar-e Torkaman,IR,37,53970,
Iwade,JP,43,53967,
Maisons-Alfort,FR,11,53964,
Kālna,IN,28,53964,Kalna
Huesca,ES,52,53956,
Xiazhuang,CN,29,53954,
Barbosa,CO,02,53943,
Timashyovsk,RU,38,53940,
Saint-Louis,RE,RE,53935,
Mingcun,CN,25,53926,
Severomorsk,RU,49,53921,
Pandamaran,MY,12,53916,
Phong Thạnh,VN,96,53912,Phong Thanh
Chaniá,GR,ESYE43,53910,Chania
Siena,IT,16,53901,
Mondlo,ZA,02,53892,
Domodedovo,RU,47,53887,
Chenārān,IR,42,53879,Chenaran
Briarwood,US,NY,53877,
Eger,HU,11,53876,
Pallichal,IN,13,53861,
Jacona de Plancarte,MX,16,53860,
Pīshvā,IR,26,53856,Pishva
Tāndoni,IN,25,53854,Tandoni
Pārvatipuram,IN,02,53844,Parvatipuram
Lingcheng,CN,04,53841,
Cathedral City,US,CA,53826,Cathedral
Meaux,FR,11,53811,
Lakewood,US,NJ,53805,
Kericho,KE,21,53804,
Portici,IT,04,53801,
Vyshniy Volochëk,RU,77,53800,Vyshniy Volochek
Kotharia,IN,09,53794,
Ottapalam,IN,13,53792,
Al Ibrāhīmīyah,EG,14,53791,Al Ibrahimiyah
Kurihama,JP,19,53782,
Elyria,US,OH,53775,
Mongo,TD,05,53768,
Pulheim,DE,07,53762,
Bỉm Sơn,VN,38,53754,Bim Son
Dīdwāna,IN,24,53749,Didwana
Jardines de la Silla,MX,19,53742,
Ostrołęka,PL,78,53740,Ostrołeka
Starachowice,PL,84,53739,
Markala,ML,05,53738,
Pensacola,US,FL,53724,
Wheaton,US,IL,53715,
Kintampo,GH,14,53711,
Mercedes,PH,05,53702,
Assi Bou Nif,DZ,09,53700,
Commerce City,US,CO,53696,Commerce
Santiago Teyahualco,MX,15,53684,
Begampur,IN,07,53682,
Charikar,AF,40,53676,
Arao,JP,21,53675,
Jinding,CN,29,53667,
Blois,FR,24,53660,
Smethwick,GB,ENG,53653,
Al Marāghah,EG,24,53643,Al Maraghah
Safaga,EG,02,53639,
Hoboken,US,NJ,53635,
Watsonville,US,CA,53628,
Kongoussi,BF,05,53627,
Gaddi Annaram,IN,40,53622,
Coatepec,MX,30,53621,
Dumraon,IN,34,53618,
Miyoshi,JP,11,53616,
Anapa,RU,38,53600,
El Kef,TN,14,53596,
Évora,PT,08,53591,Evora
Frýdek-Místek,CZ,85,53590,Frydek-Mistek
San Bartolomé de Tirajana,ES,53,53588,San Bartolome de Tirajana
Pamplona,CO,21,53587,
Nerupperichchal,IN,25,53579,
Ercolano,IT,04,53576,
Goshogawara,JP,03,53576,
Nihommatsu,JP,08,53557,
Lake Havasu City,US,AZ,53553,Lake Havasu
Qingxichang,CN,33,53552,
Papantla de Olarte,MX,30,53546,
Jaggaiahpet,IN,02,53530,
Hvidovre,DK,17,53527,
Jinhua,CN,29,53523,
Les Abymes,GP,GP,53514,
Buguruslan,RU,55,53511,
El Viejo,NI,03,53504,
Inada,JP,14,53502,
Menemen,TR,35,53489,
Woburn,CA,08,53485,
Extrema,BR,15,53482,
Braintree,GB,ENG,53477,
Ilo,PE,18,53476,
Buzhuang,CN,25,53474,
Rampur Hat,IN,28,53468,
Brive-la-Gaillarde,FR,75,53466,
Chystyakove,UA,05,53462,
Klinteby Frihed,DK,20,53443,
Avedøre,DK,17,53443,
Khanapuram Haveli,IN,40,53442,
Arles,FR,93,53431,
Goālpāra,IN,03,53430,Goalpara
Little Havana,US,FL,53430,
Tuni,IN,02,53425,
Shiquan,CN,26,53422,
Revere,US,MA,53422,
Yangtun,CN,04,53417,
Weymouth,GB,ENG,53416,
Porto Feliz,BR,27,53402,
Chortoq,UZ,06,53400,
Suphan Buri,TH,51,53399,
Beauvais,FR,32,53393,
Laxmangarh,IN,24,53392,
São Miguel dos Campos,BR,02,53391,Sao Miguel dos Campos
Río Tercero,AR,05,53389,Rio Tercero
Zhangfeng,CN,29,53370,
Sotsmisto,UA,05,53370,
Shāhpur,IN,19,53366,Shahpur
West New York,US,NJ,53366,
Itabirito,BR,15,53365,
Tutóia,BR,13,53356,Tutoia
Los Polvorines,AR,01,53354,
Voi,KE,47,53353,
Granja,BR,06,53344,
Bhongīr,IN,40,53339,Bhongir
Chaozhou,TW,04,53338,
Tōkamachi,JP,29,53333,Tokamachi
Kelenföld,HU,05,53332,Kelenfold
Puttūr,IN,19,53331,Puttur
Chaeryŏng-ŭp,KP,06,53330,Chaeryong-up
Yucaipa,US,CA,53328,
Ullagaram,IN,25,53322,
Châteauroux,FR,24,53301,Chateauroux
São Tomé,ST,02,53300,Sao Tome
Sri Dūngargarh,IN,24,53294,Sri Dungargarh
Kateríni,GR,ESYE12,53293,Katerini
Ayodhya,IN,36,53293,
Natitingou,BJ,08,53284,
Montesilvano,IT,01,53275,
Sampang,ID,08,53269,
Mubarakpur,IN,36,53263,
Pathum Wan,TH,40,53263,
Consolação,BR,27,53249,Consolacao
Taquara,BR,23,53242,
Ōami,JP,04,53239,Oami
Yousuo,CN,29,53233,
Amalāpuram,IN,02,53231,Amalapuram
Gilroy,US,CA,53231,
Tomé,CL,06,53219,Tome
Hell-Ville,MG,71,53219,
Arsikere,IN,19,53216,
Fryazevo,RU,47,53212,
Vallecas,ES,29,53208,
Phaltan,IN,16,53202,
Kabale,UG,W,53200,
Zhaozhuang,CN,04,53193,
Poinciana,US,FL,53193,
Ashta,IN,35,53184,
Sandīla,IN,36,53182,Sandila
Tingo María,PE,10,53177,Tingo Maria
Santa Isabel,BR,27,53174,
Silivri,TR,34,53167,
Cholet,FR,52,53160,
Novena,SG,02,53160,
Zawiercie,PL,83,53159,
Artur Nogueira,BR,27,53157,
Ar Rastan,SY,11,53152,
Sinan,KR,16,53150,
Bagheria,IT,15,53149,
Rondon do Pará,BR,16,53143,Rondon do Para
Vikārābād,IN,40,53143,Vikarabad
Naka,JP,14,53137,
Gummersbach,DE,07,53131,
Cava Dè Tirreni,IT,04,53130,Cava De Tirreni
Baruipur,IN,28,53128,
Rioverde,MX,24,53128,
Tanjungagung,ID,32,53117,
Beberibe,BR,06,53114,
Wat Tha Phra,TH,40,53111,
Oosterhout,NL,06,53107,
Gulariyā,NP,5,53107,Gulariya
Banes,CU,12,53104,
Miryang,KR,20,53103,
Fréjus,FR,93,53098,Frejus
Zaragoza,PH,03,53090,
Butterworth,ZA,05,53086,
University of Texas,US,TX,53082,
Al Sajaah,AE,06,53079,
Lahbab,AE,03,53079,
‘Izbat ‘Alī as Sayyid,EG,03,53079,‘Izbat ‘Ali as Sayyid
Nāyf,AE,03,53075,Nayf
Thái Bình,VN,33,53071,Thai Binh
Wilhelmsburg,DE,04,53064,
Hatogaya-honchō,JP,34,53062,Hatogaya-honcho
Ciudad de Huajuapan de León,MX,20,53043,Ciudad de Huajuapan de Leon
Mediaş,RO,33,53040,Medias
Khanzhonkivskyi,UA,05,53040,
Ben Jerrar,MA,09,53026,
Bartolomé Masó,CU,09,53024,Bartolome Maso
Bitlis,TR,13,53023,
Kingsport,US,TN,53014,
Swakopmund,NA,29,53009,
Svyatoshyn,UA,12,53000,
Choudwar,IN,21,52999,
Tangzhang,CN,04,52985,
Levittown,US,PA,52983,
Alexandroupoli,GR,ESYE11,52979,
Aversa,IT,04,52974,
Piedade,BR,27,52970,
Shāhābād,IN,19,52952,Shahabad
Waiblingen,DE,01,52945,
Nueva Guinea,NI,18,52929,
Palm Beach Gardens,US,FL,52923,
Pantin,FR,11,52922,
Velletri,IT,07,52911,
Tha Maka,TH,50,52907,
São Miguel do Guamá,BR,16,52894,Sao Miguel do Guama
Xinguara,BR,16,52893,
Sultānganj,IN,34,52892,Sultanganj
Congonhas,BR,15,52890,
Enerhodar,UA,26,52887,
Patuto,PH,40,52883,
Mandi Dabwāli,IN,10,52873,Mandi Dabwali
Tân Uyên,VN,79,52873,Tan Uyen
Buseresere,TZ,28,52870,
Lingwu,CN,21,52863,
Lyon 06,FR,84,52862,
Taoyuan,CN,04,52861,
'Alī Ābād-e Katūl,IR,37,52838,'Ali Abad-e Katul
Imara Daima Estate,KE,05,52837,
Verviers,BE,WAL,52824,
Bordj el Bahri,DZ,01,52816,
San José del Guaviare,CO,14,52815,San Jose del Guaviare
Delmiro Gouveia,BR,02,52809,
Nordhorn,DE,06,52803,
Cocorote,VE,22,52803,
Āgaro,ET,51,52800,Agaro
Port Shepstone,ZA,02,52793,
Adilcevaz,TR,13,52781,
Trichardt,ZA,07,52776,
Saint-Brieuc,FR,53,52774,
Konch,IN,36,52773,
Yokkaichi,JP,30,52771,
São Francisco,BR,15,52762,Sao Francisco
Milford,US,CT,52759,
Beisu,CN,10,52752,
Bandar-e Genāveh,IR,22,52750,Bandar-e Genaveh
Cửa Nam,VN,01,52750,Cua Nam
Bāprola,IN,07,52744,Baprola
Kota Tinggi,MY,01,52743,
Mariendorf,DE,16,52734,
Delano,US,CA,52733,
Colcapirhua,BO,02,52732,
Universitäts- und Hansestadt Greifswald,DE,12,52731,Universitats- und Hansestadt Greifswald
West Sacramento,US,CA,52721,
Wulingyuan,CN,11,52712,
Malingshan,CN,04,52711,
Yartsevo,RU,69,52706,
Huntersville,US,NC,52704,
Pabbi,PK,03,52701,
Krasnokamsk,RU,90,52689,
Venkatagiri,IN,02,52688,
Ergani,TR,21,52684,
Perth Amboy,US,NJ,52682,
Río Grande,AR,23,52681,Rio Grande
Cuxhaven,DE,06,52677,
Sherman Oaks,US,CA,52677,
São Francisco do Sul,BR,26,52674,Sao Francisco do Sul
Ridder,KZ,15,52664,
Shiogama,JP,24,52662,
Hualong,CN,25,52660,
Wetzlar,DE,05,52656,
Porto Ferreira,BR,27,52649,
Bau,MY,11,52643,
Palapye,BW,01,52636,
Boadilla del Monte,ES,29,52626,
Ålesund,NO,08,52626,Alesund
Kahnūj,IR,29,52624,Kahnuj
Utrera,ES,51,52617,
Dianbu,CN,25,52613,
Ţūkh,EG,12,52593,Tukh
Zabīd,YE,08,52590,Zabid
Southaven,US,MS,52589,
Vila Guilherme,BR,27,52587,
Brentwood,GB,ENG,52586,
Niono,ML,05,52584,
Imbituba,BR,26,52579,
Dabhel,IN,52,52578,
Amora,PT,19,52577,
Saint Peters,US,MO,52575,
Daxing,CN,29,52568,
Terbanggi Besar,ID,15,52566,
Maiquetía,VE,26,52564,Maiquetia
Puji,CN,25,52563,
Downtown DC,US,DC,52560,
Caucagüito,VE,15,52556,Caucaguito
Pryluky,UA,02,52553,
Lalian,PK,04,52542,
Harrisonburg,US,VA,52538,
Corroios,PT,19,52520,
Biswān,IN,36,52516,Biswan
Peabody,US,MA,52504,
Lautoka,FJ,05,52500,
Thongwa,MM,17,52496,
Qabula,PK,04,52495,
Placentia,US,CA,52495,
Jaén,PE,06,52493,Jaen
Siruguppa,IN,19,52492,
Kosi,IN,36,52492,
Jette,BE,BRU,52490,
Lenexa,US,KS,52490,
DeSoto,US,TX,52486,
Mollet del Vallès,ES,56,52484,Mollet del Valles
Pursat,KH,12,52476,
Pir Mahal,PK,04,52476,
Ciudad Bolivia,VE,05,52476,
Burlington,US,NC,52472,
Sironj,IN,35,52460,
Nametil,MZ,06,52457,
Menden,DE,07,52452,
Montauban,FR,76,52434,
Tomiya,JP,24,52433,
South Hill,US,WA,52431,
Kyaiklat,MM,03,52425,
Tarhuna,LY,82,52420,
Charleville-Mézières,FR,44,52415,Charleville-Mezieres
Albi,FR,76,52409,
Campos do Jordão,BR,27,52405,Campos do Jordao
Al ‘Azīzīyah,LY,81,52404,Al ‘Aziziyah
Xingqiao,CN,02,52400,
Jangaon,IN,40,52394,
Esher,GB,ENG,52392,
Ivato,MG,11,52376,
Mithi,PK,05,52376,
Daudnagar,IN,34,52364,
Zalău,RO,31,52359,Zalau
Metrotown,CA,02,52355,
Hannan,JP,32,52350,
Elkhart,US,IN,52348,
Bergkamen,DE,07,52329,
Kamifukuoka,JP,34,52323,
Frechen,DE,07,52309,
Óbidos,BR,16,52306,Obidos
La Crosse,US,WI,52306,
Chagni,ET,28,52300,
Eilat,IL,01,52299,
Dandeli,IN,19,52295,
Ramapuram,IN,25,52295,
Welland,CA,08,52293,
Plottier,AR,15,52291,
Oak Park,US,IL,52287,
Mansoûra,DZ,15,52285,Mansoura
Ponticelli,IT,04,52284,
Noshiro,JP,02,52283,
Campo Belo,BR,15,52277,
Songlingcun,CN,10,52277,
Santo Estêvão,BR,05,52276,Santo Estevao
Tengréla,CI,87,52271,Tengrela
Florissant,US,MO,52268,
Hruzkyi,UA,05,52265,
Taquaritinga,BR,27,52260,
Kalamansig,PH,12,52257,
Fryazino,RU,47,52255,
Sammamish,US,WA,52253,
Yunshan,CN,25,52249,
Maluñgun,PH,12,52248,Malungun
Kakata,LR,17,52247,
Kobryn,BY,01,52235,
Matamoros,MX,07,52233,
Hervey Bay,AU,04,52230,
Cangandala,AO,12,52220,
Pula,HR,04,52220,
Dapeng,CN,04,52219,
Victoria,PH,41,52215,
Sanzhuang,CN,25,52214,
Shiraoka,JP,34,52214,
Zarinsk,RU,04,52209,
São José do Rio Pardo,BR,27,52205,Sao Jose do Rio Pardo
Inhumas,BR,29,52204,
Wakefield,US,NY,52201,
Sé,MO,,52200,Se
Matilda Estate,SG,00,52200,
Tres Arroyos,AR,01,52199,
Mudhol,IN,19,52199,
Ban Talat Yai,TH,62,52192,
Erbaa,TR,60,52185,
Tavşanlı,TR,43,52182,Tavsanlı
Arandas,MX,14,52175,
Albany,US,OR,52175,
Zhawa,CN,13,52165,
Sandwīp,BD,84,52152,Sandwip
Antratsyt,UA,14,52150,
Jitai,CN,25,52144,
Ban Lak Song,TH,40,52144,
Hoffman Estates,US,IL,52138,
Nyagan,RU,32,52137,
Sar-e Pul,AF,33,52121,
Lichtenrade,DE,16,52110,
Ad Darwa,MA,06,52108,
Tarbes,FR,76,52106,
Dobo,ID,28,52104,
Davtashen,AM,11,52100,
Albany Park,US,IL,52079,
Fontenay-sous-Bois,FR,11,52075,
Kimry,RU,77,52070,
Mouscron,BE,WAL,52069,
Ar Riqqah,KW,04,52068,
Ta Khmau,KH,07,52066,
Zizhuang,CN,04,52063,
Parobé,BR,23,52058,Parobe
Liangji,CN,04,52048,
Chake Chake,TZ,20,52047,
Thodupuzha,IN,13,52045,
Methuen,US,MA,52044,
Kirumba,CD,11,52041,
Pinar del Rey,ES,29,52031,
Thomazeau,HT,11,52017,
Kariya,JP,13,52015,
Caetité,BR,05,52012,Caetite
Glendora,US,CA,52009,
Lamía,GR,ESYE24,52006,Lamia
Sātkania,BD,84,52005,Satkania
Jūrmala,LV,13,52001,Jurmala
Levoberezhnyy,RU,48,52000,
Wilmington,US,CA,52000,
Mokolo,CM,12,51999,
Huamantla,MX,29,51996,
Ānwén,CN,02,51994,Anwen
Izumi,JP,18,51994,
Lyon 09,FR,84,51983,
Al Aaroui,MA,02,51976,
Dunstable,GB,ENG,51973,
Ciudad Piar,VE,06,51967,
Port Macquarie,AU,02,51965,
University Heights,CA,11,51957,
Nioro,ML,03,51933,
Kepanjen,ID,08,51919,
San Severo,IT,13,51919,
Queens Village,US,NY,51919,
Dashahe,CN,04,51916,
Roskilde,DK,20,51916,
Gjilan,XK,10097357,51912,
Usulután,SV,14,51910,Usulutan
Brookhaven,US,GA,51910,
Évry,FR,11,51900,Evry
Thị Trấn Phước Bửu,VN,79,51895,Thi Tran Phuoc Buu
Duzhou,CN,33,51888,
Corralillo,CU,16,51881,
Levittown,US,NY,51881,
Meybod,IR,40,51874,
Secondigliano,IT,04,51874,
Sa'dah,YE,15,51870,
Palm Desert,US,CA,51869,
Zhongxin,CN,29,51866,
Devakottai,IN,25,51865,
Bad Homburg vor der Höhe,DE,05,51859,Bad Homburg vor der Hohe
Porvoo,FI,01,51853,
Arwal,IN,34,51849,
Louveira,BR,27,51847,
Willich,DE,07,51843,
Puertollano,ES,54,51842,
Ostuncalco,GT,13,51828,
Weimiao,CN,04,51820,
Joplin,US,MO,51818,
Blora,ID,07,51811,
Boundiali,CI,87,51803,
Mahdia,TN,15,51803,
Orhangazi,TR,16,51792,
Coruripe,BR,02,51788,
Baljurashi,SA,02,51787,
Enid,US,OK,51776,
Calvià,ES,07,51774,Calvia
Tiu Keng Leng,HK,KKT,51751,
Qishan,CN,04,51750,
Lower Sackville,CA,07,51749,
Kāliyāganj,IN,28,51748,Kaliyaganj
Nasīrābād,IN,24,51747,Nasirabad
Mampong,GH,02,51745,
Léo,BF,06,51743,Leo
Būlāq Abū al ‘Ilā,EG,11,51741,Bulaq Abu al ‘Ila
Saint John’s,AG,04,51737,
Bom Despacho,BR,15,51737,
Ijebu-Jesa,NG,42,51730,
Wanguru,KE,24,51722,
Vidnoye,RU,47,51721,
Qoryooley,SO,14,51720,
Morumbi,BR,27,51715,
Bonita Springs,US,FL,51704,
São Lourenço,CN,30,51700,Sao Lourenco
Kasba Tadla,MA,05,51697,
Irondequoit,US,NY,51692,
Zepu,CN,13,51691,
Yeonggwang,KR,16,51688,
Caldwell,US,ID,51686,
Segovia,ES,55,51683,
Minnetonka,US,MN,51669,
En Nedjma,DZ,09,51665,
Mikkeli,FI,10,51661,
Bitonto,IT,13,51661,
Liuquan,CN,04,51657,
Futtsu,JP,04,51650,
Morecambe,GB,ENG,51644,
Baião,BR,16,51641,Baiao
Pedregal,PA,08,51641,
Sagrada Família,ES,56,51623,Sagrada Familia
Shahr-e Bābak,IR,29,51620,Shahr-e Babak
Pinellas Park,US,FL,51617,
Tagawa,JP,07,51608,
Xanxerê,BR,26,51607,Xanxere
Ibiporã,BR,18,51603,Ibipora
Tijucas,BR,26,51592,
Battle Creek,US,MI,51589,
Maha Sarakham,TH,24,51584,
Khagaul,IN,34,51577,
Yeongam,KR,16,51573,
Redhill,GB,ENG,51559,
Barinitas,VE,05,51556,
Tachilek,MM,11,51553,
Takāb,IR,01,51541,Takab
Mazara del Vallo,IT,15,51534,
Renfrew-Collingwood,CA,02,51530,
Emden,DE,06,51526,
Welwyn Garden City,GB,ENG,51505,Welwyn Garden
Cardona,PH,40,51493,
Sado,JP,29,51492,
Arganda,ES,29,51489,
Miura,JP,19,51483,
Agustín Codazzi,CO,10,51478,Agustin Codazzi
Zhefang,CN,29,51477,
Horsham,GB,ENG,51472,
Casa Grande,US,AZ,51460,
Ksar Chellala,DZ,13,51451,
South Shore,US,IL,51451,
Mott Haven,US,NY,51450,
Viana,BR,13,51442,
The Villages,US,FL,51442,
Grand Island,US,NE,51440,
Sūsangerd,IR,15,51431,Susangerd
Changanācheri,IN,13,51430,Changanacheri
Haabersti,EE,01,51423,
Acre,IL,03,51420,
Đố Sơn,VN,31,51417,Đo Son
Sanhui,CN,33,51413,
Lagoa da Prata,BR,15,51412,
Jendouba,TN,06,51408,
Grapevine,US,TX,51404,
Währing,AT,09,51402,Wahring
Clamart,FR,11,51400,
Tŭytepa,UZ,14,51400,Tuytepa
Shorāpur,IN,19,51398,Shorapur
Neu-Ulm,DE,02,51389,
Bol,TD,07,51389,
Stratford,US,CT,51384,
Uriangato,MX,11,51382,
Quíbor,VE,13,51377,Quibor
Māndvi,IN,09,51376,Mandvi
El Nido,PH,41,51367,
Rajgangpur,IN,21,51362,
Patiya,BD,84,51360,
Kentwood,US,MI,51357,
Kangāvar,IR,13,51352,Kangavar
Morrinhos,BR,29,51351,
Tarma,PE,12,51350,
Nkowakowa,ZA,09,51350,
Chautārā,NP,3,51347,Chautara
Gopālganj,BD,81,51346,Gopalganj
Tulun,RU,20,51330,
Lingen,DE,06,51310,
Samfya,ZM,04,51309,
Sapé,BR,17,51306,Sape
Marseille 10,FR,93,51299,
Venice,IT,20,51298,
Ozar,IN,16,51297,
Coronel Oviedo,PY,04,51286,
Balţīm,EG,21,51280,Baltim
Barreiro,PT,19,51280,
Peranāmpattu,IN,25,51271,Peranampattu
City of Milford (balance),US,CT,51271,
Las Águilas,ES,29,51268,Las Aguilas
Dianzi,CN,25,51267,
Gumlā,IN,38,51264,Gumla
Châlons-en-Champagne,FR,44,51257,Chalons-en-Champagne
Teoloyucan,MX,15,51255,
Tigard,US,OR,51253,
East Hartford,US,CT,51252,
Rāmnagar,IN,39,51244,Ramnagar
Vazhakkala,IN,13,51242,
Nichinan,JP,25,51241,
Dartford,GB,ENG,51240,
Siocon,PH,09,51239,
Lakewood,CA,11,51237,
Phra Nakhon,TH,40,51231,
Kabbasin,SY,09,51230,
Shujālpur,IN,35,51225,Shujalpur
Apple Valley,US,MN,51221,
Plainfield,US,NJ,51217,
Susono,JP,37,51216,
Qulsary,KZ,06,51216,
Leesburg,US,VA,51209,
Erftstadt,DE,07,51207,
Aïn Oulmene,DZ,12,51207,Ain Oulmene
Bejaâd,MA,05,51206,Bejaad
Kapchorwa,UG,E,51200,
Tirumangalam,IN,25,51194,
Krujë,AL,42,51191,Kruje
Bargny Guèdj,SN,01,51188,Bargny Guedj
Bargny Ngoude,SN,01,51188,
Panlong,CN,33,51177,
Tremembé,BR,27,51173,Tremembe
Sidlaghatta,IN,19,51159,
Fuchū,JP,11,51155,Fuchu
El Bagre,CO,02,51150,
Miyako,JP,16,51150,
Leopoldina,BR,15,51145,
Parsippany,US,NJ,51144,
Martin,SK,08,51139,
Musina,ZA,09,51132,
Coral Gables,US,FL,51117,
Gangshang,CN,04,51114,
Neubrück,DE,07,51109,Neubruck
Khurai,IN,35,51108,
Brejo da Madre de Deus,BR,30,51107,
Kayna,CD,11,51103,
Reservoir,AU,07,51096,
Barra,BR,05,51092,
Comal,ID,07,51092,
Brejo Santo,BR,06,51090,
Seydişehir,TR,71,51089,Seydisehir
Guanshan,CN,04,51086,
Ivanteyevka,RU,47,51085,
Puerto Berrío,CO,02,51079,Puerto Berrio
The Trails of Frisco,US,TX,51059,
Hilsa,IN,34,51052,
Sidi Taibi,MA,04,51050,
Staines,GB,ENG,51040,
Hikari,JP,45,51040,
Datong,CN,33,51025,
Khalkhāl,IR,32,51024,Khalkhal
Rampura Phul,IN,23,51023,
Kot Mumin,PK,04,51021,
Tadmur,SY,11,51015,
Pom Prap Sattru Phai,TH,40,51006,
The Hammocks,US,FL,51003,
Jesús Menéndez,CU,13,51002,Jesus Menendez
Ţarīf Kalbā,AE,04,51000,Tarif Kalba
Bunawan,PH,13,50999,
Ubauro,PK,05,50981,
Gostivar,MK,D4,50974,
Fatwa,IN,34,50961,
Gombong,ID,07,50950,
Tūndla,IN,36,50939,Tundla
Acayucan,MX,30,50934,
Żoliborz,PL,78,50934,Zoliborz
Az̧ Z̧ulayl,JO,17,50931,Az Zulayl
la Vila de Gràcia,ES,56,50928,la Vila de Gracia
Birkat as Sab‘,EG,09,50924,
Royal Leamington Spa,GB,ENG,50923,
Mannārakkāt,IN,13,50921,Mannarakkat
Shuijiang,CN,33,50918,
Teplice,CZ,89,50912,
Guaxupé,BR,15,50911,Guaxupe
Tobias Barreto,BR,28,50905,
Metpalle,IN,40,50902,
Whangarei,NZ,F6,50900,
Kosonsoy,UZ,06,50900,
Gurlan,UZ,05,50900,
Cimitarra,CO,26,50892,
Juruti,BR,16,50881,
Babīlā,SY,08,50880,Babila
Hà Đông,VN,01,50877,Ha Đong
Buckeye,US,AZ,50876,
Naya Gaon,IN,23,50869,
Repalle,IN,02,50866,
Hunsūr,IN,19,50865,Hunsur
Kyōtango,JP,22,50860,Kyotango
Vittoria,IT,15,50852,
Donetsk,RU,61,50850,
Tocumen,PA,08,50844,
Flagami,US,FL,50834,
Vigia,BR,16,50832,
Phra Nakhon Si Ayutthaya,TH,36,50830,
Guanzhuang,CN,25,50826,
Barranqueras,AR,03,50823,
Catalina Foothills,US,AZ,50796,
Boende,CD,31,50794,
Salo,FI,02,50794,
Legionowo,PL,78,50786,
Yerba Buena,AR,24,50783,
Narbonne,FR,76,50776,
Lahr,DE,01,50775,
Padang Serai,MY,02,50757,
Fuchūchō,JP,11,50746,Fuchucho
Chinú,CO,12,50743,Chinu
Belleville,CA,08,50716,
Gelendzhik,RU,38,50715,
Hinckley,GB,ENG,50712,
Yasu,JP,35,50695,
Aspern,AT,09,50687,
Rajanpur,PK,04,50682,
Mao,TD,06,50681,
Manaung,MM,01,50680,
Saint-Malo,FR,53,50676,
Sidikalang,ID,26,50671,
Oshnavīyeh,IR,01,50661,Oshnaviyeh
Merzifon,TR,05,50658,
Phetchabun,TH,14,50656,
Lakewood,US,OH,50656,
Adenta,GH,01,50652,
Al Ḩusaynīyah,EG,14,50651,Al Husayniyah
Yūki,JP,14,50645,Yuki
Lytkarino,RU,47,50619,
Shanji,CN,04,50617,
Sangkapura,ID,08,50612,
Suhum,GH,05,50610,
Saint Croix,VI,010,50601,
Nanjangūd,IN,19,50598,Nanjangud
Lhünzhub,CN,14,50596,Lhunzhub
Skien,NO,17,50595,
Ōi,JP,34,50593,Oi
Jaru,BR,24,50591,
Ibbenbueren,DE,07,50577,
Vila-real,ES,60,50577,
Tolga,DZ,19,50575,
Kingisepp,RU,42,50566,
Herning,DK,18,50565,
Kizlyar,RU,17,50564,
Passau,DE,02,50560,
Abovyan,AM,05,50556,
Pèlèngana,ML,05,50552,Pelengana
El Negrito,HN,18,50550,
Clacton-on-Sea,GB,ENG,50548,
Gronau,DE,07,50547,
Kawalu,ID,30,50541,
Zhob,PK,02,50537,
Cumbernauld,GB,SCT,50530,
Khorramdarreh,IR,36,50528,
Turbo,CO,02,50508,
Kavaklı,TR,34,50502,
Pivdenna Borshchahivka,UA,12,50500,
Deçan,XK,10096859,50500,Decan
Budapest XXII. kerület,HU,05,50499,Budapest XXII. kerulet
Laval,FR,52,50489,
Hyères,FR,93,50487,Hyeres
Kyaukse,MM,08,50480,
Amahai,ID,28,50478,
Forbesganj,IN,34,50475,
Cần Đước,VN,80,50473,Can Đuoc
North La Crosse,US,WI,50470,
Burien,US,WA,50467,
Nithari,IN,07,50464,
Ambatondrazaka,MG,33,50463,
Tarnobrzeg,PL,80,50459,
Çarşamba,TR,55,50459,Carsamba
Naviraí,BR,11,50457,Navirai
Tafo,GH,02,50457,
Tūyserkān,IR,09,50455,Tuyserkan
Hanyuan,CN,26,50440,
Langenhagen,DE,06,50439,
Gallarate,IT,09,50439,
Willowdale East,CA,08,50434,
Havertown,US,PA,50430,
Vargem Grande Paulista,BR,27,50415,
Boa Viagem,BR,06,50411,
Arjona,CO,35,50405,
San Mateo,VE,04,50401,
Bindura,ZW,03,50400,
Schwerte,DE,07,50399,
Taxco de Alarcón,MX,12,50399,Taxco de Alarcon
Matli,PK,05,50398,
North Bay,CA,08,50396,
Tubod,PH,10,50395,
Sunabeda,IN,21,50394,
Gajraula,IN,36,50380,
Yanghe,CN,25,50371,
Logan,US,UT,50371,
Kirkcaldy,GB,SCT,50370,
Khagrachhari,BD,84,50364,
Barriera di Milano,IT,12,50354,
Ness Ziona,IL,02,50351,
Ma'an,JO,19,50350,
Speyer,DE,08,50343,
Saint-Hyacinthe,CA,10,50326,
Mochudi,BW,05,50321,
Jahanian,PK,04,50318,
Modimolle,ZA,09,50306,
Torbalı,TR,35,50303,
Vīrapāndi,IN,25,50301,Virapandi
Sek’ot’a,ET,46,50300,
Nanao,JP,15,50300,
Berwick,AU,07,50298,
South Peabody,US,MA,50293,
Dāhānu,IN,16,50287,Dahanu
Rovigo,IT,20,50279,
Asakura,JP,07,50273,
Midori,JP,10,50266,
Rasipuram,IN,25,50244,
Al Khābūrah,OM,11,50223,Al Khaburah
Saint-Gilles,BE,BRU,50221,
La Calera,CL,01,50221,
Ventas,ES,29,50218,
Sālūr,IN,02,50206,Salur
Chusovoy,RU,90,50205,
Anju,KP,15,50196,
Aliso Viejo,US,CA,50195,
Bletchley,GB,ENG,50193,
Villa Francisca,DO,34,50185,
Harrisburg,US,PA,50183,
Galveston,US,TX,50180,
Bhabhua,IN,34,50179,
Yeovil,GB,ENG,50176,
Keighley,GB,ENG,50171,
Mui Ne,VN,68,50166,
Mellit,SD,55,50165,
Kasaoka,JP,31,50160,
Kotka,FI,08,50157,
Poway,US,CA,50157,
Hodal,IN,10,50143,
Edina,US,MN,50138,
Monapo,MZ,06,50134,
Otradnyy,RU,65,50127,
Minnetonka Mills,US,MN,50117,
Balayan,PH,40,50115,
Déressia,TD,14,50113,Deressia
Katanawa,JP,07,50112,
Zacapu,MX,16,50112,
Jihlava,CZ,80,50108,
Fungurume,CD,22,50100,
Bhadrāchalam,IN,40,50087,Bhadrachalam
Snezhinsk,RU,13,50086,
Dunaújváros,HU,08,50084,Dunaujvaros
Nanjian,CN,29,50083,
Uiju,KP,11,50081,
Sfântu Gheorghe,RO,15,50080,Sfantu Gheorghe
Pijijiapan,MX,05,50079,
Moyobamba,PE,22,50073,
Alt-Hohenschönhausen,DE,16,50070,Alt-Hohenschonhausen
Capivari,BR,27,50068,
Heidenheim an der Brenz,DE,01,50067,
Tateyama,JP,04,50064,
Jatiroto,ID,07,50059,
Kibaigwa,TZ,03,50054,
Chodov,CZ,52,50043,
Dogondoutchi,NE,03,50037,
Campo Novo do Parecis,BR,14,50033,
Werribee,AU,07,50027,
Mairinque,BR,27,50027,
Naxi,CN,32,50020,
Zhenxi,CN,33,50017,
Bījār,IR,16,50014,Bijar
Aonla,IN,36,50011,
Ali Sabih,DJ,01,50006,
Tirupparangunram,IN,25,50004,
Andulo,AO,02,50000,
Treptow,DE,16,50000,
Samara,ET,45,50000,
LOHAS Park,HK,NSK,50000,
Al-Hamdaniya,IQ,15,50000,
Barriera di Lanzo,IT,12,50000,
Arashiyama,JP,22,50000,
Aarsâl,LB,11,50000,Aarsal
Ghazieh,LB,06,50000,
Hpa-An,MM,05,50000,
Polanco,MX,09,50000,
Putrajaya,MY,17,50000,
Sri Petaling,MY,14,50000,
Taman Melati,MY,14,50000,
Kuchai Lama,MY,14,50000,
Tipitapa,NI,10,50000,
Juigalpa,NI,04,50000,
Ciudad Sandino,NI,10,50000,
Rawalakot,PK,06,50000,
Buni,PK,03,50000,
Monsanto,PT,18,50000,
Novovladykino,RU,48,50000,
Vatutino,RU,48,50000,
Vagonoremont,RU,48,50000,
Semënovskoye,RU,47,50000,Semenovskoye
Novokuz’minki,RU,48,50000,
Novokhovrino,RU,48,50000,
Nikol’skoye,RU,48,50000,
Likhobory,RU,48,50000,
Kozhukhovo,RU,48,50000,
Kozeyevo,RU,48,50000,
Akademgorodok,RU,53,50000,
Metrogorodok,RU,48,50000,
Untolovo,RU,42,50000,
‘Ayn al ‘Arab,SY,09,50000,
Ko Samui,TH,60,50000,
Merter Keresteciler,TR,34,50000,
Güngören Merter,TR,34,50000,Gungoren Merter
Utengule,TZ,09,50000,
Tukuyu,TZ,09,50000,
Masumbwe,TZ,28,50000,
Merelani,TZ,26,50000,
Bosse,UA,05,50000,
Stonecrest,US,GA,50000,
Vinhomes Smart City,VN,01,50000,Vinhomes Smart
Vinhomes Times City,VN,01,50000,Vinhomes Times
Tabas,IR,40,49993,
Chatrā,IN,38,49985,Chatra
Khagaria,IN,34,49982,
Cabiao,PH,03,49980,
Cerritos,US,CA,49975,
Dhāmpur,IN,36,49973,Dhampur
Rio Tinto,PT,17,49966,
Peine,DE,06,49953,
Yongxin,CN,33,49951,
Chahār Dangeh,IR,26,49950,Chahar Dangeh
Sayanogorsk,RU,31,49939,
Tarkwa,GH,09,49937,
Redford,US,MI,49936,
Marano di Napoli,IT,04,49920,
Phalodi,IN,24,49914,
San Luis de la Paz,MX,11,49914,
East Honolulu,US,HI,49914,
Doetinchem,NL,03,49906,
Troy,US,NY,49906,
Gangākher,IN,16,49891,Gangakher
Kanash,RU,16,49886,
Pordenone,IT,06,49878,
Nettuno,IT,07,49873,
Tsukubamirai,JP,14,49872,
Kabba,NG,41,49869,
Monchegorsk,RU,49,49868,
Niksar,TR,60,49865,
Whitchurch-Stouffville,CA,08,49864,
Sardhana,IN,36,49857,
Horishni Plavni,UA,18,49854,
Zaranj,AF,19,49851,
Neunkirchen,DE,09,49843,
Falāvarjān,IR,28,49843,Falavarjan
Nohar,IN,24,49835,
Kameyama,JP,23,49835,
Sunnyside,US,NY,49833,
Yeola,IN,16,49826,
Östersund,SE,07,49806,Ostersund
Mbuguni,TZ,26,49801,
Zaječar,RS,SE,49800,Zajecar
Kerkrade,NL,05,49777,
Changdian,CN,04,49772,
Novovolynsk,UA,24,49772,
Bhaisa,IN,40,49764,
Puławy,PL,75,49759,
Lincoln,US,CA,49757,
Itupiranga,BR,16,49754,
Silkeborg,DK,18,49747,
Chachoengsao,TH,44,49741,
Chilmāri,BD,87,49736,Chilmari
Ryōgoku,JP,04,49735,Ryogoku
Wharton,US,PA,49732,
Whitman,US,PA,49732,
Downers Grove,US,IL,49732,
Ibiza,ES,07,49727,
Perintalmanna,IN,13,49723,
Letlhabile,ZA,10,49718,
Lingotto,IT,12,49705,
Rwamwanja Refugee Camp,UG,W,49700,
Azusa,US,CA,49690,
Canguçu,BR,23,49680,Cangucu
Altrincham,GB,ENG,49680,
Keskin,TR,79,49679,
Labuhan Deli,ID,26,49668,
Moss,NO,13,49668,
Lyon 05,FR,84,49664,
Hadali,PK,04,49663,
Jugsālai,IN,38,49660,Jugsalai
Xinglou,CN,04,49653,
Perambalur,IN,25,49648,
Takashimadaira,JP,40,49646,
Wilson,US,NC,49643,
Carmen de Viboral,CO,02,49642,
Irákleio,GR,ESYE31,49642,Irakleio
Qaşr al Qarabūllī,LY,77,49610,Qasr al Qarabulli
Lydenburg,ZA,07,49605,
Maych’ew,ET,53,49600,
Carcassonne,FR,76,49600,
Habaswein,KE,54,49599,
Monroe,US,LA,49598,
Bridgend,GB,WLS,49597,
Ogawa,JP,01,49596,
Llanelli,GB,WLS,49591,
Morong,PH,40,49589,
Willenhall,GB,ENG,49587,
Huancavelica,PE,09,49570,
Vratsa,BG,64,49569,
Parker,US,CO,49550,
Badūria,IN,28,49547,Baduria
Mihe,CN,25,49545,
Gudalur,IN,25,49535,
Kizhake Chālakudi,IN,13,49525,Kizhake Chalakudi
Wodzisław Śląski,PL,83,49521,Wodzisław Slaski
La Mirada,US,CA,49520,
Bad Oeynhausen,DE,07,49513,
Maizhokunggar,CN,14,49511,
Karapınar,TR,71,49509,
Narkatiāganj,IN,34,49507,Narkatiaganj
Apizaco,MX,29,49506,
Hrazdan,AM,05,49500,
Ch’iko,ET,SI,49500,
Mpigi,UG,C,49500,
Īstgāh-e Rāh Āhan-e Garmsār,IR,25,49491,Istgah-e Rah Ahan-e Garmsar
Leonberg,DE,01,49480,
Mankweng,ZA,09,49480,
Peddāpuram,IN,02,49477,Peddapuram
Acireale,IT,15,49477,
Angoulême,FR,75,49468,Angouleme
Mumbwa,ZM,02,49461,
Kikuchi,JP,21,49455,
Majalgaon,IN,16,49453,
Daund,IN,16,49450,
Minot,US,ND,49450,
São Bento do Una,BR,30,49449,Sao Bento do Una
Bonoua,CI,94,49434,
Nageswari,BD,87,49425,
Aloha,US,OR,49425,
Batouri,CM,04,49422,
Ficksburg,ZA,03,49420,
Shuanghe,CN,33,49411,
Uzgen,KG,08,49410,
Skarżysko-Kamienna,PL,84,49410,Skarzysko-Kamienna
Jobabo,CU,13,49403,
Mut,TR,32,49397,
Prudentópolis,BR,18,49393,Prudentopolis
Guangshun,CN,33,49388,
La Estrella,CO,02,49386,
Satka,RU,13,49384,
Lusambo,CD,27,49376,
Frenda,DZ,13,49376,
Cha-am,TH,56,49375,
Koupéla,BF,04,49372,Koupela
An Nabk,SY,08,49372,
Gabú,GW,10,49371,Gabu
Wolmaransstad,ZA,10,49366,
Gaoliang,CN,33,49357,
Sorokyne,UA,14,49352,
Saginaw,US,MI,49347,
Bedford,US,TX,49337,
Rancho Santa Margarita,US,CA,49324,
Sillanwali,PK,04,49311,
Ruzayevka,RU,46,49311,
Kapadvanj,IN,09,49308,
Leidsche Rijn,NL,09,49307,
Edenvale,ZA,06,49292,
Cypress,US,CA,49290,
Grangwav,HT,11,49288,
Dornbirn,AT,08,49278,
Libertador General San Martín,AR,10,49267,Libertador General San Martin
eSikhaleni,ZA,02,49265,
Dongcheng,CN,31,49252,
Murray,US,UT,49250,
Ouangolodougou,CI,87,49248,
Jinjiang,CN,03,49245,
Hof,DE,02,49239,
Kensington-Cedar Cottage,CA,02,49235,
Pobé,BJ,17,49232,Pobe
Annecy,FR,84,49232,
Campobasso,IT,11,49230,
Lashibi,GH,01,49223,
Gao’an,CN,33,49218,
Salekhard,RU,87,49214,
Bentong Town,MY,06,49213,
Kotputli,IN,24,49202,
Whanganui,NZ,F3,49200,
Qayroqqum,TJ,03,49200,
Liloan,PH,07,49198,
Alytus,LT,56,49195,
Emiliano Zapata,MX,17,49193,
Dyāne,IN,16,49192,Dyane
Villarrica,CL,04,49184,
Bail-Hongal,IN,19,49182,
Copacabana,CO,02,49169,
Paghmān,AF,13,49157,Paghman
Teluk Panglima Garang,MY,12,49155,
Buenavista,ES,29,49151,
Cuyahoga Falls,US,OH,49146,
Rehnān,IR,28,49143,Rehnan
Coeur d'Alene,US,ID,49122,
Bloomfield,US,NJ,49120,
Gampengrejo,ID,08,49118,
Hacienda La Calera,CL,01,49106,
Luwero,UG,C,49100,
Biaora,IN,35,49093,
Poprad,SK,05,49091,
Samaniego,CO,20,49085,
Yamaga,JP,21,49082,
Kleve,DE,07,49072,
Naugachhia,IN,34,49069,
Nova Venécia,BR,08,49065,Nova Venecia
Thị Trấn Ngải Giao,VN,79,49065,Thi Tran Ngai Giao
Trstenik,RS,SE,49043,
Skierniewice,PL,74,49042,
Port of Spain,TT,05,49031,
Soloma,GT,08,49030,
Alto Molocue,MZ,09,49019,
Kānūru,IN,02,49006,Kanuru
Jiawang Zhen,CN,04,49005,
Sungai Siput,MY,07,49000,
Pajok,SS,02,49000,
Nova Zabudova,UA,12,49000,
Pak Chong,TH,27,48999,
Rowland Heights,US,CA,48993,
Verkhnyaya Salda,RU,71,48992,
Covina,US,CA,48984,
Kampen,NL,15,48980,
Khān Shaykhūn,SY,12,48975,Khan Shaykhun
Valladolid,MX,31,48973,
Suwa,JP,26,48972,
Stillwater,US,OK,48967,
Sh'īarīah,SD,60,48966,Sh'iariah
Eltham,GB,ENG,48964,
T’aebaek,KR,06,48962,
Pejë,XK,10097359,48962,Peje
Dehu Road,IN,16,48961,
Gatak,ID,07,48959,
Puryŏng-ŭp,KP,17,48958,Puryong-up
Tanjung Balai,ID,40,48953,
Canela,BR,23,48946,
Viedma,AR,16,48940,
Impfondo,CG,06,48939,
Santiago,BR,23,48938,
Dollard-Des Ormeaux,CA,10,48930,
Haiyang,CN,01,48928,
Lábrea,BR,04,48927,Labrea
Osinniki,RU,29,48919,
Valle Hermoso,MX,28,48918,
Niagara Falls,US,NY,48916,
Novyy Turtkul’,UZ,09,48908,
Nsawam,GH,05,48885,
Singaparna,ID,30,48882,
Niah,MY,11,48875,
Omitama,JP,14,48870,
Collierville,US,TN,48863,
Brandon,CA,03,48859,
Oxford Circle,US,PA,48856,
Summerville,US,SC,48848,
South Bel Air,US,MD,48828,
Chikugo,JP,07,48827,
Pipariā,IN,35,48826,Piparia
Ravensburg,DE,01,48825,
South Benfleet,GB,ENG,48824,
Barpeta,IN,03,48824,
Cornwall,CA,08,48821,
Královské Vinohrady,CZ,52,48805,Kralovske Vinohrady
Aïn Fakroun,DZ,29,48804,Ain Fakroun
Sheboygan,US,WI,48797,
Fujiyoshida,JP,46,48782,
Ena,JP,09,48777,
Jales,BR,27,48776,
Kolokani,ML,07,48774,
El‘ad,IL,02,48763,
Middletown,US,OH,48760,
Aspen Hill,US,MD,48759,
El Empalme,EC,10,48754,
Gupi,CN,04,48748,
San Pedro,MX,07,48746,
Al Muteena,AE,03,48739,
Tucano,BR,05,48736,
Takahama,JP,01,48736,
Dunwoody,US,GA,48733,
Verrettes,HT,06,48724,
Numancia,ES,29,48720,
Xinhe,CN,04,48712,
Amboasary,MG,53,48705,
Elmshorn,DE,10,48703,
Scafati,IT,04,48702,
‘Afrīn,SY,09,48693,‘Afrin
Megion,RU,32,48691,
Talinding,GM,01,48687,
San Juan de los Lagos,MX,14,48684,
Garmsār,IR,25,48672,Garmsar
Weert,NL,05,48662,
Tonami,JP,42,48659,
Zongo,CD,28,48658,
Gooty,IN,02,48658,
Kyaikto,MM,13,48658,
Banbury,GB,ENG,48651,
Tamlūk,IN,28,48646,Tamluk
Consolacion,PH,07,48638,
Huntington,US,WV,48638,
Karviná,CZ,85,48637,Karvina
Rivoli,IT,12,48629,
Martaban,MM,13,48629,
Plato,CO,38,48606,
Hitachi-ota,JP,14,48602,
Maricopa,US,AZ,48602,
Vengara,IN,13,48600,
Ningdong,CN,21,48587,
Xianfeng,CN,33,48586,
Izunokuni,JP,37,48579,
Ido-dong,KR,01,48579,
Trollhättan,SE,28,48573,Trollhattan
Nushki,PK,02,48572,
Casimiro de Abreu,BR,21,48563,
Nova Andradina,BR,11,48563,
Aquidauana,BR,11,48561,
São Joaquim da Barra,BR,27,48558,Sao Joaquim da Barra
Kurayoshi,JP,41,48558,
Gyzylarbat,TM,02,48558,
Bandar Sri Damansara,MY,12,48556,
Ami,JP,14,48553,
Torzhok,RU,77,48546,
Vigan,PH,01,48545,
Roswell,US,NM,48544,
Cwmbran,GB,WLS,48535,
Inabanga,PH,07,48534,
Panchagarh,BD,87,48531,
Nyaung-U,MM,08,48528,
Bornheim,DE,07,48523,
Nomimachi,JP,15,48523,
Jaisingpur,IN,16,48510,
Cedar Hill,US,TX,48507,
Tororo,UG,E,48500,
Norala,PH,12,48499,
Nangal,IN,23,48497,
East Brunswick,US,NJ,48495,
Gaoliu,CN,04,48485,
Kikugawa,JP,37,48484,
Jasdan,IN,09,48483,
Godda,IN,38,48480,
Al Badā’i‘ al Wusţá,SA,08,48474,Al Bada’i‘ al Wusta
East Lansing,US,MI,48471,
Liutuan,CN,25,48469,
Kawkareik,MM,05,48468,
Bikramganj,IN,34,48465,
Morār,IN,35,48464,Morar
Tafí Viejo,AR,24,48459,Tafi Viejo
Gosen,JP,29,48458,
Sombor,RS,VO,48454,
Quirinópolis,BR,29,48447,Quirinopolis
Sanmu,JP,04,48444,
Mahalapye,BW,01,48431,
Woerden,NL,09,48431,
Jhajjar,IN,10,48424,
Guemar,DZ,43,48413,
Rāmnagar,IN,34,48411,Ramnagar
Cojutepeque,SV,04,48411,
Slonim,BY,03,48402,
Asadābād,AF,34,48400,Asadabad
Sittard,NL,05,48400,
Tovar,VE,14,48395,
Nihtaur,IN,36,48389,
Apopka,US,FL,48382,
Al Qusais 1,AE,03,48378,
Banyumas,ID,07,48378,
Da’an,CN,33,48371,
Kainan,JP,43,48369,
Baracoa,CU,10,48362,
Kokkola,FI,16,48361,
Molo,KE,39,48356,
Nihammatsu,JP,19,48348,
Etterbeek,BE,BRU,48344,
Businga,CD,26,48339,
Bangued,PH,15,48331,
Chenlou,CN,04,48327,
Maspeth,US,NY,48325,
Kutno,PL,74,48323,
Kuybyshev,RU,53,48308,
Uttar Char Fasson,BD,82,48305,
Genet,ET,51,48300,
Mao,DO,27,48297,
Asunción Mita,GT,11,48297,Asuncion Mita
Araci,BR,05,48294,
Pameungpeuk,ID,30,48294,
Poções,BR,05,48293,Pocoes
Mahnar Bazar,IN,34,48293,
Vite,IN,16,48289,
Dome,GH,01,48285,
Wheaton,US,MD,48284,
Shtip,MK,98,48279,
Kara-Balta,KG,02,48278,
Chong Nonsi,TH,40,48277,
Sosnovaya Polyana,RU,66,48271,
Bondy,FR,11,48268,
Mishawaka,US,IN,48261,
Palmas,BR,18,48247,
Berastagi,ID,26,48244,
Titao,BF,10,48241,
Banting,MY,12,48240,
Qing’an,CN,04,48234,
Qillīn,EG,21,48233,Qillin
Morden,GB,ENG,48233,
Boedo,AR,07,48231,
Bangkok Riverside,TH,40,48227,
Doropo,CI,92,48225,
Vsevolozhsk,RU,42,48224,
Xánthi,GR,ESYE11,48221,Xanthi
Saipan,MP,110,48220,
Bājil,YE,08,48218,Bajil
Kefamenanu,ID,18,48202,
Ust’-Kut,RU,20,48202,
Palpalá,AR,10,48199,Palpala
Bayombong,PH,02,48199,
Shiyan,CN,33,48193,
Wakasugi,JP,07,48190,
Portage,US,MI,48177,
Mīt Salsīl,EG,01,48166,Mit Salsil
Fylí,GR,ESYE31,48157,Fyli
Buduran,ID,08,48152,
Catu,BR,05,48148,
Alaşehir,TR,45,48147,Alasehir
Dalu,CN,33,48145,
Leticia,CO,01,48144,
Puerto Francisco de Orellana,EC,24,48144,
Gumia,IN,38,48141,
Gabrovo,BG,41,48133,
West Orange,US,NJ,48131,
Ōamishirasato,JP,04,48129,Oamishirasato
Concepción,PY,07,48123,Concepcion
McLean,US,VA,48115,
Avellino,IT,04,48104,
Centenario,AR,15,48101,
Kyaikkami,MM,13,48100,
Tevragh Zeina,MR,13,48093,
Qianliu,CN,29,48090,
Sonaguera,HN,03,48087,
Palmira,VE,20,48087,
San Lorenzo,IT,04,48078,
Le Blanc-Mesnil,FR,11,48077,
Weiji,CN,04,48069,
Wangfen,CN,25,48052,
Bābolsar,IR,35,48051,Babolsar
Anakaputhur,IN,25,48050,
Villejuif,FR,11,48048,
Soest,DE,07,48037,
São Bento,BR,13,48036,Sao Bento
Bayburt,TR,77,48036,
Bocaiúva,BR,15,48032,Bocaiuva
Colonia del Sol,MX,03,48032,
Santa Ana Chiautempan,MX,29,48030,
Kanye,BW,10,48028,
Kibuye,RW,14,48024,
Parbatipur,BD,87,48020,
Jielong,CN,33,48018,
Paris 07 Palais-Bourbon,FR,11,48015,
Shināş,OM,11,48009,Shinas
Iwakura,JP,01,48007,
Takua Pa,TH,61,48004,
Hennef (Sieg),DE,07,48002,
Hadero,ET,55,48000,
Tunduru,TZ,14,48000,
Quimistán,HN,16,47993,Quimistan
Vagharshapat,AM,03,47989,
Newark,US,OH,47986,
Īṭahari̇̄,NP,1,47984,Itahari
Tānālūr,IN,13,47976,Tanalur
Nanto-shi,JP,42,47976,
Nanto,JP,42,47976,
Iriba,TD,02,47972,
Nkawkaw,GH,05,47968,
Phú Khương,VN,80,47966,Phu Khuong
Nguékhokh,SN,07,47964,Nguekhokh
Ceres,US,CA,47963,
Shuangfu,CN,33,47962,
El Carmen de Bolívar,CO,35,47957,El Carmen de Bolivar
Barras,BR,20,47938,
Banyo,CM,10,47936,
Bhīnmāl,IN,24,47932,Bhinmal
Estância Velha,BR,23,47924,Estancia Velha
Sadasivpet,IN,40,47920,
Kazanlak,BG,59,47918,
Takeo,JP,33,47914,
Tomioka,JP,10,47911,
Rastatt,DE,01,47906,
Damxung,CN,14,47900,
Long Eaton,GB,ENG,47898,
Bakhtiarpur,IN,34,47897,
Alexandria,US,LA,47889,
Baizi,CN,33,47879,
Chesterfield,US,MO,47864,
Moyale,KE,34,47850,
Jalandhar Cantonment,IN,23,47845,
Athani,IN,19,47842,
Ratnapura,LK,33,47832,
Campo Verde,BR,14,47831,
Campina Grande do Sul,BR,18,47825,
Tierra Blanca,MX,30,47824,
Aībak,AF,32,47823,Aibak
Barnstable,US,MA,47821,
Warud,IN,16,47817,
Erkrath,DE,07,47815,
Wānkāner,IN,09,47814,Wankaner
Salina,US,KS,47813,
Lawrence,US,IN,47809,
Yuexi,CN,33,47802,
Juína,BR,14,47800,Juina
Werota,ET,46,47800,
Ol Kalou,KE,43,47795,
Inverness,GB,SCT,47790,
Durham,GB,ENG,47785,
Bruchsal,DE,01,47784,
Krosno,PL,80,47784,
Monte Santo,BR,05,47780,
Luwuk,ID,21,47778,
Lecherías,VE,02,47778,Lecherias
Churāchāndpur,IN,17,47774,Churachandpur
Shima,JP,23,47774,
Narathiwat,TH,31,47771,
Nichelino,IT,12,47760,
Diamniadio,SN,01,47759,
Donggang,TW,04,47746,
Sungai Raya,ID,11,47735,
Saonré,BF,03,47728,Saonre
Bilhorod-Dnistrovskyi,UA,17,47727,
Sufālat Samā’il,OM,01,47718,Sufalat Sama’il
Bel Air South,US,MD,47709,
Dūngarpur,IN,24,47706,Dungarpur
Paoua,CF,21,47703,
Diamantina,BR,15,47702,
Chhaya,IN,09,47699,
Pearl City,US,HI,47698,Pearl
Weißensee,DE,16,47693,
Monte Carmelo,BR,15,47692,
Higashine,JP,44,47682,
Kurganinsk,RU,38,47681,
Hørsholm,DK,17,47680,
Raduzhny,RU,32,47679,
Euclid,US,OH,47676,
Greve,DK,20,47671,
Bireun,ID,01,47670,
Dumka,IN,38,47663,
Queimadas,BR,17,47658,
Cuijiaji,CN,25,47651,
Merouana,DZ,03,47646,
São Benedito,BR,06,47640,Sao Benedito
Ishigaki,JP,47,47637,
Roseville,US,MI,47637,
Jieshi,CN,33,47636,
Balung,ID,08,47631,
San Lorenzo,AR,06,47626,
Singen,DE,01,47621,
Texas City,US,TX,47618,Texas
Ouidah,BJ,09,47616,
Wauwatosa,US,WI,47614,
Ono,JP,13,47609,
Mtsensk,RU,56,47609,
Gādarwāra,IN,35,47604,Gadarwara
Kibre Mengist,ET,51,47600,
Yumbe,UG,N,47600,
Sidi Bouzid,TN,33,47595,
Waiau-Pacific Palisades,US,HI,47591,
Āzādshahr,IR,37,47590,Azadshahr
Badulla,LK,35,47587,
Yavné,IL,02,47585,Yavne
Bedong,MY,02,47585,
Grasse,FR,93,47581,
Centenario,PE,02,47581,
Heerhugowaard,NL,07,47580,
Aného,TG,24,47579,Aneho
Monte Alto,BR,27,47574,
Suluova,TR,05,47572,
Pithorāgarh,IN,39,47571,Pithoragarh
Damoujia,CN,25,47569,
Vermont Square,US,CA,47555,
Ballia,IN,34,47550,
Bihtā,IN,34,47549,Bihta
Colomba,GT,13,47544,
Civitavecchia,IT,07,47543,
Belaya Kalitva,RU,61,47521,
Florin,US,CA,47513,
Atraulī,IN,36,47512,Atrauli
Jerada,MA,02,47507,
Rūdsar,IR,08,47502,Rudsar
Stuttgart-Ost,DE,01,47500,
Shakiso,ET,51,47500,
Injibara,ET,46,47500,
Walajapet,IN,25,47498,
Dülmen,DE,07,47495,Dulmen
Alajuela,CR,01,47494,
Masbate,PH,05,47490,
Aznā,IR,23,47489,Azna
Settimo Torinese,IT,12,47485,
Aznā,IR,23,47482,Azna
Poso,ID,21,47477,
Koraput,IN,21,47468,
Twin Falls,US,ID,47468,
Yŏch’im-dong,KP,01,47460,Yoch’im-dong
Shelekhov,RU,20,47459,
Umarkhed,IN,16,47458,
Altos,BR,20,47453,
San Pedro,AR,01,47452,
Glenview,US,IL,47446,
Montana,BG,47,47445,
Frankenthal,DE,08,47438,
Vista Alegre,ES,29,47427,
Ucu Seles,AO,06,47421,
Northwich,GB,ENG,47421,
Gudalur,IN,25,47419,
Aïn Sefra,DZ,49,47415,Ain Sefra
Gryazi,RU,43,47413,
Al Hasaheisa,SD,38,47408,
East Providence,US,RI,47408,
Upper Hutt,NZ,G2,47400,
Santana do Ipanema,BR,02,47397,
Upper Bicutan,PH,NCR,47397,
Osório,BR,23,47396,Osorio
Kunnamangalam,IN,13,47396,
Herzogenrath,DE,07,47381,
Cutral-Có,AR,15,47380,Cutral-Co
Valasaravakkam,IN,25,47378,
Palm Springs,US,CA,47371,
São Francisco de Itabapoana,BR,21,47368,Sao Francisco de Itabapoana
Dębica,PL,80,47366,Debica
Şebin Karahisar,TR,28,47360,Sebin Karahisar
Perth,GB,SCT,47350,
Nagykanizsa,HU,24,47349,
Cono Norte,PE,04,47347,
Lota,CL,06,47339,
San Luis Obispo,US,CA,47339,
Sevran,FR,11,47334,
Kifisiá,GR,ESYE31,47332,Kifisia
Shunhe,CN,04,47330,
Jodhpur,IN,09,47329,
Alangad,IN,13,47329,
Alengād,IN,13,47329,Alengad
Candaba,PH,03,47326,
Sri Aman,MY,11,47313,
Ouenza,DZ,33,47312,
Matsulu,ZA,07,47306,
Rijswijk,NL,11,47299,
Pran Buri,TH,57,47293,
Shchuchinsk,KZ,03,47290,
Chabahar,IR,04,47287,
São José de Mipibu,BR,22,47286,Sao Jose de Mipibu
Ursus,PL,78,47285,
Gongqingcheng,CN,03,47284,
Nysa,PL,79,47283,
Hekou,CN,04,47281,
Watsa,CD,16,47278,
Castres,FR,76,47275,
Starogard Gdański,PL,82,47272,Starogard Gdanski
Mozhga,RU,80,47270,
Punalūr,IN,13,47263,Punalur
Chalon-sur-Saône,FR,27,47251,Chalon-sur-Saone
Ar Rumaythah,IQ,03,47248,
Lokossa,BJ,15,47246,
Ramat HaSharon,IL,05,47245,
Vikramasingapuram,IN,25,47241,
Mission District,US,CA,47234,
Bria,CF,03,47226,
Tire,TR,35,47220,
Okhtyrka,UA,21,47216,
Hanwang,CN,04,47205,
Diaoyucheng,CN,33,47205,
Rwamagana,RW,11,47203,
West End,CA,02,47200,
Degeh Bur,ET,52,47200,
Sawara,JP,04,47199,
Kafr al Baţţīkh,EG,20,47198,Kafr al Battikh
Marseille 04,FR,93,47193,
Abu Jibeha,SD,50,47188,
Vattiyūrkāvu,IN,13,47187,Vattiyurkavu
Padrauna,IN,36,47181,
Marine Parade,SG,03,47180,
Karanganom,ID,07,47179,
Ambāh,IN,35,47177,Ambah
Nga Sơn,VN,38,47176,Nga Son
Florida,CO,29,47173,
Changsha,CN,33,47170,
Jovellanos,CU,03,47164,
Dzerzhinsky,RU,47,47163,
Lancaster,GB,ENG,47162,
Santa Ana,PH,03,47158,
Umeki,JP,18,47153,
Jatoi Shimali,PK,04,47144,
Viterbo,IT,07,47134,
Komalapuram,IN,13,47126,
Kongtan,CN,32,47125,
Sidrolândia,BR,11,47118,Sidrolandia
Mandeville,JM,04,47115,
Affery,CI,82,47109,
Country Club,US,FL,47105,
Battipaglia,IT,04,47104,
Hedensted,DK,18,47099,
Barberena,GT,18,47093,
Gwynn Oak,US,MD,47092,
Tsiroanomandidy,MG,14,47087,
Rho,IT,09,47086,
Jawhar,SO,13,47086,
Şowme‘eh Sarā,IR,08,47083,Sowme‘eh Sara
Pyapon,MM,03,47082,
Mattanur,IN,13,47078,
Nawá,SY,06,47066,Nawa
San Marcos,GT,17,47063,
Thị Trấn Đầm Hà,VN,22,47060,Thi Tran Đam Ha
Arras,FR,32,47052,
Sant Gervasi - Galvany,ES,56,47043,
Sanremo,IT,08,47043,
Harpanahalli,IN,19,47039,
Kulu,TR,71,47037,
Bolobo,CD,24,47032,
Aga,EG,01,47013,
Boulogne-sur-Mer,FR,32,47013,
Cabreúva,BR,27,47011,Cabreuva
Kendrāparha,IN,21,47006,Kendraparha
Shido,JP,17,47003,
Lörrach,DE,01,47002,Lorrach
Sipe Sipe,BO,02,47000,
Tipton,GB,ENG,47000,
Beryozovsky,RU,71,47000,
El Hamma,TN,29,47000,
Kyela,TZ,09,47000,
Winnetka,US,CA,47000,
Ilaro,NG,16,46999,
Inashiki,JP,14,46994,
Zaafarana,EG,02,46993,
Amursk,RU,30,46993,
Santurtzi,ES,59,46978,
Takashima,JP,35,46976,
Tlapa de Comonfort,MX,12,46975,
Tighri,IN,07,46974,
Tizimín,MX,31,46971,Tizimin
Kilmarnock,GB,SCT,46970,
Khemis el Khechna,DZ,40,46965,
At Tall al Kabīr,EG,14,46962,At Tall al Kabir
Pallikal,IN,13,46962,
Madison,US,AL,46962,
Jeffersonville,US,IN,46960,
Vitina,XK,10097357,46959,
Chioggia,IT,20,46951,
San Jacinto,US,CA,46951,
Albstadt,DE,01,46950,
Chelles,FR,11,46947,
Blacktown,AU,02,46942,
Järvenpää,FI,01,46942,Jarvenpaa
Sunlou,CN,04,46941,
Cagnes-sur-Mer,FR,93,46923,
Selu,IN,16,46915,
Numata,JP,10,46908,
Qabqa,CN,06,46907,
Kotli,PK,06,46907,
Mentor,US,OH,46901,
Agrínio,GR,ESYE23,46899,Agrinio
Saint-Herblain,FR,52,46898,
Hokuto,JP,46,46888,
Medak,IN,40,46880,
Vila Leopoldina,BR,27,46875,
Kyustendil,BG,45,46856,
Manakara,MG,26,46850,
Charleston,US,WV,46838,
Al Jubayhah,JO,16,46834,
Mansfield,US,OH,46830,
Patancheru,IN,40,46821,
Wejherowo,PL,82,46820,
Hattiesburg,US,MS,46805,
João Pinheiro,BR,15,46801,Joao Pinheiro
Debark’,ET,46,46800,
Singkil,ID,01,46800,
Parella,IT,12,46795,
Nanpeng,CN,33,46786,
Livny,RU,56,46779,
Chhatarpur,IN,07,46776,
Draper,US,UT,46774,
Chomutov,CZ,89,46771,
Dondaicha,IN,16,46767,
Jāmner,IN,16,46762,Jamner
Yuqunweng,CN,13,46759,
Middletown,US,CT,46756,
Nakama,JP,07,46745,
Oberursel,DE,05,46736,
Stepnogorsk,KZ,03,46736,
Chefchaouen,MA,01,46721,
São Domingos de Rana,PT,14,46718,Sao Domingos de Rana
Guaramirim,BR,26,46711,
Wylie,US,TX,46708,
Burla,IN,21,46698,
Shaji,CN,04,46696,
Porur,IN,25,46690,
Columbus,US,IN,46690,
Kuils River,ZA,11,46685,
Nantong,CN,33,46684,
Nellikkuppam,IN,25,46678,
Surin,TH,29,46673,
Nankoku,JP,20,46664,
Padra,IN,09,46660,
Mrirt,MA,05,46660,
Kawardha,IN,37,46657,
Muara Teweh,ID,13,46652,
Gulāothi,IN,36,46647,Gulaothi
Joda,IN,21,46631,
Laguna,US,CA,46621,
Garoua Boulaï,CM,04,46615,Garoua Boulai
Gotha,DE,15,46615,
Smyrna,US,TN,46607,
Lambaréné,GA,03,46605,Lambarene
Phetchaburi,TH,56,46601,
Figueira da Foz,PT,07,46600,
Kurchatov,RU,41,46600,
Charlottesville,US,VA,46597,
Panauti,NP,3,46595,
Mohale's Hoek,LS,15,46593,
Langford,CA,02,46584,
Maku,IR,01,46581,
Makū,IR,22,46581,Maku
Lecco,IT,09,46580,
Tômbua,AO,13,46573,Tombua
Erdemli,TR,32,46570,
Bassila,BJ,13,46569,
Seohāra,IN,36,46546,Seohara
Lukula,CD,27,46534,
Warora,IN,16,46532,
Douai,FR,32,46531,
Lucaya,BS,25,46525,
Collegno,IT,12,46524,
Twante,MM,17,46516,
Dori,BF,12,46512,
Corato,IT,13,46505,
Chebarkul’,RU,13,46502,
Dumfries,GB,SCT,46500,
Sarakhs,IR,42,46499,
Rouge,CA,08,46496,
Blainville,CA,10,46493,
Middelburg,NL,10,46485,
Tây Mỗ,VN,01,46469,Tay Mo
Mānvi,IN,19,46465,Manvi
Sanjiao,CN,33,46458,
Santa Cruz do Rio Pardo,BR,27,46442,
Chacabuco,AR,01,46440,
Ciechanów,PL,78,46438,Ciechanow
Melle,DE,06,46436,
Kipamba,CD,15,46430,
Kurseong,IN,28,46427,
Itapagé,BR,06,46426,Itapage
Barri de les Corts,ES,56,46412,
Sardasht,IR,01,46412,
Emmeloord,NL,16,46409,
Lacey,US,WA,46409,
Sankeshu,CN,18,46402,
Quva,UZ,03,46400,
Manglaur,IN,39,46395,
Noboribetsu,JP,12,46391,
Makakilo / Kapolei / Honokai Hale,US,HI,46389,
Figueres,ES,56,46381,
Shime,JP,07,46377,
Děčín,CZ,89,46376,Decin
Staaken,DE,16,46369,
Littleton,US,CO,46368,
Nilambūr,IN,13,46366,Nilambur
Bünde,DE,07,46365,Bunde
Esplugues de Llobregat,ES,56,46355,
Mangshi,CN,29,46353,
Alsdorf,DE,07,46340,
Nadym,RU,87,46339,
Capão Bonito,BR,27,46337,Capao Bonito
Chum Phae,TH,22,46335,
Lumiar,PT,14,46334,
Staryy Malgobek,RU,19,46334,
Ganj Dundwāra,IN,36,46314,Ganj Dundwara
Victoria-Downtown,CA,02,46309,
Boca Chica,DO,37,46300,
Barranca,PE,15,46290,
Böblingen,DE,01,46282,Boblingen
Banstead,GB,ENG,46280,
Nānpāra,IN,36,46280,Nanpara
Beavercreek,US,OH,46277,
Langenhorn,DE,04,46272,
Komoro,JP,26,46272,
Kitakata,JP,08,46269,
Douéra,DZ,01,46266,Douera
Biantang,CN,04,46260,
Ayr,GB,SCT,46260,
Karmi’el,IL,03,46252,
Curup,ID,03,46245,
Kibungo,RW,11,46240,
Sadao,TH,68,46236,
Paderno Dugnano,IT,09,46235,
Puerto Tejada,CO,09,46215,
Jablonec nad Nisou,CZ,83,46209,
Khordha,IN,21,46205,
Embajadores,ES,29,46204,
Bom Conselho,BR,30,46192,
Batu Gajah,MY,07,46183,
Noveleta,PH,40,46172,
Atarra,IN,36,46168,
Valby,DK,17,46161,
Seabra,BR,05,46160,
Baitao,CN,33,46160,
San Gil,CO,26,46152,
Timbaúba,BR,30,46147,Timbauba
Épinay-sur-Seine,FR,11,46145,Epinay-sur-Seine
Kannapolis,US,NC,46144,
Mislata,ES,60,46131,
Neath,GB,WLS,46126,
Rheda-Wiedenbrück,DE,07,46123,Rheda-Wiedenbruck
Limache,CL,01,46121,
União,BR,20,46119,Uniao
Pechora,RU,34,46113,
Himora,ER,04,46100,
Timbó,BR,26,46099,Timbo
Myrnohrad,UA,05,46098,
Shijiao,CN,33,46097,
King's Lynn,GB,ENG,46093,
Jacobo Hunter,PE,04,46092,
Penco,CL,06,46091,
Agogo,GH,02,46089,
Borgerhout,BE,VLG,46087,
Hokuto,JP,12,46083,
Staré Mesto,SK,02,46080,Stare Mesto
Barbigha,IN,34,46075,
Winchester,GB,ENG,46074,
Pogradec,AL,46,46070,
Merta,IN,24,46070,
Jammalamadugu,IN,02,46069,
Asamankese,GH,05,46061,
Banī ‘Ubayd,EG,10,46060,Bani ‘Ubayd
Garhwa,IN,38,46059,
Antigua Guatemala,GT,16,46054,
At Tāj,LY,65,46050,At Taj
Everett,US,MA,46050,
Binghamton,US,NY,46032,
Paternò,IT,15,46030,Paterno
Nawanshahr,IN,23,46024,
Zürich (Kreis 3),CH,ZH,46018,Zurich (Kreis 3)
Rānāvāv,IN,09,46018,Ranavav
Stavroúpoli,GR,ESYE12,46008,Stavroupoli
Balfour,ZA,07,46008,
Dehlorān,IR,10,46002,Dehloran
Burē,ET,46,46000,Bure
Damaturu,NG,44,46000,
Safonovo,RU,69,46000,
Berezniaky,UA,12,46000,
Gavà,ES,56,45994,Gava
Mei Foo,HK,KSS,45990,
Vredenburg,ZA,11,45986,
Bānka,IN,34,45977,Banka
Brighton,US,MA,45977,
Koumbia,GN,B,45970,
Jaguaquara,BR,05,45964,
Paiçandu,BR,18,45962,Paicandu
Rasskazovo,RU,72,45957,
Elmhurst,US,IL,45957,
La Lima,HN,06,45955,
Hokota,JP,14,45953,
Thoubāl,IN,17,45947,Thoubal
El Milia,DZ,24,45945,
Ranyah,SA,11,45942,
Kamen,DE,07,45927,
Mkushi,ZM,02,45927,
Gohlis,DE,13,45924,
Vincennes,FR,11,45923,
Mahmudābād,IN,36,45921,Mahmudabad
Kol’chugino,RU,83,45912,
Paotana Hat,BD,87,45911,
Tinghir,MA,08,45911,
Joal,SN,07,45903,
Kebri Dahar,ET,52,45900,
Mairena del Aljarafe,ES,51,45890,
Izyum,UA,07,45884,
Hell's Kitchen,US,NY,45884,
Paranhos,PT,17,45883,
Wankyi,GH,13,45877,
Şafwá,SA,06,45876,Safwa
Vercelli,IT,12,45875,
San Benedetto del Tronto,IT,10,45873,
Burj al ‘Arab al Jadīdah,EG,06,45865,Burj al ‘Arab al Jadidah
Milavittan,IN,25,45863,
Uozu,JP,42,45848,
Igarapé,BR,15,45847,Igarape
Chefushan,CN,04,45844,
Roquette,FR,11,45842,
Auburn Gresham,US,IL,45842,
Pakur,IN,38,45840,
Cherthala,IN,13,45827,
Portugalete,ES,59,45826,
Aribinda,BF,12,45818,
As Sanţah,EG,05,45813,As Santah
Santa Bárbara,VE,05,45808,Santa Barbara
Casalnuovo di Napoli,IT,04,45796,
Mustafabad,PK,04,45795,
Campo Maior,BR,20,45793,
Al ‘Ayyāţ,EG,08,45793,Al ‘Ayyat
Coyhaique,CL,02,45787,
Bugo,PH,10,45787,
Cologno Monzese,IT,09,45786,
Ambalavao,MG,21,45784,
City of Sammamish,US,WA,45780,
Marromeu,MZ,05,45777,
Masi-Manimba,CD,20,45775,
Antelope,US,CA,45770,
Nāyudupet,IN,02,45769,Nayudupet
Bauta,CU,AR,45768,
Keller,US,TX,45758,
Faji Kunda,GM,05,45757,
Martigues,FR,93,45749,
Caranavi,BO,04,45747,
Kamra,PK,04,45738,
Bani Walid,LY,72,45734,
Pottuvil,LK,37,45727,
Breu Branco,BR,16,45712,
La Goulette,TN,36,45711,
Nova Darnytsya,UA,12,45700,
Shuanggou,CN,04,45697,
Zwijndrecht,NL,11,45696,
Vahdat,TJ,RR,45693,
Lohja,FI,01,45686,
El Aïoun,MA,02,45679,El Aioun
Farrukhnagar,IN,40,45675,
Dendermonde,BE,VLG,45673,
Volkhov,RU,42,45673,
el Raval,ES,56,45671,
Burhānuddin,BD,85,45670,Burhanuddin
Chak Thirty-one -Eleven Left,PK,04,45665,
Obukhovo,RU,66,45664,
Puttalam,LK,32,45661,
Çumra,TR,71,45657,Cumra
Sesto Fiorentino,IT,16,45656,
Kafranbel,SY,12,45652,
Chaïdári,GR,ESYE31,45642,Chaidari
Rāmpura,IN,23,45639,Rampura
Biloxi,US,MS,45637,
Hansestadt Stade,DE,06,45634,
Kālīganj,BD,82,45631,Kaliganj
Komotiní,GR,ESYE11,45631,Komotini
Tindouf,DZ,54,45610,
Pilar,ES,29,45610,
Waalwijk,NL,06,45610,
Nocera Inferiore,IT,04,45608,
Chirakkal,IN,13,45601,
Syrets,UA,12,45600,
Bugembe,UG,E,45600,
Middleton,GB,ENG,45589,
Apex,US,NC,45585,
Argungu,NG,40,45584,
Havant,GB,ENG,45574,
Kirkby,GB,ENG,45564,
Mauriti,BR,06,45561,
Aş Şalāḩāt,EG,01,45557,As Salahat
Al ‘Ayn as Sukhnah,EG,15,45552,
Ain Sukhna,EG,15,45552,
West Lafayette,US,IN,45550,
Dohār,BD,81,45543,Dohar
Misterbianco,IT,15,45542,
Filadelfia,IT,12,45531,
Dara,SN,13,45530,
Gudong,CN,29,45528,
Carshalton,GB,ENG,45525,
Afif,SA,10,45525,
Aru,CD,17,45516,
Rovenky,UA,14,45514,
Chirkunda,IN,38,45508,
Neyrīz,IR,07,45506,Neyriz
Karlovy Vary,CZ,81,45500,
Yefremov,RU,76,45497,
Coonoor,IN,25,45494,
Pingli,CN,26,45493,
Minamiawaji,JP,13,45489,
West Vancouver,CA,02,45487,
Mumias,KE,20,45485,
Contumo,GW,11,45482,
Sarpol-e Z̄ahāb,IR,13,45481,Sarpol-e Zahab
Pāndhurnā,IN,35,45479,Pandhurna
Santo Domingo,CU,16,45476,
Kireçocağı,TR,81,45476,Kirecocagı
Dracena,BR,27,45474,
Shertallai,IN,13,45474,
San Giorgio a Cremano,IT,04,45463,
Zouzhuang,CN,04,45461,
Kodur,IN,13,45459,
Bāfq,IR,40,45453,Bafq
Luebo,CD,18,45443,
Vélingara,SN,11,45431,Velingara
Cutler Bay,US,FL,45425,
Marseille 03,FR,93,45414,
Centar Župa,MK,18,45412,Centar Zupa
Dangjiang,CN,16,45408,
Anzio,IT,07,45403,
Katete,ZM,03,45402,
Kasangulu,CD,08,45400,
Ping Shan,HK,NYL,45400,
Titusville,US,FL,45393,
Tangba,CN,33,45385,
Mbulu,TZ,27,45384,
Autlán de Navarro,MX,14,45382,Autlan de Navarro
Liberia,CR,03,45380,
Sololá,GT,19,45373,Solola
Giddarbāha,IN,23,45370,Giddarbaha
Barra Velha,BR,26,45369,
Muaná,BR,16,45368,Muana
Nurmijärvi,FI,01,45356,Nurmijarvi
Meddappakkam,IN,25,45356,
Santiago de Veraguas,PA,10,45355,
Altoona,US,PA,45344,
Nandikotkūr,IN,02,45343,Nandikotkur
Bourg-en-Bresse,FR,84,45340,
Boston,GB,ENG,45339,
Newark,US,CA,45336,
Kanevskaya,RU,38,45334,
Autazes,BR,04,45328,
Masagua,GT,06,45323,
Obala,CM,11,45321,
Khalīlābād,IN,36,45321,Khalilabad
Mangbwalu,CD,17,45318,
Soccavo,IT,04,45314,
Mocímboa da Praia,MZ,01,45313,Mocimboa da Praia
Achaguas,VE,03,45311,
Chittaranjan,IN,28,45305,
Hashtpar,IR,08,45305,
Oro Valley,US,AZ,45303,
Sedrata,DZ,52,45300,
Salcedo,DO,19,45299,
Meiderich,DE,07,45297,
Chiquinquirá,CO,36,45294,Chiquinquira
Obita,JP,27,45293,
Mafeteng,LS,13,45287,
Gaoua,BF,13,45284,
Araquari,BR,26,45283,
Jardinópolis,BR,27,45282,Jardinopolis
Pāthardih,IN,38,45276,Pathardih
Vlissingen,NL,10,45273,
Nongzhang,CN,29,45270,
Spassk-Dal’niy,RU,59,45265,
Chāmpa,IN,37,45256,Champa
Wismar,DE,12,45255,
Saint Louis Park,US,MN,45250,
Mehkar,IN,16,45248,
Jaraguá,BR,29,45223,Jaragua
Moatize,MZ,08,45213,
Enfield,US,CT,45212,
Cornélio Procópio,BR,18,45206,Cornelio Procopio
Shebekino,RU,09,45194,
San Isidro,AR,01,45190,
Ridderkerk,NL,11,45189,
Chernyakhovsk,RU,23,45187,
Drachten,NL,02,45186,
Gladstone,AU,04,45185,
Beveren,BE,VLG,45179,
Vinzons,PH,05,45173,
Antequera,ES,51,45168,
Cambuci,BR,27,45163,
Dhanpuri,IN,35,45156,
Presidente Dutra,BR,13,45155,
Lundazi,ZM,03,45149,
Sidi Amar,DZ,37,45148,
Takikawa,JP,12,45131,
Marau,BR,23,45124,
Fouchana,TN,27,45107,
Castleford,GB,ENG,45106,
Akçaabat,TR,61,45105,Akcaabat
San Diego,ES,29,45104,
Dublin,US,OH,45098,
Chiapa de Corzo,MX,05,45077,
Soliman,TN,19,45053,
Maracaju,BR,11,45047,
Bangi,MY,12,45042,
Maroantsetra,MG,32,45041,
Sundergarh,IN,21,45036,
Bắc Kạn,VN,19,45036,Bac Kan
Sarāb,IR,33,45031,Sarab
Soest,NL,09,45021,
Slavonski Brod,HR,02,45005,
Lapa,BR,18,45003,
Masuda,JP,36,45003,
Monte Rosello,IT,14,45000,
Devinuwara,LK,34,45000,
Myawaddy,MM,05,45000,
Taman Permas Jaya,MY,01,45000,
Elmina,MY,12,45000,
Kanganpur,PK,04,45000,
Paşcani,RO,23,45000,Pascani
Jedeïda,TN,39,45000,Jedeida
Ikwiriri,TZ,02,45000,
Igunga,TZ,17,45000,
Diobahika,TZ,28,45000,
Mwandege,TZ,02,45000,
Pivnichna Saltivka,UA,07,45000,
Dīg,IN,24,44999,Dig
Hekou,CN,29,44998,
Tuckahoe,US,VA,44990,
Koysinceq,IQ,11,44987,
Marhanets,UA,04,44980,
Sariaya,PH,40,44977,
Roermond,NL,05,44975,
Inabe,JP,23,44973,
Potomac,US,MD,44965,
Kampung Perak,MY,06,44964,
Acopiara,BR,06,44962,
Bobigny,FR,11,44962,
Cleveland Heights,US,OH,44962,
Montluçon,FR,84,44960,Montlucon
Sykiés,GR,ESYE12,44955,Sykies
Yanguan,CN,15,44954,
Scandicci,IT,16,44951,
Homa Bay,KE,17,44949,
Râs el Oued,DZ,39,44947,Ras el Oued
Dededo Village,GU,DD,44943,
Āstāneh-ye Ashrafīyeh,IR,08,44941,Astaneh-ye Ashrafiyeh
Afula,IL,03,44930,
Parang,PH,14,44930,
Altay,KZ,15,44929,
Candi Prambanan,ID,07,44925,
Sayreville,US,NJ,44920,
Shangyun,CN,29,44918,
Kafr al Kurdī,EG,01,44905,Kafr al Kurdi
Catford,GB,ENG,44905,
Port Loko,SL,05,44900,
Vallenar,CL,05,44895,
Kimje,KR,03,44894,
Āz̄arshahr,IR,33,44887,Azarshahr
Aliağa,TR,35,44883,Aliaga
Zürich (Kreis 9),CH,ZH,44878,Zurich (Kreis 9)
Orani,PH,03,44877,
Dois Vizinhos,BR,18,44869,
Tumsar,IN,16,44869,
Pasaje,EC,08,44860,
Angol,CL,04,44856,
Rameswaram,IN,25,44856,
Ras Gharib,EG,02,44852,
Canlaon,PH,07,44851,
Bangarapet,IN,19,44849,
Aubagne,FR,93,44844,
Shinden,JP,34,44841,
Pardés H̱anna Karkur,IL,04,44840,Pardes Hanna Karkur
Choibalsan,MN,06,44835,
Hackensack,US,NJ,44834,
Jamundí,CO,29,44833,Jamundi
Pederneiras,BR,27,44827,
Dráma,GR,ESYE11,44823,Drama
Tānda,IN,36,44822,Tanda
Valenciennes,FR,32,44821,
Wiener Neustadt,AT,03,44820,
Aksu,KZ,11,44808,
Santana do Paraíso,BR,15,44800,Santana do Paraiso
Damyang,KR,16,44800,
São Lourenço,BR,15,44798,Sao Lourenco
Vomero,IT,04,44791,
Rumia,PL,82,44791,
Vishāram,IN,25,44786,Visharam
Strezhevoy,RU,75,44784,
Thiruthani,IN,25,44781,
Sentani,ID,36,44779,
Tiberias,IL,03,44779,
Salinópolis,BR,16,44772,Salinopolis
Pine Bluff,US,AR,44772,
Dahuangshan,CN,04,44771,
Digras,IN,16,44767,
San Buenaventura,MX,15,44761,
Bryanka,UA,14,44760,
Ṭikāpur,NP,7,44758,Tikapur
Xique-Xique,BR,05,44757,
May Pen,JM,01,44755,
Chone,EC,14,44751,
Al ‘Azīzīyah,IQ,16,44751,Al ‘Aziziyah
Si Sa Ket,TH,30,44751,
Salisbury,GB,ENG,44748,
Hegou,CN,04,44747,
Amberg,DE,02,44737,
Beaufort West,ZA,11,44737,
Itaberaí,BR,29,44734,Itaberai
Worksop,GB,ENG,44733,
Reino de Bandim,GW,11,44718,
Bambanglipuro,ID,10,44713,
Sakura,JP,38,44712,
West Seneca,US,NY,44711,
Pontefract,GB,ENG,44710,
Sīdī Sālim,EG,21,44709,Sidi Salim
Maradu,IN,13,44704,
Radomsko,PL,74,44700,
Suresnes,FR,11,44697,
Cerquilho,BR,27,44695,
Linden,GY,18,44690,
Azemmour,MA,06,44683,
Neustadt am Rübenberge,DE,06,44668,Neustadt am Rubenberge
Strongsville,US,OH,44668,
Ponte de Lima,PT,20,44667,
Avtovo,RU,66,44667,
Bāndīkūi,IN,24,44664,Bandikui
Meudon,FR,11,44652,
Erkelenz,DE,07,44650,
Keşan,TR,22,44644,Kesan
Dowleswaram,IN,02,44637,
Coachella,US,CA,44635,
Ki̇̄rtipur,NP,3,44632,Kirtipur
Pradera,CO,29,44630,
Lavapiés,ES,29,44630,Lavapies
Hagi,JP,45,44626,
Conceição do Araguaia,BR,16,44617,Conceicao do Araguaia
Penn Hills,US,PA,44610,
Homburg,DE,09,44607,
Gogrial,SS,08,44600,
Mamanguape,BR,17,44599,
Lubny,UA,18,44595,
Bālāpur,IN,16,44594,Balapur
Tondalam,IN,25,44590,
Marseille 05,FR,93,44583,
Encino,US,CA,44581,
Straubing,DE,02,44580,
Grantham,GB,ENG,44580,
Augusto Corrêa,BR,16,44573,Augusto Correa
Bordj Menaïel,DZ,40,44572,Bordj Menaiel
Kamen’-na-Obi,RU,04,44564,
Mae Sot,TH,08,44563,
Jawaharnagar,IN,40,44562,
Qisha,CN,16,44561,
Shuitu,CN,33,44551,
Akhtubinsk,RU,07,44551,
Mach,PK,02,44542,
Mawlaik,MM,10,44540,
Guxian,CN,25,44533,
Kafr Şaqr,EG,14,44529,Kafr Saqr
Oued Fodda,DZ,41,44523,
Lukavac,BA,01,44520,
Cabaiguán,CU,14,44515,Cabaiguan
Halle-Neustadt,DE,14,44515,
Zduńska Wola,PL,74,44515,Zdunska Wola
Magdanly,TM,04,44508,
Frosinone,IT,07,44505,
Bentonville,US,AR,44499,
Fort Pierce,US,FL,44484,
Homnābād,IN,19,44483,Homnabad
Ar Raḩmānīyah,EG,03,44482,Ar Rahmaniyah
Hassi Messaoud,DZ,50,44478,
Hinatuan,PH,13,44475,
Paraíba do Sul,BR,21,44467,Paraiba do Sul
Véroia,GR,ESYE12,44464,Veroia
Bridgewater,US,NJ,44464,
Koesan,KR,05,44461,
Beyşehir,TR,71,44460,Beysehir
Madīnat Khalīfah,QA,01,44459,Madinat Khalifah
Memāri,IN,28,44448,Memari
Chieti,IT,01,44444,
Oku,CM,07,44443,
Itararé,BR,27,44438,Itarare
Sieradz,PL,74,44436,
Aliwal North,ZA,05,44436,
Merksem,BE,VLG,44435,
Regla,CU,02,44431,
Alcamo,IT,15,44431,
Nova Kakhovka,UA,08,44427,
Fayzabad,AF,01,44421,
Jiushan,CN,25,44420,
Nāndūra,IN,16,44419,Nandura
Bandar Baharu,MY,02,44412,
Balcarce,AR,01,44409,
Xindian,CN,04,44409,
Lago da Pedra,BR,13,44403,
Kottangara,IN,13,44402,
Sugito,JP,34,44402,
Danville,US,CA,44400,
Bayonne,FR,75,44396,
Phumĭ Yoŭl Toŭng,KH,19,44395,Phumi Youl Toung
Alzira,ES,60,44393,
Angul,IN,21,44386,
Kōttakkal,IN,13,44382,Kottakkal
Kandiaro,PK,05,44382,
Kołobrzeg,PL,87,44377,
Libāspur,IN,07,44375,Libaspur
Istres,FR,93,44373,
Bluefields,NI,18,44373,
Santo Antônio da Platina,BR,18,44369,Santo Antonio da Platina
Cuscatancingo,SV,10,44369,
Youting,CN,33,44363,
Dalli Rājhara,IN,37,44363,Dalli Rajhara
Shinshiro,JP,01,44355,
Sudoeste/Octagonal,BR,07,44354,
Zouila,TN,15,44349,
Yuzawa,JP,02,44346,
Hājīganj,BD,84,44343,Hajiganj
Peña Grande,ES,29,44341,Pena Grande
Eqlīd,IR,07,44341,Eqlid
Kālpi,IN,36,44339,Kalpi
Næstved,DK,20,44331,
São Miguel d'Oeste,BR,26,44330,Sao Miguel d'Oeste
Krasnoye Selo,RU,66,44323,
Oakland Park,US,FL,44319,
Porangatu,BR,29,44317,
Qingshanquan,CN,04,44314,
Thionville,FR,44,44311,
Thatta,PK,05,44302,
Willesden,GB,ENG,44295,
Onoda,JP,45,44295,
Aracati,BR,06,44293,
Jintūr,IN,16,44291,Jintur
Ketanggungan,ID,07,44288,
Birecik,TR,63,44284,
Attleboro,US,MA,44284,
Daman,IN,52,44282,
Rāmnagar,IN,36,44277,Ramnagar
Songhwa,KP,06,44274,
Villa Constitución,AR,21,44271,Villa Constitucion
Phumĭ Véal Srê,KH,19,44270,Phumi Veal Sre
Mantes-la-Jolie,FR,11,44263,
Anekal,IN,19,44260,
Lagunillas,VE,23,44257,
Sonqor,IR,13,44256,
Karacabey,TR,16,44256,
Compiègne,FR,32,44243,Compiegne
Caojie,CN,33,44237,
Otofuke,JP,12,44235,
Severn,US,MD,44231,
Kalaa Srira,TN,23,44220,
Akkarampalle,IN,02,44219,
Rafaḩ,EG,27,44215,Rafah
Blacksburg,US,VA,44215,
Hammam-Lif,TN,27,44207,
Haltom City,US,TX,44206,Haltom
Brighton Park,US,IL,44202,
Nefas Mewch’a,ET,46,44200,
Yangiyer,UZ,16,44200,
Fenoarivo Atsinanana,MG,32,44199,
Memmingen,DE,02,44192,
Amadeo,PH,40,44190,
Siyabuswa,ZA,07,44189,
Petroşani,RO,21,44187,Petrosani
Nidadavole,IN,02,44173,
Rio Grande da Serra,BR,27,44170,
Ţūlkarm,PS,WE,44169,Tulkarm
Lompoc,US,CA,44164,
Raisen,IN,35,44162,
Mbanga,CM,05,44155,
Kobayashi,JP,25,44154,
Kanyobagonga,CD,11,44146,
Boû Arfa,DZ,20,44143,Bou Arfa
Marino,IT,07,44142,
Brühl,DE,07,44137,Bruhl
Drogheda,IE,L,44135,
Krasnyy Sulin,RU,61,44133,
Beiwangli,CN,10,44112,
Şereflikoçhisar,TR,68,44101,Sereflikochisar
Gūduvāncheri,IN,25,44098,Guduvancheri
Zuénoula,CI,96,44097,Zuenoula
Kabeya-Kamwanga,CD,04,44093,
Wesley Chapel,US,FL,44092,
Rejon placu Świętego Macieja,PL,72,44090,Rejon placu Swietego Macieja
Ust’-Labinsk,RU,38,44088,
Kinoi,KE,31,44086,
Kenol,KE,38,44086,
Fatehpur,PK,04,44084,
Zhushan,TW,04,44083,
Myski,RU,29,44082,
Usinsk,RU,34,44078,
Kardzhali,BG,44,44071,
Mieres,ES,34,44070,
Iwanuma,JP,24,44068,
Varangaon,IN,16,44067,
Urbandale,US,IA,44062,
Souq Larb’a al Gharb,MA,04,44059,
Georgetown,CA,08,44058,
Shuanglong,CN,32,44055,
Sihorā,IN,35,44048,Sihora
San Vicente de Tagua Tagua,CL,08,44046,
Nanjō,JP,47,44043,Nanjo
Sarikei,MY,11,44039,
Rembangan,ID,07,44030,
Malemba,CD,22,44027,
Binmaley,PH,01,44026,
Fastiv,UA,13,44014,
Rtishchevo,RU,67,44013,
Faya-Largeau,TD,23,44011,
Hódmezővásárhely,HU,06,44009,Hodmezovasarhely
Calulo,AO,06,44000,
Turnhout,BE,VLG,44000,
Piendamo,CO,09,44000,
Osu,GH,01,44000,
Arcella,IT,20,44000,
Alapayevsk,RU,71,44000,
Nansio,TZ,08,44000,
Molodizhne,UA,18,44000,
Xonobod,UZ,01,44000,
Himi,JP,42,43995,
L'Amoreaux,CA,08,43993,
York,US,PA,43992,
Nevers,FR,27,43988,
Sour el Ghozlane,DZ,21,43985,
Kachkanar,RU,71,43983,
Naţanz,IR,28,43977,Natanz
Concord,US,NH,43976,
North Miami Beach,US,FL,43971,
Hlotse,LS,12,43967,
Islington-City Centre West,CA,08,43965,
Eṭ Ṭaiyiba,IL,02,43957,Et Taiyiba
El Centro,US,CA,43956,
Qiryat Bialik,IL,04,43955,
Chidawa,IN,24,43953,
Ogi,JP,33,43952,
Coatbridge,GB,SCT,43950,
Sayansk,RU,20,43949,
Gaojia,CN,33,43944,
Ahmadpur,IN,16,43936,
Cradock,ZA,05,43936,
Fellbach,DE,01,43935,
Lashkar Gāh,AF,10,43934,Lashkar Gah
Rego Park,US,NY,43925,
Caijia,CN,33,43922,
Ḩasanābād,IR,26,43922,Hasanabad
Lehrte,DE,06,43920,
Nordhausen,DE,15,43912,
Serrana,BR,27,43909,
North Brunswick,US,NJ,43905,
Livramento de Nossa Senhora,BR,05,43903,
Morowa,JP,01,43903,
Muţūbas,EG,21,43899,Mutubas
Cleveland,US,TN,43898,
Artigas,UY,01,43897,
Olavanna,IN,13,43895,
San Germán,CU,12,43892,San German
Ramallah,PS,WE,43880,
Tamworth,AU,02,43874,
Cyangugu,RW,14,43866,
Tchaourou,BJ,10,43862,
Salinas,EC,25,43862,
Nonsan,KR,17,43845,
Chartres,FR,24,43838,
Echo Park,US,CA,43832,
Hoeryŏng,KP,17,43831,Hoeryong
Nyaung,MM,17,43828,
Tutayev,RU,88,43828,
North Bethesda,US,MD,43828,
Llefià,ES,56,43827,Llefia
Merthyr Tydfil,GB,WLS,43820,
Beaumont,US,CA,43811,
Gobārdānga,IN,28,43808,Gobardanga
Paso de los Libres,AR,06,43805,
Kalihi-Palama,US,HI,43805,
Kemisē,ET,46,43800,Kemise
Melmadai,IN,25,43797,
Lombard,US,IL,43797,
Saint Thomas Mount,IN,25,43795,
Malvern,CA,08,43794,
Great Sankey,GB,ENG,43793,
Yellandu,IN,40,43787,
Bountiful,US,UT,43784,
Bavet,KH,18,43783,
Kamra,PK,04,43779,
Ōkubo-naka,JP,32,43763,Okubo-naka
Rizhuang,CN,25,43758,
Gebog,ID,07,43756,
Hāflong,IN,03,43756,Haflong
Bexhill-on-Sea,GB,ENG,43754,
Zagora,MA,08,43752,
Han’airike,CN,13,43751,
Muyuka,CM,09,43749,
Salto de Pirapora,BR,27,43748,
Píritu,VE,18,43746,Piritu
Shyorongi,RW,13,43744,
Akaiwa,JP,31,43742,
Sevilla,CO,29,43738,
Tamu,MM,10,43737,
Netivot,IL,01,43732,
Thun,CH,BE,43723,
Ampara,LK,37,43720,
Dreta de l'Eixample,ES,56,43715,
Águas Belas,BR,30,43713,Aguas Belas
Polavaram,IN,02,43710,
Lambayeque,PE,14,43710,
North Lauderdale,US,FL,43703,
Colmenar Viejo,ES,29,43700,
Ishaka,UG,W,43700,
Kanuru,IN,02,43696,
Ranchuelo,CU,16,43695,
An Najmah,QA,01,43695,
Bangangté,CM,08,43694,Bangangte
Mexico,PH,03,43694,
Jilib,SO,08,43694,
Bodupāl,IN,40,43692,Bodupal
Pattani,TH,69,43690,
Santo Antônio de Pádua,BR,21,43686,Santo Antonio de Padua
Mladá Boleslav,CZ,88,43684,Mlada Boleslav
Shihao,CN,33,43680,
Cheshunt,GB,ENG,43680,
Yeongdong,KR,05,43680,
Ashton-under-Lyne,GB,ENG,43675,
Jingguan,CN,33,43674,
Freiberg,DE,13,43670,
Rāmachandrapuram,IN,02,43657,Ramachandrapuram
Paracambi,BR,21,43656,
Erlin,TW,04,43652,
Prievidza,SK,06,43645,
Masalani,KE,48,43642,
Bulancak,TR,28,43635,
Pashkovskiy,RU,38,43634,
Leigh,GB,ENG,43626,
Burleson,US,TX,43625,
Mangaratiba,BR,21,43624,
Sertolovo,RU,42,43622,
Ch’ŏsal-li,KP,15,43614,Ch’osal-li
Picsi,PE,14,43610,
Ocoee,US,FL,43608,
Panachikkad,IN,13,43595,
Gereshk,AF,10,43588,
Konongo,GH,02,43585,
Pirmasens,DE,08,43582,
Quinte West,CA,08,43577,
Farah,AF,06,43561,
Goslar,DE,06,43560,
Uruará,BR,16,43558,Uruara
Lankwitz,DE,16,43558,
Bietigheim-Bissingen,DE,01,43556,
Naẕerat ‘Illit,IL,03,43556,Nazerat ‘Illit
Cové,BJ,18,43554,Cove
Hoàn Lão,VN,44,43554,Hoan Lao
Chatham,CA,08,43550,
Filderstadt,DE,01,43550,
Ḩajjah,YE,22,43549,Hajjah
Leatherhead,GB,ENG,43544,
Sagae,JP,44,43544,
Mercedes,UY,17,43543,
Sakété,BJ,17,43541,Sakete
Taketoyo,JP,01,43535,
Shōranūr,IN,13,43533,Shoranur
Juexi,CN,32,43527,
Sabang,ID,01,43527,
Samal,PH,11,43526,
Phatthalung,TH,66,43522,
Torre Annunziata,IT,04,43521,
Pinamalayan,PH,41,43521,
Dubbo,AU,02,43516,
Panambi,BR,23,43515,
Hyvinge,FI,01,43515,
Purísima de Bustos,MX,11,43512,Purisima de Bustos
Villa Ángela,AR,03,43511,Villa Angela
Berchem,BE,VLG,43511,
Ashburn,US,VA,43511,
Fundong,CM,07,43509,
Suhl,DE,15,43509,
Ambositra,MG,22,43504,
Maruobara,JP,37,43502,
Pinto,ES,29,43501,
Southington,US,CT,43501,
Kumi,UG,E,43500,
Pasni,PK,02,43494,
Pallikaranai,IN,25,43493,
Teupasenti,HN,07,43477,
Tarauacá,BR,01,43467,Tarauaca
Gonābād,IR,42,43465,Gonabad
Augusta,US,GA,43459,
Diégonéfla,CI,95,43456,Diegonefla
Caripito,VE,16,43448,
Las Tejerías,VE,04,43445,Las Tejerias
Barajas de Madrid,ES,29,43423,
Gaozuo,CN,04,43419,
Prostějov,CZ,84,43408,Prostejov
Villa de Mayo,AR,01,43405,
Bozeman,US,MT,43405,
Fāraskūr,EG,20,43400,Faraskur
Malgobek,RU,19,43400,
G’ijduvon Shahri,UZ,02,43400,
Otwock,PL,78,43388,
Kāndhla,IN,36,43387,Kandhla
Barwāla,IN,10,43384,Barwala
Volksrust,ZA,07,43378,
Nilithi,IN,07,43371,
Miliana,DZ,35,43366,
Newark on Trent,GB,ENG,43363,
Marseille 06,FR,93,43360,
Sierra Vista,US,AZ,43355,
Le Cannet,FR,93,43353,
Jambusar,IN,09,43344,
Mouila,GA,04,43342,
Shimabara,JP,27,43338,
Okino,JP,21,43337,
Nakatogari,JP,37,43336,
Freeport,US,NY,43334,
Miranda,CO,09,43333,
El Ain,TN,32,43333,
Innisfil,CA,08,43326,
Weinheim,DE,01,43325,
Turda,RO,13,43319,
Zhonghe,CN,33,43318,
Rodgau,DE,05,43315,
Medgidia,RO,14,43315,
Murang’a,KE,38,43314,
Morshansk,RU,72,43311,
Oshakati,NA,37,43309,
Sovetsk,RU,23,43309,
Qiryat Motsqin,IL,04,43303,
Pittsfield,US,MA,43303,
Puerta del Angel,ES,29,43292,
General Pacheco,AR,01,43287,
Varkala,IN,13,43276,
Unnan,JP,36,43269,
Kātol,IN,16,43267,Katol
Hilo,US,HI,43263,
Vargem Grande,BR,13,43261,
Konārak,IR,04,43258,Konarak
Kopali,IN,38,43256,
Tizayuca,MX,13,43250,
Maḩallāt,IR,34,43245,Mahallat
Lugoj,RO,36,43243,
Al Bukayrīyah,SA,08,43229,Al Bukayriyah
Sainthia,IN,28,43221,
Bellinzona,CH,TI,43220,
Bad Kreuznach,DE,08,43213,
West Babylon,US,NY,43213,
Kuiya,CN,13,43212,
Qalqīlyah,PS,WE,43212,Qalqilyah
DeKalb,US,IL,43211,
Munsan,KR,13,43208,
Choornikkara,IN,13,43207,
Adeje,ES,53,43204,
Bhanga,BD,81,43202,
Dodola,ET,51,43200,
Ādēt,ET,46,43200,Adet
Moroleón,MX,11,43200,Moroleon
Lamphun,TH,05,43196,
Nogoyá,AR,08,43195,Nogoya
Milas,TR,48,43193,
San Bruno,US,CA,43185,
Vilankulo,MZ,03,43183,
Ryūō,JP,46,43180,Ryuo
Mitsuke,JP,29,43180,
Palomeras Sureste,ES,29,43162,
Altamonte Springs,US,FL,43159,
Nishifukuma,JP,07,43154,
Zhigou,CN,25,43152,
Bowangshan,CN,32,43135,
Byumba,RW,13,43134,
Svitlovodsk,UA,10,43130,
Mariinsk,RU,29,43122,
Krasnoufimsk,RU,71,43121,
Pedreira,BR,27,43112,
Dundalk,IE,L,43112,
Perungudi,IN,25,43111,
Kamaishi,JP,16,43107,
Bell Gardens,US,CA,43106,
Zhitikara,KZ,13,43104,
Warin Chamrap,TH,75,43102,
Bakau,GM,01,43098,
Heerenveen,NL,02,43094,
Schertz,US,TX,43091,
Kamal Pur Majra Burari,IN,07,43086,
East Boston,US,MA,43066,
Jerez de García Salinas,MX,32,43064,Jerez de Garcia Salinas
Ohligs,DE,07,43063,
Jīwanpur,IN,36,43054,Jiwanpur
Kencong,ID,08,43046,
Kitsilano,CA,02,43045,
Barhiya,IN,34,43045,
Huangji,CN,04,43038,
Monheim am Rhein,DE,07,43038,
Biella,IT,12,43030,
Yatomi,JP,01,43025,
Sojat,IN,24,43023,
Zhengji,CN,04,43021,
Jesús María,MX,01,43012,Jesus Maria
Malmesbury,ZA,11,43009,
Kronstadt,RU,66,43005,
Wong Sawang,TH,40,43005,
Abū Ḩammād,EG,14,43001,Abu Hammad
Gifhorn,DE,06,43000,
Kālimpong,IN,28,43000,Kalimpong
Möng La,MM,11,43000,Mong La
Jiangping,CN,16,42985,
Vyshneve,UA,13,42983,
Sandıklı,TR,03,42981,
Periyakulam,IN,25,42976,
Lai Châu,VN,12,42973,Lai Chau
Mkhuhlu,ZA,07,42969,
Olival,PT,14,42961,
Itarema,BR,06,42957,
Morgan Hill,US,CA,42948,
Santo Antônio da Patrulha,BR,23,42947,Santo Antonio da Patrulha
Palenque,MX,05,42947,
Simdega,IN,38,42944,
Bothell,US,WA,42939,
Izúcar de Matamoros,MX,21,42936,Izucar de Matamoros
Fond du Lac,US,WI,42933,
Bishrāmpur,IN,38,42925,Bishrampur
Kottuvalli,IN,13,42922,
Sant Feliu de Llobregat,ES,56,42919,
Baichihe,CN,25,42913,
Kundian,PK,04,42903,
Āsasa,ET,51,42900,Asasa
Zavolzh’ye,RU,51,42900,
Novodvinsk,RU,06,42900,
Khashm al Qirbah,SD,39,42900,
Bairāgnia,IN,34,42895,Bairagnia
Sicklerville,US,NJ,42891,
Sayreville Junction,US,NJ,42890,
Lakhdaria,DZ,21,42886,
Diglipur,IN,01,42877,
Panipat Taraf Ansar,IN,10,42877,
Ranjangaon S,IN,16,42877,
Balykchy,KG,07,42875,
Farmington,US,NM,42871,
Salem,US,MA,42869,
Kakkodi,IN,13,42866,
Tushan,CN,04,42853,
Mahbūbābād,IN,40,42851,Mahbubabad
Britz,DE,16,42846,
Arlington,US,MA,42844,
Perumbaikad,IN,13,42839,
Sébikhotane,SN,01,42839,Sebikhotane
Wattrelos,FR,32,42826,
Ārvi,IN,16,42822,Arvi
Kyaukpadaung,MM,08,42817,
La Jolla,US,CA,42808,
Misawa,JP,03,42805,
Passi,PH,06,42794,
Panji,ID,08,42789,
Recodo,PH,09,42788,
Salaberry-de-Valleyfield,CA,10,42787,
Châteauguay,CA,10,42786,Chateauguay
Parāsia,IN,35,42786,Parasia
Laguna,BR,26,42785,
Sivaganga,IN,25,42785,
Kyauktan,MM,10,42778,
Altadena,US,CA,42777,
Su-ngai Kolok,TH,31,42776,
Sharypovo,RU,91,42773,
Limbdi,IN,09,42769,
Fairfield,US,OH,42767,
Guandu,CN,33,42766,
Ấp Một,VN,92,42766,Ap Mot
Caluire-et-Cuire,FR,84,42763,
Seregno,IT,09,42760,
Ashburn,US,IL,42752,
Gumel,NG,39,42742,
Wallsend,GB,ENG,42739,
Dunkwa,GH,04,42737,
Rancho Palos Verdes,US,CA,42732,
Leighton Buzzard,GB,ENG,42727,
Maniwa,JP,31,42725,
San Antonio de los Baños,CU,AR,42724,San Antonio de los Banos
Rottenburg,DE,01,42721,
Gap,FR,93,42715,
Ait Ourir,MA,07,42705,
Wakema,MM,03,42705,
Kasai,JP,13,42700,
Lytham St Annes,GB,ENG,42695,
North Highlands,US,CA,42694,
Las Choapas,MX,30,42693,
Hammam Sousse,TN,23,42691,
Redruth,GB,ENG,42690,
Fontem,CM,09,42689,
Moline,US,IL,42681,
Canning Town,GB,ENG,42667,
Nakano,JP,26,42664,
Basauri,ES,59,42657,
Chavara,IN,13,42655,
Bhātpāra Abhaynagar,BD,82,42653,Bhatpara Abhaynagar
Boujdour,EH,,42651,
Glen Waverley,AU,07,42642,
Webuye,KE,12,42642,
Bieńczyce,PL,77,42633,Bienczyce
Tucupido,VE,12,42633,
Dahegām,IN,09,42632,Dahegam
Rudow,DE,16,42631,
Manacor,ES,07,42631,
Koryazhma,RU,06,42627,
Sukheke Mandi,PK,04,42626,
Tuusula,FI,01,42624,
Cacocum,CU,12,42623,
Taifa,GH,01,42623,
Virei,AO,13,42607,
Shāhābād,IN,10,42607,Shahabad
East Concord,US,NH,42605,
Tha Yang,TH,56,42602,
Awaji,JP,13,42597,
Jefferson City,US,MO,42595,Jefferson
Jamjamāl,IQ,05,42593,Jamjamal
Comé,BJ,11,42586,Come
Henrietta,US,NY,42581,
Talence,FR,75,42579,
Simão Dias,BR,28,42578,Simao Dias
Pu’an,CN,32,42577,
Machalí,CL,08,42572,Machali
Novozybkov,RU,10,42571,
Freising,DE,02,42570,
Seodong,KR,01,42569,
Mata de São João,BR,05,42566,Mata de Sao Joao
Rockwall,US,TX,42566,
Compostela,PH,11,42563,
José de Freitas,BR,20,42559,Jose de Freitas
Kai Tak,HK,KKC,42552,
Saran,KZ,12,42552,
Wesselsbron,ZA,03,42552,
Luobuqiongzi,CN,14,42551,
Weiden,DE,02,42550,
Uruaçu,BR,29,42546,Uruacu
Vera Cruz,BR,05,42529,
Plainfield,US,IL,42527,
Famagusta,CY,01,42526,
Jaspur,IN,39,42524,
Shimo-tsuma,JP,14,42521,
Empalme,MX,26,42516,
Thān,IN,09,42508,Than
Kaufbeuren,DE,02,42505,
Lomonosov,RU,66,42505,
Göyçay,AZ,22,42500,Goycay
Barra de São Francisco,BR,08,42498,Barra de Sao Francisco
Indralaya,ID,32,42498,
Iwai,JP,14,42497,
Partizansk,RU,59,42489,
Selebi-Phikwe,BW,17,42488,
Tikrīt,IQ,18,42477,Tikrit
‘Irbīn,SY,08,42474,‘Irbin
Cintalapa de Figueroa,MX,05,42467,
Lidingö,SE,26,42466,Lidingo
Naju,KR,16,42459,
Bāola,IN,09,42458,Baola
Wum,CM,07,42457,
Suakin,SD,36,42456,
Burlington,US,VT,42452,
Kōta,JP,01,42449,Kota
Armação dos Búzios,BR,21,42442,Armacao dos Buzios
Maubin,MM,03,42439,
E’erguna,CN,20,42435,
Mbala,ZM,05,42424,
Nettetal,DE,07,42417,
Daizhuang,CN,04,42410,
Alès,FR,76,42410,Ales
Soavinandriana,MG,13,42410,
Khekra,IN,36,42408,
Afogados da Ingazeira,BR,30,42407,
Rohnert Park,US,CA,42407,
Santos Dumont,BR,15,42406,
Kamyanobridskyi,UA,14,42396,
Baturaden,ID,07,42394,
Bhupalpally,IN,40,42387,
Zhuhai,CN,33,42383,
Dīnhāta,IN,28,42381,Dinhata
Qushi,CN,29,42380,
Kabkābīyah,SD,55,42376,Kabkabiyah
Aland,IN,19,42371,
Bourem,ML,09,42371,
Kumbalangy,IN,13,42367,
São Mateus do Sul,BR,18,42366,Sao Mateus do Sul
Kotabumi,ID,15,42366,
Thin Gan Kyun Gyi,MM,17,42350,
Minamishimabara,JP,27,42330,
Imperia,IT,08,42328,
Sangarébougou,ML,07,42314,Sangarebougou
Amagi,JP,07,42312,
Urbana,US,IL,42311,
Naini Tāl,IN,39,42309,Naini Tal
Guangtong,CN,29,42306,
Idar,IN,09,42306,
Chinnamanūr,IN,25,42305,Chinnamanur
Pallisa,UG,E,42300,
Kasanje,UG,C,42300,
Gennevilliers,FR,11,42294,
Nadi,FJ,05,42284,
Bhawāni Mandi,IN,35,42283,Bhawani Mandi
Bucha,UA,13,42279,
Andover,GB,ENG,42276,
Kyathampalle,IN,40,42275,
Jamaame,SO,09,42270,
Southglenn,US,CO,42268,
Juventino Rosas,MX,11,42264,
Mali,CN,15,42260,
Myanaung,MM,03,42252,
Civitanova Marche,IT,10,42251,
Chilecito,AR,12,42248,
Lucena,ES,51,42248,
Rimouski,CA,10,42240,
Baardheere,SO,06,42240,
Konakovo,RU,77,42239,
Sikandra Rao,IN,36,42229,
Palladam,IN,25,42225,
Lālmohan,BD,85,42220,Lalmohan
Yaguajay,CU,14,42218,
Santa Elena,EC,25,42214,
Fareham,GB,ENG,42210,
Gravina in Puglia,IT,13,42210,
Balulang,PH,10,42205,
Oke Kan,MM,17,42201,
Mer’āwī,ET,46,42200,Mer’awi
Midland,US,MI,42200,
Malianzhuang,CN,25,42197,
Rāzām,IN,02,42197,Razam
Prescott Valley,US,AZ,42197,
Bilajari,AZ,09,42194,
Talghar,KZ,01,42194,
Durian Tunggal,MY,04,42185,
Joint Base Pearl Harbor Hickam,US,HI,42184,
‘Irqah,SA,10,42179,
Kenscoff,HT,11,42175,
Sokol,RU,85,42174,
Njoro,KE,39,42173,
Mentakab,MY,06,42171,
Poldasht,IR,01,42170,
Esperanza,DO,27,42169,
Konayev,KZ,01,42167,
State College,US,PA,42161,
Jājpur,IN,21,42157,Jajpur
Amontada,BR,06,42156,
Alatyr’,RU,16,42156,
Jora,IN,35,42153,
Concón,CL,01,42152,Concon
Zacatelco,MX,29,42150,
Santyoku,KR,06,42145,
Cantel,GT,13,42142,
Dar Chabanne,TN,19,42140,
Shefar‘am,IL,03,42137,
Kearny,US,NJ,42137,
Canning,IN,28,42132,
Jangseong,KR,16,42129,
Khairābād,IN,36,42125,Khairabad
Amangarh,PK,03,42123,
Rosa Zarate,EC,09,42121,
Izberbash,RU,17,42121,
Budapest VI. kerület,HU,05,42120,Budapest VI. kerulet
Kaarst,DE,07,42112,
Garça,BR,27,42110,Garca
Luobei,CN,08,42109,
El Dorado Hills,US,CA,42108,
Katanda,CD,11,42105,
Nueve de Julio,AR,01,42098,
Sumoto,JP,13,42094,
Kamikoizumi,JP,10,42089,
Balad,IQ,18,42088,
Tieqiao,CN,33,42085,
Danville,US,VA,42082,
Pratāpgarh,IN,24,42079,Pratapgarh
Al Jawf,LY,65,42079,
Dhāka,IN,34,42063,Dhaka
Guaratuba,BR,18,42062,
Saint-Eustache,CA,10,42062,
Azilal,MA,05,42062,
Barreiros,BR,30,42056,
Kannad,IN,16,42056,
Smara,MA,11,42056,
Guaraciaba do Norte,BR,06,42053,
Zhovti Vody,UA,04,42052,
Zainsk,RU,73,42044,
Lebowakgomo,ZA,09,42040,
Belleville,US,IL,42034,
Ohrid,MK,E2,42033,
Ramsgate,GB,ENG,42027,
Wangyuan,CN,21,42022,
Linden,US,NJ,42021,
Nāthdwāra,IN,24,42016,Nathdwara
Rujewa,TZ,09,42013,
Gallus,DE,05,42012,
Moorhead,US,MN,42005,
Maquela do Zombo,AO,15,42000,
Gutao,CN,24,42000,
Iten,KE,14,42000,
Arkalyk,KZ,13,42000,
Varash,UA,19,42000,
Kapsabet,KE,40,41997,
Montenegro,CO,23,41996,
Abdu Rahiman Nagar,IN,13,41993,
Chepén,PE,13,41992,Chepen
São Lourenço do Sul,BR,23,41989,Sao Lourenco do Sul
Golāghāt,IN,03,41989,Golaghat
Woodside,US,NY,41981,
Eberswalde,DE,11,41980,
Maragondon,PH,40,41977,
Bautzen,DE,13,41972,
Guindalera,ES,29,41964,
Manica,MZ,10,41961,
Desio,IT,09,41960,
Jhingergācha,BD,82,41957,Jhingergacha
Borlänge,SE,10,41955,Borlange
Stretford,GB,ENG,41953,
Brea,US,CA,41944,
Lemgo,DE,07,41943,
Kikinda,RS,VO,41935,
Gori,GE,73,41933,
Rompin,MY,05,41931,
Marataizes,BR,08,41929,
Orange,AU,02,41920,
Tromsø,NO,18,41915,
Ban Phaeo,TH,55,41904,
Coburg,DE,02,41901,
Shonē,ET,55,41900,Shone
Riverton,US,UT,41900,
Prescott,US,AZ,41899,
Tres Cantos,ES,29,41896,
Ihosy,MG,24,41892,
Besni,TR,02,41892,
Kekri,IN,24,41890,
Cuímba,AO,16,41878,Cuimba
Ocosingo,MX,05,41878,
Barauli,IN,34,41877,
Aracataca,CO,38,41872,
l'Antiga Esquerra de l'Eixample,ES,56,41872,
Bitkine,TD,05,41871,
Karlovac,HR,05,41869,
Mount Laurel,US,NJ,41864,
Carmen De La Legua Reynoso,PE,07,41863,
Macaúbas,BR,05,41859,Macaubas
Gujō,JP,09,41858,Gujo
San Donà di Piave,IT,20,41856,San Dona di Piave
Marialva,BR,18,41851,
Quxu,CN,14,41851,
Sijung,KP,01,41842,
Guaduas,CO,33,41838,
Laatzen,DE,06,41838,
Yinggen,CN,31,41835,
Tadjenanet,DZ,48,41833,
La Orotava,ES,53,41833,
Yurimaguas,PE,16,41827,
Bloléquin,CI,78,41821,Blolequin
Kirkkonummi,FI,01,41821,
Santa Rosa,EC,08,41816,
Mahē,IN,13,41816,Mahe
Sali,SN,07,41811,
Tullus,SD,49,41807,
Wuduan,CN,04,41803,
Diamond Harbour,IN,28,41802,
Cañuelas,AR,01,41801,Canuelas
Kitaibaraki,JP,14,41801,
Stare Misto,UA,12,41800,
Timmins,CA,08,41788,
Köniz,CH,BE,41784,Koniz
Sūrampatti,IN,25,41782,Surampatti
The Colony,US,TX,41779,
Lago Norte,BR,07,41778,
Lesozavodsk,RU,59,41778,
Bāghpat,IN,36,41766,Baghpat
Ndera,RW,12,41764,
Manassas,US,VA,41764,
Brentwood,US,TN,41763,
Tiancheng,CN,33,41762,
Bar Bigha,IN,34,41758,
Nārāyanpet,IN,40,41752,Narayanpet
Torres,BR,23,41751,
Ascoli Piceno,IT,10,41741,
Manjo,CM,05,41740,
Pueblo Nuevo El Chivo,VE,23,41740,
Požarevac,RS,SE,41736,Pozarevac
Khambhāliya,IN,09,41734,Khambhaliya
Denia,ES,60,41733,
Shādegān,IR,15,41733,Shadegan
Urmston,GB,ENG,41731,
Biak,ID,36,41731,
Teboulba,TN,16,41731,
Dzhankoy,UA,11,41731,
Linshi,CN,33,41730,
Lubero,CD,11,41722,
Álimos,GR,ESYE31,41720,Alimos
Diwek,ID,08,41719,
Faenza,IT,05,41714,
Mülheim,DE,07,41711,Mulheim
Bilāra,IN,24,41710,Bilara
Dover,GB,ENG,41709,
Taman Greenwood,MY,12,41699,
Dreieich,DE,05,41692,
Westfield,US,MA,41690,
Tatkon,MM,10,41683,
Evere,BE,BRU,41667,
Castro,CL,14,41667,
Korenovsk,RU,38,41665,
Coelho Neto,BR,13,41658,
Missérété,BJ,16,41657,Misserete
Úcua,AO,19,41654,Ucua
Shiji,CN,04,41652,
Schorndorf,DE,01,41647,
Irbit,RU,71,41647,
Alsergrund,AT,09,41645,
Uryupinsk,RU,84,41644,
Hisai-motomachi,JP,23,41642,
Cotuí,DO,21,41641,Cotui
Saint-Priest,FR,84,41641,
Santa Maria de Jetibá,BR,08,41636,Santa Maria de Jetiba
Tazoult-Lambese,DZ,03,41636,
Sorel-Tracy,CA,10,41629,
Rosny-sous-Bois,FR,11,41627,
Kyshtym,RU,13,41625,
Gay,RU,55,41619,
Landau in der Pfalz,DE,08,41612,
Marovoay,MG,41,41611,
Trikonavattam,IN,13,41609,
Shakhtinsk,KZ,12,41602,
Barda,AZ,11,41600,
Ceres,ZA,11,41596,
Cariaco,VE,19,41589,
Rājgīr,IN,34,41587,Rajgir
Kudappanakkunnu,IN,13,41583,
Naliang,CN,16,41577,
Dunyapur,PK,04,41575,
Baihua,CN,32,41574,
Niakoul Rab,SN,01,41570,
Jaxaay Parcelle Niakoul Rap,SN,01,41570,
Hutchinson,US,KS,41569,
Leominster,US,MA,41569,
Bang Bua Thong,TH,38,41567,
Catonsville,US,MD,41567,
Kurobe-shi,JP,42,41564,
Santa Helena,BR,13,41561,
Câmpina,RO,30,41554,Campina
Slobozia,RO,22,41550,
Hicksville,US,NY,41547,
Bartlett,US,IL,41545,
Komono,JP,23,41542,
Mankesim,GH,04,41541,
Jordan,HK,KYT,41537,
Paithan,IN,16,41536,
Ruteng,ID,18,41533,
Manicaragua,CU,16,41532,
Redcliff,ZW,02,41526,
Akanda,GA,01,41524,
Amancio,CU,13,41523,
Mission,CA,02,41519,
Auxerre,FR,27,41516,
Barra dos Coqueiros,BR,28,41511,
Heinsberg,DE,07,41505,
San Vicente,SV,12,41504,
Medemblik,NL,07,41500,
Pyt-Yakh,RU,32,41500,
Hladkivka,UA,05,41500,
Buffalo Grove,US,IL,41496,
Kodīnar,IN,09,41492,Kodinar
Salima,MW,C,41492,
Pīleru,IN,02,41489,Pileru
Guye,CN,10,41484,
Urus-Martan,RU,12,41480,
Woonsocket,US,RI,41475,
Sidi Yahia El Gharb,MA,04,41472,
Ibara,JP,31,41460,
Comalcalco,MX,27,41458,
Shāhīn Dezh,IR,01,41442,Shahin Dezh
Lokeren,BE,VLG,41438,
Hiré,CI,95,41430,Hire
West Hills,US,CA,41426,
Yaţţā,PS,WE,41425,Yatta
Tine Biougra,MA,09,41421,
Arcos,BR,15,41416,
Istālif,AF,13,41413,Istalif
Xinglong,CN,33,41411,
Djugu,CD,17,41409,
Vasto,IT,01,41409,
Shirone,JP,29,41406,
Wilrijk,BE,VLG,41403,
Dolo,ET,53,41400,
Nebbi,UG,N,41400,
Salon-de-Provence,FR,93,41397,
Lyudinovo,RU,25,41392,
Tortuguitas,AR,01,41390,
Amami,JP,18,41390,
Bugojno,BA,01,41378,
Pugachëv,RU,67,41375,Pugachev
Edmonds,US,WA,41375,
Geidam,NG,44,41367,
Naze,JP,18,41365,
Higuerote,VE,15,41364,
Laisu,CN,33,41361,
Lichtenberg,DE,16,41359,
Cuilapa,GT,18,41359,
Pirāyiri,IN,13,41359,Pirayiri
Socorro,BR,27,41352,
Coity,GB,WLS,41352,
Newburn,GB,ENG,41347,
Sena Madureira,BR,01,41343,
Dogbo,BJ,12,41341,
Mirafiori Nord,IT,12,41337,
Holloway,GB,ENG,41329,
Westend,DE,16,41328,
Rāmganj Mandi,IN,24,41328,Ramganj Mandi
Chengxi,CN,33,41321,
Massiogo,ML,06,41317,
Marana,US,AZ,41315,
Currais Novos,BR,22,41313,
Welisara,LK,36,41306,
Zelenokumsk,RU,70,41306,
Shamkhir,AZ,51,41300,
Vaijāpur,IN,16,41296,Vaijapur
Shelton,US,CT,41296,
Greenock,GB,SCT,41280,
Bury St Edmunds,GB,ENG,41280,
Masantol,PH,03,41278,
Bridgwater,GB,ENG,41276,
Huizen,NL,07,41273,
Seevetal,DE,06,41266,
Hatfield,GB,ENG,41265,
Draa el Mizan,DZ,14,41263,
Curuçá,BR,16,41262,Curuca
Kannamangalam,IN,13,41260,
Cedar Falls,US,IA,41255,
Chatsworth,US,CA,41255,
Mankhūl,AE,03,41244,Mankhul
Viborg,DK,18,41239,
Lat Yao,TH,40,41238,
Shubrākhīt,EG,03,41233,Shubrakhit
Saundatti,IN,19,41215,
Nossa Senhora da Glória,BR,28,41212,Nossa Senhora da Gloria
Chongxing,CN,21,41212,
Wunstorf,DE,06,41211,
Bronkhorstspruit,ZA,06,41209,
Constitución,CL,11,41207,Constitucion
Yomitan,JP,47,41206,
Gage Park,US,IL,41202,
Aghjabadi,AZ,02,41200,
Gebre Guracha,ET,51,41200,
Ahlone,MM,17,41200,
São Fidélis,BR,21,41197,Sao Fidelis
Raḩīmah,SA,06,41188,Rahimah
Madīnat Wādī an Naţrūn,EG,03,41186,Madinat Wadi an Natrun
Beverly,US,MA,41186,
Leinfelden-Echterdingen,DE,01,41185,
Jaggayyapeta,IN,02,41180,
Żyrardów,PL,78,41179,Zyrardow
Naryn,KG,04,41178,
Poti,GE,71,41175,
Peddapalli,IN,40,41171,
Dhupgāri,IN,28,41168,Dhupgari
Triprangod,IN,13,41167,
San Pedro,MX,07,41165,
Königswinter,DE,07,41164,Konigswinter
University,US,FL,41163,
Coppell,US,TX,41159,
Timizart,DZ,14,41158,
Tagbina,PH,13,41157,
Villarrica,PY,10,41157,
Valentín Alsina,AR,01,41155,Valentin Alsina
Tecuci,RO,18,41154,
Sehwan,PK,05,41150,
Santo António dos Olivais,PT,07,41150,Santo Antonio dos Olivais
Findlay,US,OH,41149,
Mitsukaidō,JP,14,41147,Mitsukaido
Dzerzhinskiy,RU,47,41146,
Wokingham,GB,ENG,41143,
Saint-Germain-en-Laye,FR,11,41142,
Basankusu,CD,02,41141,
Shinjō,JP,44,41140,Shinjo
Mirzāpur,BD,81,41137,Mirzapur
Toritama,BR,30,41137,
Sesimbra,PT,19,41134,
Bensheim,DE,05,41124,
Paraguaçu Paulista,BR,27,41120,Paraguacu Paulista
Xunsi,CN,32,41120,
Campbell,US,CA,41117,
Capannori,IT,16,41116,
Baisheng,CN,33,41114,
Chākan,IN,16,41113,Chakan
Washuk,PK,02,41107,
Jiguaní,CU,09,41106,Jiguani
Pacajá,BR,16,41097,Pacaja
Unzen,JP,27,41096,
Tebesbest,DZ,TG,41091,
Alcantarilla,ES,31,41084,
Ipu,BR,06,41081,
Liwonde,MW,S,41077,
Dungu,CD,24,41076,
Taounate,MA,03,41075,
Nong Khae,TH,37,41067,
Malilipot,PH,05,41066,
Al Quşayr,SY,11,41062,Al Qusayr
Lake Ridge,US,VA,41058,
Bharthana,IN,36,41055,
Burke,US,VA,41055,
Merano,IT,17,41051,
Mankato,US,MN,41044,
Chunggang,KP,01,41022,
Vaukavysk,BY,03,41020,
Birsk,RU,08,41014,
Chisankane,ZM,09,41014,
La Unión,CO,29,41013,La Union
Tuxiang,CN,33,41011,
Bazar-Korgon,KG,03,41011,
Annandale,US,VA,41008,
Bastia,FR,94,41001,
Strawberry Hill,CA,02,41000,
Welling,GB,ENG,41000,
Gjorče Petro,MK,F6,41000,Gjorce Petro
Karachi University Employees Co-operative Housing Society,PK,05,41000,
As Saţwah,AE,03,40997,As Satwah
Covington,US,KY,40997,
New City,US,IL,40997,New
Bou Ismaïl,DZ,55,40984,Bou Ismail
Morris Heights,US,NY,40982,
Peachtree Corners,US,GA,40978,
Patti,IN,23,40976,
South Valley,US,NM,40976,
Val-des-Arbres,CA,10,40974,
Sengkurong,BN,02,40972,
Esperantina,BR,20,40970,
Ormond Beach,US,FL,40970,
Pocito,AR,18,40969,
Jalārpet,IN,25,40959,Jalarpet
São Sebastião do Passé,BR,05,40958,Sao Sebastiao do Passe
Paranaíba,BR,11,40957,Paranaiba
Buco Zau,AO,03,40953,
Ilkeston,GB,ENG,40953,
Völklingen,DE,09,40952,Volklingen
Trowbridge,GB,ENG,40952,
Balaka,MW,S,40950,
Carrollwood Village,US,FL,40949,
Salwá,KW,08,40945,Salwa
Nanmen,CN,33,40941,
Huntsville,US,TX,40938,
Baihe,CN,33,40937,
Ciudad Constitución,MX,03,40935,Ciudad Constitucion
Loma Bonita,MX,20,40934,
Beringen,BE,VLG,40930,
Marseille 01,FR,93,40919,
Świnoujście,PL,87,40919,Swinoujscie
Germering,DE,02,40916,
Bishops Stortford,GB,ENG,40915,
Gerona,PH,03,40914,
São Gotardo,BR,15,40910,Sao Gotardo
Hadong,KR,20,40909,
Přerov,CZ,84,40906,Prerov
Niendorf,DE,04,40906,
Poble Sec,ES,56,40906,
Lugulu,KE,13,40894,
Ka'ersai,CN,13,40892,
Stittsville,CA,08,40889,
Prescot,GB,ENG,40889,
Fredericia,DK,21,40886,
Venice,US,CA,40885,
Vadgaon,IN,16,40884,
Frolovo,RU,84,40882,
Meftah,DZ,20,40878,
Borken,DE,07,40876,
Sakhipur,BD,81,40869,
Gremda,TN,32,40862,
Naushahra Virkan,PK,04,40853,
Sirinhaém,BR,30,40852,Sirinhaem
Buchholz in der Nordheide,DE,06,40849,
Samal,PH,03,40843,
Tālcher,IN,21,40841,Talcher
Minamiashigara,JP,19,40841,
Tumba,SE,26,40832,
Sants,ES,56,40831,
Anyuan,CN,15,40828,
Mozdok,RU,68,40823,
Manurewa,NZ,E7,40820,
Ancud,CL,14,40819,
Turaif,SA,15,40819,
Thottada,IN,13,40818,
Kalliyoor,IN,13,40816,
Sumter,US,SC,40816,
Arantāngi,IN,25,40814,Arantangi
Vangaindrano,MG,25,40813,
Annapolis,US,MD,40812,
Mboro,SN,07,40811,
Shepetivka,UA,09,40802,
Zé Doca,BR,13,40801,Ze Doca
Kitob,UZ,08,40800,
Sinjai,ID,38,40797,
Oranienburg,DE,11,40793,
Hondomachi-hondo,JP,21,40787,
Quincy,US,IL,40780,
Wilkes-Barre,US,PA,40780,
Edremit,TR,10,40777,
Swords,IE,L,40776,
Lodi,IT,09,40767,
Kannabechō-yahiro,JP,11,40766,Kannabecho-yahiro
Itoigawa,JP,29,40765,
Gönen,TR,10,40763,Gonen
Lincoln Square,US,IL,40761,
Pánuco,MX,30,40754,Panuco
Pariaguán,VE,02,40751,Pariaguan
Eisenach,DE,15,40747,
Souma,DZ,20,40745,
La Puente,US,CA,40745,
Carcar,PH,07,40739,
Sète,FR,76,40736,Sete
Kingswood,GB,ENG,40734,
Chiaia,IT,04,40730,
Khūrmūj,IR,22,40722,Khurmuj
Athiyannur,IN,13,40712,
Ipiaú,BR,05,40706,Ipiau
Kansanshi,ZM,06,40705,
Tiel,NL,03,40702,
Icchannūr,IN,13,40697,Icchannur
Agano,JP,29,40696,
Ouled Moussa,DZ,40,40692,
Yelizovo,RU,92,40692,
Pazundaung,MM,17,40690,
Xili,CN,30,40685,
Holyoke,US,MA,40684,
Patulul,GT,20,40683,
Bolesławiec,PL,72,40682,
Itabaianinha,BR,28,40678,
Pirot,RS,SE,40678,
Khawr Fakkān,AE,06,40677,Khawr Fakkan
Ouesso,CG,10,40667,
Sherman,US,TX,40667,
Sherghāti,IN,34,40666,Sherghati
Bouznika,MA,06,40663,
Bhādra,IN,24,40662,Bhadra
Anglet,FR,75,40658,
Savelugu,GH,06,40654,
Sighetu Marmaţiei,RO,25,40653,Sighetu Marmatiei
Rødovre,DK,17,40652,
Sonyachnyi,UA,05,40650,
Puteaux,FR,11,40646,
Jhajha,IN,34,40646,
Cheorwon,KR,06,40646,
Katō,JP,13,40645,Kato
Santa Rita do Sapucaí,BR,15,40635,Santa Rita do Sapucai
Goose Creek,US,SC,40633,
Acacías,CO,19,40627,Acacias
Ghātsīla,IN,38,40624,Ghatsila
Carrizal,VE,15,40618,
Pontian Besar,MY,01,40613,
Luolong,CN,32,40612,
Río Blanco,MX,30,40611,Rio Blanco
Lorica,CO,12,40605,
Guimarães,PT,04,40604,Guimaraes
Yirga Ch’efē,ET,56,40600,Yirga Ch’efe
Šilainiai,LT,57,40600,Silainiai
Butha-Buthe,LS,11,40599,
Porto de Moz,BR,16,40597,
Dharmanagar,IN,26,40595,
Méhana,NE,09,40593,Mehana
Kayalpattinam,IN,25,40588,
Remanso,BR,05,40586,
Le Lamentin,MQ,MQ,40581,
Nowgong,IN,35,40580,
Santa Maria da Boa Vista,BR,30,40578,
Pinneberg,DE,10,40577,
Ōzu,JP,05,40575,Ozu
Sciacca,IT,15,40569,
Savanūr,IN,19,40567,Savanur
Maplewood,US,MN,40567,
Bosconia,CO,10,40562,
Nailā,IN,37,40561,Naila
Teknāf,BD,84,40557,Teknaf
Ancaster,CA,08,40557,
Südstadt,DE,06,40557,Sudstadt
Streamwood,US,IL,40554,
Andradas,BR,15,40553,
Fitchburg,US,MA,40545,
Nannambra,IN,13,40543,
Lordegān,IR,03,40528,Lordegan
Corbeil-Essonnes,FR,11,40527,
Mai Dịch,VN,01,40527,Mai Dich
Arkadag,TM,01,40524,
Gaurnadi,BD,85,40519,
Harderwijk,NL,03,40516,
Cascina,IT,16,40512,
Antsohihy,MG,42,40512,
Hilton Head Island,US,SC,40512,
Manapparai,IN,25,40510,
Benjamin Constant,BR,04,40509,
Boyampālaiyam,IN,25,40503,Boyampalaiyam
Yabrūd,SY,08,40502,Yabrud
Bedelē,ET,51,40500,Bedele
Kālia,BD,82,40492,Kalia
Djenné,ML,04,40489,Djenne
Mukdahan,TH,78,40480,
Palomeras Bajas,ES,29,40477,
La Quinta,US,CA,40476,
Buzi,TW,04,40467,
Wilhelmstadt,DE,16,40463,
Eiguliai,LT,57,40453,
Apsheronsk,RU,38,40451,
Kallakkurichchi,IN,25,40449,
Kulathummal,IN,13,40448,
Ara-dong,KR,01,40448,
Crystal Lake,US,IL,40448,
Kanegusuku,JP,47,40440,
Rantepao,ID,38,40438,
Ettumānūr,IN,13,40438,Ettumanur
Ghātampur,IN,36,40435,Ghatampur
Hagerstown,US,MD,40432,
Sihu,CN,04,40430,
Toyosu,JP,40,40424,
San Gabriel,US,CA,40424,
Al Mijlad,SD,62,40418,
Casco Histórico de Vallecas,ES,29,40417,Casco Historico de Vallecas
Channarāyapatna,IN,19,40417,Channarayapatna
Akivīdu,IN,02,40413,Akividu
Apia,WS,10,40407,
Garango,BF,04,40404,
Woodstock,CA,08,40404,
Reuleuet,ID,01,40393,
Alexandria,RO,35,40390,
Paris 06 Luxembourg,FR,11,40389,
Bol'šoj Kamen',RU,59,40387,Bol'soj Kamen'
Pyu,MM,16,40386,
Alta Gracia,AR,05,40384,
Yambio,SS,10,40382,
Kovvūr,IN,02,40379,Kovvur
Jacarezinho,BR,18,40375,
Hickory,US,NC,40374,
Mutang,CN,31,40373,
Hirai,JP,40,40373,
Bentung,MY,06,40373,
San Isidro,ES,29,40368,
Beverly Cove,US,MA,40365,
Almenara,BR,15,40364,
Vellakkovil,IN,25,40359,
Pat Heung,HK,NYL,40357,
Winter Garden,US,FL,40356,
Carol Stream,US,IL,40356,
Nowa Sól,PL,76,40354,Nowa Sol
Bougadoum,MR,01,40341,
Kirambo,RW,14,40341,
Sabalgarh,IN,35,40333,
Bhālki,IN,19,40333,Bhalki
Shiwan,CN,16,40330,
Molina,CL,11,40329,
Ngaoundal,CM,10,40328,
Yuntai,CN,33,40328,
Pirna,DE,13,40322,
Kayan,MM,17,40322,
Haugesund,NO,14,40321,
Aurich,DE,06,40319,
Kāttipparutti,IN,13,40318,Kattipparutti
Colinas,BR,13,40316,
Tarawa,KI,01,40311,
Talas,KG,06,40308,
Mirny,RU,63,40308,
Shamakhi,AZ,50,40300,
Murtajāpur,IN,16,40295,Murtajapur
Peringathur,IN,13,40292,
Bébédja,TD,09,40289,Bebedja
Solan,IN,11,40283,
Pereslavl’-Zalesskiy,RU,88,40283,
Durazno,UY,05,40279,
Bang Phai,TH,40,40277,
Mamatid,PH,40,40271,
Anfu,CN,33,40268,
Arawa,PG,07,40266,
Rouached,DZ,48,40263,
Barmbek-Nord,DE,04,40261,
Warren,US,OH,40245,
Ampanihy,MG,51,40244,
Saḩāb,JO,16,40241,Sahab
Marcianise,IT,04,40239,
Nādāpuram,IN,13,40230,Nadapuram
Pärnu,EE,11,40228,Parnu
Mingguang,CN,29,40221,
Santa Rosalía de Camargo,MX,06,40221,Santa Rosalia de Camargo
Gursahāiganj,IN,36,40214,Gursahaiganj
Nürtingen,DE,01,40210,Nurtingen
Kirchheim unter Teck,DE,01,40206,
Bilychi,UA,12,40200,
Tosno,RU,42,40198,
Maihar,IN,35,40192,
Marlboro,US,NJ,40191,
Soe,ID,18,40190,
San Javier,CL,11,40189,
Nanshu,CN,25,40188,
Pedra Branca,BR,06,40187,
Santa Quitéria,BR,06,40183,Santa Quiteria
Puerto Real,ES,51,40183,
Salinas,BR,15,40178,
Juwana,ID,07,40177,
Ban Na,TH,09,40174,
Capacho Nuevo,VE,20,40169,
Rāvar,IR,29,40167,Ravar
Aldershot,GB,ENG,40160,
Qā’en,IR,41,40157,Qa’en
Bantvāl,IN,19,40155,Bantval
Ndop,CM,07,40152,
Dohazāri,BD,84,40147,Dohazari
Buckow,DE,16,40146,
Had Soualem,MA,06,40146,
Dongyang,CN,33,40143,
Cifuentes,CU,16,40142,
Gourcy,BF,10,40141,
Plasencia,ES,57,40141,
Pallipalayam,IN,25,40140,
Héliopolis,DZ,23,40139,Heliopolis
Cihuatlán,MX,14,40139,Cihuatlan
Gramado,BR,23,40134,
Vargem Grande do Sul,BR,27,40133,
Guarda,PT,11,40126,
Mapusa,IN,33,40122,
Märkisches Viertel,DE,16,40119,Markisches Viertel
Vernon,CA,02,40116,
Balzar,EC,10,40115,
Luga,RU,42,40114,
Tāki,IN,28,40113,Taki
Akalkot,IN,16,40103,
Boumhel El Bassatine,TN,27,40101,
Chiredzi,ZW,08,40100,
Maştağa,AZ,09,40092,Mastaga
Nyaungdon,MM,03,40092,
Kasumigaura,JP,14,40087,
Kashira,RU,47,40084,
Khairpur,PK,05,40083,
Teaneck,US,NJ,40078,
Nibong Tebal,MY,09,40072,
Pénjamo,MX,11,40070,Penjamo
San Juan del Cesar,CO,17,40069,
Daxing,CN,33,40068,
Maner,IN,34,40068,
Zugdidi,GE,71,40067,
Calexico,US,CA,40053,
Mālūr,IN,19,40050,Malur
Sasayama,JP,13,40050,
Świdnik,PL,75,40050,Swidnik
Blanes,ES,56,40047,
Corfu,GR,ESYE22,40047,
Korkino,RU,13,40046,
Curitibanos,BR,26,40045,
Bakhri,IN,34,40043,
Kópavogur,IS,39,40040,Kopavogur
Mayyanād,IN,13,40039,Mayyanad
Túquerres,CO,20,40038,Tuquerres
Mappilaiurani,IN,25,40035,
Mahanoro,MG,31,40033,
Kidal,ML,10,40030,
Villa Altagracia,DO,33,40027,
Florence,US,AL,40026,
Raub,MY,06,40024,
San Pedro Sacatepéquez,GT,17,40021,San Pedro Sacatepequez
Ţubarjal,SA,20,40019,Tubarjal
Melur,IN,25,40017,
Huejutla de Reyes,MX,13,40015,
Tatsunochō-tominaga,JP,13,40011,Tatsunocho-tominaga
Khanzhonkove,UA,05,40007,
Káto Lakatámeia,CY,04,40000,Kato Lakatameia
Charlottenlund,DK,17,40000,
Ballerup,DK,17,40000,
Bloxwich,GB,ENG,40000,
Pekan Bahapal,ID,26,40000,
Hāsimāra,IN,28,40000,Hasimara
Sathupalli,IN,40,40000,
Nowshahr,IR,35,40000,
Nicastro,IT,03,40000,
Lisakovsk,KZ,13,40000,
Antakalnis,LT,65,40000,
Imzouren,MA,01,40000,
Bukit Gambir,MY,01,40000,
Bangsar,MY,14,40000,
Bandar Tun Hussein Onn,MY,12,40000,
Taman Sri Sinar,MY,14,40000,
Chari̇̄koṭ,NP,3,40000,Charikot
Choa Saidan Shah,PK,04,40000,
Chak,PK,05,40000,
Yagry,RU,06,40000,
Langepas,RU,32,40000,
Njala,SL,03,40000,
Namanyere,TZ,24,40000,
Mlowo,TZ,32,40000,
Mapinga,TZ,02,40000,
Geiro,TZ,10,40000,
Dumila,TZ,10,40000,
Telychka,UA,12,40000,
Novyi Lviv,UA,15,40000,
St. Johns,US,FL,40000,
Uchqŭrghon Shahri,UZ,06,40000,Uchqurghon Shahri
Güiria,VE,19,40000,Guiria
Istok,XK,10097359,40000,
Gangtou,CN,04,39999,
Ewell,GB,ENG,39994,
Kagano,RW,14,39994,
Granadilla de Abona,ES,53,39993,
Shwenatha,MM,17,39989,
Pūranpur,IN,36,39988,Puranpur
Kiryat Ono,IL,05,39986,
Sama,ES,34,39984,
Shakopee,US,MN,39981,
Trenque Lauquen,AR,01,39975,
Chrzanów,PL,77,39973,Chrzanow
Aklūj,IN,16,39972,Akluj
San Andrés Cholula,MX,21,39964,San Andres Cholula
Chascomús,AR,01,39947,Chascomus
Kolomyagi,RU,66,39945,
Massakory,TD,18,39944,
Segovia,CO,02,39938,
Tighenif,DZ,26,39938,
Kyaukme,MM,11,39930,
Bānsi,IN,36,39926,Bansi
Cantù,IT,09,39917,Cantu
Đan Phượng,VN,01,39917,Đan Phuong
Zhaojia,CN,33,39910,
Shuanghuai,CN,33,39907,
Kampong Pangkal Kalong,MY,03,39904,
Billerica,US,MA,39904,
Norwich,US,CT,39899,
Mingshan,CN,33,39897,
Qiryat Yam,IL,04,39897,
Écija,ES,51,39882,Ecija
Kord Kūy,IR,37,39881,Kord Kuy
Uray,RU,32,39878,
Bīlāspur,IN,36,39873,Bilaspur
Vadavalli,IN,25,39873,
Minawa,JP,19,39869,
Chenshi,CN,33,39863,
Thakurdwara,IN,36,39860,
Kīsh,IR,11,39853,Kish
Boa Esperança,BR,15,39848,Boa Esperanca
Alexeyevka,RU,09,39848,
Garges-lès-Gonesse,FR,11,39847,Garges-les-Gonesse
Vic,ES,56,39844,
Zvolen,SK,01,39844,
Sŭngho 1-tong,KP,12,39841,Sungho 1-tong
Roanne,FR,84,39840,
Rajapolah,ID,30,39840,
Amherst,US,MA,39833,
Itapemirim,BR,08,39832,
Hückelhoven,DE,07,39828,Huckelhoven
Duncanville,US,TX,39826,
New Berlin,US,WI,39825,
Marlborough,US,MA,39818,
Espírito Santo do Pinhal,BR,27,39816,Espirito Santo do Pinhal
Oakley,US,CA,39813,
Xicotepec de Juárez,MX,21,39803,Xicotepec de Juarez
Villamontes,BO,09,39800,
Corozal,CO,27,39800,
Amudālavalasa,IN,02,39799,Amudalavalasa
Vyāra,IN,09,39789,Vyara
Canillas,ES,29,39786,
Sanjiang,CN,33,39785,
Shu,KZ,17,39785,
Umi,JP,07,39772,
Chenghai,CN,29,39766,
Lancaster,US,OH,39766,
Fondi,IT,07,39762,
Kristianstad,SE,27,39762,
Al ‘Unayzah,QA,01,39761,
Huaquillas,EC,08,39757,
Ladhewala Waraich,PK,04,39757,
Sawtelle,US,CA,39757,
Hwange,ZW,06,39750,
Beni Saf,DZ,36,39749,
North Shields,GB,ENG,39747,
Taal,PH,40,39745,
El Hadjira,DZ,50,39744,
Bhavāni,IN,25,39744,Bhavani
Knurów,PL,83,39744,Knurow
Dachau,DE,02,39740,
Baojia,CN,33,39738,
Rozzano,IT,09,39731,
Halberstadt,DE,14,39729,
Svetlograd,RU,70,39727,
Shepherds Bush,GB,ENG,39724,
Avondale,US,IL,39721,
Romeoville,US,IL,39719,
Culver City,US,CA,39717,Culver
Samālkha,IN,10,39710,Samalkha
Paraíso,CR,02,39702,Paraiso
Montclair,US,NJ,39701,
Jaen,PH,03,39700,
Savigny-sur-Orge,FR,11,39698,
Qal‘at Şāliḩ,IQ,14,39698,Qal‘at Salih
Lakkanahalli,IN,25,39697,
Morohongō,JP,34,39693,Morohongo
Liji,CN,04,39691,
Sanok,PL,80,39684,
Gorod Shebekino,RU,09,39680,
Çatalca,TR,34,39678,Catalca
Maarssen,NL,09,39675,
Djapadji,CI,76,39673,
Porsa,IN,35,39669,
Kadungalūr,IN,13,39666,Kadungalur
Meridian,US,MS,39661,
Puyallup,US,WA,39659,
Camiling,PH,03,39655,
Spandau,DE,16,39653,
Duaca,VE,13,39653,
Shichuan,CN,33,39645,
Dakoro,NE,04,39645,
Huixian Chengguanzhen,CN,15,39643,
Hinigaran,PH,06,39636,
Kétou,BJ,17,39626,Ketou
Capelinha,BR,15,39626,
Bang Lamung,TH,46,39620,
Mangalia,RO,14,39619,
Ambatofinandrahana,MG,22,39618,
Zacatecoluca,SV,06,39613,
Afşin,TR,46,39613,Afsin
Tamba-Sasayama,JP,13,39611,
Umán,MX,31,39611,Uman
Bera,BD,83,39604,
Robit,ET,46,39600,
Lumut,MY,07,39595,
Cimin,TR,24,39591,
Metlili Chaamba,DZ,45,39588,
Kālappatti,IN,25,39586,Kalappatti
Anandpur,IN,21,39585,
Kehl,DE,01,39584,
Senekal,ZA,03,39584,
Lajedo,BR,30,39582,
Chaklāsi,IN,09,39581,Chaklasi
Nalayh,MN,20,39579,
Myrhorod,UA,18,39575,
Benoa,ID,02,39570,
Nuevo San Carlos,GT,15,39565,
Eldorado do Sul,BR,23,39559,
Rādhanpur,IN,09,39558,Radhanpur
Neumarkt in der Oberpfalz,DE,02,39557,
Murshidābād,IN,28,39557,Murshidabad
Woburn,US,MA,39555,
Riacho Fundo,BR,07,39552,
Tucumã,BR,16,39550,Tucuma
Mettmann,DE,07,39550,
San Clemente,CL,11,39538,
Manakunnam,IN,13,39538,
Vyatskiye Polyany,RU,33,39534,
Bhachāu,IN,09,39532,Bhachau
Boldumsaz,TM,03,39532,
Jalālābād,IN,23,39525,Jalalabad
Löhne,DE,07,39521,Lohne
Bremerton,US,WA,39520,
Livry-Gargan,FR,11,39518,
Épinal,FR,44,39518,Epinal
Kurinjippādi,IN,25,39514,Kurinjippadi
Leslie,ZA,07,39514,
São Gonçalo dos Campos,BR,05,39513,Sao Goncalo dos Campos
Nova Viçosa,BR,05,39509,Nova Vicosa
Karasu Mahallesi,TR,54,39508,
Presidente Epitácio,BR,27,39505,Presidente Epitacio
Tarutung,ID,26,39500,
Aobadai,JP,19,39500,
Pivnichni Osokorky,UA,12,39500,
Itápolis,BR,27,39493,Itapolis
Sabaneta,VE,05,39493,
Kamp-Lintfort,DE,07,39490,
Hallandale Beach,US,FL,39488,
Dilbeek,BE,VLG,39482,
Abadan,TM,01,39481,
Óc Eo,VN,91,39481,Oc Eo
Tavda,RU,71,39480,
Clovis,US,NM,39480,
Hamanoichi,JP,18,39475,
Mibu,JP,38,39474,
Weslaco,US,TX,39474,
San Fernando de Henares,ES,29,39466,
Cape Girardeau,US,MO,39462,
Líbano,CO,28,39459,Libano
Umm Ghuwaylīnah,QA,14,39457,Umm Ghuwaylinah
Simei New Town,SG,00,39450,
Bullhead City,US,AZ,39445,Bullhead
Andilamena,MG,33,39428,
Mehendiganj,BD,85,39424,
Nõmme,EE,01,39422,Nomme
Ermesinde,PT,17,39420,
Lương Bằng,VN,33,39420,Luong Bang
Téra,NE,09,39410,Tera
Yesan,KR,17,39409,
Wiradesa,ID,07,39407,
North Fort Myers,US,FL,39407,
Mörön,MN,13,39404,Moron
Custódia,BR,30,39403,Custodia
Barra da Tijuca,BR,21,39403,
Dover,US,DE,39403,
Wenquan,CN,33,39402,
Nejo,ET,51,39400,
Asaita,ET,45,39400,
Chelsea,US,MA,39398,
San Pascual,PH,40,39395,
Grove City,US,OH,39388,Grove
Guajará Mirim,BR,24,39387,Guajara Mirim
Bor,RS,SE,39387,
Bowmanville,CA,08,39371,
Keat Hong Village,SG,00,39370,
Changyŏn,KP,06,39368,Changyon
Fatick,SN,09,39361,
San Martín,SV,04,39361,San Martin
Guáimaro,CU,05,39358,Guaimaro
Saint-Ouen,FR,11,39353,
Gondola,MZ,10,39351,
Placilla,CL,01,39344,
Sedam,IN,19,39341,
Zhuyuan,CN,33,39338,
Chhāgalnāiya,BD,84,39335,Chhagalnaiya
Kuala Kangsar,MY,07,39331,
Vādāsinor,IN,09,39330,Vadasinor
Roi Et,TH,25,39328,
Amambai,BR,11,39325,
Mentiri,BN,02,39324,
Kirov,RU,25,39319,
Sampsonievskiy,RU,42,39318,
Bodrum,TR,48,39317,
Jisr ash Shughūr,SY,12,39311,Jisr ash Shughur
Xilinji,CN,08,39310,
Princeton,US,FL,39308,
Kampli,IN,19,39307,
Kāro,IN,38,39305,Karo
Cacuso,AO,12,39302,
Sipitang,MY,16,39300,
Tetu,KE,44,39293,
Cegléd,HU,16,39287,Cegled
Tirkadavūr,IN,13,39285,Tirkadavur
Pantubig,PH,03,39285,
Castle Hill,AU,02,39284,
El Abiodh Sidi Cheikh,DZ,42,39283,
Freital,DE,13,39281,
Jogbani,IN,34,39281,
Guaíra,BR,27,39279,Guaira
Bom Jardim,BR,30,39278,
Mangbang,CN,29,39273,
Wichian Buri,TH,14,39272,
Lequn,CN,30,39271,
Soanierana Ivongo,MG,32,39271,
Hitachiomiya,JP,14,39267,
Miranda de Ebro,ES,55,39264,
Oliveira,BR,15,39262,
Essex,US,MD,39262,
Rio Negrinho,BR,26,39261,
Mantua,IT,09,39260,
Atlantic City,US,NJ,39260,Atlantic
Pacifica,US,CA,39260,
Matinhos,BR,18,39259,
Rezé,FR,52,39248,Reze
San José del Castillo,MX,14,39246,San Jose del Castillo
Mūkondapalli,IN,25,39245,Mukondapalli
Talipapa,PH,NCR,39244,
Baishikante,CN,13,39243,
Vyazniki,RU,83,39243,
Germantown,US,TN,39240,
Sirohi,IN,24,39229,
Ōkawa,JP,07,39223,Okawa
Podilsk,UA,17,39220,
Pinamar,AR,01,39218,
Chhātak,BD,86,39218,Chhatak
Aroor,IN,13,39214,
Gümüşhane,TR,69,39214,Gumushane
Hasaki,JP,04,39209,
Los Reyes de Salgado,MX,16,39209,
T’īs Isat,ET,46,39200,T’is Isat
Saña,PE,14,39200,Sana
Yuzhnoural’sk,RU,13,39200,
Northglenn,US,CO,39197,
Heemskerk,NL,07,39191,
Far Rockaway,US,NY,39189,
Sultan sa Barongis,PH,14,39182,
Ocozocoautla de Espinosa,MX,05,39180,
Bonito,BR,30,39163,
Teotônio Vilela,BR,02,39161,Teotonio Vilela
Visconde do Rio Branco,BR,15,39160,
Olney,US,PA,39154,
Khalabat,PK,03,39148,
Yalvaç,TR,33,39145,Yalvac
Caibarién,CU,16,39140,Caibarien
Othukkungal,IN,13,39139,
Ghosī,IN,36,39138,Ghosi
Muravlenko,RU,87,39137,
Siegburg,DE,07,39135,
Manggar,ID,35,39135,
Nguruka,TZ,05,39135,
Whampoa,HK,KKC,39134,
Sumerpur,IN,24,39132,
Iwase,JP,14,39122,
Kensington,US,NY,39120,
Bizen,JP,31,39117,
Coram,US,NY,39113,
Soria,ES,55,39112,
El Meghaïer,DZ,MG,39106,El Meghaier
Möng Yawng,MM,11,39102,Mong Yawng
Pehowa,IN,10,39101,
Lalibela,ET,46,39100,
Yew Tee,SG,03,39100,
Zaïo,MA,02,39099,Zaio
Kārakkād,IN,13,39098,Karakkad
Higashimatsushima,JP,24,39098,
Wausau,US,WI,39094,
Sremska Mitrovica,RS,VO,39084,
Jumayrā,AE,03,39080,Jumayra
Nūrpur,IN,36,39077,Nurpur
Sakuragawa,JP,14,39072,
Vichuga,RU,21,39071,
Rieti,IT,07,39068,
Bāniyās,SY,14,39066,Baniyas
Āstārā,IR,08,39065,Astara
Es Senia,DZ,09,39064,
Montigny-le-Bretonneux,FR,11,39063,
Boucherville,CA,10,39062,
Tulsi̇̄pur,NP,5,39058,Tulsipur
Jinzhongzi,CN,25,39054,
Araioses,BR,13,39052,
Venray,NL,05,39047,
Talata Mafara,NG,57,39045,
Revelganj,IN,34,39039,
Al Manqaf,KW,04,39025,
Izobil’nyy,RU,70,39022,
Metlaoui,TN,30,39021,
Hurst,US,TX,39016,
Batley,GB,ENG,39013,
Kamar Mushani,PK,04,39013,
Kaseda-shirakame,JP,18,39012,
Ibusuki,JP,18,39011,
Bandar Country Homes,MY,12,39000,
Cleethorpes,GB,ENG,38996,
Betamcherla,IN,02,38994,
Belpahar,IN,21,38993,
Maintal,DE,05,38987,
Sidi Khaled,DZ,OD,38987,
Minakuchichō-matoba,JP,35,38986,Minakuchicho-matoba
Spruce Grove,CA,01,38985,
Várzea Alegre,BR,06,38984,Varzea Alegre
Paracuru,BR,06,38980,
Esperanza,MX,26,38969,
Brčko,BA,BRC,38968,Brcko
Tambopata,PE,17,38966,
Shili,CN,15,38961,
Vuosaari,FI,01,38961,
Noisy-le-Sec,FR,11,38955,
Melun,FR,11,38953,
Chīka,IN,10,38952,Chika
Wodonga,AU,07,38949,
Paravūr Tekkumbhāgam,IN,13,38946,Paravur Tekkumbhagam
Khao Saming,TH,49,38941,
Letpandan,MM,16,38936,
São Raimundo Nonato,BR,20,38934,Sao Raimundo Nonato
Pomigliano d'Arco,IT,04,38921,
Igualada,ES,56,38918,
Brumadinho,BR,15,38915,
Khwaeng Bang Khae,TH,40,38915,
St. Thomas,CA,08,38909,
Rauma,FI,04,38909,
Menzel Temime,TN,19,38908,
Bagneux,FR,11,38900,
Majenang,ID,07,38897,
Balu,CN,04,38894,
Ilopango,SV,10,38890,
Políchni,GR,ESYE12,38887,Polichni
Tuvāgudi,IN,25,38887,Tuvagudi
Yasugichō,JP,36,38875,Yasugicho
Dwārka,IN,09,38873,Dwarka
Stanton,US,CA,38872,
Aţ Ţārif,EG,13,38871,At Tarif
Aksay,RU,61,38871,
Kampung Setia,MY,12,38870,
Renyi,CN,33,38864,
New Badah,PK,05,38855,
Gongping,CN,33,38852,
Sunbury,AU,07,38851,
Ikongo,MG,26,38851,
Missira,GW,11,38838,
Kotamangalam,IN,13,38837,
Ilmenau,DE,15,38834,
Kātpādi,IN,25,38833,Katpadi
Aliamanu / Salt Lakes / Foster Village,US,HI,38833,
São Mateus do Maranhão,BR,13,38829,Sao Mateus do Maranhao
Rangat,IN,01,38824,
Ngororero,RW,14,38823,
Mikołów,PL,83,38821,Mikołow
Backnang,DE,01,38818,
Sagauli,IN,34,38815,
Skelmersdale,GB,ENG,38813,
Rāhuri,IN,16,38813,Rahuri
Charlottetown,CA,09,38809,
Saint-Joseph,RE,RE,38807,
Ōmagari,JP,02,38805,Omagari
Chinsali,ZM,10,38805,
Lancaster,US,TX,38801,
Friendswood,US,TX,38800,
Kavadarci,MK,D6,38799,
Bragado,AR,01,38794,
Chojnice,PL,82,38789,
Langen,DE,05,38785,
Nyköping,SE,18,38780,Nykoping
Żary,PL,76,38779,Zary
Caeté,BR,15,38776,Caete
Yoshinogawa,JP,39,38772,
Buaran,ID,07,38770,
Beypazarı,TR,68,38769,
Massy,FR,11,38768,
Errenteria,ES,59,38767,
Biebrich,DE,05,38758,
Hlegu,MM,17,38757,
Hoogeveen,NL,01,38754,
Brás,BR,27,38750,Bras
Aweil,SS,05,38745,
Gummi,NG,57,38744,
Sanāwad,IN,35,38740,Sanawad
São Francisco do Conde,BR,05,38733,Sao Francisco do Conde
Fleet,GB,ENG,38726,
Ouro Branco,BR,15,38724,
Nizhneudinsk,RU,20,38723,
Haguenau,FR,44,38721,
Kondapalle,IN,02,38714,
Leningradskaya,RU,38,38712,
Gainesville,US,GA,38712,
São João da Barra,BR,21,38708,Sao Joao da Barra
Montrouge,FR,11,38708,
Warendorf,DE,07,38707,
The Acreage,US,FL,38704,
Nālchiti,BD,85,38703,Nalchiti
Wichit,TH,62,38701,
West Oak Lane,US,PA,38699,
Sankt Ingbert,DE,09,38697,
Taibao,TW,04,38696,
Montclair,US,CA,38690,
Cumanayagua,CU,08,38687,
Hưng Mỹ,VN,96,38687,Hung My
Pīrmām,IQ,11,38686,Pirmam
Yako,BF,10,38679,
Abingdon,GB,ENG,38676,
Nishiwaki,JP,13,38673,
Barendrecht,NL,11,38672,
Vetapālem,IN,02,38671,Vetapalem
Falkenhagener Feld,DE,16,38667,
Rincón de la Victoria,ES,51,38666,Rincon de la Victoria
Minas,UY,08,38645,
Klebang Besar,MY,04,38643,
Papaya,PH,03,38640,
Sangariā,IN,24,38638,Sangaria
Retiro,AR,07,38635,
Kailua,US,HI,38635,
Marcq-en-Barœul,FR,32,38629,
Rock Island,US,IL,38620,
Aourir,MA,09,38617,
San Antonio,PH,03,38617,
Kuroishi,JP,03,38615,
Jalesar,IN,36,38614,
Kampung Baharu Nilai,MY,05,38612,
Santa Maria da Vitória,BR,05,38604,Santa Maria da Vitoria
Krian,ID,08,38603,
Nattakam,IN,13,38599,
Melchor Ocampo,MX,15,38599,
Geraldton,AU,08,38595,
Vitrolles,FR,93,38591,
Binalbagan,PH,06,38587,
Whitney,US,NV,38585,
Ettlingen,DE,01,38578,
Draguignan,FR,93,38573,
Altenburg,DE,15,38568,
Bailin,CN,33,38564,
Pivdennoukrainsk,UA,16,38560,
Schwabach,DE,02,38554,
Oviedo,US,FL,38551,
Paliā Kalān,IN,36,38547,Palia Kalan
Santo Ovídio,PT,17,38544,Santo Ovidio
Phrae,TH,07,38538,
Kerava,FI,01,38535,
Atalaia,BR,02,38530,
Rákospalota,HU,05,38530,Rakospalota
El Hajeb,MA,03,38527,
Millerovo,RU,61,38527,
Râmnicu Sărat,RO,11,38526,Ramnicu Sarat
Cauquenes,CL,11,38522,
Carpentersville,US,IL,38512,
Bayāna,IN,24,38502,Bayana
Manhattan Valley,US,NY,38500,
Szczecinek,PL,87,38496,
Lake Oswego,US,OR,38496,
Santa Helena de Goiás,BR,29,38492,Santa Helena de Goias
Tallbīsah,SY,11,38491,Tallbisah
Rājula,IN,09,38489,Rajula
Tank,PK,03,38488,
Portimão,PT,09,38487,Portimao
Sharm el-Sheikh,EG,26,38478,
Daik-u,MM,16,38477,
Rosário,BR,13,38475,Rosario
Ingeniero Pablo Nogués,AR,01,38470,Ingeniero Pablo Nogues
Alderetes,AR,24,38466,
Voghera,IT,09,38464,
Muskogee,US,OK,38456,
Mirriah,NE,07,38446,
Bodh Gaya,IN,34,38439,
Miyoshidai,JP,34,38434,
Burjassot,ES,60,38433,
Kandalaksha,RU,49,38431,
Wonopringgo,ID,07,38429,
Keru,IN,24,38429,
Ar Rāshidīyah,AE,03,38425,Ar Rashidiyah
Vilafranca del Penedès,ES,56,38425,Vilafranca del Penedes
Dalnegorsk,RU,59,38424,
Jiachuan,CN,32,38421,
Hobbs,US,NM,38416,
Třinec,CZ,85,38415,Trinec
Kalmar,SE,09,38408,
Choi Wan,HK,KWT,38405,
Muskegon,US,MI,38401,
Shinshicho,ET,55,38400,
Hetoudian,CN,25,38398,
Caltagirone,IT,15,38391,
El Cerrito,CO,29,38390,
Xihu,CN,33,38386,
Kollancode,IN,25,38385,
Westerville,US,OH,38384,
Furmanov,RU,21,38380,
Okanagan Mission,CA,02,38374,
Tunuyán,AR,13,38367,Tunuyan
Fribourg,CH,FR,38365,
Glenrothes,GB,SCT,38360,
Bayanan,PH,NCR,38358,
Kilakarai,IN,25,38355,
Leuben,DE,13,38353,
Bougara,DZ,20,38352,
Ripollet,ES,56,38347,
Anxiang,CN,09,38345,
el Camp de l'Arpa del Clot,ES,56,38343,
Little Elm,US,TX,38341,
Nijkerk,NL,03,38335,
Kumhāri,IN,37,38334,Kumhari
Saarlouis,DE,09,38333,
Hanover Park,US,IL,38333,
Steyr,AT,04,38331,
Novo Horizonte,BR,27,38324,
Orlândia,BR,27,38319,Orlandia
Chikodi,IN,19,38307,
Oqtosh,UZ,10,38307,
Romny,UA,21,38305,
Køge,DK,20,38304,
Hillsborough,US,NJ,38303,
Pweto,CD,14,38298,
Khairtal,IN,24,38298,
Iturama,BR,15,38295,
Sinjār,IQ,15,38294,Sinjar
Padang Rengas,MY,07,38294,
Akbou,DZ,18,38291,
Channelview,US,TX,38289,
Panama City,US,FL,38286,Panama
El-Tor,EG,26,38285,
Pathanāmthitta,IN,13,38285,Pathanamthitta
Tandlianwala,PK,04,38285,
Linden,DE,06,38284,
Ciampino,IT,07,38277,
Murata,JP,24,38271,
Zwedru,LR,19,38269,
Sochaczew,PL,78,38267,
Lens,FR,32,38265,
Maibara,JP,35,38259,
Brzeg,PL,79,38259,
São Pedro,BR,27,38256,Sao Pedro
Sīdī Barānī,EG,22,38253,Sidi Barani
Condado,CU,14,38248,
San Vicente,AR,14,38247,
Boca do Acre,BR,04,38246,
Chōrōd,IN,13,38245,Chorod
Ban Sang,TH,74,38245,
Barrancas,CO,17,38232,
Florence,US,SC,38228,
Bassano del Grappa,IT,20,38224,
Nandigāma,IN,02,38219,Nandigama
Indi,IN,19,38217,
Chak Azam Sahu,PK,04,38216,
Waipahu,US,HI,38216,
Shawinigan,CA,10,38211,
Harbel,LR,17,38208,
Kondli,IN,07,38207,
Khetsamsenok,TH,40,38204,
Phola,ZA,07,38202,
Xinxing,CN,25,38200,
Lyantor,RU,32,38200,
Wake Forest,US,NC,38199,
Kampung Alor Mengkudu,MY,02,38193,
Ma‘ale Adummim,PS,WE,38193,
Buxtehude,DE,06,38192,
Al Bīrah,PS,WE,38192,Al Birah
Sant Antoni,ES,56,38182,
Huber Heights,US,OH,38176,
Tinaco,VE,08,38172,
Canvey Island,GB,ENG,38170,
Ventanas,EC,13,38168,
Ahaus,DE,07,38165,
Zhancheng,CN,04,38164,
Savalou,BJ,11,38162,
Oeiras,BR,20,38161,
Bherāmāra,BD,82,38159,Bheramara
Surbiton,GB,ENG,38158,
Nueva Rosita,MX,07,38158,
Nildoh,IN,16,38157,
Sento Sé,BR,05,38154,Sento Se
Kadiolo,ML,06,38149,
Miaozi,CN,25,38147,
Kabnur,IN,16,38146,
Haltern am See,DE,07,38142,
Martinez,US,CA,38137,
Gagny,FR,11,38134,
East Meadow,US,NY,38132,
Malavalli,IN,19,38129,
Plettenberg Bay,ZA,11,38126,
Tepotzotlán,MX,15,38119,Tepotzotlan
Thới Bình,VN,96,38116,Thoi Binh
Weixinghu,CN,33,38112,
Mühlhausen,DE,15,38108,Muhlhausen
Hegeng,CN,33,38106,
Fate,CN,05,38105,
Rengo,CL,08,38100,
Gisborne,NZ,F1,38100,
Saronno,IT,09,38099,
Khlong Yai,TH,49,38099,
Newala Kisimani,TZ,11,38099,
Entre Rios,BR,05,38098,
Kamiiso,JP,12,38098,
Limbang,MY,11,38093,
Madīnat ‘Īsá,BH,17,38090,Madinat ‘Isa
Hanover,US,MD,38088,
Burhaniye,TR,10,38083,
Chan Kasem,TH,40,38080,
Wheeling,US,IL,38079,
Apache Junction,US,AZ,38074,
Sūlūru,IN,02,38065,Suluru
Thanatpin,MM,16,38059,
Celje,SI,11,38059,
Whitley Bay,GB,ENG,38055,
Pleasant Grove,US,UT,38052,
Socorro,BR,27,38051,
Songwŏn,KP,01,38051,Songwon
Songwŏn-ŭp,KP,01,38051,Songwon-up
General Güemes,AR,17,38048,General Guemes
Mabote,LS,10,38047,
Kāman,IN,24,38040,Kaman
Dej,RO,13,38033,
Brookfield,US,WI,38025,
Masamba,ID,38,38024,
Dimitrovgrad,BG,43,38015,
Saint-Chamond,FR,84,38014,
Chetwayi,IN,13,38011,
Dār as Salām,EG,24,38008,Dar as Salam
Hitoyoshi,JP,21,38006,
Nongthymmai,IN,18,38004,
Lasoano,ET,52,38000,
Greenford,GB,ENG,38000,
Kennedy Town,HK,HCW,38000,
Shahbazpur,IN,34,38000,
Voorburg,NL,11,38000,
Columbia Heights,US,DC,38000,
Abū Qīr,EG,06,37997,Abu Qir
Dhī as Sufāl,YE,23,37997,Dhi as Sufal
Delaware,US,OH,37995,
Hamm,DE,04,37989,
Wādi,IN,19,37988,Wadi
Phultala,BD,82,37985,
Las Guacamayas,MX,16,37980,
Mucuri,BR,05,37977,
Longshan,CN,15,37976,
Ulianópolis,BR,16,37972,Ulianopolis
’Aïn Azel,DZ,12,37970,’Ain Azel
Tirupati NMA,IN,02,37968,
Kranj,SI,52,37966,
Roy,US,UT,37964,
Valley Stream,US,NY,37962,
‘Izbat al Burj,EG,01,37953,
San José de los Cerrillos,AR,17,37950,San Jose de los Cerrillos
Rolim de Moura do Guaporé,BR,24,37949,Rolim de Moura do Guapore
Gauribidanur,IN,19,37947,
Tāsgaon,IN,16,37945,Tasgaon
La Chaux-de-Fonds,CH,NE,37942,
Umm Hājar,TD,01,37941,Umm Hajar
Neustadt/Süd,DE,07,37939,Neustadt/Sud
Spanish Fork,US,UT,37935,
Weißenfels,DE,14,37929,
Agar,IN,35,37917,
Stirling,GB,SCT,37910,
Volodymyr-Volynskyi,UA,24,37910,
Rajakilpakkam,IN,25,37906,
Rusape,ZW,01,37906,
Horn,DE,04,37903,
Andkhoy,AF,07,37900,
Keizer,US,OR,37895,
Dukuria,BD,81,37894,
Pedro II,BR,20,37894,
Tokai,JP,14,37891,
Karatau,KZ,17,37881,
Woodlawn,US,MD,37879,
Lepaera,HN,13,37876,
Gharonda Neemka Bangar,IN,07,37876,
Yŏnsa-ŭp,KP,17,37876,Yonsa-up
Heist-op-den-Berg,BE,VLG,37873,
Arnold,GB,ENG,37873,
Dibai,IN,36,37873,
Lima,US,OH,37873,
Chiúre,MZ,01,37871,Chiure
Namlea,ID,28,37869,
Spartanburg,US,SC,37867,
Santa Rosa de Osos,CO,02,37864,
Vavatenina,MG,32,37861,
Sint-Truiden,BE,VLG,37859,
Madaoua,NE,06,37858,
Robertsganj,IN,36,37855,
Pen,IN,16,37852,
Jasło,PL,80,37851,
Tarikere,IN,19,37848,
Maudaha,IN,36,37844,
Mateus Leme,BR,15,37841,
Changshouhu,CN,33,37839,
Santaluz,BR,05,37834,
Bron,FR,84,37825,
Caraballeda,VE,26,37824,
Al Bayda,YE,20,37821,
Lubao,CD,21,37818,
Sathyamangalam,IN,25,37816,
Gharaunda,IN,10,37816,
Beckum,DE,07,37814,
Hermitage,US,TN,37814,
Pentecoste,BR,06,37813,
Los Rosales,ES,29,37808,
Avezzano,IT,01,37808,
Baniachang,BD,86,37807,
Cheyyar,IN,25,37802,
Saray,AZ,01,37800,
Uchaly,RU,08,37788,
Loralai,PK,02,37787,
Ohangaron,UZ,14,37784,
Otan Ayegbaju,NG,42,37783,
Patía,CO,09,37781,Patia
Sonepur,IN,34,37776,
Tayshet,RU,20,37766,
Afuá,BR,16,37765,Afua
Niwai,IN,24,37765,
Park Ridge,US,IL,37757,
Gogri Jamālpur,IN,34,37753,Gogri Jamalpur
Hofheim am Taunus,DE,05,37750,
Mango,TG,26,37748,
San Antonio de Padua,AR,01,37745,
Haedo,AR,01,37745,
Puerto Píritu,VE,02,37745,Puerto Piritu
Olkusz,PL,77,37744,
Saint-Raphaël,HT,09,37739,Saint-Raphael
Bilāsipāra,IN,03,37739,Bilasipara
Monopoli,IT,13,37738,
Mombaça,BR,06,37735,Mombaca
Ontinyent,ES,60,37735,
Fenway/Kenmore,US,MA,37733,
Uglich,RU,88,37732,
Vakfıkebir,TR,61,37728,
Jinshan,CN,15,37727,
Shahe,CN,30,37722,
Stendal,DE,14,37722,
Qaşr-e Qand,IR,04,37722,Qasr-e Qand
Papakura,NZ,E7,37720,
Kampung Ayer Keroh,MY,04,37716,
Juanjuí,PE,22,37715,Juanjui
Baja,HU,01,37714,
Narón,ES,58,37712,Naron
Leblon,BR,21,37709,
Nangli Sakrawat,IN,07,37706,
Mizunami,JP,09,37705,
Yolöten,TM,05,37705,Yoloten
Satānā,IN,16,37701,Satana
Aghdam,AZ,03,37700,
Bedēsa,ET,51,37700,Bedesa
Rāwatbhāta,IN,24,37699,Rawatbhata
Baldivis,AU,08,37697,
Massapê,BR,06,37697,Massape
Tsubata,JP,15,37694,
Bijeljina,BA,02,37692,
Winter Haven,US,FL,37689,
Gropiusstadt,DE,16,37686,
Martina Franca,IT,13,37685,
Machado,BR,15,37684,
Kanda,JP,07,37684,
Quarto,IT,04,37683,
Ksour Essaf,TN,15,37683,
Zhonghe,CN,29,37682,
Agudos,BR,27,37680,
Ellenabad,IN,10,37680,
Bosconia,CO,33,37676,
Mae Chan,TH,03,37672,
Wānādongri,IN,16,37667,Wanadongri
Parola,IN,16,37666,
Staré Strašnice,CZ,52,37665,Stare Strasnice
Holešovice,CZ,52,37664,Holesovice
Tietê,BR,27,37663,Tiete
Coalville,GB,ENG,37661,
Jaíba,BR,15,37660,Jaiba
Nyahururu,KE,29,37650,
Aventura,US,FL,37649,
Pāthri,IN,16,37648,Pathri
Kawanoechō,JP,05,37641,Kawanoecho
Bopal,IN,09,37635,
Severna Park,US,MD,37634,
Royal Palm Beach,US,FL,37633,
St Albans,AU,07,37629,
Jeremoabo,BR,05,37626,
Kulebaki,RU,51,37622,
Chettipālaiyam,IN,25,37620,Chettipalaiyam
Matozinhos,BR,15,37618,
Leyland,GB,ENG,37614,
Tumeremo,VE,06,37614,
Pontal,BR,27,37607,
Damaia,PT,14,37607,
Chadderton,GB,ENG,37602,
Rio Brilhante,BR,11,37601,
Kwidzyn,PL,82,37601,
Gīnch’ī,ET,51,37600,Ginch’i
Batī,ET,46,37600,Bati
Yasynuvata,UA,05,37600,
Pivnichno-Brovarskyi Masyv,UA,12,37600,
Troitsk,RU,48,37591,
Bäherden,TM,01,37588,Baherden
Beverwijk,NL,07,37585,
Brighton,US,CO,37585,
Rushden,GB,ENG,37584,
Taymā’,SA,19,37579,Tayma’
Vilagarcía de Arousa,ES,58,37576,Vilagarcia de Arousa
Banikoara,BJ,07,37571,
Ituverava,BR,27,37571,
Phenix City,US,AL,37570,Phenix
Karoi,ZW,05,37564,
Faratsiho,MG,12,37563,
Puerto Varas,CL,14,37561,
Rio Branco do Sul,BR,18,37558,
Milton,US,GA,37547,
Kalbā,AE,06,37545,Kalba
La Grita,VE,20,37545,
Kidatu,TZ,10,37542,
Confresa,BR,14,37541,
Neufchâtel-Est–Lebourgneuf,CA,10,37540,Neufchatel-Est–Lebourgneuf
Boma la Ngombe,TZ,06,37538,
Jarinu,BR,27,37535,
Mandeni,ZA,02,37533,
Kahrīzak,IR,26,37527,Kahrizak
Kahrīzak,IR,26,37527,Kahrizak
Sungurlu,TR,19,37526,
Barranco,PE,15,37525,
Jekulo,ID,07,37521,
Baksan,RU,22,37519,
Talattala,IN,13,37517,
Perote,MX,30,37516,
Tāybād,IR,42,37513,Taybad
Braine-l'Alleud,BE,WAL,37512,
Havelian,PK,03,37509,
Muang Phônsavan,LA,14,37507,Muang Phonsavan
Jincheng,TW,01,37507,
Jhālrapātan,IN,24,37506,Jhalrapatan
Hemer,DE,07,37502,
Tonekābon,IR,35,37501,Tonekabon
Taman Tun Dr Ismail,MY,14,37500,
Paidha,UG,N,37500,
Sun City,US,AZ,37499,Sun
Guariba,BR,27,37498,
Zira,IN,23,37498,
Lake Worth Beach,US,FL,37498,
Payandé,CO,28,37496,Payande
Pokrov,UA,04,37493,
Turiaçu,BR,13,37491,Turiacu
Grabouw,ZA,11,37490,
Vaulx-en-Velin,FR,84,37489,
Považská Bystrica,SK,06,37483,Povazska Bystrica
Kew Gardens Hills,US,NY,37479,
Leh,IN,41,37475,
Falkensee,DE,11,37468,
Jamaica Plain,US,MA,37468,
Joué-lès-Tours,FR,24,37466,Joue-les-Tours
Ogoja,NG,22,37466,
Paracho de Verduzco,MX,16,37464,
Monrovia,US,CA,37463,
Dorcheh Pīāz,IR,28,37462,Dorcheh Piaz
Hollister,US,CA,37462,
Duvernay,CA,10,37460,
Los Banos,US,CA,37457,
Calaca,PH,40,37443,
Kānker,IN,37,37442,Kanker
Uto,JP,21,37442,
Cansanção,BR,05,37439,Cansancao
Porteirinha,BR,15,37438,
Sārangpur,IN,35,37435,Sarangpur
Sewell,US,NJ,37433,
Arrah,CI,94,37432,
Sandūr,IN,19,37431,Sandur
Bāngarmau,IN,36,37425,Bangarmau
Karangnongko,ID,07,37420,
Kanigiri U,IN,02,37420,
Rezh,RU,71,37420,
Yingpan,CN,29,37406,
Plant City,US,FL,37406,Plant
Anié,TG,25,37398,Anie
Ipanema,BR,21,37392,
Bayt Ḩānūn,PS,GZ,37392,Bayt Hanun
Novovoronezh,RU,86,37392,
Yihe,CN,33,37390,
Struga,MK,E6,37387,
Yeadon,GB,ENG,37379,
Jaito,IN,23,37377,
Matamey,NE,07,37374,
Bambey,SN,03,37374,
Aliança,BR,30,37372,Alianca
Dongargarh,IN,37,37372,
Phulbāni,IN,21,37371,Phulbani
Tozeur,TN,35,37370,
Progreso,MX,31,37369,
Lukwatini,ZA,07,37362,
Alto De Pinheiros,BR,27,37359,
Domaa-Ahenkro,GH,13,37354,
Lissone,IT,09,37353,
Katsuragi,JP,28,37352,
Lloret de Mar,ES,56,37350,
Malayinkeezhu,IN,13,37350,
Greenfield,US,WI,37349,
Ḩarastā,SY,08,37348,Harasta
Attingal,IN,13,37346,
Libenge,CD,28,37344,
Perunkalattu,IN,25,37342,
Blyth,GB,ENG,37339,
Girau do Ponciano,BR,02,37335,
Tynda,RU,05,37335,
Morsi,IN,16,37333,
Frankston,AU,07,37331,
Marion,US,IA,37330,
Del Pilar,PH,03,37329,
Protvino,RU,47,37329,
Pandan,PH,06,37325,
Ataq,YE,05,37315,
Santa Cruz,BR,22,37313,
Gecheng,CN,33,37312,
Dar el Beïda,DZ,01,37311,Dar el Beida
Mei Foo Sun Chuen,HK,KSS,37299,
Braintree,US,MA,37297,
Tanjung,ID,12,37291,
Falun,SE,10,37291,
Newnan,US,GA,37291,
Alfortville,FR,11,37290,
São Manuel,BR,27,37289,Sao Manuel
Pilibangan,IN,24,37288,
La Courneuve,FR,11,37287,
Hanyuan,CN,15,37284,
Texarkana,US,TX,37280,
Eccles,GB,ENG,37275,
Banjul,GM,01,37274,
Santos Lugares,AR,01,37267,
Warwick,GB,ENG,37267,
Sumusţā as Sulţānī,EG,18,37260,Sumusta as Sultani
Wigston Magna,GB,ENG,37260,
Dubno,UA,19,37257,
Sestroretsk,RU,66,37248,
Auburn,AU,02,37245,
Tsz Wan Shan,HK,KWT,37242,
Aïn el Bya,DZ,09,37241,Ain el Bya
Jelilyüzi,CN,13,37238,Jelilyuzi
Villaflores,MX,05,37237,
Nelamangala,IN,19,37232,
Assin Foso,GH,04,37230,
Sindgi,IN,19,37226,
Namialo,MZ,06,37226,
Monterotondo,IT,07,37225,
Mananara,MG,32,37224,
Vettūr,IN,13,37219,Vettur
Guanarito,VE,18,37219,
Péhonko,BJ,08,37217,Pehonko
Hoppers Crossing,AU,07,37216,
Bhadgaon,IN,16,37214,
Châtellerault,FR,75,37210,Chatellerault
Addison,US,IL,37208,
Jungpyong,KR,05,37207,
Salvatierra,MX,11,37203,
Rukungiri,UG,W,37200,
Xiluo,TW,04,37181,
Köneürgenç,TM,03,37176,Koneurgenc
Bom Jesus do Itabapoana,BR,21,37172,
Jacaltenango,GT,08,37171,
Fengolo,CI,78,37165,
Boseong,KR,16,37164,
San Pablo,CO,35,37160,
Reynoldsburg,US,OH,37158,
Zeghanghane,MA,02,37154,
Ratia,IN,10,37152,
Nosy Varika,MG,27,37152,
Kaki Bukit Estate,SG,00,37150,
Tomobe,JP,14,37146,
South Jordan Heights,US,UT,37141,
Odenton,US,MD,37132,
São Caitano,BR,30,37126,Sao Caitano
New Achimota,GH,01,37116,
Vanløse,DK,17,37115,
Sam Phran,TH,53,37115,
Mableton,US,GA,37115,
Villepinte,FR,11,37114,
Andújar,ES,51,37113,Andujar
Sirūr,IN,16,37111,Sirur
Kanekomachi,JP,10,37107,
Ashta,IN,16,37105,
Adjumani,UG,N,37100,
Hilton Head,US,SC,37099,
Lālganj,IN,34,37098,Lalganj
Tinnanūr,IN,25,37095,Tinnanur
Bantay,PH,01,37088,
Grants Pass,US,OR,37088,
Amarante do Maranhão,BR,13,37085,Amarante do Maranhao
Bandipura,IN,12,37081,
Kalutara,LK,36,37081,
Wayao,CN,04,37080,
Qorof,ET,52,37080,
Tange,CN,15,37074,
Würselen,DE,07,37074,Wurselen
Redcar,GB,ENG,37073,
Indian Trail,US,NC,37073,
Vasylkiv,UA,13,37068,
Bābarpur,IN,07,37058,Babarpur
Bahía de Caráquez,EC,14,37056,Bahia de Caraquez
Tokār,SD,36,37051,Tokar
Pedreiras,BR,13,37050,
Pujali,IN,28,37047,
Heston,GB,ENG,37045,
Garhmuktesar,IN,36,37043,
Brasschaat,BE,VLG,37040,
Sinsheim,DE,01,37036,
Santa Rita,BR,13,37035,
Kampene,CD,10,37034,
Kabare,CD,12,37034,
Calumet City,US,IL,37031,Calumet
Mińsk Mazowiecki,PL,78,37027,Minsk Mazowiecki
Giyani,ZA,09,37024,
Saint-Benoît,RE,RE,37023,Saint-Benoit
Lagkadás,GR,ESYE12,37022,Lagkadas
Lincoln Park,US,MI,37012,
Don Benito,ES,57,37010,
Yuanyang,CN,33,37009,
Guojia,CN,15,37008,
Douentza,ML,04,37002,
Grimbergen,BE,VLG,37000,
Centar,HR,21,37000,
Bentota,LK,34,37000,
Fabijoniškės,LT,65,37000,Fabijoniskes
Cidade Universitária,PT,14,37000,Cidade Universitaria
Rostokino,RU,48,37000,
Sukhothai,TH,09,37000,
Tursunzoda,TJ,RR,37000,
Parque Lefevre,PA,08,36997,
Lynnwood,US,WA,36997,
Bahādurganj,IN,34,36993,Bahadurganj
Beşikdüzü,TR,61,36987,Besikduzu
Cesano Maderno,IT,09,36986,
Jesi,IT,10,36985,
Benfica,PT,14,36985,
Whitestone,US,NY,36984,
Dom Pedrito,BR,23,36981,
Belalcázar,CO,09,36977,Belalcazar
Nakodar,IN,23,36973,
Farnham,GB,ENG,36971,
Paungde,MM,16,36971,
Cibitoke,BI,12,36959,
Oleśnica,PL,72,36956,Olesnica
Vilvoorde,BE,VLG,36955,
Lūnāvāda,IN,09,36954,Lunavada
Hồng Lĩnh,VN,42,36940,Hong Linh
Laval-des-Rapides,CA,10,36933,
Melito di Napoli,IT,04,36933,
Campos Novos,BR,26,36932,
Goes,NL,10,36931,
Castelo,BR,08,36930,
Sassuolo,IT,05,36926,
Hanawa,JP,02,36925,
Serik,TR,07,36925,
Chester-le-Street,GB,ENG,36917,
Vazhayur,IN,13,36909,
Grand-Lahou,CI,82,36906,
Biyang,CN,01,36905,
Buston,TJ,03,36900,
Beloit,US,WI,36891,
Talas,TR,38,36890,
Újlipótváros,HU,05,36888,Ujlipotvaros
Belleville,US,NJ,36878,
Golbahār,IR,42,36877,Golbahar
Hojāi,IN,03,36869,Hojai
Akbarpur,IN,36,36865,
Ninh Bình,VN,37,36864,Ninh Binh
Dunhao,CN,33,36863,
Luoqi,CN,33,36862,
Muizenberg,ZA,11,36857,
Longview,US,WA,36848,
Santa Teresa,MX,15,36845,
Sarzedo,BR,15,36844,
Pylaía,GR,ESYE12,36843,Pylaia
Skövde,SE,28,36842,Skovde
Santiago,MX,19,36840,
Vršovice,CZ,52,36836,Vrsovice
Debila,DZ,43,36834,
Ronda,ES,51,36827,
Los Palacios y Villafranca,ES,51,36824,
Qina,CN,29,36823,
Missão Velha,BR,06,36822,Missao Velha
Wermelskirchen,DE,07,36816,
Česká Lípa,CZ,83,36815,Ceska Lipa
Or Yehuda,IL,05,36813,
Pīpār,IN,24,36810,Pipar
Assis Chateaubriand,BR,18,36808,
Lanka,IN,03,36805,
Bek’ojī,ET,51,36800,Bek’oji
Naujoji Vilnia,LT,65,36800,
Columbia,US,TN,36800,
Ipueiras,BR,06,36798,
Puerta Bonita,ES,29,36798,
Kamizawa,JP,37,36794,
Elixku,CN,13,36793,
Baulkham Hills,AU,02,36792,
Nové Zámky,SK,04,36781,Nove Zamky
San Jerónimo Cuatro Vientos,MX,15,36778,San Jeronimo Cuatro Vientos
Chetouane,DZ,15,36776,
Tuensang,IN,20,36774,
Great Malvern,GB,ENG,36770,
South Miami Heights,US,FL,36770,
Tegel,DE,16,36764,
Dargaz,IR,42,36762,
Vuyyūru,IN,02,36755,Vuyyuru
Lakshmeshwar,IN,19,36754,
Stouffville,CA,08,36753,
Lucero,ES,29,36749,
Chieri,IT,12,36749,
Houghton-Le-Spring,GB,ENG,36746,
Portage,US,IN,36738,
Westfield,US,IN,36738,
New Albany,US,IN,36732,
Marratxí,ES,07,36725,Marratxi
Farafangana,MG,25,36724,
Katsina-Ala,NG,26,36722,
Kumta,IN,19,36719,
Liufeng,CN,15,36718,
Mandaguari,BR,18,36716,
Eqbālīyeh,IR,26,36709,Eqbaliyeh
Malbork,PL,82,36709,
Yāval,IN,16,36706,Yaval
Clifton Park,US,NY,36705,
Mudong,CN,33,36704,
Babīlē,ET,51,36700,Babile
Grugliasco,IT,12,36700,
Buyale,UG,W,36700,
Bake,CN,33,36698,
Tilda Newra,IN,37,36682,
Zhiping,CN,33,36680,
Fort Lee,US,NJ,36672,
Sunan,KP,12,36671,
Sant Adrià de Besòs,ES,56,36669,Sant Adria de Besos
Stratford,GB,ENG,36666,
Alto Hama,AO,08,36661,
Andapa,MG,72,36660,
Kalinkovichi,BY,02,36656,
Simpang,ID,05,36652,
Serdobsk,RU,57,36652,
Bogorodsk,RU,51,36652,
Botataung,MM,17,36645,
Barra,IT,04,36642,
Arris,DZ,03,36641,
José Bonifácio,BR,27,36633,Jose Bonifacio
Coesfeld,DE,07,36631,
Kaarina,FI,02,36631,
Rosário do Sul,BR,23,36630,Rosario do Sul
Itambé,BR,30,36626,Itambe
Dovercourt-Wallace Emerson-Junction,CA,08,36625,
Esch-sur-Alzette,LU,ES,36625,
Kantharalak,TH,30,36621,
Kattivākkam,IN,25,36617,Kattivakkam
Brighton,US,NY,36609,
Peringottupulam,IN,13,36602,
Jawi,MY,09,36601,
Bartlesville,US,OK,36595,
Yylanly,TM,03,36594,
Bitterfeld-Wolfen,DE,14,36592,
Wołomin,PL,78,36592,
Juan José Castelli,AR,03,36588,Juan Jose Castelli
Médina Gounas,SN,11,36588,Medina Gounas
Schaffhausen,CH,SH,36587,
La Ceja,CO,02,36584,
Kouango,CF,11,36575,
Dadamtu,CN,13,36572,
Shetou,TW,04,36565,
Xianlong,CN,33,36561,
Ewing,US,NJ,36559,
San Juan,US,TX,36556,
Salyan,AZ,49,36555,
Woodhaven,US,NY,36555,
Sohna,IN,10,36552,
Temryuk,RU,38,36546,
Washinomiya,JP,34,36544,
Schwäbisch Hall,DE,01,36543,Schwabisch Hall
Barra do Choça,BR,05,36539,Barra do Choca
Licata,IT,15,36537,
Upplands Väsby,SE,26,36534,Upplands Vasby
Odorheiu Secuiesc,RO,20,36532,
Hang Hau,HK,NSK,36529,
Patāmundai,IN,21,36528,Patamundai
Amargosa,BR,05,36521,
Lurup,DE,04,36521,
Chuhuyiv,UA,07,36519,
Mendez-Nuñez,PH,40,36518,Mendez-Nunez
Ar Rahad,SD,56,36518,
Haomen,CN,06,36515,
Longtan,CN,33,36511,
Pehuajó,AR,01,36507,Pehuajo
Herstal,BE,WAL,36503,
Kodaikānāl,IN,25,36501,Kodaikanal
Mission Bend,US,TX,36501,
Sunset,CA,02,36500,
Bichena,ET,46,36500,
Āwash,ET,45,36500,Awash
Priorka,UA,12,36500,
Dashtobod,UZ,15,36500,
Pilar,BR,02,36499,
Zhetysay,KZ,10,36494,
Ichchāpuram,IN,02,36493,Ichchapuram
Cambrai,FR,32,36492,
Netishyn,UA,09,36492,
Kanie,JP,01,36489,
West Bridgford,GB,ENG,36487,
Bibiani,GH,18,36487,
Nokia,FI,06,36486,
Kozáni,GR,ESYE13,36481,Kozani
Niederkassel,DE,07,36480,
Newton Abbot,GB,ENG,36474,
Florida,UY,07,36471,
Sarankhola,BD,82,36470,
Uzunköprü,TR,22,36470,Uzunkopru
Daryāpur,IN,16,36463,Daryapur
Matale,LK,29,36462,
Iperó,BR,27,36459,Ipero
Chunār,IN,36,36459,Chunar
Kajaani,FI,18,36458,
San Juan Capistrano,US,CA,36454,
Amīnpur,IN,40,36452,Aminpur
Mungeli,IN,37,36450,
Ar Rābiyah,KW,02,36447,Ar Rabiyah
Igangan,NG,32,36447,
Temblador,VE,16,36447,
Qīāmdasht,IR,26,36446,Qiamdasht
Cái Đôi Vàm,VN,96,36444,Cai Đoi Vam
Osmancık,TR,19,36443,
Pahrump,US,NV,36441,
Barnagar,IN,35,36438,
Cascais,PT,14,36436,
Masohi,ID,28,36433,
Pūrna,IN,16,36433,Purna
Poissy,FR,11,36431,
Mangotsfield,GB,ENG,36427,
Maia,PT,17,36426,
Folweni,ZA,02,36425,
Bocaranga,CF,13,36418,
Östermalm,SE,26,36418,Ostermalm
Estahbān,IR,07,36410,Estahban
Los Realejos,ES,53,36405,
Letlhakane,BW,01,36404,
Sutton in Ashfield,GB,ENG,36404,
Novokubansk,RU,38,36401,
Lakki,PK,03,36391,
Curuzú Cuatiá,AR,06,36390,Curuzu Cuatia
Airdrie,GB,SCT,36390,
Khunti,IN,38,36390,
Modugno,IT,13,36384,
Luhuan,MO,11875161,36384,
Bongouanou,CI,94,36379,
Saint Charles,US,MD,36376,
Sheybān,IR,15,36374,Sheyban
Tamamura,JP,10,36367,
Temple City,US,CA,36365,Temple
Porta Westfalica,DE,07,36364,
Betafo,MG,12,36364,
Marion,US,OH,36363,
Mellunkylä,FI,01,36360,Mellunkyla
Conflans-Sainte-Honorine,FR,11,36358,
Itu,NG,21,36358,
La Troncal,EC,04,36353,
M’Daourouch,DZ,52,36351,
Mechanicsville,US,VA,36348,
Prijedor,BA,02,36347,
Sainte-Marguerite,FR,11,36345,
Jesús María,AR,05,36343,Jesus Maria
Datteln,DE,07,36338,
Billericay,GB,ENG,36338,
Lufkin,US,TX,36333,
Pennsauken,US,NJ,36332,
Sukhoy Log,RU,71,36329,
’Aïn el Turk,DZ,09,36326,’Ain el Turk
Sakaiminato,JP,41,36324,
Rome,US,GA,36323,
Borehamwood,GB,ENG,36322,
Ô Chợ Dừa,VN,01,36318,O Cho Dua
Ramon,PH,02,36307,
Truganina,AU,07,36305,
Betong,MY,11,36303,
Yabēlo,ET,51,36300,Yabelo
Mersa,ET,46,36300,
Ādīs Zemen,ET,46,36300,Adis Zemen
Vršac,RS,VO,36300,Vrsac
Mattapan,US,MA,36299,
Longxing,CN,33,36297,
Kouroussa,GN,K,36295,
Hövsan,AZ,09,36293,Hovsan
Nargund,IN,19,36291,
Marsabit,KE,34,36289,
Arys,KZ,10,36285,
Claremont,US,CA,36283,
Bel-Air,FR,11,36279,
Piaseczno,PL,78,36278,
Włochy,PL,78,36276,
Yaita,JP,38,36275,
Parappur,IN,13,36270,
Tábor,CZ,79,36264,Tabor
Srono,ID,08,36260,
Jalilabad,AZ,15,36259,
Arucas,ES,53,36259,
Újpalota,HU,16,36259,Ujpalota
Maasmechelen,BE,VLG,36251,
Tuntum,BR,13,36251,
Photharam,TH,52,36248,
Kamunting,MY,07,36243,
Teruel,ES,52,36240,
Neem ka Thana,IN,24,36231,
Bathurst,AU,02,36230,
Qahā,EG,12,36225,Qaha
Solano,PH,02,36222,
Franklin,US,WI,36222,
West Hollywood,US,CA,36222,
Dachang,CN,33,36217,
Zürich (Kreis 10),CH,ZH,36216,Zurich (Kreis 10)
Richfield,US,MN,36216,
Vilappil,IN,13,36212,
Mim,GH,12,36211,
Quán Hàu,VN,44,36210,Quan Hau
Slantsy,RU,42,36209,
Mont-de-Marsan,FR,75,36205,
Bell,US,CA,36205,
Exmouth,GB,ENG,36204,
Izkī,OM,01,36203,Izki
Lewiston,US,ME,36202,
Sugai,JP,22,36198,
Dimona,IL,01,36192,
Zutphen,NL,03,36188,
Varaždin,HR,16,36187,Varazdin
Kestel,TR,16,36185,
el Guinardó,ES,56,36176,el Guinardo
Nilanga,IN,16,36172,
Dunedin,US,FL,36164,
Naharlagun,IN,30,36158,
Usuki,JP,30,36158,
Ameca,MX,14,36156,
Butel,MK,F6,36154,
Kendall West,US,FL,36154,
Del Rio,US,TX,36153,
Libeň,CZ,52,36151,Liben
Boisar,IN,16,36151,
Hangu,PK,03,36150,
Komatsushimachō,JP,39,36149,Komatsushimacho
Ben Ahmed,MA,06,36149,
Viana do Castelo,PT,20,36148,
’Aïn Deheb,DZ,13,36146,’Ain Deheb
Al Qunayţirah,SY,03,36143,Al Qunaytirah
Oakville,US,MO,36143,
Mrauk U,MM,01,36139,
Bodocó,BR,30,36129,Bodoco
Kukës,AL,47,36125,Kukes
Commack,US,NY,36124,
An Nuşayrāt,PS,GZ,36123,An Nusayrat
Plaisir,FR,11,36121,
Rūdān,IR,11,36121,Rudan
Menomonee Falls,US,WI,36119,
Ausa,IN,16,36118,
Tonbridge,GB,ENG,36115,
Gharyan,LY,80,36110,
Tchibanga,GA,05,36108,
Moorpark,US,CA,36104,
Sheraro,ET,53,36100,
Dubti,ET,45,36100,
Safed,IL,03,36094,
Apodi,BR,22,36093,
Sadābād,IN,36,36093,Sadabad
Tomelloso,ES,54,36091,
Sokolohirsk,UA,14,36091,
Core Neighbourhoods,CA,11,36088,
Gadsden,US,AL,36084,
Issaquah,US,WA,36081,
Heunghae,KR,14,36080,
Serangoon Garden,SG,00,36080,
Agua Dulce,MX,30,36079,
Llucmajor,ES,07,36078,
As Sadd,QA,01,36077,
Risalpur Cantonment,PK,03,36074,
Acacias,ES,29,36069,
Weituo,CN,33,36068,
Maspalomas,ES,53,36065,
Lyon 04,FR,84,36064,
Piumhi,BR,15,36062,
Bindki,IN,36,36058,
Gigante,CO,16,36055,
Mahālingpur,IN,19,36055,Mahalingpur
Rāvu,IN,35,36055,Ravu
Ban Ang Sila,TH,46,36055,
Spring Hill,US,TN,36055,
Setouchi,JP,31,36048,
Pesterzsébet,HU,05,36045,Pesterzsebet
Cenisia,IT,12,36044,
Setor Complementar de Indústria e Abastecimento,BR,07,36042,Setor Complementar de Industria e Abastecimento
Mālpura,IN,24,36028,Malpura
Prosperidad,ES,29,36027,
Wai,IN,16,36025,
Bramhapuri,IN,16,36025,
Trumbull,US,CT,36018,
Shikaripura,IN,19,36015,
Teykovo,RU,21,36015,
Rifu,JP,24,36014,
Olive Branch,US,MS,36010,
Mooresville,US,NC,36009,
Guayaramerín,BO,03,36008,Guayaramerin
Bel Air,PH,NCR,36007,
Shirdi,IN,16,36004,
Dubai International Financial Centre,AE,03,36000,
Cañada de Gómez,AR,21,36000,Canada de Gomez
Yamarugley,ET,52,36000,
Šeškinė,LT,65,36000,Seskine
Old City,PS,WE,36000,Old
Dhabad,SO,05,36000,
Bugiri,UG,E,36000,
West Torrington,US,CT,36000,
Hato Mayor del Rey,DO,29,35999,
Rāmsar,IR,35,35997,Ramsar
Neduva,IN,13,35996,
Blagodarnyy,RU,70,35995,
Nishishinminato,JP,42,35994,
Kep,KH,26,35990,
Humbe,AO,07,35985,
Kakhovka,UA,08,35983,
Willowbrook,US,CA,35983,
Marseille 07,FR,93,35981,
Leavenworth,US,KS,35980,
Akoupé,CI,82,35970,Akoupe
Clinton,US,MD,35970,
Realejo Alto,ES,53,35963,
Venganoor,IN,13,35963,
Shibganj,BD,83,35961,
Paphos,CY,06,35961,
Bad Vilbel,DE,05,35961,
Colinas do Tocantins,BR,31,35957,
Kidodi,TZ,10,35953,
Wete,TZ,13,35951,
Nuoro,IT,14,35948,
Chernushka,RU,90,35942,
Ramanattukara,IN,13,35937,
Tyldesley,GB,ENG,35932,
Waingapu,ID,18,35932,
La Rinconada,ES,51,35928,
Cottage Grove,US,MN,35918,
Mokokchūng,IN,20,35913,Mokokchung
Pinjaur,IN,10,35912,
Vassouras,BR,21,35904,
Jipijapa,EC,14,35901,
Port-Vila,VU,18,35901,
Juara,BR,14,35899,
Wildwood,US,MO,35899,
Waregem,BE,VLG,35896,
Hyde,GB,ENG,35895,
Labranza,CL,04,35893,
Yalutorovsk,RU,78,35892,
Mādāyi,IN,22,35888,Madayi
Valuyki,RU,09,35887,
Esperanza,AR,21,35885,
Mulia,ID,PT,35884,
Richmond West,US,FL,35884,
Partūr,IN,16,35883,Partur
Novokazalinsk,KZ,14,35883,
San José de Mayo,UY,16,35883,San Jose de Mayo
Görükle,TR,16,35882,Gorukle
Barmbek-Süd,DE,04,35880,Barmbek-Sud
Dương Minh Châu,VN,80,35878,Duong Minh Chau
Sanmiao,CN,33,35877,
Michalovce,SK,03,35874,
Santa Teresa,BR,21,35873,
Marignane,FR,93,35873,
Develi,TR,38,35868,
Calcutta,ZA,07,35864,
Miyama,JP,07,35861,
Maragogipe,BR,05,35859,
Dīndārpur,IN,07,35856,Dindarpur
Tanda,CI,92,35854,
Richmond,US,IN,35854,
Sanare,VE,13,35850,
Pampanito,VE,21,35847,
Petagas,MY,16,35844,
Mount Pleasant,US,DC,35842,
Fūman,IR,08,35841,Fuman
Bang Khlo,TH,40,35838,
Kraśnik,PL,75,35834,Krasnik
Minamibōsō,JP,04,35831,Minamiboso
Oregon City,US,OR,35831,Oregon
ʻEwa Gentry-West Loch,US,HI,35828,
Avdiyivka,UA,05,35826,
Goldsboro,US,NC,35826,
El Vendrell,ES,56,35821,
Talakkād,IN,13,35820,Talakkad
Manhattan Beach,US,CA,35818,
Mannar,LK,38,35817,
Krishnarājāsāgara,IN,19,35805,Krishnarajasagara
Parkland,US,WA,35803,
Chippenham,GB,ENG,35800,
Sai Kung,HK,NSK,35800,
Kakira,UG,E,35800,
Igarapé-Açu,BR,16,35797,Igarape-Acu
Tit Mellil,MA,06,35797,
Martinez,US,GA,35795,
Tagudin,PH,01,35791,
Tambolaka,ID,18,35790,
Rurópolis,BR,16,35769,Ruropolis
Itaqui,BR,23,35768,
San Jose,PH,05,35768,
Zhutang,CN,29,35766,
Phichit,TH,13,35760,
Abashiri,JP,12,35759,
Crailsheim,DE,01,35755,
Jhābua,IN,35,35753,Jhabua
Madipakkam,IN,25,35752,
East Florence,US,AL,35733,
Kyle,US,TX,35733,
Kearns,US,UT,35731,
Leamington,CA,08,35730,
Karāla,IN,07,35730,Karala
Pasing,DE,02,35728,
Linton Hall,US,VA,35725,
Saddat al Hindīyah,IQ,06,35720,Saddat al Hindiyah
Lobos,AR,01,35719,
Kumo,NG,55,35712,
Billingham,GB,ENG,35708,
Dieppe,FR,28,35707,
Xalisco,MX,18,35702,
Longhe,CN,33,35701,
Owando,CG,13,35698,
Gariadhar,IN,09,35692,
Kakrāla,IN,36,35690,Kakrala
Pontypool,GB,WLS,35686,
Iporá,BR,29,35684,Ipora
Bīdāsar,IN,24,35683,Bidasar
Tupelo,US,MS,35680,
Coyotepec,MX,15,35677,
Mirasierra,ES,29,35676,
Lahār,IN,35,35674,Lahar
Sōsa,JP,04,35674,Sosa
Tibati,CM,10,35673,
Det Udom,TH,75,35669,
Puerto del Rosario,ES,53,35667,
Shimen,CN,33,35665,
Wesseling,DE,07,35665,
Goiatuba,BR,29,35664,
Kaputa,ZM,05,35663,
Voerde,DE,07,35661,
Tangi,PK,03,35659,
Puntarenas,CR,07,35650,
Rio Claro,TT,03,35650,
Ambasamudram,IN,25,35645,
Ramu,KE,33,35644,
Karlova Ves,SK,02,35644,
Adamantina,BR,27,35642,
Islāmpur,IN,34,35641,Islampur
Hwangju-ŭp,KP,07,35641,Hwangju-up
Ciudad Mendoza,MX,30,35641,
Shisō,JP,13,35639,Shiso
Nesttun,NO,46,35638,
Montélimar,FR,84,35637,Montelimar
Hot Springs,US,AR,35635,
Kualakapuas,ID,13,35632,
Wildomar,US,CA,35632,
General Alvear,AR,13,35626,
Kaipamangalam,IN,13,35626,
Sinkat,SD,36,35617,
Walkden,GB,ENG,35616,
Torre-Pacheco,ES,31,35614,
Prestea,GH,09,35611,
Medchal,IN,40,35611,
Kyŏngsŏng,KP,17,35604,Kyongsong
Beslan,RU,68,35604,
Ganaur,IN,10,35603,
Wentzville,US,MO,35603,
Sholinganallur,IN,25,35602,
Korem,ET,53,35600,
Kovūr,IN,02,35600,Kovur
Karavayevi Dachi,UA,12,35600,
Tuljāpur,IN,16,35596,Tuljapur
Kaminoyama,JP,44,35593,
Ilhabela,BR,27,35591,
Tremblay-en-France,FR,11,35591,
San Salvario,IT,12,35591,
Choisy-le-Roi,FR,11,35590,
Jagodina,RS,SE,35589,
Cieszyn,PL,83,35586,
Ban Phai,TH,22,35583,
Emsdetten,DE,07,35582,
Roseville,US,MN,35580,
Prainha,BR,16,35577,
Barpeta Road,IN,03,35571,
Uravakonda,IN,02,35565,
Caijiagang,CN,33,35564,
Longhe,CN,33,35561,
Oleiros,ES,58,35559,
Valrico,US,FL,35545,
Isumi,JP,04,35544,
Babīna,IN,36,35538,Babina
Rafiganj,IN,34,35536,
‘Afak,IQ,04,35536,
Eirunepé,BR,04,35534,Eirunepe
Wangon,ID,07,35530,
Misungwi,TZ,12,35530,
Saint-Martin-d'Hères,FR,84,35528,Saint-Martin-d'Heres
Coventry,US,RI,35525,
Kangle,CN,33,35521,
Casco Histórico de Vicálvaro,ES,29,35519,Casco Historico de Vicalvaro
Dúbravka,SK,02,35518,Dubravka
Skellefteå,SE,23,35516,Skelleftea
Camajuaní,CU,16,35515,Camajuani
Kalalé,BJ,10,35513,Kalale
Sidi ech Chahmi,DZ,09,35512,
Rosenberg,US,TX,35510,
Stutterheim,ZA,05,35510,
Şaḩneh,IR,13,35508,Sahneh
Abucay,PH,03,35508,
Aroa,VE,22,35508,
Bettendorf,US,IA,35505,
Harper,LR,13,35503,
Rock Forest,CA,10,35500,
Ghinnir,ET,51,35500,
Gīdolē,ET,56,35500,Gidole
Ziyang Chengguanzhen,CN,26,35496,
Reghin-Sat,RO,27,35490,
Esim,GH,09,35487,
Sanjiao,CN,33,35486,
Mâcon,FR,27,35484,Macon
Farmsen-Berne,DE,04,35477,
Umarga,IN,16,35477,
Jarosław,PL,80,35475,
Kami,JP,07,35473,
Hınıs,TR,25,35472,
East Point,US,GA,35467,
Marvila,PT,14,35463,
Igatpuri,IN,16,35461,
Perumanna,IN,13,35460,
Abay,KZ,12,35454,
Ōfunato,JP,16,35452,Ofunato
Santa Ana,VE,20,35452,
El Kala,DZ,44,35449,
Budhāna,IN,36,35442,Budhana
Wageningen,NL,03,35433,
Ambato Boeny,MG,41,35432,
Feijó,BR,01,35426,Feijo
Pleebo City,LR,13,35423,Pleebo
Prattville,US,AL,35420,
Domingos Martins,BR,08,35416,
Bermejo,BO,09,35411,
Lingsugūr,IN,19,35411,Lingsugur
Chirundu,ZM,07,35403,
Nkoranza,GH,14,35401,
Ponte Vedra Beach,US,FL,35400,
Entrevías,ES,29,35399,Entrevias
Zorgo,BF,11,35398,
Dwarsloop,ZA,09,35397,
Tala,MX,14,35396,
Kohtla-Järve,EE,03,35395,Kohtla-Jarve
Rājpīpla,IN,09,35392,Rajpipla
San Martín Azcatepec,MX,15,35390,San Martin Azcatepec
Baradero,AR,01,35389,
Uwa,JP,05,35388,
Boardman,US,OH,35376,
Dharangaon,IN,16,35375,
Chur,CH,GR,35373,
Tai Koo,HK,HEA,35373,
Ad Dilam,SA,10,35371,
Mahemdāvād,IN,09,35368,Mahemdavad
Shidui,CN,25,35367,
Yongjing,TW,04,35365,
Cooper City,US,FL,35364,Cooper
Rio Real,BR,05,35362,
Dinar,TR,03,35359,
Mapo,CN,04,35358,
Pilão Arcado,BR,05,35357,Pilao Arcado
Hillerød,DK,17,35357,
Kasimov,RU,62,35355,
Oxon Hill-Glassmanor,US,MD,35355,
Quimbaya,CO,23,35350,
Langao Chengguanzhen,CN,26,35348,
Bragança,PT,05,35341,Braganca
Mount Waverley,AU,07,35340,
Tlapacoyan,MX,30,35338,
Tonalá,MX,05,35322,Tonala
Funaishikawa,JP,14,35318,
Paris 08 Élysée,FR,11,35317,Paris 08 Elysee
Falkirk,GB,SCT,35310,
Conceição do Jacuípe,BR,05,35308,Conceicao do Jacuipe
Tahuna,ID,31,35307,
Villamaría,CO,37,35302,Villamaria
Badessa,ET,56,35294,
Yerköy,TR,66,35294,Yerkoy
Neu-Isenburg,DE,05,35293,
Goya,CI,78,35292,
Tha Bo,TH,17,35292,
Sumberpucung,ID,08,35285,
Karamsad,IN,09,35285,
Egypt Lake-Leto,US,FL,35282,
Znojmo,CZ,78,35280,
North Lawndale,US,IL,35276,
Loei,TH,18,35273,
Sūrandai,IN,25,35272,Surandai
Sinendé,BJ,10,35267,Sinende
Amparafaravola,MG,33,35266,
Mehrabpur,PK,02,35263,
Aosta,IT,19,35261,
Hendek,TR,54,35257,
Castricum,NL,07,35256,
Manali,IN,25,35248,
Yakami,JP,39,35246,
La Possession,RE,RE,35245,
Wāris Alīganj,IN,34,35243,Waris Aliganj
Oak Creek,US,WI,35243,
Safranbolu,TR,89,35242,
Santiago de las Vegas,CU,02,35241,
Peachtree City,US,GA,35240,Peachtree
Châtelet,BE,WAL,35238,Chatelet
Taastrup,DK,17,35238,
Pulgaon,IN,16,35238,
Bollate,IT,09,35235,
Záběhlice,CZ,52,35228,Zabehlice
Merrillville,US,IN,35224,
Villena,ES,60,35222,
Zweibrücken,DE,08,35221,Zweibrucken
Mazarrón,ES,31,35221,Mazarron
Hitchin,GB,ENG,35220,
Shumerlya,RU,16,35220,
Usilampatti,IN,25,35219,
La Barca,MX,14,35219,
Baturité,BR,06,35218,Baturite
Victoria Falls,ZW,06,35215,
Puzhathi,IN,13,35212,
Presidente Venceslau,BR,27,35201,
Vyshhorodskyi Masyv,UA,12,35200,
Tchéboa,CM,13,35199,Tcheboa
São Paulo de Olivença,BR,04,35196,Sao Paulo de Olivenca
Ōzu,JP,21,35187,Ozu
Praya,ID,17,35183,
Saint Cloud,US,FL,35183,
Briton Ferry,GB,WLS,35179,
Hoddesdon,GB,ENG,35174,
Perunād,IN,13,35173,Perunad
N’diareme limamoulaye,SN,01,35171,
Tamura,JP,08,35169,
Xã Long Hải,VN,79,35167,Xa Long Hai
Kāramadai,IN,25,35166,Karamadai
Lębork,PL,82,35161,Lebork
Tunceli,TR,62,35161,
Bridlington,GB,ENG,35154,
Akçakoca,TR,93,35151,Akcakoca
Nusle,CZ,52,35150,
Giddalūr,IN,02,35150,Giddalur
La Porte,US,TX,35148,
Milange,MZ,09,35146,
Ndouci,CI,82,35145,
Tortosa,ES,56,35143,
Puqiakeqi,CN,13,35142,
Jaguariaíva,BR,18,35141,Jaguariaiva
San Pablo Autopan,MX,15,35141,
Atmakūr,IN,02,35137,Atmakur
Ottensen,DE,04,35136,
Pāppinisshēri,IN,13,35134,Pappinissheri
Iyo,JP,05,35133,
Promissão,BR,27,35131,Promissao
Heqiao,CN,04,35118,
Vijāpur,IN,09,35118,Vijapur
Āq Qalā,IR,37,35116,Aq Qala
Laranjal do Jari,BR,03,35114,
Alhaurín de la Torre,ES,51,35114,Alhaurin de la Torre
Tangkak,MY,01,35109,
Vác,HU,16,35108,Vac
Bell Ville,AR,05,35105,
Prince Albert,CA,11,35102,
Rāwatsār,IN,24,35102,Rawatsar
Moussoro,TD,22,35100,
Barneveld,NL,03,35095,
Saint Albans,AU,07,35091,
Magaria,NE,07,35091,
Korsakov,RU,64,35091,
Tiassalé,CI,82,35090,Tiassale
Ieper,BE,VLG,35089,
Dubrājpur,IN,28,35087,Dubrajpur
Panjakent,TJ,03,35085,
La Asunción,VE,17,35084,La Asuncion
Carini,IT,15,35082,
Greven,DE,07,35080,
Pimenta Bueno,BR,24,35079,
Eidelstedt,DE,04,35078,
Goryachevodskiy,RU,70,35075,
El Affroun,DZ,20,35074,
Smarhoń,BY,03,35072,Smarhon
Slavuta,UA,09,35068,
Fāyīd,EG,07,35066,Fayid
Samut Songkhram,TH,54,35065,
Karumattampatti,IN,25,35062,
Zalinjay,SD,61,35061,
Ciudad Melchor Múzquiz,MX,07,35060,Ciudad Melchor Muzquiz
University City,US,MO,35058,University
A Yun Pa,VN,52,35058,
Lage,DE,07,35054,
Albany,AU,08,35053,
Downsview-Roding-CFB,CA,08,35052,
Jalālābād,IN,36,35051,Jalalabad
Sopot,PL,82,35049,
Helsingør,DK,17,35048,
Ouro Preto do Oeste,BR,24,35044,
Sabanagrande,CO,04,35044,
Hötting,AT,07,35043,Hotting
New Amsterdam,GY,13,35039,
Notsé,TG,25,35039,Notse
Nanuque,BR,15,35038,
Yecla,ES,31,35025,
Charqueadas,BR,23,35012,
Palotina,BR,18,35011,
Māranchēri,IN,13,35011,Marancheri
Diriamba,NI,02,35008,
Prado,BR,05,35003,
Romans-sur-Isère,FR,84,35002,Romans-sur-Isere
Xangongo,AO,07,35000,
Bonn Hardtberg,DE,07,35000,
Podaturpet,IN,25,35000,
Gero,JP,09,35000,
Denai Alam,MY,12,35000,
Sibu Jaya,MY,11,35000,
Alam Damai,MY,14,35000,
Bukit Kerinchi,MY,14,35000,
Oke Ila,NG,54,35000,
Malakwal City,PK,04,35000,Malakwal
Shu‘fāţ,PS,WE,35000,Shu‘fat
Oeiras,PT,14,35000,
Staraya Derevnya,RU,66,35000,
Arima,TT,01,35000,
Magu,TZ,12,35000,
Shtime,XK,10096138,35000,
Podujeva,XK,10097360,35000,
Dragash,XK,10097361,35000,
Uelzen,DE,06,34996,
Smíchov,CZ,52,34987,Smichov
Nishihara,JP,47,34984,
Marijampolė,LT,59,34975,Marijampole
Mlimba,TZ,10,34970,
Yizhuang,CN,04,34968,
Padre Bernardo,BR,29,34967,
Niquelândia,BR,29,34964,Niquelandia
Baiyang,CN,33,34962,
Changling,CN,33,34962,
Shāhābād,IN,36,34962,Shahabad
Ez Zahra,TN,27,34962,
Kaizu,JP,09,34960,
Chipinge,ZW,01,34959,
Mafinga,TZ,04,34958,
Garoua,CM,13,34957,
Gul’kevichi,RU,38,34953,
Al Burayj,PS,GZ,34951,
Hoogvliet,NL,11,34950,
Khangah Dogran,PK,04,34949,
Yepocapa,GT,03,34948,
Sungai Lalang,MY,02,34947,
Peruvallur,IN,13,34941,
Bankstown,AU,02,34933,
Arzano,IT,04,34933,
Rairangpur,IN,21,34929,
Sīrkāzhi,IN,25,34927,Sirkazhi
San Pedro Alcántara,ES,51,34922,San Pedro Alcantara
Qīdar,IR,36,34921,Qidar
Djamaa,DZ,MG,34920,
Saint-Raphaël,FR,93,34918,Saint-Raphael
Posse,BR,29,34914,
Santa Cruz,CL,08,34914,
Miaoyu,CN,33,34913,
Wedel,DE,10,34912,
Simav,TR,43,34909,
Upper Arlington,US,OH,34907,
Torrington,US,CT,34906,
Kichha,IN,39,34904,
Tianzhong,TW,04,34903,
Jalajala,PH,40,34901,
Piskent,UZ,14,34900,
Date,JP,12,34898,
Accrington,GB,ENG,34897,
Saint-Leu,RE,RE,34893,
Cieza,ES,31,34889,
Kahoku,JP,15,34889,
Chambishi,ZM,08,34888,
Dedza,MW,C,34882,
Borba,BR,04,34879,
San Isidro,CR,08,34877,
Azogues,EC,04,34877,
Beverly Hills,US,CA,34869,
Sabana de Mendoza,VE,21,34869,
Bernau bei Berlin,DE,11,34866,
Vijayapura,IN,19,34866,
Sōma,JP,08,34865,Soma
Newala,TZ,11,34862,
Saïoua,CI,96,34860,Saioua
Inver Grove Heights,US,MN,34857,
Spišská Nová Ves,SK,03,34855,Spisska Nova Ves
Tuttlingen,DE,01,34847,
São José do Belmonte,BR,30,34843,Sao Jose do Belmonte
Cumberland,US,RI,34843,
Curumaní,CO,10,34838,Curumani
Kathu,TH,62,34835,
Bayview-Hunters Point,US,CA,34835,
La Unión,PE,20,34834,La Union
Sinop,TR,57,34834,
Rivadavia,AR,13,34830,
Los Angeles,ES,29,34827,
Hebbagodi,IN,19,34827,
Bentley,GB,ENG,34821,
Chēmanchēri,IN,13,34819,Chemancheri
Erāttupetta,IN,13,34814,Erattupetta
Ixmiquilpan,MX,13,34814,
Pleasant Hill,US,CA,34810,
Parkwoods-Donalda,CA,08,34805,
Eruwa,NG,32,34802,
Rutland,CA,02,34800,
Rāmdurg,IN,19,34800,Ramdurg
Selama,MY,07,34800,
Rishton,UZ,03,34800,
Taikoo Shing,HK,HEA,34799,
Aqsay,KZ,07,34799,
Pontault-Combault,FR,11,34798,
Vidin,BG,63,34797,
Atbasar,KZ,03,34797,
Stow,US,OH,34797,
Lauderdale Lakes,US,FL,34796,
Ninove,BE,VLG,34795,
Santa Fé do Sul,BR,27,34794,Santa Fe do Sul
La Vergne,US,TN,34794,
Targovishte,BG,60,34793,
Lanciano,IT,01,34791,
Winter Springs,US,FL,34789,
Uddevalla,SE,28,34781,
Merseburg,DE,14,34780,
Six-Fours-les-Plages,FR,93,34779,
Narang Mandi,PK,04,34778,
Rapperswil,CH,SG,34776,
Jāmadoba,IN,38,34774,Jamadoba
Joliette,CA,10,34772,
Périgueux,FR,75,34770,Perigueux
Amnat Charoen,TH,77,34769,
Dungun,MY,13,34767,
Dupnitsa,BG,45,34764,
Mokambo,CD,14,34762,
Beja,PT,03,34760,
Vegesack,DE,03,34757,
Bromsgrove,GB,ENG,34755,
Yau Tong,HK,KKT,34755,
Cuatro Caminos,ES,29,34753,
São Luiz Gonzaga,BR,23,34752,Sao Luiz Gonzaga
Aznakayevo,RU,73,34750,
Merritt Island,US,FL,34743,
Lichfield,GB,ENG,34738,
Gorinchem,NL,11,34736,
Humansdorp,ZA,05,34733,
Janīn,PS,WE,34730,Janin
Safidon,IN,10,34728,
Aurillac,FR,84,34724,
Al Waqf,EG,23,34723,
Greenpoint,US,NY,34719,
Theunissen,ZA,03,34718,
Tudela,ES,32,34717,
Teresa,PH,40,34716,
Uster,CH,ZH,34715,
Awa,JP,39,34713,
Le Plateau,SN,01,34713,
Sitten,CH,VS,34708,
Ojiya,JP,29,34704,
Czechowice-Dziedzice,PL,83,34703,
La Guardia,VE,17,34700,
West Little River,US,FL,34699,
Geel,BE,VLG,34697,
Kutum,SD,55,34694,
Brunswick,US,OH,34689,
Azuqueca de Henares,ES,54,34685,
La Vela de Coro,VE,11,34680,
Rheinfelden,DE,01,34674,
Tādif,SY,09,34670,Tadif
Abinsk,RU,38,34668,
Cartierville,CA,10,34667,
Bolārum,IN,40,34667,Bolarum
Ofaqim,IL,01,34666,
Homagama,LK,36,34664,
Bareli,IN,35,34663,
Al Maḩmūdīyah,EG,03,34660,Al Mahmudiyah
Huangdi,CN,13,34658,
Erāmala,IN,13,34658,Eramala
Ti Port-de-Paix,HT,03,34657,
Taoyuan,CN,29,34655,
Rio Pardo,BR,23,34654,
Shikārpūr,IN,36,34649,Shikarpur
Haitou,CN,31,34648,
Namerikawa,JP,42,34638,
Sankeshwar,IN,19,34637,
Fraccionamiento Real Palmas,MX,19,34636,
Guxi,CN,33,34633,
San Dimas,US,CA,34630,
Salgótarján,HU,14,34627,Salgotarjan
Okunoya,JP,14,34627,
Mascouche,CA,10,34626,
Mirabel,CA,10,34626,
Esposende,PT,04,34625,
Monroe,US,NC,34623,
North Center,US,IL,34623,
Lawson,CA,11,34620,
Bejuma,VE,07,34618,
Queen Creek,US,AZ,34614,
Pīrgaaj,BD,87,34606,Pirgaaj
Caivano,IT,04,34604,
San Miguel Topilejo,MX,09,34603,
Úbeda,ES,51,34602,Ubeda
San José de Metán,AR,17,34601,San Jose de Metan
Santa Cruz del Sur,CU,05,34601,
Steinfurt,DE,07,34601,
Uden,NL,06,34601,
Barcellona Pozzo di Gotto,IT,15,34598,
Kaneohe,US,HI,34597,
Nakhon Phanom,TH,73,34595,
Gahanna,US,OH,34590,
Malakwal,PK,04,34589,
Curridabat,CR,08,34586,
Leawood,US,KS,34579,
Swadlincote,GB,ENG,34576,
Hastings-Sunrise,CA,02,34575,
Dinskaya,RU,38,34573,
Mildura,AU,07,34565,
Thabazimbi,ZA,09,34561,
Bājitpur,BD,81,34560,Bajitpur
Yeonil,KR,14,34560,
Nakamura,JP,20,34559,
Ōizumi-gakuenchō,JP,40,34557,Oizumi-gakuencho
Fiumicino,IT,07,34556,
Tage'erqi,CN,13,34554,
Karjat,IN,16,34554,
Wujia,CN,33,34549,
Maddaloni,IT,04,34546,
Burriana,ES,60,34544,
Jangheung,KR,16,34544,
Satun,TH,67,34544,
Owasso,US,OK,34542,
Longqiao,CN,33,34541,
Baltiysk,RU,23,34540,
Derry Village,US,NH,34539,
Sighișoara,RO,27,34537,Sighisoara
Águilas,ES,31,34533,Aguilas
Bakhtiyārpur,IN,34,34533,Bakhtiyarpur
Třebíč,CZ,80,34530,Trebic
Tibiri,NE,04,34529,
Sundbyberg,SE,26,34529,
Bagasra,IN,09,34521,
Tecpán Guatemala,GT,03,34519,Tecpan Guatemala
Bāft,IR,29,34517,Baft
Makouda,DZ,14,34515,
Karabulak,RU,19,34511,
Wuying,CN,15,34509,
Canning Vale,AU,08,34504,
Villiappally,IN,13,34502,
Logīya,ET,45,34500,Logiya
Trëkhgornyy,RU,13,34500,Trekhgornyy
Arshyntseve,UA,11,34500,
Teremky,UA,12,34500,
Zhmerynka,UA,23,34498,
Sassandra,CI,76,34492,
Cahul,MD,64,34492,
Miercurea-Ciuc,RO,20,34484,
Uonuma,JP,29,34483,
Halle,BE,VLG,34479,
Aymanam,IN,13,34470,
Gerāsh,IR,07,34469,Gerash
Neuilly-sur-Marne,FR,11,34465,
Frankston East,AU,07,34457,
Orange,US,NJ,34457,
Nurlat,RU,73,34451,
Central Islip,US,NY,34450,
Lianhua,CN,15,34447,
San Vicente,CR,08,34447,
San Vicente de Moravia,CR,08,34447,
Paz de Ariporo,CO,32,34446,
Adrano,IT,15,34446,
Bela Vista de Goiás,BR,29,34445,Bela Vista de Goias
Hoboken,BE,VLG,34443,
Ye,MM,13,34430,
Gorizia,IT,06,34428,
Victoriaville,CA,10,34426,
Char Bhadrāsan,BD,81,34423,Char Bhadrasan
Zharkent,KZ,12510144,34422,
Ungheni,MD,92,34422,
Minas de Matahambre,CU,01,34419,
Kuji,JP,16,34418,
Brant,CA,08,34415,
Balingen,DE,01,34414,
’Aïn Merane,DZ,41,34413,’Ain Merane
Norristown,US,PA,34412,
Itaporanga d'Ajuda,BR,28,34411,
Lower West Side,US,IL,34410,
Tucacas,VE,11,34407,
Margate,ZA,02,34407,
Elmina,GH,04,34403,
Ostrogozhsk,RU,86,34403,
Macuelizo,HN,16,34401,
Nong Bua Lamphu,TH,79,34401,
Paxtaobod,UZ,01,34400,
Angamāli,IN,13,34399,Angamali
Dyker Heights,US,NY,34399,
Empoli,IT,16,34394,
Boyarka,UA,13,34394,
Mechraa Bel Ksiri,MA,04,34393,
Gotō,JP,27,34391,Goto
Nema Kunku,GM,05,34390,
Glendale,US,NY,34389,
Villianur,IN,22,34383,
Pila,PH,40,34383,
Maravatío de Ocampo,MX,16,34381,Maravatio de Ocampo
Miramar,AR,01,34380,
Porsgrunn,NO,17,34377,
Cherchell,DZ,55,34372,
Liévin,FR,32,34370,Lievin
Manipal,IN,19,34370,
Agen,FR,75,34367,
Seelze,DE,06,34364,
Lālsot,IN,24,34363,Lalsot
Mehidpur,IN,35,34362,
Kondopoga,RU,28,34360,
Ferreñafe,PE,14,34357,Ferrenafe
el Camp d'en Grassot i Gràcia Nova,ES,56,34356,el Camp d'en Grassot i Gracia Nova
Felling,GB,ENG,34355,
Ōdachō-ōda,JP,36,34354,Odacho-oda
Hirara,JP,47,34354,
Mãe do Rio,BR,16,34353,Mae do Rio
Police,PL,87,34350,
São Joaquim de Bicas,BR,15,34348,Sao Joaquim de Bicas
Kaoma,ZM,01,34347,
Barra Bonita,BR,27,34346,
Hādīshahr,IR,33,34346,Hadishahr
Sainte-Marie,RE,RE,34344,
Cottonwood Heights,US,UT,34343,
Gojō,JP,28,34342,Gojo
Soyāgaon,IN,16,34341,Soyagaon
Chiswick,GB,ENG,34337,
Ranipur,PK,05,34337,
Kinel’,RU,65,34336,
Garibaldi,BR,23,34335,
Chalinze,TZ,02,34335,
Gallatin,US,TN,34334,
Afurada de Baixo,PT,17,34332,
Formigine,IT,05,34328,
Same,TZ,06,34322,
Sāngola,IN,16,34321,Sangola
Tsuma,JP,25,34318,
Kangasala,FI,06,34315,
Manapla,PH,06,34312,
Mātuail,BD,81,34310,Matuail
Czeladź,PL,83,34308,Czeladz
Kristiine,EE,01,34306,
Wavre,BE,WAL,34305,
Staraya Russa,RU,52,34303,
Isingiro,UG,W,34300,
Xinmiao,CN,33,34299,
Araçuaí,BR,15,34297,Aracuai
Kunwi,KR,14,34293,
Pomerode,BR,26,34289,
Houma,US,LA,34287,
Franconville,FR,11,34284,
José Mariano Jiménez,MX,06,34281,Jose Mariano Jimenez
Almeirim,BR,16,34280,
Rubidoux,US,CA,34280,
Sāqultah,EG,24,34273,Saqultah
Nova Cruz,BR,22,34269,
Lautaro,CL,04,34268,
Vedaraniyam,IN,25,34266,
Bimbila,GH,06,34262,
Alghero,IT,14,34261,
Kochani,MK,46,34258,
Utmanzai,PK,03,34257,
Zhelou,CN,18,34250,
Beruwala,LK,36,34250,
Aoji-ri,KP,17,34248,
Varberg,SE,06,34248,
Göksun,TR,46,34243,Goksun
Kuruvattūr,IN,13,34241,Kuruvattur
Katsuren-haebaru,JP,47,34239,
Blagoveshchensk,RU,08,34238,
Mahrīz,IR,40,34237,Mahriz
San Nicolas,PH,01,34237,
Pórticos de San Antonio,MX,02,34234,Porticos de San Antonio
Atami,JP,37,34233,
Starokostyantyniv,UA,09,34232,
Mugnano di Napoli,IT,04,34231,
Saraqib,SY,12,34231,
Serra do Ramalho,BR,05,34222,
Ferdowsīyeh,IR,26,34221,Ferdowsiyeh
Douz,TN,31,34221,
Collinwood,US,OH,34220,
Razzakov,KG,09,34219,
Muddebihāl,IN,19,34217,Muddebihal
Victoria,HN,18,34215,
Çay,TR,03,34215,Cay
Pangururan,ID,26,34209,
Glendale Heights,US,IL,34208,
Navāpur,IN,16,34207,Navapur
Naranjito,EC,10,34206,
Ladispoli,IT,07,34204,
Bayt al Faqīh,YE,08,34204,Bayt al Faqih
Pioltello,IT,09,34203,
Gelemso,ET,51,34200,
Ābīy Ādī,ET,53,34200,Abiy Adi
Zaida,PK,03,34200,
Meppen,DE,06,34198,
Ambatolampy,MG,12,34198,
Ấp Long Thạnh,VN,91,34198,Ap Long Thanh
San Antero,CO,12,34196,
Herrenberg,DE,01,34192,
Khāchrod,IN,35,34191,Khachrod
Butte,US,MT,34190,
Rehoboth,NA,30,34185,
Pandaan,ID,08,34184,
Dana Point,US,CA,34181,
Curaçá,BR,05,34180,Curaca
Imishli,AZ,24,34178,
Gafargaon,BD,H,34177,
Yanamalakuduru,IN,02,34177,
Benton,US,AR,34177,
Malajkhand,IN,35,34176,
Szekszárd,HU,21,34174,Szekszard
Vestavia Hills,US,AL,34174,
Oświęcim,PL,77,34170,Oswiecim
Totton,GB,ENG,34169,
La Presa,US,CA,34169,
Ágioi Anárgyroi,GR,ESYE31,34168,Agioi Anargyroi
Dzierżoniów,PL,72,34168,Dzierzoniow
Râs el Aïoun,DZ,03,34167,Ras el Aioun
Oakton,US,VA,34166,
Caja Seca,VE,23,34165,
Vapi INA,IN,09,34162,
Petrolândia,BR,30,34161,Petrolandia
Kunigal,IN,19,34155,
Rovereto,IT,17,34152,
Sambir,UA,15,34152,
el Poblenou,ES,56,34151,
Kadūr,IN,19,34151,Kadur
Tobelo,ID,29,34150,
Chelambra,IN,13,34149,
Miyashiro,JP,34,34147,
Xintian,CN,33,34145,
Hamīrpur,IN,36,34144,Hamirpur
Slavgorod,RU,04,34141,
Bordj Ghdir,DZ,39,34136,
Risod,IN,16,34136,
Kokrajhar,IN,03,34136,
Nawābganj,IN,36,34134,Nawabganj
Kālka,IN,11,34134,Kalka
Fusō,JP,01,34133,Fuso
Irvine,GB,SCT,34130,
Đông Phú,VN,48,34122,Đong Phu
Brejo,BR,13,34120,
Papenburg,DE,06,34117,
Zhuxi,CN,33,34113,
San Juan Nepomuceno,CO,35,34110,
Remedios,CU,16,34108,
Mawlamyinegyunn,MM,03,34107,
Kāgal,IN,16,34106,Kagal
Kempen,DE,07,34105,
Ahuachapán,SV,01,34102,Ahuachapan
Bako,ET,56,34100,
Rolleston,NZ,E9,34100,
Oleksandrivska Slobidka,UA,12,34100,
Argyroúpoli,GR,ESYE31,34097,Argyroupoli
Fereydūn Kenār,IR,35,34097,Fereydun Kenar
Pārassāla,IN,25,34096,Parassala
Chester,US,PA,34092,
Cullinan,ZA,06,34087,
Bodø,NO,09,34073,
Portão,BR,23,34071,Portao
Quinchía,CO,24,34069,Quinchia
Titlāgarh,IN,21,34067,Titlagarh
Kushva,RU,71,34058,
Ranam,KP,17,34055,
Mount Vernon,US,WA,34053,
Anloga,GH,08,34050,
Aragua de Barcelona,VE,02,34048,
Piombino,IT,16,34041,
Biharamulo,TZ,19,34038,
Középső-Ferencváros,HU,05,34036,Kozepso-Ferencvaros
Coatzintla,MX,30,34036,
Salto,AR,01,34034,
São Domingos do Maranhão,BR,13,34034,Sao Domingos do Maranhao
Studio City,US,CA,34034,Studio
Begamganj,IN,35,34031,
Nagalapuram,IN,02,34026,
Aliaga,PH,03,34020,
Jāmkhed,IN,16,34017,Jamkhed
Salisbury,US,NC,34017,
Geldern,DE,07,34013,
Asilah,MA,01,34011,
Fatehpur,IN,36,34010,
Almada,PT,19,34008,
Dīvāndarreh,IR,16,34007,Divandarreh
Riviera Beach,US,FL,34005,
Ust’-Dzheguta,RU,27,34001,
Cazombo,AO,14,34000,
Cazombo,AO,05,34000,
Villa Santa Rita,AR,07,34000,
Fadhigaradle,ET,52,34000,
Āykel,ET,46,34000,Aykel
Neefkuceliye,ET,52,34000,
Lushoto,TZ,18,34000,
Liushan,CN,25,33992,
Letchworth Garden City,GB,ENG,33990,Letchworth Garden
Auderghem,BE,BRU,33984,
Longfeng,CN,33,33981,
Kornwestheim,DE,01,33980,
Lüfeng,CN,33,33968,Lufeng
Dipayal,NP,7,33968,
Mimico,CA,08,33964,
Orangevale,US,CA,33960,
Elampalloor,IN,13,33959,
Oswego,US,IL,33955,
Yawa,CN,13,33949,
Jayamkondacholapuram,IN,25,33945,
Ahouanou,CI,82,33939,
El Mirage,US,AZ,33935,
Somanda,TZ,31,33932,
Tabount,MA,08,33929,
West Lake Sammamish,US,WA,33929,
Ocotal,NI,13,33928,
North Bel Air,US,MD,33925,
Chelmsford,US,MA,33925,
Tudiyalūr,IN,25,33924,Tudiyalur
Ālankōd,IN,13,33918,Alankod
Bay City,US,MI,33917,Bay
Jülich,DE,07,33911,Julich
Quthing,LS,18,33910,
Curralinho,BR,16,33903,
Tōon,JP,05,33903,Toon
Shāhpura,IN,24,33895,Shahpura
Réo,BF,06,33894,Reo
Nacogdoches,US,TX,33894,
Shrewsbury,US,MA,33893,
McMinnville,US,OR,33892,
Dakota Ridge,US,CO,33892,
Moose Jaw,CA,11,33890,
Chorley,GB,ENG,33888,
Zuwarah,LY,67,33887,
Leer,DE,06,33886,
Navan,IE,L,33886,
IJsselstein,NL,09,33886,
Opañel,ES,29,33883,Opanel
Wushan,CN,25,33881,
Sabá,HN,03,33879,Saba
Bridgeport,US,IL,33878,
Umluj,SA,19,33874,
Itiúba,BR,05,33872,Itiuba
Wakkanai,JP,12,33869,
Nagua,DO,14,33862,
Peng Siang,SG,,33860,
Palmeira,BR,18,33855,
Elayavur,IN,13,33853,
Ceerigaabo,SO,12,33853,
Dalton,US,GA,33853,
São Luís de Montes Belos,BR,29,33852,Sao Luis de Montes Belos
Guledagudda,IN,19,33851,
Baclaran,PH,40,33850,
Wembesi,ZA,02,33849,
Corinto,CO,09,33846,
Beni Tamou,DZ,20,33846,
Bicester,GB,ENG,33846,
Haywards Heath,GB,ENG,33845,
Oeiras do Pará,BR,16,33844,Oeiras do Para
Olney,US,MD,33844,
Whittlesea,ZA,05,33844,
Óbuda,HU,05,33836,Obuda
North Providence,US,RI,33835,
Nzega,RW,15,33832,
Hadjout,DZ,55,33830,
Iramallūr,IN,13,33829,Iramallur
Kandoeng,KH,19,33827,
Strumica,MK,E7,33825,
Zürich (Kreis 7),CH,ZH,33820,Zurich (Kreis 7)
Limburg an der Lahn,DE,05,33820,
Luuq,SO,06,33820,
Parras de la Fuente,MX,07,33817,
Newark,US,DE,33817,
Oak Hill,US,VA,33811,
Hikiso,JP,28,33810,
Deer Park,US,TX,33806,
Tai Kok Tsui,HK,KYT,33801,
Parc-Extension,CA,10,33800,
Madruga,CU,MA,33798,
Villajoyosa,ES,60,33797,
Preston,AU,07,33790,
Inhambupe,BR,05,33790,
Casalecchio di Reno,IT,05,33789,
Olivais,PT,14,33788,
Piro,IN,34,33785,
Akwatia,GH,05,33784,
Knokke-Heist,BE,VLG,33781,
Guskhara,IN,28,33780,
Bla,ML,05,33779,
Braço do Norte,BR,26,33773,Braco do Norte
Shuangjiang,CN,33,33771,
Antiguo Cuscatlán,SV,05,33767,Antiguo Cuscatlan
Azzaba,DZ,31,33766,
Puerto Rico,CO,08,33765,
Nowy Targ,PL,77,33763,
Umreth,IN,09,33762,
Penticton,CA,02,33761,
Caracal,RO,29,33761,
Américo Brasiliense,BR,27,33757,Americo Brasiliense
Narsīpatnam,IN,02,33757,Narsipatnam
Bahjoi,IN,36,33752,
Fennpfuhl,DE,16,33751,
Várzea da Palma,BR,15,33744,Varzea da Palma
Holland,US,MI,33742,
Dharmābād,IN,16,33741,Dharmabad
Schio,IT,20,33740,
Baboua,CF,09,33739,
San Isidro,MX,15,33737,
Zacatlán,MX,21,33736,Zacatlan
Panadura,LK,36,33735,
Chockli,IN,13,33732,
Kashmor,PK,05,33732,
Ylöjärvi,FI,06,33731,Ylojarvi
Marmaris,TR,48,33731,
Schwedt (Oder),DE,11,33730,
El Ksar,TN,30,33729,
Jaguaribe,BR,06,33726,
Arcola East,CA,11,33725,
Puebloviejo,CO,38,33720,
Shuanghekou,CN,33,33715,
Hermosa,PH,03,33714,
Goch,DE,07,33706,
Vemalwāda,IN,40,33706,Vemalwada
Colgong,IN,34,33700,
Kalāleh,IR,37,33700,Kalaleh
Artëmovskiy,RU,71,33700,Artemovskiy
Krasnoznamensk,RU,47,33700,
Nakaloke,UG,E,33700,
Palmerston,AU,03,33695,
Mie,JP,30,33695,
Itaíba,BR,30,33691,Itaiba
L'Aquila,IT,01,33691,
Bāsudebpur,IN,21,33690,Basudebpur
Sainte-Geneviève-des-Bois,FR,11,33689,Sainte-Genevieve-des-Bois
Juticalpa,HN,15,33686,
Maubeuge,FR,32,33684,
Kuala Tungkal,ID,05,33683,
Throgs Neck,US,NY,33683,
Kayanza,BI,15,33682,
Mirafiori Sud,IT,12,33677,
Pitangueiras,BR,27,33674,
Corsico,IT,09,33669,
Tabanan,ID,02,33667,
Rājākhera,IN,24,33666,Rajakhera
Penha,BR,26,33663,
Northbrook,US,IL,33663,
Araçoiaba da Serra,BR,27,33656,Aracoiaba da Serra
Hilliard,US,OH,33649,
Unión de Reyes,CU,03,33646,Union de Reyes
Ono,JP,06,33640,
Novo Progresso,BR,16,33638,
Hailākāndi,IN,03,33637,Hailakandi
Wenatchee,US,WA,33636,
Puerto Cabezas,NI,17,33635,
Shōbara,JP,11,33633,Shobara
Jagatsinghapur,IN,21,33631,
Mount Hagen,PG,16,33623,
Schoten,BE,VLG,33622,
Petrovsk,RU,67,33622,
Fuxing,CN,33,33621,
Fairview,CA,02,33620,
Katima Mulilo,NA,28,33615,
Beni Douala,DZ,14,33611,
Pitoa,CM,13,33610,
Dowlatābād,IR,28,33607,Dowlatabad
Lebaksiu,ID,07,33606,
Jerantut,MY,06,33606,
Higashinozoe,JP,13,33604,
Tangyan,MM,11,33603,
Alipur,PK,04,33601,
Peixoto de Azevedo,BR,14,33599,
Sonsón,CO,02,33598,Sonson
Ostfildern,DE,01,33598,
West Fargo,US,ND,33597,
Fair Lawn,US,NJ,33597,
Maromandia,MG,42,33596,
Morro do Chapéu,BR,05,33594,Morro do Chapeu
Kennesaw,US,GA,33584,
Labuan,ID,33,33576,
Aïn Taya,DZ,01,33575,Ain Taya
Sicuani,PE,08,33575,
Modřany,CZ,52,33574,Modrany
Rowville,AU,07,33571,
Ubari,LY,84,33569,
Pitanga,BR,18,33567,
Cachoeira,BR,05,33567,
Áno Liósia,GR,ESYE31,33565,Ano Liosia
Lagdo,CM,13,33564,
Maruoka,JP,06,33563,
Gevrai,IN,16,33562,
Bitam,GA,09,33561,
Sant'Antimo,IT,04,33561,
Bauan,PH,40,33560,
New City,US,NY,33559,New
Mussende,AO,06,33558,
Wednesfield,GB,ENG,33555,
Long Beach,US,NY,33550,
Dianra,CI,97,33548,
Bāgh,PK,06,33548,Bagh
Bay,PH,40,33547,
Ospino,VE,18,33547,
Mlonggo,ID,07,33542,
Madikeri,IN,19,33540,
Mulleriyawa,LK,36,33540,
Biltine,TD,02,33540,
Fürstenwalde,DE,11,33539,Furstenwalde
Kopāganj,IN,36,33539,Kopaganj
Chilibre,PA,08,33536,
Ban Ratsada,TH,62,33534,
Fürstenfeldbruck,DE,02,33533,Furstenfeldbruck
Richmond,US,KY,33533,
Venaria Reale,IT,12,33531,
Acornhoek,ZA,09,33529,
Olot,ES,56,33524,
Ostróda,PL,85,33524,Ostroda
As Sūkī,SD,58,33524,As Suki
Prachuap Khiri Khan,TH,57,33521,
Bom Retiro,BR,27,33520,
Surrey City Centre,CA,02,33520,
Erding,DE,02,33519,
Pontevedra,AR,01,33515,
Suitland-Silver Hill,US,MD,33515,
Chillum,US,MD,33513,
Bray,IE,L,33512,
Delījān,IR,34,33508,Delijan
Ribeirão,BR,30,33507,Ribeirao
Chamrān,IR,15,33505,Chamran
Bagnolet,FR,11,33504,
Hàm Ninh,VN,91,33503,Ham Ninh
Bafatá,GW,01,33502,Bafata
Naujininkai,LT,65,33500,
Severoural’sk,RU,71,33500,
Thāna Bhawan,IN,36,33498,Thana Bhawan
Lagos,PT,09,33494,
Zhangatas,KZ,17,33492,
Epping,AU,07,33489,
Jetafe,PH,07,33485,
Pūndri,IN,10,33484,Pundri
Fraiburgo,BR,26,33481,
Otjiwarongo,NA,39,33481,
Vagholi,IN,16,33479,
Ayagoz,KZ,12510143,33479,
Castelo Branco,PT,06,33479,
Mukah,MY,11,33478,
Ikaruga,JP,13,33477,
Foster City,US,CA,33477,Foster
Neuchâtel,CH,NE,33475,Neuchatel
Almendralejo,ES,57,33468,
San Luis,PH,03,33467,
Watari,JP,24,33459,
Mawang,CN,33,33456,
Naudero,PK,05,33455,
Montcada i Reixac,ES,56,33453,
Shetan,CN,33,33452,
Fairborn,US,OH,33452,
Menlo Park,US,CA,33449,
Chimbarongo,CL,08,33446,
Kolín,CZ,88,33444,Kolin
Birmitrapur,IN,21,33442,
Voznesensk,UA,16,33442,
Chicago Loop,US,IL,33442,
Sitionuevo,CO,38,33440,
Poço Redondo,BR,28,33439,Poco Redondo
Exu,BR,30,33436,
Barreirinha,BR,04,33436,
Barra Funda,BR,27,33436,
Yamanashi,JP,46,33435,
Cibolo,US,TX,33433,
Chaksu,IN,24,33432,
Bloemhof,ZA,10,33432,
Yablonovskiy,RU,01,33431,
Campbell River,CA,02,33430,
Lawndale,US,CA,33430,
Kandana,LK,36,33424,
Orodara,BF,09,33422,
La Sebala du Mornag,TN,27,33421,
Feldkirch,AT,08,33420,
Sidi Abid,TN,32,33419,
Darsi,IN,02,33418,
Francavilla Fontana,IT,13,33415,
Kizilyurt,RU,17,33411,
Korschenbroich,DE,07,33406,
Ciudad Vieja,GT,16,33405,
Hinesville,US,GA,33398,
Zaidpur,IN,36,33397,
Nartkala,RU,22,33390,
Istra,RU,47,33390,
Harrismith,ZA,03,33390,
Riachão do Jacuípe,BR,05,33386,Riachao do Jacuipe
Bengkayang,ID,11,33385,
Epe,NL,03,33385,
Waxahachie,US,TX,33384,
Namhkam,MM,11,33382,
Strood,GB,ENG,33381,
Gökdepe,TM,01,33381,Gokdepe
St. Charles,US,MD,33379,
Remuna,IN,21,33378,
Cobbs Creek,US,PA,33373,
Puthenvelikara,IN,13,33372,
Woodridge,US,IL,33370,
Āmli,IN,52,33369,Amli
Borgo San Paolo,IT,12,33366,
Carrollwood,US,FL,33365,
Segezha,RU,28,33354,
El Attaf,DZ,35,33349,
Loughton,GB,ENG,33346,
La Oroya,PE,12,33345,
Al Mithnab,SA,08,33341,
San Sebastián de Mariquita,CO,28,33340,San Sebastian de Mariquita
Le Port,RE,RE,33336,
Shiroishi,JP,24,33330,
Zima,RU,20,33323,
Macuba,RW,14,33319,
Tondano,ID,31,33317,
Alcabideche,PT,14,33315,
Kaka,TM,01,33315,
West Humber-Clairville,CA,08,33312,
Brentwood,US,CA,33312,
Soo,JP,18,33310,
Santiago Atitlán,GT,19,33309,Santiago Atitlan
Anūpgarh,IN,24,33309,Anupgarh
Beigang,TW,04,33300,
Ziniaré,BF,11,33296,Ziniare
Dupax Del Norte,PH,02,33295,
Estreito,BR,13,33294,
Niangoloko,BF,02,33292,
Dobryanka,RU,90,33291,
João Câmara,BR,22,33290,Joao Camara
Mohnyin,MM,04,33290,
Beidou,TW,04,33289,
Shuangfeng,CN,33,33282,
Cravinhos,BR,27,33281,
Catende,BR,30,33279,
Myszków,PL,83,33273,Myszkow
Lier,BE,VLG,33272,
Ramotswa,BW,09,33271,
Calpulalpan,MX,29,33263,
Farīj Kulayb,QA,01,33263,Farij Kulayb
Farīj al Amīr,QA,06,33263,Farij al Amir
Çeşme,TR,35,33259,Cesme
Dietzenbach,DE,05,33256,
Chomphon,TH,40,33250,
Vaḩīdīyeh,IR,26,33249,Vahidiyeh
Vaḩīdīyeh,IR,26,33249,Vahidiyeh
Zgorzelec,PL,72,33247,
Somerton,US,PA,33247,
Salāya,IN,09,33246,Salaya
Idangansālai,IN,25,33245,Idangansalai
Verkhniy Ufaley,RU,13,33245,
Kerki,TM,04,33242,
Elk Grove Village,US,IL,33238,
Capim Grosso,BR,05,33235,
Maragogi,BR,02,33232,
Kampong Speu,KH,04,33231,
Saumur,FR,52,33229,
Aparecida,BR,27,33223,
Pekin,US,IL,33223,
Socorro,US,TX,33222,
Kosamba,IN,09,33221,
Kakuda,JP,24,33221,
Gerisek,MY,01,33217,
Palmeira das Missões,BR,23,33216,Palmeira das Missoes
Casale Monferrato,IT,12,33213,
Araguatins,BR,31,33205,
Robertson,ZA,11,33204,
Manghit,UZ,09,33200,
Basavana Bāgevādi,IN,19,33198,Basavana Bagevadi
Elmont,US,NY,33198,
Hotaka,JP,26,33195,
Khvāf,IR,42,33189,Khvaf
Biarritz,FR,75,33188,
Aranda de Duero,ES,55,33187,
Muhammadābād,IN,36,33186,Muhammadabad
Mtubatuba,ZA,02,33182,
Cramlington,GB,ENG,33180,
Trebinje,BA,02,33178,
Xiongjia,CN,33,33176,
Adelanto,US,CA,33166,
Lakhyabad,IN,28,33162,
Tooele,US,UT,33157,
Siaya,KE,46,33153,
Balakouya,CI,76,33150,
Fujishiro,JP,14,33148,
Anserma,CO,24,33146,
Golden Glades,US,FL,33145,
Marrero,US,LA,33141,
Baocheng,CN,31,33138,
Villa Bisonó,DO,25,33137,Villa Bisono
Chichigalpa,NI,03,33137,
Koh Kong,KH,08,33134,
Jackson,US,MI,33133,
Bayandai,CN,13,33131,
Aya Nagar,IN,07,33123,
Sibiti,CG,05,33122,
Foothill Farms,US,CA,33121,
Gualeguay,AR,08,33120,
Thị Trấn Lam Sơn,VN,38,33117,Thi Tran Lam Son
Umaria,IN,35,33114,
La Ciotat,FR,93,33113,
Kirando,TZ,24,33111,
Vyshhorod,UA,13,33109,
Năvodari,RO,14,33106,Navodari
Laâttaouia,MA,07,33103,Laattaouia
Primorsko-Akhtarsk,RU,38,33102,
Bom Jardim,BR,13,33100,
São Lázaro,CN,30,33100,Sao Lazaro
Béoumi,CI,90,33089,Beoumi
Échirolles,FR,84,33088,Echirolles
El Arrouch,DZ,31,33085,
Englewood,US,CO,33082,
Chanderi,IN,35,33081,
Copperas Cove,US,TX,33081,
Minamikyushu,JP,18,33080,
Bath Beach,US,NY,33080,
Ajānūr,IN,13,33079,Ajanur
Prey Veng,KH,14,33079,
Kotovsk,RU,72,33077,
Empangeni,ZA,02,33075,
Gokwe,ZW,02,33073,
Manendragarh,IN,37,33071,
Ebbw Vale,GB,WLS,33068,
Ciudad Sabinas Hidalgo,MX,19,33068,
Newbury,GB,ENG,33065,
Brugherio,IT,09,33061,
Kamenka,RU,57,33060,
Pašilaičiai,LT,65,33056,Pasilaiciai
Taiobeiras,BR,15,33050,
Yarīm,YE,23,33050,Yarim
Pivijay,CO,38,33047,
Itzehoe,DE,10,33047,
Didy,MG,33,33039,
Touros,BR,22,33035,
Oława,PL,72,33029,
Huntington Station,US,NY,33029,
Pacífico,ES,29,33027,Pacifico
Seaside,US,CA,33025,
Rāmgarh,IN,24,33024,Ramgarh
Kearney,US,NE,33021,
Aral,KZ,14,33017,
Redan,US,GA,33015,
Kapit,MY,11,33014,
Manitowoc,US,WI,33010,
Bhādāsar,IN,24,33006,Bhadasar
Asha,RU,13,33006,
Presidente Figueiredo,BR,04,33004,
Avvocata,IT,04,33001,
Mount Pleasant,CA,02,33000,
Burglesum,DE,03,33000,
North Watford,GB,ENG,33000,
Zintan,LY,80,33000,
Ambodimanga II,MG,32,33000,
Minskyi Masyv,UA,12,33000,
Williamsburg,US,NY,33000,
Qorasuv,UZ,01,33000,
Esik,KZ,01,32995,
Villefranche-sur-Saône,FR,84,32994,Villefranche-sur-Saone
Kahin,CI,78,32991,
Pápa,HU,23,32990,Papa
Ronglong,CN,33,32983,
Goshen,US,IN,32983,
Shawei,CN,30,32980,
Radebeul,DE,13,32979,
Sidi Slimane Echcharaa,MA,02,32979,
Reggane,DZ,34,32974,
St. Charles,US,IL,32974,
Jukui,CN,33,32971,
El Aouinet,DZ,33,32971,
Porto União,BR,26,32970,Porto Uniao
Southport,AU,04,32965,
Monaco,MC,00,32965,
Calbuco,CL,14,32963,
Greenacres City,US,FL,32963,Greenacres
San Onofre,CO,27,32957,
Mt Pleasant,CA,02,32955,
Mount Olive-Silverstone-Jamestown,CA,08,32954,
Kiryas Joel,US,NY,32954,
San Kamphaeng,TH,02,32950,
Itamarandiba,BR,15,32948,
Río Grande,MX,32,32944,Rio Grande
Ndibène Dahra,SN,13,32941,Ndibene Dahra
Badr,EG,11,32940,
Gyöngyös,HU,11,32938,Gyongyos
Marks,RU,67,32929,
Motosu,JP,09,32928,
Shingū,JP,07,32927,Shingu
Portadown,GB,NIR,32926,
Jūybār,IR,35,32924,Juybar
Washwood Heath,GB,ENG,32921,
Mutuáli,MZ,06,32921,Mutuali
Al Başalīyah Baḩrī,EG,16,32920,Al Basaliyah Bahri
Srvanampatti,IN,25,32920,
Buer,DE,07,32919,
Canicattì,IT,15,32918,Canicatti
Jakomini,AT,06,32912,
Miranda,VE,07,32907,
Kapan,AM,08,32900,
Yokadouma,CM,04,32900,
Tumbi,TZ,17,32900,
Busesa,UG,E,32900,
Patrātu,IN,38,32899,Patratu
Bhokar,IN,16,32899,
Moninnpébougou,ML,05,32899,Moninnpebougou
Salisbury,US,MD,32899,
Douglasville,US,GA,32897,
Warrnambool,AU,07,32894,
Silver Lake,US,CA,32890,
Aguaí,BR,27,32888,Aguai
Nanping,CN,33,32888,
Minamisatsuma,JP,18,32887,
Sakumona,GH,01,32886,
Farafenni,GM,07,32883,
Security-Widefield,US,CO,32882,
Mira Taglio,IT,20,32881,
’Aïn el Melh,DZ,27,32880,’Ain el Melh
Bairro Novo,PT,04,32876,
Sānchor,IN,24,32875,Sanchor
General Tinio,PH,03,32875,
Brighouse,GB,ENG,32872,
Kurumbapet,IN,22,32871,
Campi Bisenzio,IT,16,32871,
Achim,DE,06,32870,
Tanggulangin,ID,08,32866,
Feteşti,RO,22,32866,Fetesti
Tanguá,BR,21,32858,Tangua
Wuhe,CN,29,32858,
Kaimganj,IN,36,32858,
Kaélé,CM,12,32853,Kaele
Yorii,JP,34,32851,
Buyo,CI,76,32847,
University Place,US,WA,32842,
Awlād Şaqr,EG,14,32840,Awlad Saqr
Motherwell,GB,SCT,32840,
Bāmaur,IN,35,32838,Bamaur
Heilbron,ZA,03,32836,
Pagani,IT,04,32835,
Jānjgīr,IN,37,32833,Janjgir
Egra,IN,28,32832,
Guofu,CN,33,32831,
Bogo,CM,12,32830,
São Desidério,BR,05,32828,Sao Desiderio
Eunos,SG,,32820,
Pullman,US,WA,32816,
Urbano Santos,BR,13,32812,
Sertânia,BR,30,32811,Sertania
Sneek,NL,02,32811,
Pilar,PY,13,32810,
Igrejinha,BR,23,32808,
Cheb,CZ,81,32808,
Bihārīganj,IN,34,32805,Bihariganj
Dikhil,DJ,06,32801,
Thị Trấn Phố Lu,VN,15,32800,Thi Tran Pho Lu
Teutônia,BR,23,32797,Teutonia
Ticul,MX,31,32796,
Arraial do Cabo,BR,21,32794,
Gorna Oryahovitsa,BG,62,32792,
Geleen,NL,05,32790,
Kardítsa,GR,ESYE14,32789,Karditsa
Espinho,PT,02,32786,
Abbiategrasso,IT,09,32784,
Universidad,ES,29,32783,
Maassluis,NL,11,32780,
Tangjin,KR,17,32778,
Jáltipan de Morelos,MX,30,32778,Jaltipan de Morelos
Bela Cruz,BR,06,32775,
Gdyel,DZ,09,32774,
Lincoln,AR,01,32773,
Příbram,CZ,88,32773,Pribram
Yufu,JP,30,32772,
Asakuchi,JP,31,32772,
Şarkîkaraağaç,TR,33,32771,Sarkikaraagac
Gudermes,RU,12,32769,
Ubajara,BR,06,32767,
Kameda-honchō,JP,29,32765,Kameda-honcho
Bealanana,MG,42,32764,
Abu Suweir-el-Mahatta,EG,14,32763,
Mushābani,IN,38,32761,Mushabani
Babanūsah,SD,62,32759,Babanusah
Udaipur,IN,26,32758,
Hoi An,VN,48,32757,
Mörfelden-Walldorf,DE,05,32753,Morfelden-Walldorf
Oyim,UZ,01,32750,
West Lawn,US,IL,32749,
Riccione,IT,05,32744,
Dighwāra,IN,34,32741,Dighwara
Ngūr,IN,31,32734,Ngur
Mount Lebanon,US,PA,32730,
Garhākota,IN,35,32726,Garhakota
Ventspils,LV,32,32723,
LaSalle,CA,08,32721,
Víctor Rosales,MX,32,32721,Victor Rosales
Léré,TD,20,32721,Lere
Ivaiporã,BR,18,32720,Ivaipora
Windsor,US,CO,32716,
Châtenay-Malabry,FR,11,32715,Chatenay-Malabry
Campo Alegre,BR,02,32714,
Höxter,DE,07,32713,Hoxter
Panatina,SB,14,32712,
Alabaster,US,AL,32707,
Casal Palocco,IT,07,32706,
Jaguarari,BR,05,32703,
São Sebastião,BR,02,32701,Sao Sebastiao
Sungkai,MY,07,32700,
Vengola Kizhakkumbāgam,IN,13,32697,Vengola Kizhakkumbagam
Jiulongshan,CN,33,32696,
Itatiaia,BR,21,32694,
Shimoda,JP,20,32694,
Wijchen,NL,03,32693,
Mamun,IN,23,32689,
Nānjikkottai,IN,25,32689,Nanjikkottai
Farmers Branch,US,TX,32689,
São João Batista,BR,26,32687,Sao Joao Batista
Oildale,US,CA,32684,
Canavieiras,BR,05,32683,
Bijuri,IN,35,32682,
Kholmsk,RU,64,32681,
La Verne,US,CA,32681,
Pivdenne,UA,17,32677,
Maloyaroslavets,RU,25,32669,
Kaïs,DZ,47,32668,Kais
Gevelsberg,DE,07,32664,
Winsen,DE,06,32662,
Mason,US,OH,32662,
Mol,BE,VLG,32659,
Åkersberga,SE,26,32659,Akersberga
Eastpointe,US,MI,32657,
Bustleton,US,PA,32655,
Ghugus,IN,16,32654,
Sélibaby,MR,10,32653,Selibaby
Yōkaichiba,JP,04,32651,Yokaichiba
Setharja Old,PK,05,32651,
Gillette,US,WY,32649,
Rorainópolis,BR,25,32647,Rorainopolis
Lenbe,HT,09,32645,
Velikiy Ustyug,RU,85,32642,
Atebubu,GH,14,32641,
Tārānagar,IN,24,32640,Taranagar
Nienburg,DE,06,32629,
Frederico Westphalen,BR,23,32627,
Valparaiso,US,IN,32626,
Viernheim,DE,05,32620,
Midvale,US,UT,32613,
Nepānagar,IN,35,32611,Nepanagar
Ennepetal,DE,07,32607,
Stains,FR,11,32601,
Badarganj,BD,87,32600,
Prachin Buri,TH,74,32600,
Shaqlāwah,IQ,11,32599,Shaqlawah
Bādepalli,IN,40,32598,Badepalli
Spring Valley,US,NY,32598,
Ōiso,JP,19,32595,Oiso
Pradl,AT,07,32588,
Alindao,CF,02,32588,
Nautanwa,IN,36,32587,
Pīrzādagūda,IN,40,32586,Pirzadaguda
San Donato,IT,12,32586,
Kuroda,JP,01,32586,
Hisua,IN,34,32585,
Shamshabad,IN,40,32583,
Vallabh Vidyanagar,IN,09,32581,
Tamalous,DZ,31,32579,
Tenosique,MX,27,32579,
Erraguntla,IN,02,32574,
Rome,US,NY,32573,
Sebdou,DZ,15,32570,
Darwen,GB,ENG,32566,
Jagna,PH,07,32566,
Sik,MY,02,32565,
Al Abyār,LY,66,32563,Al Abyar
Zhoujia,CN,33,32562,
Wundwin,MM,08,32558,
Iława,PL,85,32557,
Lola,GN,N,32555,
Esplanada,BR,05,32554,
Bahārak,AF,01,32551,Baharak
Edappāl,IN,13,32550,Edappal
Aïn Bessem,DZ,21,32548,Ain Bessem
Lewiston,US,ID,32544,
Manuguru,IN,40,32539,
Heba,CN,15,32538,
Yongxing,CN,33,32535,
Soro,IN,21,32531,
Coronel Suárez,AR,01,32525,Coronel Suarez
Panguipulli,CL,17,32525,
Nagato,JP,45,32519,
In Salah,DZ,IS,32518,
West Village,US,NY,32518,
Caçapava do Sul,BR,23,32515,Cacapava do Sul
Agrigento,IT,15,32514,
Königs Wusterhausen,DE,11,32513,Konigs Wusterhausen
Penalva,BR,13,32511,
Shimada,JP,21,32510,
Ulliyeri,IN,13,32509,
Yubileyny,RU,47,32508,
Haojiaqiao,CN,21,32507,
Stuhr,DE,06,32507,
Karengera,RW,14,32504,
Solomyanka,UA,12,32500,
Saoner,IN,16,32498,
Vinces,EC,13,32497,
Aguilares,AR,24,32494,
Muttayyāpuram,IN,25,32494,Muttayyapuram
Bugarama,TZ,19,32494,
Örnsköldsvik,SE,24,32493,Ornskoldsvik
Mateur,TN,18,32492,
Yanai,JP,45,32490,
Wisbech,GB,ENG,32489,
Manwath,IN,16,32488,
Somma Vesuviana,IT,04,32484,
North Ridgeville,US,OH,32483,
Petersburg,US,VA,32477,
Jeffreys Bay,ZA,05,32477,
Ṣafādasht,IR,26,32476,Safadasht
Dhandhuka,IN,09,32475,
Jūjūvādi,IN,25,32474,Jujuvadi
Pombal,BR,17,32473,
Boryslav,UA,15,32473,
Mazeikiai,LT,63,32470,
Rethymno,GR,ESYE43,32468,
Ourilândia do Norte,BR,16,32467,Ourilandia do Norte
Nueva Italia de Ruiz,MX,16,32467,
Hatta,IN,35,32465,
Santa Rosa Beach,US,FL,32459,
Cendajuru,BI,11,32458,
Correntina,BR,05,32457,
Caucete,AR,18,32454,
Howick,ZA,02,32453,
Desnogorsk,RU,69,32451,
Victoria,CL,04,32448,
Shaodian,CN,04,32448,
Jagdīspur,IN,34,32447,Jagdispur
Ngudu,TZ,12,32446,
Richmond,ZA,02,32445,
Careiro,BR,04,32442,
Almora,IN,39,32442,
Thuraiyur,IN,25,32439,
Ken Caryl,US,CO,32438,
Bor,TR,73,32435,
Randallstown,US,MD,32430,
Nouna,BF,01,32428,
Westlake,US,OH,32428,
Granadero Baigorria,AR,21,32427,
Awoshi,GH,01,32426,
Danderyd,SE,26,32425,
Cambrils,ES,56,32422,
Mixia,CN,13,32419,
Villa de San Antonio,HN,04,32419,
Caicedonia,CO,29,32417,
Santana do Araguaia,BR,16,32413,
Al-`Ula,SA,05,32413,
Thívai,GR,ESYE24,32410,Thivai
Xiasi,CN,32,32400,
Lampertheim,DE,05,32400,
Haruta,JP,01,32399,
Ōharu,JP,01,32399,Oharu
Kazincbarcika,HU,04,32396,
Ḩayy al Quwaysimah,JO,16,32396,Hayy al Quwaysimah
Kudat,MY,16,32393,
Farrokh Shahr,IR,03,32391,
Bangor,US,ME,32391,
Clermont,US,FL,32390,
Lukhovitsy,RU,47,32387,
Saknepalli,IN,40,32385,
Châtillon,FR,11,32383,Chatillon
Gligbeuadji,CI,76,32380,
Rayleigh,GB,ENG,32380,
Jaten,ID,07,32378,
Anta,IN,24,32377,
Lakota,CI,95,32376,
Zapotlanejo,MX,14,32376,
Gödöllő,HU,16,32374,Godollo
Pires do Rio,BR,29,32373,
Udomlya,RU,77,32373,
Chocope,PE,13,32370,
Sun Prairie,US,WI,32365,
Slobodskoy,RU,33,32361,
Mawu,CN,33,32360,
Gajendragarh,IN,19,32359,
Georgetown,US,KY,32356,
Saybag,CN,13,32355,
Jayrūd,SY,08,32352,Jayrud
Greater Grand Crossing,US,IL,32346,
Drozhzhino,RU,47,32345,
Xóm Mỹ Xuân,VN,79,32345,Xom My Xuan
Nuevo Imperial,PE,15,32344,
Imperial,PE,15,32344,
Futian,CN,33,32340,
Biberach an der Riß,DE,01,32333,
Otavalo,EC,11,32330,
Narsinghgarh,IN,35,32329,
Kalyandurg,IN,02,32328,
Fairbanks,US,AK,32325,
Aki-takata,JP,11,32323,
Dagzê,CN,14,32318,Dagze
De Aar,ZA,08,32318,
Comalapa,GT,03,32312,
Guimba,PH,03,32306,
College Park,US,MD,32301,
Nurota,UZ,07,32300,
Chittūr,IN,13,32298,Chittur
Vienne,FR,84,32293,
Madhapar,IN,09,32293,
Rongjiang,CN,29,32291,
Kangkar,SG,00,32290,
Schiltigheim,FR,44,32289,
Boyolangu,ID,08,32287,
Komárno,SK,04,32287,Komarno
Komárno,SK,04,32287,Komarno
Aston,GB,ENG,32286,
Macia,MZ,02,32286,
Ban Khlong Bang Phran,TH,40,32286,
Springville,US,UT,32286,
Chhabra,IN,24,32285,
El Triunfo,EC,10,32282,
Chalchuapa,SV,11,32282,
Banī Suwayf al Jadīdah,EG,02,32278,Bani Suwayf al Jadidah
Monteiro,BR,17,32277,
Actopan,MX,13,32276,
Natick,US,MA,32276,
Marienfelde,DE,16,32270,
Bogdanovich,RU,71,32270,
Gyula,HU,03,32269,
Maşyāf,SY,10,32262,Masyaf
Zarqān,IR,07,32261,Zarqan
Manamadurai,IN,25,32257,
Chestermere,CA,01,32255,
Akatsuka,JP,40,32253,
São Gabriel da Palha,BR,08,32252,Sao Gabriel da Palha
Massillon,US,OH,32252,
Guanhães,BR,15,32244,Guanhaes
Tawaramoto,JP,28,32241,
Walla Walla,US,WA,32237,
Weil am Rhein,DE,01,32236,
Quiapo,PH,NCR,32236,
São Bento,BR,17,32235,Sao Bento
Huzhai,CN,04,32231,
Ruma,RS,VO,32229,
Landskrona,SE,27,32229,
Laranjeiras do Sul,BR,18,32227,
Florence,US,KY,32227,
Kawasan Penempatan Ulu Sungai Benut,MY,01,32226,
Kawasan Penempatan Ulu Benut Tiga,MY,01,32226,
Kawasan Penempatan Ulu Benut Lima,MY,01,32226,
Macuspana,MX,27,32225,
Meschede,DE,07,32224,
Lucera,IT,13,32222,
Fonseca,CO,17,32220,
Puerto de la Cruz,ES,53,32219,
Demnate,MA,05,32217,
Paraipaba,BR,06,32216,
Shaqra,SA,10,32215,
Pyawbwe,MM,08,32214,
Dajin,CN,33,32213,
Andover,US,MN,32213,
Câmara de Lobos,PT,10,32209,Camara de Lobos
Yamashita,JP,20,32207,
Hopkinsville,US,KY,32205,
Komagane,JP,26,32202,
Cochrane,CA,01,32199,
Whitstable,GB,ENG,32196,
La Paz,ES,29,32192,
Rheinberg,DE,07,32188,
Namegata,JP,14,32185,
Estrela,BR,23,32183,
Overbrook,US,PA,32181,
Ts’khinvali,GE,73,32180,
San Narciso,PH,03,32180,
Paris 03 Temple,FR,11,32179,
Mascalucia,IT,15,32179,
Ibaté,BR,27,32178,Ibate
Gandu,BR,05,32178,
Curtea de Argeş,RO,03,32178,Curtea de Arges
Ja Ela,LK,36,32175,
Matões,BR,13,32174,Matoes
Kumru,TR,52,32174,
Zaqatala,AZ,70,32171,
Tiruchchendur,IN,25,32171,
Ḩarir,IQ,11,32171,Harir
Wernigerode,DE,14,32167,
Colonia del Sacramento,UY,04,32164,
Ahwiaa,GH,02,32163,
Ma‘arratmişrīn,SY,12,32163,Ma‘arratmisrin
Snowdon,CA,10,32160,
Centro Familiar la Soledad,MX,11,32159,
Laramie,US,WY,32158,
Etlik,TR,68,32156,
Greenville,US,MS,32156,
West Englewood,US,IL,32156,
Bisauli,IN,36,32154,
Coxim,BR,11,32151,
Miguel Alves,BR,20,32150,
Werl,DE,07,32149,
Kangayam,IN,25,32147,
Hizume,JP,16,32147,
Anfu,CN,15,32146,
Mannanchōri,IN,13,32139,Mannanchori
Kakching,IN,17,32138,
Pojuca,BR,05,32136,
Les Mureaux,FR,11,32134,
Turaiyūr,IN,25,32134,Turaiyur
Żywiec,PL,83,32132,Zywiec
La Ligua,CL,01,32131,
Bijaynagar,IN,24,32124,
Fajardo,PR,053,32124,
Ferokh,IN,13,32122,
Bethel Park,US,PA,32118,
Kamogawa,JP,04,32116,
Sint-Amandsberg,BE,VLG,32115,
Kurtalan,TR,74,32114,
Akçakale,TR,63,32114,Akcakale
Bernburg,DE,14,32113,
Cookeville,US,TN,32113,
Randolph,US,MA,32112,
Favara,IT,15,32110,
Oceanside,US,NY,32109,
Danville,US,IL,32108,
Guaíra,BR,18,32097,Guaira
Ouro Fino,BR,15,32094,
Dhāmnod,IN,35,32093,Dhamnod
Barrinha,BR,27,32092,
Helena,US,MT,32091,
Jora Khurd,IN,35,32087,
Quitilipi,AR,03,32083,
Rumbek,SS,04,32083,
Bekwai,GH,02,32082,
Antsohimbondrona,MG,71,32080,
Inta,RU,34,32080,
Shunzhou,CN,29,32074,
Holstebro,DK,18,32072,
Yeşilli,TR,72,32072,Yesilli
Huilong,CN,33,32070,
Shepparton,AU,07,32067,
Pāvugada,IN,19,32063,Pavugada
Limbiate,IT,09,32062,
Fenhe,CN,33,32059,
Aïn Smara,DZ,04,32057,Ain Smara
Neugraben-Fischbek,DE,04,32054,
Eisenhüttenstadt,DE,11,32052,Eisenhuttenstadt
Langendreer,DE,07,32047,
Naranjal,EC,10,32045,
Thenhippalam,IN,13,32045,
Quţūr,EG,05,32043,Qutur
San Pawl il-Baħar,MT,52,32042,
São Miguel Arcanjo,BR,27,32039,Sao Miguel Arcanjo
Puerto Iguazú,AR,14,32038,Puerto Iguazu
Niederschönhausen,DE,16,32037,Niederschonhausen
Nguigmi,NE,02,32035,
Huixtla,MX,05,32033,
Montgomery Village,US,MD,32032,
Binche,BE,WAL,32030,
Sant Joan Despí,ES,56,32030,Sant Joan Despi
Yamoto,JP,24,32028,
Villaguay,AR,08,32027,
Chachapoyas,PE,01,32026,
Brasília de Minas,BR,15,32025,Brasilia de Minas
Halvad,IN,09,32024,
Nyanza,RW,15,32016,
Le Perreux-sur-Marne,FR,11,32015,
Chindumbo,AO,01,32013,
Meerpet,IN,40,32013,
Colíder,BR,14,32010,Colider
Zamānia,IN,36,32008,Zamania
Ciudad Fernández,MX,24,32006,Ciudad Fernandez
Manouba,TN,39,32005,
North Olmsted,US,OH,32004,
Casilda,AR,21,32002,
Curanilahue,CL,06,32000,
Lower Earley,GB,ENG,32000,
Shirley,GB,ENG,32000,
Deeside,GB,WLS,32000,
Bhatkal,IN,19,32000,
Malkapur,IN,16,32000,
Kyzyl-Kyya,KG,09,32000,
Itampolo,MG,51,32000,
Taman Pelangi,MY,01,32000,
Midoun,TN,28,32000,
Danai,MM,04,31998,
Djidiouia,DZ,51,31996,
Land O' Lakes,US,FL,31996,
Makhdumpur,IN,34,31994,
Lommel,BE,VLG,31993,
Jiangzhuang,CN,04,31991,
Guyancourt,FR,11,31989,
Falmouth,GB,ENG,31988,
Palaiseau,FR,11,31987,
Yawatahama,JP,05,31987,
Sibut,CF,06,31986,
Banigbé,BJ,17,31984,Banigbe
Barbacha,DZ,18,31983,
Longju,CN,33,31982,
Akatsi,GH,08,31981,
Castro-Urdiales,ES,39,31977,
Nkhotakota,MW,C,31974,
San Isidro,AR,02,31972,
Arfoud,MA,08,31971,
Donskoy,RU,76,31968,
Hajdúböszörmény,HU,10,31957,Hajduboszormeny
Of,TR,61,31951,
Kimovsk,RU,76,31947,
Shafi Pur Ranhola,IN,07,31944,
Nísia Floresta,BR,22,31942,Nisia Floresta
Guōlèmùdé,CN,06,31941,Guolemude
Vallentuna,SE,26,31937,
Kampung Kerubong,MY,04,31936,
Nerópolis,BR,29,31932,Neropolis
Katobu,ID,22,31929,
IJmuiden,NL,07,31925,
Nola,CF,16,31923,
Bougaa,DZ,12,31922,
Znamensk,RU,07,31922,
Maḩallat Damanah,EG,01,31921,Mahallat Damanah
Tatau,MY,11,31920,
Xaxim,BR,26,31918,
Saint-Dizier,FR,44,31918,
Menen,BE,VLG,31916,
’Aïn el Bell,DZ,22,31916,’Ain el Bell
İmamoğlu,TR,81,31916,Imamoglu
Watertown,US,MA,31915,
Mamu Kanjan,PK,04,31914,
Neuruppin,DE,11,31901,
Hīt,IQ,01,31901,Hit
Slagelse,DK,20,31896,
Bagre,BR,16,31892,
el hed,DZ,18,31890,
Punta de Piedras,VE,17,31886,
Néa Ionía,GR,ESYE14,31884,Nea Ionia
Jāridih,IN,38,31882,Jaridih
Rasrā,IN,36,31876,Rasra
Glastonbury,US,CT,31876,
Podil,UA,18,31870,
Amlapura,ID,02,31869,
Amlapura city,ID,02,31869,
Oudenaarde,BE,VLG,31866,
Creil,FR,32,31863,
Tanchang Chengguanzhen,CN,15,31861,
Fenggao,CN,33,31859,
Saḩar,YE,16,31859,Sahar
Palmeiras de Goiás,BR,29,31858,Palmeiras de Goias
Borj Cedria,TN,27,31858,
Sādpalli,IN,40,31857,Sadpalli
Baliwan,CN,15,31856,
Sattur,IN,25,31856,
Sharqpur Sharif,PK,04,31855,
Westmont,US,CA,31853,
Anapu,BR,16,31850,
Maur,IN,23,31849,
Privolzhskiy,RU,67,31849,
Ayabe,JP,22,31846,
Anbyŏn-ŭp,KP,09,31845,Anbyon-up
Hyde Park,US,MA,31845,
Maḩmūdābād,IR,35,31844,Mahmudabad
Chhota Gobindpur,IN,38,31843,
Ansbach,DE,02,31839,
Remchi,DZ,15,31837,
Emmerich,DE,07,31829,
Pekan,MY,06,31826,
Thamesmead,GB,ENG,31824,
Sāsvad,IN,16,31821,Sasvad
Galapagar,ES,29,31820,
Karłowice-Różanka,PL,72,31813,Karłowice-Rozanka
Alvalade,PT,14,31813,
Santa Rita,VE,23,31810,
Al Qanţarah,EG,07,31808,Al Qantarah
Bandar Nabawan,MY,16,31807,
Cañete,CL,06,31805,Canete
Garfield,US,NJ,31802,
Dasheng,CN,25,31797,
Taolin,CN,25,31795,
Ulundi,ZA,02,31795,
São Luís do Quitunde,BR,02,31792,Sao Luis do Quitunde
Hlukhiv,UA,21,31789,
Shek Lei,HK,NKT,31788,
Gorodets,RU,51,31788,
El Sombrero,VE,12,31788,
Caucagua,VE,15,31788,
Gurupá,BR,16,31786,Gurupa
Vandœuvre-lès-Nancy,FR,44,31785,Vandœuvre-les-Nancy
Bhera,PK,04,31781,
Kreuztal,DE,07,31772,
Milazzo,IT,15,31771,
Kabacan,PH,12,31769,
Bale Hawassa,ET,56,31765,
Hakonegasaki,JP,40,31765,
Vilavoorkkal,IN,13,31761,
Santa Pola,ES,60,31760,
General José de San Martín,AR,03,31758,General Jose de San Martin
Descalvado,BR,27,31756,
Viby,DK,18,31756,
Kotma,IN,35,31756,
Urambo,TZ,17,31752,
Bandjoun,CM,08,31750,
Al Qaryatayn,SY,11,31748,
Laguna Hills,US,CA,31748,
Cabrobó,BR,30,31746,Cabrobo
Tienen,BE,VLG,31743,
Santa Maria Capua Vetere,IT,04,31743,
Momostenango,GT,21,31739,
Isoka,ZM,10,31739,
Radolfzell,DE,01,31734,
Dursh Khela,PK,03,31732,
Villanueva,CO,32,31727,
Kottaikuppam,IN,25,31726,
Kiskunfélegyháza,HU,01,31720,Kiskunfelegyhaza
Katagami,JP,02,31720,
Mariakani,KE,23,31715,
Nakhabino,RU,47,31715,
Megarine,DZ,TG,31711,
Kavār,IR,07,31711,Kavar
Fushimi,JP,37,31710,
Sakhnīn,IL,03,31702,Sakhnin
Jaguaruana,BR,06,31701,
Leku,ET,SI,31700,
Allanridge,ZA,03,31700,
Khaira,IN,16,31699,
Puerto Wilches,CO,26,31698,
West Bend,US,WI,31695,
Fort Pienc,ES,56,31693,
Tālīkota,IN,19,31693,Talikota
Abrantes,ES,29,31691,
Bang Khun Si,TH,40,31689,
Uekimachi-mōno,JP,21,31688,Uekimachi-mono
Amecameca,MX,15,31687,
Thonon-les-Bains,FR,84,31684,
Castelvetrano,IT,15,31680,
Itapicuru,BR,05,31679,
Nabīnagar,BD,84,31671,Nabinagar
Oristano,IT,14,31671,
Fianga,TD,16,31668,
Willingboro,US,NJ,31668,
Puzhal,IN,25,31665,
Hayama,JP,19,31665,
Kyauktaga,MM,13,31656,
Chichester,GB,ENG,31654,
Barros Blancos,UY,02,31650,
Morrelgonj,BD,82,31647,
Zhonghe,CN,31,31646,
Capela,BR,28,31645,
Puerto Cumarebo,VE,11,31644,
Turilândia,BR,13,31638,Turilandia
Angri,IT,04,31632,
Sosnovoborsk,RU,91,31632,
Cicero,US,NY,31632,
Zentsujichó,JP,17,31631,Zentsujicho
Nantan,JP,22,31629,
Floresta,BR,30,31627,
Papendrecht,NL,11,31621,
San Carlos de Bolívar,AR,01,31618,San Carlos de Bolivar
Barnstaple,GB,ENG,31616,
Evergem,BE,VLG,31615,
Salqīn,SY,12,31608,Salqin
Sīdī Bin Zīnah,LY,67,31607,Sidi Bin Zinah
Youri Kourtéré,NE,09,31598,Youri Kourtere
Kudymkar,RU,90,31596,
Bariri,BR,27,31595,
Zégoua,ML,06,31593,Zegoua
Mchinji,MW,C,31592,
Raiwind,PK,04,31592,
San Lorenzo,AR,17,31589,
Lloydminster,CA,01,31582,
Mundelein,US,IL,31582,
Kalpatta,IN,13,31580,
Centereach,US,NY,31578,
Rass el Djebel,TN,18,31574,
Kop’ung,KP,01,31572,
Villanueva,HN,06,31571,
Béthune,FR,32,31568,Bethune
Cachoeira Paulista,BR,27,31564,
Windsor,GB,ENG,31560,
Cananea,MX,26,31560,
Cururupu,BR,13,31558,
São José da Tapera,BR,02,31557,Sao Jose da Tapera
Mozhaysk,RU,47,31557,
Obukhiv,UA,13,31557,
Takahashi,JP,31,31556,
Juneau,US,AK,31555,
Hartbeestfontein-A,ZA,10,31554,
Ambad,IN,16,31553,
Lebohang,ZA,07,31553,
Gành Hào,VN,96,31552,Ganh Hao
Figuil,CM,13,31550,
Dade,CN,33,31548,
Anlan,CN,33,31546,
Mount Juliet,US,TN,31540,
Naugatuck,US,CT,31538,
Sijua,IN,38,31537,
Rāhatgarh,IN,35,31537,Rahatgarh
Zapala,AR,15,31534,
Vandavāsi,IN,25,31530,Vandavasi
Tirumuruganpūndi,IN,25,31528,Tirumuruganpundi
Kōshū,JP,46,31526,Koshu
Wudalike,CN,13,31525,
Thanneermukkom,IN,13,31525,
Hafnarfjörður,IS,39,31525,Hafnarfjorður
Neubau,AT,09,31521,
San Luis,US,AZ,31520,
San Carlos,CL,18,31517,
Pankshin,NG,49,31516,
Sédhiou,SN,18,31511,Sedhiou
Barabinsk,RU,53,31508,
Kita-Akita,JP,02,31504,
Parūr,IN,13,31503,Parur
Welench’ītī,ET,51,31500,Welench’iti
Prestwich,GB,ENG,31500,
Sapezal,BR,14,31499,
Jiuxian,CN,33,31499,
Bouarfa,MA,02,31499,
Gomoh,IN,38,31495,
Aldaia,ES,60,31492,
Rahachow,BY,02,31490,
Epsom,GB,ENG,31489,
Ceylanpınar,TR,63,31488,
Blauwgrond,SR,16,31483,
Crema,IT,09,31481,
Samjiyŏn-ŭp,KP,13,31471,Samjiyon-up
Hispanoamérica,ES,29,31470,Hispanoamerica
Elūr,IN,13,31468,Elur
Stratford,CA,08,31465,
Brighton Beach,US,NY,31462,
Michigan City,US,IN,31459,Michigan
Mandaguaçu,BR,18,31457,Mandaguacu
Airmadidi,ID,31,31446,
Dania Beach,US,FL,31446,
Parambu,BR,06,31445,
Savé,BJ,11,31444,Save
Bandar,ID,26,31442,
Jam,IR,22,31436,
Makiki / Lower Punchbowl / Tantalus,US,HI,31434,
San Javier,ES,31,31432,
Forquilhinha,BR,26,31431,
San José,CR,01,31430,San Jose
Bulanık,TR,49,31430,
Pindaré-Mirim,BR,13,31429,Pindare-Mirim
Alaminos,PH,40,31427,
Marapong,ZA,09,31424,
Lewiston Orchards,US,ID,31422,
Chemmumiahpet,IN,02,31416,
Nieuw-Vennep,NL,07,31415,
Chilliwack-Downtown,CA,02,31410,
Oldenzaal,NL,15,31410,
Ajka,HU,23,31407,
Osterholz-Scharmbeck,DE,06,31405,
Bale Robe,ET,51,31400,
Lukyanivka,UA,12,31400,
Bektemir,UZ,13,31400,
Trutnov,CZ,82,31398,
Mehdia daira de meghila,DZ,13,31396,
Arroyomolinos,ES,29,31396,
Côte-Saint-Luc,CA,10,31395,Cote-Saint-Luc
Guojia,CN,33,31394,
Lexington,US,MA,31394,
Chatham,US,IL,31392,
Jalālpur,IN,36,31388,Jalalpur
Kharagpur,IN,34,31385,
Songo,AO,15,31382,
Mariahilf,AT,09,31381,
Navarre,US,FL,31378,
El Carmel,ES,56,31377,
Holly Springs,US,NC,31377,
Maluso,PH,14,31374,
Orosháza,HU,03,31373,Oroshaza
Christchurch,GB,ENG,31372,
Mangistau,KZ,09,31368,
Río Bueno,CL,17,31366,Rio Bueno
Sri Mādhopur,IN,24,31366,Sri Madhopur
Novoyavorivs'k,UA,15,31366,
Colomiers,FR,76,31363,
Kutoarjo,ID,07,31352,
Maralal,KE,45,31350,
Diré,ML,08,31348,Dire
Lumding Railway Colony,IN,03,31347,
Church-Yonge Corridor,CA,08,31340,
Wenxian Chengguanzhen,CN,15,31339,
Lohmar,DE,07,31339,
Wenfeng,CN,33,31338,
Bussum,NL,07,31334,
Tandaltī,SD,41,31329,Tandalti
Rio das Pedras,BR,27,31328,
Guarantã do Norte,BR,14,31328,Guaranta do Norte
Hakenfelde,DE,16,31327,
Grand-Zattry,CI,76,31326,
Rio Negro,BR,18,31324,
Mvomero,TZ,02,31324,
Frankfort,ZA,03,31323,
Grottaglie,IT,13,31320,
Pilczyce-Kozanów-Popowice Północne,PL,72,31320,Pilczyce-Kozanow-Popowice Połnocne
Souk et Tnine Jorf el Mellah,MA,04,31318,
Água Boa,BR,14,31314,Agua Boa
Santa Eulària des Riu,ES,07,31314,Santa Eularia des Riu
Cheongsong gun,KR,14,31313,
Kolenté,GN,D,31312,Kolente
Willoughby,CA,02,31305,
Huatusco,MX,30,31305,
Lyon 02,FR,84,31303,
Ahmedgarh,IN,23,31302,
Stanley,GB,ENG,31300,
Al Burayqah,LY,83,31300,
Folie Méricourt,FR,11,31299,Folie Mericourt
Chītāpur,IN,19,31299,Chitapur
Eyvān,IR,10,31299,Eyvan
San José Guadalupe Otzacatipan,MX,15,31299,San Jose Guadalupe Otzacatipan
Yby Yaú,PY,07,31290,Yby Yau
Shawnee,US,OK,31286,
Savonlinna,FI,10,31283,
Jhanjhārpur,IN,34,31283,Jhanjharpur
Brentwood Estates,US,TN,31279,
Láng Thượng,VN,01,31279,Lang Thuong
Cô Tô,VN,91,31278,Co To
Bandeirantes,BR,18,31273,
Jinan-gun,KR,03,31273,
Bahau,MY,05,31273,
Galesburg,US,IL,31273,
Osvaldo Cruz,BR,27,31272,
Banī Suhaylā,PS,GZ,31272,Bani Suhayla
Poconé,BR,14,31269,Pocone
Mehdya,MA,04,31269,
Sarahs,TM,01,31269,
Sakai-nakajima,JP,10,31268,
General Salipada K. Pendatun,PH,14,31263,
Carballo,ES,58,31261,
Siliana,TN,22,31251,
Parnarama,BR,13,31250,
Ţafas,SY,06,31249,Tafas
Bowling Green,US,OH,31246,
Ancien-Prozi,CI,96,31245,
Georgsmarienhütte,DE,06,31244,Georgsmarienhutte
Nāspur,IN,40,31244,Naspur
Kaminokawa,JP,38,31243,
Carangola,BR,15,31240,
Ar-Rawḍah,EG,20,31240,Ar-Rawdah
Dún Laoghaire,IE,L,31239,Dun Laoghaire
Singānallūr,IN,25,31239,Singanallur
Unchagao,IN,16,31238,
Guararema,BR,27,31236,
Nogent-sur-Marne,FR,11,31236,
Karangampel,ID,30,31234,
Esperança,BR,17,31231,Esperanca
Bagru,IN,24,31229,
Athis-Mons,FR,11,31225,
Nemuro,JP,12,31223,
Des Moines,US,WA,31221,
Krabi,TH,63,31219,
Itaperuçu,BR,18,31217,Itaperucu
Güstrow,DE,12,31217,Gustrow
Chūō,JP,46,31216,Chuo
Ołbin,PL,72,31216,
Bama,BF,01,31215,
Sasaguri,JP,07,31213,
Cheriyamundam,IN,13,31212,
Allapuram,IN,25,31211,
Bittou,BF,04,31210,
Arcos de la Frontera,ES,51,31210,
Villa Regina,AR,16,31209,
Songbai,CN,12,31207,
Pontypridd,GB,WLS,31206,
Al Maḩāwīl,IQ,06,31200,Al Mahawil
Karoliniškės,LT,65,31200,Karoliniskes
Leioa,ES,59,31197,
Hirado,JP,27,31192,
Wheat Ridge,US,CO,31192,
Niagara,CA,08,31180,
Kuala Belait,BN,01,31178,
Cloppenburg,DE,06,31177,
Bembèrèkè,BJ,10,31176,Bembereke
Saint-Georges,CA,10,31173,
Zhakou,CN,16,31173,
Rāmāpuram,IN,02,31169,Ramapuram
Orillia,CA,08,31166,
Kawambwa,ZM,04,31161,
Thornton-Cleveleys,GB,ENG,31157,
Chilapa de Álvarez,MX,12,31157,Chilapa de Alvarez
Rosera,IN,34,31155,
Ban Khlong Bang Sao Thong,TH,42,31153,
Koungheul,SN,16,31149,
Lend,AT,06,31147,
Valdepeñas,ES,54,31147,Valdepenas
Podili,IN,02,31145,
Barberà del Vallès,ES,56,31144,Barbera del Valles
Ortaköy,TR,75,31144,Ortakoy
Ganderkesee,DE,06,31141,
Aberdare,GB,WLS,31135,
Shrīgonda,IN,16,31134,Shrigonda
Atar,MR,07,31133,
Pavlovskaya,RU,38,31133,
Viry-Châtillon,FR,11,31131,Viry-Chatillon
Travnik,BA,01,31127,
Kičevo,MK,43,31123,Kicevo
Kalliyasshēri,IN,13,31122,Kalliyassheri
Houilles,FR,11,31121,
Zhong’ao,CN,33,31118,
Merzig,DE,09,31118,
Šibenik,HR,13,31115,Sibenik
Cabadbaran,PH,13,31114,
Yengisar,CN,13,31113,
Daocheng,CN,04,31113,
Yaring,TH,69,31111,
Florence,US,AZ,31110,
Tigre,AR,01,31106,
Omaezaki,JP,37,31103,
’Aïn Benian,DZ,01,31102,’Ain Benian
Songo,MZ,08,31101,
Shambu,ET,51,31100,
Īteya,ET,51,31100,Iteya
Soissons,FR,32,31100,
Likino-Dulevo,RU,47,31100,
Kula,TR,45,31100,
Lazdynai,LT,65,31097,
Kannānendal,IN,25,31095,Kannanendal
Pāndharkawada,IN,16,31094,Pandharkawada
Mankāchar,IN,18,31091,Mankachar
Bedworth,GB,ENG,31090,
Katirur,IN,13,31087,
Dyurtyuli,RU,08,31087,
Bugarama,RW,14,31086,
Deggendorf,DE,02,31081,
Liverpool,AU,02,31078,
Kuçovë,AL,40,31077,Kucove
Surfers Paradise,AU,04,31073,
Erandol,IN,16,31071,
Valkenswaard,NL,06,31071,
Verbania,IT,12,31070,
Freha,DZ,14,31068,
Adirampattinam,IN,25,31066,
Victoria-Fraserview,CA,02,31065,
Kuala Kurau,MY,07,31065,
Caerphilly,GB,WLS,31060,
Kūrāli,IN,23,31060,Kurali
Dreux,FR,24,31058,
Gurnee,US,IL,31056,
Foya Kamara,LR,20,31052,
Pagaluñgan,PH,14,31052,Pagalungan
Burgdorf,DE,06,31051,
San Giuliano Milanese,IT,09,31050,
Pompéu,BR,15,31047,Pompeu
Termoli,IT,11,31044,
Guararapes,BR,27,31043,
Rostov Veliky,RU,88,31039,
Myrtle Beach,US,SC,31035,
Jagdīshpur,IN,36,31029,Jagdishpur
Nagai,JP,44,31026,
Ponneri,IN,25,31025,
Na Klang,TH,79,31024,
Kanzakimachi-kanzaki,JP,33,31022,
Heusden,BE,VLG,31017,
Tsuru,JP,46,31016,
Taman Seremban Jaya,MY,05,31016,
Shamsābād,IN,36,31009,Shamsabad
Malakanagiri,IN,21,31007,
Yurigaoka,JP,07,31007,
São José do Egito,BR,30,31004,Sao Jose do Egito
Mimarsinan,TR,34,31002,
Caluquembe,AO,09,31000,
Dayē,ET,51,31000,Daye
Ruislip,GB,ENG,31000,
Justiniškės,LT,65,31000,Justiniskes
Wobulenzi,UG,C,31000,
Deolali,IN,16,30997,
Bubanza,BI,09,30996,
Chapadão do Sul,BR,11,30993,Chapadao do Sul
Lucban,PH,40,30992,
Parkersburg,US,WV,30991,
Santa Vitória do Palmar,BR,23,30983,Santa Vitoria do Palmar
Mangrūl Pīr,IN,16,30983,Mangrul Pir
Aungban,MM,11,30982,
Yushan,CN,33,30981,
Port Alfred,ZA,05,30981,
Tianfu,CN,33,30980,
Terracina,IT,07,30980,
Hellín,ES,54,30976,Hellin
Miami Lakes,US,FL,30972,
Şān al Ḩajar al Qiblīyah,EG,14,30969,San al Hajar al Qibliyah
Saratoga,US,CA,30968,
Khairpur Tamewah,PK,04,30967,
Narsampet,IN,40,30963,
East Lake,US,FL,30962,
Ikegami,JP,40,30959,
Pingkai,CN,33,30958,
Shuangtang,CN,04,30958,
Fandriana,MG,22,30958,
Irituia,BR,16,30955,
Wevelgem,BE,VLG,30954,
Famaillá,AR,24,30951,Famailla
Berasia,IN,35,30951,
Rutherglen,GB,SCT,30950,
Nasarawa,NG,56,30949,
Kafr Shukr,EG,09,30948,
Banning,US,CA,30945,
Motala,SE,16,30944,
Goleta,US,CA,30944,
Wanghong,CN,21,30943,
Bādāmi,IN,19,30943,Badami
Lakeside,US,FL,30943,
Yaese,JP,47,30941,
Long Branch,US,NJ,30941,
Hirakawa,JP,03,30938,
Goré,TD,09,30936,Gore
Tsugaru,JP,03,30934,
Magba,CM,08,30931,
Bayanhongor,MN,02,30931,
Ladybrand,ZA,03,30930,
Shaping,CN,33,30928,
Pasān,IN,37,30928,Pasan
Minase,JP,32,30927,
Doncaster East,AU,07,30926,
Kesabpur,BD,82,30926,
Emmen,CH,LU,30926,
Pāmban,IN,25,30926,Pamban
Ḩadīthah,IQ,01,30925,Hadithah
Banda,IN,35,30923,
Noble Park,AU,07,30921,
Kondagaon,IN,37,30921,
Kalakkādu,IN,25,30921,Kalakkadu
Mamporal,VE,15,30918,
Deal,GB,ENG,30917,
Baalbek,LB,11,30916,
Arendal,NO,42,30916,
Toretsk,UA,05,30914,
Fair Oaks,US,CA,30912,
Charenton-le-Pont,FR,11,30910,
Narre Warren South,AU,07,30909,
Nahiyat Ghammas,IQ,04,30909,
Cícero Dantas,BR,05,30907,Cicero Dantas
Dzodze,GH,08,30905,
Chanika,TZ,18,30905,
Kusŏng-si,KP,11,30902,Kusong-si
Puthuppariyāram,IN,13,30895,Puthuppariyaram
Northeim,DE,06,30894,
Kachia,NG,23,30893,
Flores da Cunha,BR,23,30892,
Carauari,BR,04,30892,
Wayne,US,PA,30892,
Aïn Taoujdat,MA,03,30889,Ain Taoujdat
Sidi Moussa,DZ,01,30887,
Posorja,EC,10,30886,
Lake Stevens,US,WA,30886,
Vilāngudi,IN,25,30884,Vilangudi
Gumdag,TM,02,30884,
Senigallia,IT,10,30882,
Villeneuve-Saint-Georges,FR,11,30881,
Champotón,MX,04,30881,Champoton
Dover,US,NH,30880,
Yugorsk,RU,32,30878,
Radnor,US,PA,30878,
Massafra,IT,13,30875,
Ganning,CN,33,30873,
Rūdarpur,IN,36,30873,Rudarpur
Miguel Alemán (La Doce),MX,26,30869,Miguel Aleman (La Doce)
Gerik,MY,07,30868,
Pinerolo,IT,12,30866,
Holladay,US,UT,30864,
Nsoatre,GH,13,30862,
Mompós,CO,35,30861,Mompos
Sholinghur,IN,25,30856,
Jubayt,SD,36,30856,
Mānāvadar,IN,09,30850,Manavadar
Vitorino Freire,BR,13,30845,
Macerata,IT,10,30842,
Kharan,PK,02,30841,
Cholargós,GR,ESYE31,30840,Cholargos
Raposa,BR,13,30839,
Kostopil,UA,19,30838,
Baie-Mahault,GP,GP,30837,
Herriman,US,UT,30835,
Élancourt,FR,11,30831,Elancourt
Koulamoutou,GA,07,30830,
Mpophomeni,ZA,02,30830,
Purāini,IN,34,30829,Puraini
Deūlgaon Rāja,IN,16,30827,Deulgaon Raja
Jinhu,TW,01,30826,
South Kingstown,US,RI,30826,
Tillabéri,NE,09,30822,Tillaberi
San Andrés del Rabanedo,ES,55,30820,San Andres del Rabanedo
Pingtan,CN,33,30816,
Saint Neots,GB,ENG,30811,
Werne,DE,07,30810,
Geraardsbergen,BE,VLG,30807,
Vitória do Mearim,BR,13,30805,Vitoria do Mearim
Dharmadam,IN,13,30804,
Lavras da Mangabeira,BR,06,30802,
Saint-Ambroise,FR,11,30802,
Buriti,BR,13,30799,
Estero,US,FL,30799,
Gedera,IL,02,30798,
Madurāntakam,IN,25,30796,Madurantakam
Cambuslang,GB,SCT,30790,
Escuinapa de Hidalgo,MX,25,30790,
Ithaca,US,NY,30788,
Alençon,FR,28,30786,Alencon
North Tonawanda,US,NY,30785,
Kalomo,ZM,07,30781,
Ţūd,EG,28,30780,Tud
Barão de Cocais,BR,15,30778,Barao de Cocais
Reino de Antula,GW,11,30778,
Dorohoi,RO,07,30776,
Āsbe Teferī,ET,51,30772,Asbe Teferi
Kizhuvalam-Koonthalloor,IN,13,30770,
Brooklyn Center,US,MN,30770,
San Luis de Sincé,CO,27,30768,San Luis de Since
Conegliano,IT,20,30765,
San Benito,GT,12,30764,
Dharamsala,IN,11,30764,
Pikesville,US,MD,30764,
Nungwi,TZ,22,30762,
Hoyerswerda,DE,13,30759,
New Iberia,US,LA,30754,
Alamogordo,US,NM,30753,
Rosas,ES,29,30751,
Itapoá,BR,26,30750,Itapoa
Panarukan,ID,08,30749,
Karasu,TR,54,30746,
Chełm,PL,82,30743,
Vrilissia,GR,ESYE31,30741,
Quedas do Iguaçu,BR,18,30738,Quedas do Iguacu
Chak Five Hundred Seventy-five,PK,04,30738,
Orangeville,CA,08,30734,
Parkville,US,MD,30734,
Sorochinsk,RU,55,30731,
Bad Hersfeld,DE,05,30725,
Wattala,LK,36,30725,
Augusta,IT,15,30723,
Petrich,BG,38,30722,
Pedana,IN,02,30721,
Statesboro,US,GA,30721,
Ḥawṭah Banī Tamīm,SA,10,30720,Hawtah Bani Tamim
Dahmani,TN,14,30720,
Além Paraíba,BR,15,30717,Alem Paraiba
Juatuba,BR,15,30716,
Şūrān,SY,10,30716,Suran
Aglipay,PH,02,30714,
Făgăraș,RO,09,30714,Fagaras
Riacho de Santana,BR,05,30711,
Fort Erie,CA,08,30710,
Shagang,CN,16,30710,
Dois Irmãos,BR,23,30709,Dois Irmaos
Morgantown,US,WV,30708,
Machadinho d'Oeste,BR,24,30707,
Xiagezhuang,CN,25,30706,
Tamesna,MA,04,30705,
Los Gatos,US,CA,30705,
Kaij,IN,16,30704,
Ywar Ma West,MM,17,30704,
Kallamchavadi,IN,25,30702,
Dēra,ET,51,30700,Dera
Yany Kapu,UA,11,30700,
Nova Russas,BR,06,30699,
Meppel,NL,01,30697,
Lokbatan,AZ,09,30694,
Lahat,MY,07,30694,
Smolyan,BG,57,30689,
Zarhalol,TJ,02,30689,
Alcázar de San Juan,ES,54,30686,Alcazar de San Juan
Afonso Cláudio,BR,08,30684,Afonso Claudio
Izu,JP,37,30678,
Matthews,US,NC,30678,
Mednogorsk,RU,55,30676,
Baixo Guandu,BR,08,30674,
Harpenden,GB,ENG,30674,
Tongjing,CN,33,30673,
Campo Alegre de Lourdes,BR,05,30671,
Un,IN,09,30671,
Los Altos,US,CA,30671,
Catolé do Rocha,BR,17,30661,Catole do Rocha
Longsheng,CN,33,30661,
Coria del Río,ES,51,30657,Coria del Rio
Vadanappally,IN,13,30657,
Chajarí,AR,08,30655,Chajari
Clearfield,US,UT,30653,
Tabuleiro do Norte,BR,06,30652,
Vushtrri,XK,10097358,30651,
Mercedes,AR,06,30649,
Nazaré da Mata,BR,30,30648,Nazare da Mata
Mont Kiara,MY,14,30643,
Luís Correia,BR,20,30641,Luis Correia
Franklin,US,MA,30636,
Burgess Hill,GB,ENG,30635,
Irimbiliyam,IN,13,30635,
Bayān,KW,08,30635,Bayan
Mūdbidri,IN,19,30632,Mudbidri
Xingyi,CN,33,30629,
Al-Fāw,SD,39,30629,Al-Faw
Santana do Acaraú,BR,06,30628,Santana do Acarau
Pallappatti,IN,25,30624,
Salt,ES,56,30622,
Owings Mills,US,MD,30622,
Nok Kundi,PK,02,30621,
Hawai‘i Kai,US,HI,30620,
Sotteville-lès-Rouen,FR,28,30619,Sotteville-les-Rouen
Sabirabad,AZ,46,30612,
Caarapó,BR,11,30612,Caarapo
L’Arbaa Naït Irathen,DZ,14,30609,L’Arbaa Nait Irathen
Aiken,US,SC,30604,
Ipubi,BR,30,30603,
Guder,ET,51,30600,
São Domingos do Capim,BR,16,30599,Sao Domingos do Capim
Nowshera Cantonment,PK,03,30599,
Cheranellūr,IN,13,30594,Cheranellur
Diéma,ML,03,30592,Diema
Banamba,ML,07,30591,
Plainfield,US,IN,30590,
Mohyliv-Podilskyy,UA,23,30589,
Beverley,GB,ENG,30587,
Tantoyuca,MX,30,30587,
Niimi,JP,31,30583,
Greenwich,GB,ENG,30578,
Cosamaloapan,MX,30,30577,
Ballwin,US,MO,30577,
Manchester,US,CT,30577,
Aïn Kercha,DZ,29,30575,Ain Kercha
Topki,RU,29,30572,
Puruándiro,MX,16,30571,Puruandiro
Algonquin,US,IL,30571,
Bel Air North,US,MD,30568,
Kirzhach,RU,83,30566,
Playas,EC,10,30564,
Newington,US,CT,30562,
Vera Cruz,BR,05,30556,
Spalding,GB,ENG,30556,
Levice,SK,04,30556,
Synelnykove,UA,04,30556,
Anwen,CN,33,30553,
Ichikikushikino,JP,18,30551,
Mahārāganj,IN,36,30548,Maharaganj
Masaki-chō,JP,05,30548,Masaki-cho
Westfield,US,NJ,30548,
Santa Paula,US,CA,30546,
Dulce Nombre de Culmí,HN,15,30543,Dulce Nombre de Culmi
Xingang,TW,04,30543,
Zug,CH,ZG,30542,
Bula Atumba,AO,19,30537,
Suzak,KG,03,30534,
Fallbrook,US,CA,30534,
Eldersburg,US,MD,30531,
Orange,FR,93,30530,
San Pedro de Urabá,CO,02,30527,San Pedro de Uraba
Mairo Inya,KE,43,30527,
Annex,CA,08,30526,
Oadar Temsia,MA,09,30526,
Karamürsel,TR,41,30525,Karamursel
Şaḩnāyā,SY,08,30519,Sahnaya
Sherwood,US,AR,30517,
Guamo,CO,28,30516,
Springfield Gardens,US,NY,30515,
Sandaoling Lutiankuang Wuqi Nongchang,CN,13,30513,
Nyachera,UG,W,30509,
Manises,ES,60,30508,
Ban Aranyik,TH,12,30508,
Takehara,JP,11,30506,
Oued Sly,DZ,41,30504,
Fārsān,IR,03,30504,Farsan
Nāgāvaram,IN,40,30502,Nagavaram
Insēno,ET,55,30500,Inseno
Khorugh,TJ,01,30500,
Stratford-upon-Avon,GB,ENG,30495,
Paraiso,PH,06,30494,
Lawrenceville,US,GA,30493,
Glenfield-Jane Heights,CA,08,30491,
Murzuk,LY,73,30491,
Lupeni,RO,21,30488,
Effiduase,GH,02,30486,
Valdezarza,ES,29,30484,
Springfield,US,VA,30484,
Stella,IT,04,30483,
Mizque,BO,02,30481,
Pau dos Ferros,BR,22,30479,
Amīr Kolā,IR,35,30478,Amir Kola
Sam Sen Nai,TH,40,30476,
Tarakeswar,IN,28,30475,
Huatabampo,MX,26,30475,
Kaysville,US,UT,30472,
Rongai,KE,39,30471,
Camamu,BR,05,30469,
Santa Bárbara,BR,15,30466,Santa Barbara
Tifrā,IN,37,30465,Tifra
Łuków,PL,75,30465,Łukow
Granger,US,IN,30465,
Chemor,MY,07,30461,
Starominskaya,RU,38,30461,
Burlingame,US,CA,30459,
Yujia,CN,33,30454,
Post Falls,US,ID,30453,
Humenné,SK,05,30450,Humenne
Liberty,US,MO,30450,
Santo Antônio do Içá,BR,04,30448,Santo Antonio do Ica
Sint-Pieters-Leeuw,BE,VLG,30446,
Robbah,DZ,43,30446,
Siraspur,IN,07,30445,
Kundapura,IN,19,30444,
Espinosa,BR,15,30443,
Forchheim,DE,02,30442,
West Roxbury,US,MA,30442,
Caetés,BR,30,30441,Caetes
Ville-Émard,CA,10,30440,Ville-Emard
İncirli,TR,68,30440,Incirli
Uran,IN,16,30439,
Illéla,NE,06,30439,Illela
Bandar-e Lengeh,IR,11,30435,
Kwinana,AU,08,30433,
Chichaoua,MA,07,30432,
Mehar,PK,05,30429,
Pontal do Paraná,BR,18,30426,Pontal do Parana
Honghu,CN,33,30426,
Yanwo,CN,33,30424,
San Agustín,MX,14,30424,San Agustin
Kasba,IN,34,30421,
Borzya,RU,93,30421,
Carlos Barbosa,BR,23,30420,
Bonoufla,CI,96,30420,
Nanyō,JP,44,30420,Nanyo
Schönebeck,DE,14,30419,Schonebeck
Kemalpaşa,TR,35,30411,Kemalpasa
Oer-Erkenschwick,DE,07,30409,
Andernach,DE,08,30408,
Pililla,PH,40,30408,
San Pablo,US,CA,30407,
Karjan,IN,09,30405,
Śrem,PL,86,30404,Srem
Abomsa,ET,46,30400,
Arrecifes,AR,01,30397,
la Marina de Port,ES,56,30397,
Muvattupuzha,IN,13,30397,
Manāwar,IN,35,30393,Manawar
Savage,US,MN,30391,
Tagoloan,PH,10,30390,
Myoko,JP,29,30383,
Görele,TR,28,30381,Gorele
Mporokoso,ZM,05,30381,
New Tafo,GH,02,30380,
Saladillo,AR,01,30378,
Dolores,AR,01,30372,
Poughkeepsie,US,NY,30371,
Glória do Goitá,BR,30,30370,Gloria do Goita
Pihānī,IN,36,30369,Pihani
Ujiie,JP,38,30366,
Mosonmagyaróvár,HU,09,30359,Mosonmagyarovar
Madukkarai,IN,25,30357,
Amlai,IN,35,30354,
Binnish,SY,12,30354,
Texarkana,US,AR,30353,
Iki,JP,27,30352,
Villenave-d'Ornon,FR,75,30347,
Mānsa,IN,09,30347,Mansa
Dhāruhera,IN,10,30344,Dharuhera
Ishigami,JP,34,30343,
Sarkhej,IN,09,30341,
Karlovo,BG,51,30340,
Beykonak,TR,07,30339,
Banmankhi Bazar,IN,34,30336,
Kaeng Khoi,TH,37,30332,
Ipixuna do Pará,BR,16,30329,Ipixuna do Para
Rehli,IN,35,30329,
Bakau New Town,GM,01,30325,
Voluntari,RO,43,30323,
Trindade,BR,30,30321,
Sidareja,ID,07,30313,
Yegyi,GH,14,30311,
Télimélé,GN,D,30311,Telimele
North Royalton,US,OH,30311,
To‘rqao‘rg‘on,UZ,06,30300,
Mengla,CN,29,30296,
Tönisvorst,DE,07,30296,Tonisvorst
Bad Nauheim,DE,05,30291,
Pontoise,FR,11,30290,
Chimichagua,CO,10,30289,
Khairpur Nathan Shah,PK,05,30286,
Chicago Heights,US,IL,30284,
Jāsim,SY,06,30283,Jasim
Mampikony,MG,42,30282,
Bakri,MY,01,30280,
Tahla,MA,03,30279,
Apóstoles,AR,14,30278,Apostoles
Nsanje,MW,S,30276,
Bretten,DE,01,30274,
Tlajomulco de Zúñiga,MX,14,30273,Tlajomulco de Zuniga
Bouinan,DZ,20,30271,
Lumbang,PH,40,30269,
Inami,JP,13,30268,
Bardejov,SK,05,30267,
Udaipur,IN,24,30264,
Camargo,ES,39,30263,
Lebanon,US,TN,30262,
Winsford,GB,ENG,30259,
Villazón,BO,07,30253,Villazon
Villiers-sur-Marne,FR,11,30252,
Asprópyrgos,GR,ESYE31,30251,Aspropyrgos
Hufeng,CN,33,30248,
Dunakeszi,HU,16,30246,
Vartiokylä,FI,01,30244,Vartiokyla
Puente-Genil,ES,51,30241,
Ribáuè,MZ,06,30241,Ribaue
Walnut,US,CA,30237,
Motomiya,JP,08,30236,
Schwelm,DE,07,30235,
Kade,GH,05,30233,
Shibushi,JP,18,30231,
Şidfā,EG,17,30228,Sidfa
Oliver-Valdefierro,ES,52,30228,
Dalung,ID,02,30228,
Maroubra,AU,02,30224,
Tāramangalam,IN,25,30222,Taramangalam
Culleredo,ES,58,30221,
Waltrop,DE,07,30220,
Bhāndāria,BD,85,30219,Bhandaria
Konéfla,CI,96,30217,Konefla
Serenje,ZM,02,30217,
Bogoroditsk,RU,76,30216,
Kessel-Lo,BE,VLG,30215,
Blauwput,BE,VLG,30215,
Amla,IN,35,30215,
Okotoks,CA,01,30214,
Pakisaji,ID,08,30213,
Tirukkoyilur,IN,25,30212,
Kuah,MY,02,30212,
Parramatta,AU,02,30211,
Musiri,IN,25,30209,
Lewe,MM,18,30208,
Hīrākud,IN,21,30207,Hirakud
Narimasu,JP,40,30203,
Madison Heights,US,MI,30198,
DeLand,US,FL,30195,
Balabanovo,RU,25,30194,
Al Ḩawātah,SD,39,30184,Al Hawatah
Cedar City,US,UT,30184,Cedar
Selogiri,ID,07,30180,
Mugala,CN,13,30179,
Parkland,US,FL,30177,
Kórinthos,GR,ESYE25,30176,Korinthos
Khair,IN,36,30173,
Berriane,DZ,45,30170,
Rajauli,IN,34,30170,
Kibiti,TZ,02,30163,
Liptovský Mikuláš,SK,08,30162,Liptovsky Mikulas
Pointe-Claire,CA,10,30161,
Campo Magro,BR,18,30160,
Bentleigh East,AU,07,30159,
Cláudio,BR,15,30159,Claudio
Kashima,JP,33,30159,
Bankass,ML,04,30159,
Svishtov,BG,62,30157,
Yverdon-les-Bains,CH,VD,30157,
Arrentela,PT,19,30156,
Camberley,GB,ENG,30155,
Lewoleba,ID,18,30151,
Ōtake,JP,11,30151,Otake
Joaçaba,BR,26,30146,Joacaba
West Warwick,US,RI,30146,
Taunusstein,DE,05,30145,
Kifrī,IQ,10,30143,Kifri
Kostomuksha,RU,28,30135,
Năm Căn,VN,96,30135,Nam Can
Shangpa,CN,29,30129,
Kakkalapalle,IN,02,30128,
Dandenong,AU,07,30127,
Cherukavu,IN,13,30126,
Buhi,PH,05,30126,
Tōmi,JP,26,30122,Tomi
Cam Lộ,VN,44,30111,Cam Lo
Ahrensburg,DE,10,30103,
Schnelsen,DE,04,30100,
Oyam,GA,03,30100,
Seoni Mālwa,IN,35,30100,Seoni Malwa
Muborak,UZ,08,30100,
Seria,BN,01,30097,
Chahe,CN,04,30094,
Ulaangom,MN,19,30092,
Yebao,CN,15,30091,
Chatou,FR,11,30091,
Postmasburg,ZA,08,30089,
Nhamatanda,MZ,05,30087,
Vernier,CH,GE,30086,
Mīnūdasht,IR,37,30085,Minudasht
Togitsu,JP,27,30084,
Akonolinga,CM,11,30078,
Jamestown,US,NY,30075,
Meskiana,DZ,29,30071,
Karpinsk,RU,71,30070,
New Bern,US,NC,30070,
Shatura,RU,47,30069,
Oddanchathiram,IN,25,30064,
Nīlī,AF,41,30058,Nili
Ózd,HU,04,30056,Ozd
Rietberg,DE,07,30055,
Kédougou,SN,17,30051,Kedougou
Trâu Quỳ,VN,01,30051,Trau Quy
Houthalen,BE,VLG,30050,
Helchteren,BE,VLG,30050,
Wishaw,GB,SCT,30050,
Goussainville,FR,11,30047,
Ptolemaḯda,GR,ESYE13,30045,Ptolemaida
Kerugoya,KE,24,30045,
El Rosario,HN,04,30042,
Whampoa Garden,HK,KKC,30038,
Rochester,US,NH,30038,
Velika Gorica,HR,20,30036,
Purral,CR,08,30034,
Tambo Grande,PE,20,30033,
Taiping,CN,29,30032,
Chalkidóna,GR,ESYE12,30030,Chalkidona
Fatehpur Sīkri,IN,36,30026,Fatehpur Sikri
Azhiyūr,IN,13,30023,Azhiyur
Cleburne,US,TX,30020,
Keysborough,AU,07,30018,
Divnogorsk,RU,91,30018,
Bidur,MY,07,30016,
Byādgi,IN,19,30014,Byadgi
Kavajë,AL,50,30012,Kavaje
Kuta,ID,02,30012,
Montijo,PT,19,30011,
Xirivella,ES,60,30002,
Dibba Al-Fujairah,AE,04,30000,
Ghormach,AF,02,30000,
Las Animas,CL,17,30000,
Nagqu,CN,14,30000,
Fuyuan,CN,08,30000,
Tianducheng,CN,02,30000,
Wittenberg,DE,14,30000,
Albertslund,DK,17,30000,
Lardjem,DZ,56,30000,
Rais Hamidou,DZ,01,30000,
Atamaría,ES,31,30000,Atamaria
Pinar de Chamartín,ES,29,30000,Pinar de Chamartin
Puerto del Carmen,ES,53,30000,
Tulu Bolo,ET,51,30000,
Barnet,GB,ENG,30000,
Maros,ID,38,30000,
Birpara,IN,28,30000,
Cherpulassery,IN,13,30000,
Suong,KH,31,30000,
Kurye,KR,16,30000,
Chmistâr,LB,11,30000,Chmistar
Tokai,MY,02,30000,
Taman Universiti,MY,01,30000,
Taman Scientex,MY,01,30000,
Rivas,NI,15,30000,
Ypenburg,NL,11,30000,
Kabaty,PL,78,30000,
Vostryakovo,RU,47,30000,
Vorob’yovo,RU,48,30000,
Annino,RU,48,30000,
Petrovskaya,RU,47,30000,
Nikulino,RU,48,30000,
Mikhalkovo,RU,48,30000,
Matveyevskoye,RU,48,30000,
Luzhniki,RU,48,30000,
Leonovo,RU,48,30000,
Leninskiye Gory,RU,47,30000,
Lazarevskoye,RU,38,30000,
Kuskovo,RU,47,30000,
Kur’yanovo,RU,48,30000,
Kudrovo,RU,42,30000,
Kolomenskoye,RU,48,30000,
Davydkovo,RU,48,30000,
Amin’yevo,RU,48,30000,
Annino,RU,47,30000,
Zagor’ye,RU,48,30000,
Dlhé diely,SK,02,30000,Dlhe diely
Burj Islām,SY,02,30000,Burj Islam
Mpwapwa,TZ,03,30000,
Kisesa,TZ,12,30000,
Chato,TZ,28,30000,
Masany,UA,02,30000,
Kayunga,UG,C,30000,
Ashmont,US,MA,30000,
Cát Bà,VN,31,30000,Cat Ba
Mount Hampden,ZW,04,30000,
Oranjestad,AW,00,29998,
Socorro,CO,26,29997,
Arivonimamo,MG,13,29997,
Eshtehārd,IR,44,29993,Eshtehard
Sombrio,BR,26,29991,
Soledade,BR,23,29991,
Nyêmo,CN,14,29989,Nyemo
Anchieta,BR,08,29984,
Jarabacoa,DO,30,29983,
Xihu,CN,25,29978,
Multai,IN,35,29976,
Holenarasipura,IN,19,29974,
Giżycko,PL,85,29972,Gizycko
Vila Galvão,BR,27,29968,Vila Galvao
Ramallo,AR,01,29964,
Bendale,CA,08,29960,
Shūrash,IQ,05,29960,Shurash
Jelebu,SG,,29960,
Garopaba,BR,26,29959,
Luoyu,CN,15,29955,
Friedberg,DE,02,29953,
Zürich (Kreis 6),CH,ZH,29951,Zurich (Kreis 6)
Radcliffe,GB,ENG,29950,
Bāqa el Gharbīya,IL,04,29950,Baqa el Gharbiya
Talāja,IN,09,29948,Talaja
Tebourba,TN,39,29948,
Qarek,CN,13,29946,
Winter Park,US,FL,29943,
Carney,US,MD,29941,
Southlake,US,TX,29941,
Gérakas,GR,ESYE31,29939,Gerakas
Pind Dadan Khan,PK,04,29935,
Marhaura,IN,34,29932,
San Carlos,US,CA,29931,
Yishikuli,CN,13,29930,
Kareli,IN,35,29929,
Imbituva,BR,18,29924,
Sesheke,ZM,01,29922,
Săcele,RO,09,29918,Sacele
Araklı,TR,61,29917,
Anhua,CN,15,29916,
Kushchyovskaya,RU,38,29915,
Bhongaon,IN,36,29911,
Baddi,IN,11,29911,
Puerto Escondido,MX,20,29903,
Marigliano,IT,04,29901,
Haji Zeynalabdin,AZ,54,29900,
Paraparaumu,NZ,G2,29900,
Woodstock,US,GA,29898,
Pānakkudi,IN,25,29895,Panakkudi
Serra Negra,BR,27,29894,
Lomme,FR,32,29892,
Huyanghe,CN,13,29891,
Metamórfosi,GR,ESYE31,29891,Metamorfosi
Pinhão,BR,18,29886,Pinhao
Delbrück,DE,07,29884,Delbruck
Malvar,PH,40,29880,
East Hill-Meridian,US,WA,29878,
Winnenden,DE,01,29876,
Vierzon,FR,24,29876,
Niles,US,IL,29876,
Gadhada,IN,09,29872,
Pūlakkōd,IN,13,29872,Pulakkod
Laplace,US,LA,29872,
Upper Dir,PK,03,29869,
Ati,TD,01,29867,
Westchester,US,FL,29862,
Sasovo,RU,62,29858,
El Idrissia,DZ,22,29856,
Faaa,PF,01,29851,
Mitú,CO,30,29850,Mitu
Yemanzhelinsk,RU,13,29849,
Canosa di Puglia,IT,13,29847,
Ujeścisko-Łostowice,PL,82,29845,Ujescisko-Łostowice
Gihombo,RW,14,29843,
Bostanlı,TR,35,29842,
Mukeriān,IN,23,29841,Mukerian
Infernetto,IT,07,29838,
San Rafael del Sur,NI,10,29836,
Rāmgarh,IN,24,29834,Ramgarh
Shiyeli,KZ,14,29832,
Pauk Kone,MM,17,29829,
Springe,DE,06,29828,
Pāsārgād,IR,07,29825,Pasargad
Tsiombe,MG,52,29825,
Aringay,PH,01,29825,
Frattamaggiore,IT,04,29822,
Querência,BR,14,29820,Querencia
Atascadero,US,CA,29819,
Tongeren,BE,VLG,29816,
Deinze,BE,VLG,29815,
Kent,US,OH,29810,
Łowicz,PL,74,29809,
Wangaratta,AU,07,29808,
Ariyānkuppam,IN,22,29808,Ariyankuppam
Bregenz,AT,08,29806,
Karumālūr,IN,13,29805,Karumalur
Kisesa,TZ,31,29804,
Dembech’a,ET,46,29800,
San Paolo,IT,13,29800,
Khovd,MN,12,29800,
Blenheim,NZ,F4,29800,
Shar’ya,RU,37,29800,
Tequisquiapan,MX,22,29799,
Jingui,CN,21,29796,
Santa Elena de Uairén,VE,06,29795,Santa Elena de Uairen
Fayfā’,SA,17,29793,Fayfa’
Amdjarass,TD,27,29793,
Villa General San Martín,AR,18,29789,Villa General San Martin
Kottārakara,IN,13,29788,Kottarakara
Mandalī,IQ,10,29785,Mandali
Levittown,PR,137,29785,
Puerto Asís,CO,22,29782,Puerto Asis
Mavoor,IN,13,29781,
San Miguel Ajusco,MX,09,29781,
Gloucester,US,MA,29781,
Waterloo,BE,WAL,29778,
Mookgophong,ZA,09,29778,
Gemas,MY,05,29777,
Písek,CZ,79,29774,Pisek
Shahrak-e Qods,IR,26,29774,
Lobatse,BW,16,29772,
Ghauspur,PK,05,29767,
Charneca de Caparica,PT,19,29763,
Soledad,VE,02,29763,
Arteixo,ES,58,29762,
Mathba,BD,85,29760,
Shāhbāzpur Town,BD,84,29757,Shahbazpur Town
Mahlsdorf,DE,16,29757,
Tallkalakh,SY,11,29754,
Nicholasville,US,KY,29754,
Augustów,PL,81,29752,Augustow
Oak Park,US,MI,29752,
Einbeck,DE,06,29751,
Tu Bông,VN,56,29751,Tu Bong
Akora Khattak,PK,03,29750,
Atronie,GH,13,29748,
Anyinam,GH,05,29748,
Hurstville,AU,02,29744,
Highland Park,US,IL,29743,
Saint-Médard-en-Jalles,FR,75,29742,Saint-Medard-en-Jalles
Gounou Gaya,TD,16,29742,
Pilāni,IN,24,29741,Pilani
Sovetskaya Gavan’,RU,30,29740,
Sardrūd,IR,33,29739,Sardrud
Morales,CO,09,29737,
Bom Jardim,BR,21,29736,
Karakoçan,TR,23,29735,Karakocan
Sidi Amrane,DZ,MG,29734,
Devarkonda,IN,40,29731,
Vechta,DE,06,29729,
Hucknall,GB,ENG,29728,
Rājgarh,IN,35,29726,Rajgarh
Karambi,RW,14,29726,
Thiais,FR,11,29724,
Naumburg,DE,14,29722,
Karahrūd,IR,34,29721,Karahrud
Tangub,PH,10,29721,
Dachang Shandao,CN,19,29717,
Sanana,ID,29,29716,
Mīnād,IN,13,29716,Minad
Bergen,NL,07,29715,
Carpentras,FR,93,29709,
Nedumbassery,IN,13,29706,
Vertientes,CU,05,29704,
Nuozhadu,CN,29,29703,
L'Haÿ-les-Roses,FR,11,29703,L'Hay-les-Roses
Hengchun,TW,04,29702,
Armavir,AM,03,29700,
Buyende,UG,E,29700,
Tongxi,CN,33,29699,
Lukuledi,TZ,11,29699,
Laylá,SA,10,29698,Layla
Yantai,CN,33,29695,
Waegwan,KR,14,29691,
Desmarchais-Crawford,CA,10,29688,
Micolene,MZ,06,29686,
Vyanda,BI,10,29685,
Biritiba Mirim,BR,27,29683,
Uychi,UZ,06,29683,
Santa Rita,IT,12,29680,
Kimokawa,JP,13,29680,
Bushekeri,RW,14,29680,
La Rinconada,PE,21,29678,
Elizabethtown,US,KY,29678,
Austintown,US,OH,29677,
North Cowichan,CA,02,29676,
Ajab Shīr,IR,33,29675,Ajab Shir
Coyula,MX,14,29674,
Yunlong,CN,33,29673,
Canguaretama,BR,22,29668,
Rājūra,IN,16,29668,Rajura
Nardò,IT,13,29668,Nardo
Meijiang,CN,33,29667,
Bilāri,IN,36,29666,Bilari
Campanhã,PT,17,29666,Campanha
Mūvattupula,IN,13,29664,Muvattupula
Egham,GB,ENG,29663,
Pedras de Fogo,BR,17,29662,
East Palo Alto,US,CA,29662,
Mount Pleasant West,CA,08,29658,
South Gate,US,MD,29658,
Adūr,IN,13,29652,Adur
Zouan-Hounien,CI,78,29649,
Menton,FR,93,29649,
Caotang,CN,33,29647,
Labutta,MM,03,29645,
Yau Ma Tei,HK,KYT,29644,
Kawasi,ID,29,29642,
Lyon 01,FR,84,29641,
Pueblo West,US,CO,29637,
Walwadi,IN,16,29636,
Kaitaichi,JP,11,29636,
Puthuppally,IN,13,29635,
Ahmed Bel Hadj,DZ,37,29629,
Rāisinghnagar,IN,24,29626,Raisinghnagar
Mīrānpur Katra,IN,36,29626,Miranpur Katra
Kidarakulam,IN,13,29624,
Winterswijk,NL,03,29623,
Bilzen,BE,VLG,29622,
Port Chester,US,NY,29620,
Paty do Alferes,BR,21,29619,
Kuttuparamba,IN,13,29619,
Isawa,JP,46,29616,
Pumwani,KE,05,29616,
Holbæk,DK,20,29608,
Dzyarzhynsk,BY,05,29607,
Cativá,PA,04,29607,Cativa
Sebauh,MY,11,29606,
Psie Pole Zawidawie,PL,72,29606,
Kirovsk,RU,49,29605,
Pinotepa Nacional,MX,20,29604,
Betong,TH,70,29604,
Princeton,US,NJ,29603,
Bombo,UG,C,29600,
Altglienicke,DE,16,29595,
Rembau,MY,05,29595,
Kapotnya,RU,48,29594,
Ārangaon,IN,16,29591,Arangaon
Yamaguma,JP,07,29591,
Fort Cavazos,US,TX,29589,
LaGrange,US,GA,29588,
Alushta,UA,11,29586,
Pakridayal,IN,34,29582,
São Gabriel do Oeste,BR,11,29579,Sao Gabriel do Oeste
Tuomuwusitang,CN,13,29579,
Dhanera,IN,09,29578,
Kalur Kot,PK,04,29578,
Iguaba Grande,BR,21,29577,
Barra do Bugres,BR,14,29576,
Chengamanād,IN,13,29576,Chengamanad
Fălticeni,RO,34,29576,Falticeni
Tokmak,UA,26,29573,
Lākheri,IN,24,29572,Lakheri
Limoeiro do Ajuru,BR,16,29569,
Kalavoor,IN,13,29564,
Abalak,NE,06,29561,
Jaciara,BR,14,29560,
Ciro Redondo,CU,07,29560,
Mekla,DZ,14,29560,
Az Zabadānī,SY,08,29549,Az Zabadani
Salem,US,NH,29549,
Bang Phae,TH,52,29548,
Burirchar,BD,85,29542,
Lower Wong Tai Sin Estate (I & II),HK,KWT,29542,
Sola,NO,14,29541,
Purificación,CO,28,29539,Purificacion
Cambuí,BR,15,29536,Cambui
Lawksawk,MM,11,29533,
Turek,PL,86,29533,
Behror,IN,24,29531,
Gaggenau,DE,01,29529,
Srandakan,ID,10,29529,
Opelika,US,AL,29527,
Alma,CA,10,29526,
Latour,SR,16,29526,
Stanford-le-Hope,GB,ENG,29525,
Louvain-la-Neuve,BE,WAL,29521,
Saint-Laurent-du-Var,FR,93,29516,
Begoro,GH,05,29516,
Saintes,FR,75,29512,
Reddipālaiyam,IN,25,29511,Reddipalaiyam
Boxtel,NL,06,29511,
Boon Lay,SG,00,29510,
Merrylands,AU,02,29508,
Rahway,US,NJ,29508,
Jinotepe,NI,02,29507,
Sevenoaks,GB,ENG,29506,
Kozluk,TR,76,29502,
Sidi Okba,DZ,19,29499,
Zunheboto,IN,20,29499,
Silistra,BG,55,29498,
North Chicago,US,IL,29491,
Middle Village,US,NY,29491,
Geesthacht,DE,10,29487,
’Aïn Abid,DZ,04,29486,’Ain Abid
Rajaori,IN,12,29486,
Nirasaki,JP,46,29483,
Constanza,DO,30,29481,
Kidsgrove,GB,ENG,29480,
Hamar,NO,34,29479,
Morristown,US,TN,29478,
Goya,ES,29,29477,
Escárcega,MX,04,29477,Escarcega
Abqaiq,SA,06,29474,
Courcelles,BE,WAL,29473,
Arari,BR,13,29472,
Jarrow,GB,ENG,29470,
Tabou,CI,76,29469,
Sankagiri,IN,25,29467,
Mharal Bk,IN,16,29462,
Dassa-Zoumè,BJ,11,29461,Dassa-Zoume
Maināguri,IN,28,29459,Mainaguri
Altona-Altstadt,DE,04,29455,
Nedumpana,IN,13,29454,
N’Gaous,DZ,03,29453,
Garzón,CO,16,29451,Garzon
Montalbán,VE,07,29451,Montalban
Cândido Mota,BR,27,29449,Candido Mota
Dabola,GN,F,29449,
Bačka Palanka,RS,VO,29449,Backa Palanka
Puttankulam,IN,13,29447,
Cheshire,US,CT,29443,
Sāgwāra,IN,24,29439,Sagwara
Nāgar Karnūl,IN,40,29439,Nagar Karnul
Branford,US,CT,29438,
Piraju,BR,27,29436,
Obama,JP,06,29435,
Paung,MM,13,29434,
Ibrāhīmpatnam,IN,02,29432,Ibrahimpatnam
Mzimba,MW,N,29432,
Haan,DE,07,29431,
Minamata,JP,21,29428,
Rochefort,FR,75,29427,
Chaotian,CN,32,29424,
Malakoff,FR,11,29420,
Arvayheer,MN,15,29420,
Singojuruh,ID,08,29418,
Vadakku Valliyūr,IN,25,29417,Vadakku Valliyur
Jāmtāra,IN,38,29415,Jamtara
Espigão dOeste,BR,24,29414,Espigao dOeste
Gürpınar,TR,34,29411,Gurpınar
Pingshan,CN,33,29409,
Dā‘il,SY,06,29408,Da‘il
Draa Ben Khedda,DZ,14,29403,
Khedbrahma,IN,09,29402,
Raytown,US,MO,29401,
Komtikas,ET,SW,29400,
Kyegegwa,UG,W,29400,
Mława,PL,78,29398,
Xichuan,CN,15,29394,
Mlandizi,TZ,02,29394,
Qahderījān,IR,28,29392,Qahderijan
South Horizons,HK,HSO,29391,
Tirukkalikkunram,IN,25,29391,
Umm Şalāl Muḩammad,QA,09,29391,Umm Salal Muhammad
Thomson,SG,00,29390,
Bagong Pagasa,PH,NCR,29389,
Talakkolattur,IN,13,29388,
Xàtiva,ES,60,29386,Xativa
Santarém,PT,18,29385,Santarem
Lamerd,IR,07,29380,
Bela,PK,02,29380,
Pālkonda,IN,02,29378,Palkonda
Marfil,MX,11,29375,
Riesa,DE,13,29373,
George Town,KY,10346796,29370,
Nueva Imperial,CL,04,29366,
Gries,AT,06,29363,
Newtownards,GB,NIR,29363,
Fruit Cove,US,FL,29362,
Guaçuí,BR,08,29358,Guacui
Atimonan,PH,40,29356,
Bellas Vistas,ES,29,29355,
Collo,DZ,31,29354,
Kiskunhalas,HU,01,29354,
Cheruthazham,IN,13,29348,
Dhāri,IN,09,29346,Dhari
Sosnogorsk,RU,34,29343,
Alaquàs,ES,60,29341,Alaquas
Didcot,GB,ENG,29341,
Amballūr,IN,13,29341,Amballur
Koovappady,IN,13,29339,
Rosario de la Frontera,AR,17,29336,
Thal,PK,03,29331,
Port Huron,US,MI,29330,
Smach Mean Chey,KH,08,29329,
Chendamangalam,IN,13,29326,
Tewksbury,US,MA,29326,
Glenville,US,NY,29326,
Killarney,CA,02,29325,
Tela,HN,01,29325,
Vega Baja,PR,145,29325,
Şemikler,TR,35,29321,Semikler
Franklin Square,US,NY,29320,
Ingenio,ES,53,29319,
Nelson,GB,ENG,29317,
Draveil,FR,11,29316,
Jewar,IN,36,29316,
Trelleborg,SE,27,29316,
Nawāpāra,IN,37,29315,Nawapara
Pitou,TW,04,29314,
Yehud-Monosson,IL,05,29312,
Santa Isabel,MX,02,29311,
Inca,ES,07,29308,
Tarsadi,IN,09,29305,
Ner,IN,16,29302,
Oak Ridge,US,TN,29302,
Timaru,NZ,E9,29300,
Xindian,CN,29,29297,
Oelde,DE,07,29297,
Flandes,CO,28,29296,
Longfellow Community,US,MN,29295,
Tambunan,MY,16,29294,
Nyabitekeli,RW,14,29293,
Southgate,US,MI,29293,
Cordova,PH,07,29289,
Morozovsk,RU,61,29289,
As Sarw,EG,20,29286,
Qingxi,CN,33,29285,
Mbandjok,CM,11,29281,
el Putxet i el Farró,ES,56,29278,el Putxet i el Farro
Saint-Leu,FR,27,29278,
Piton Saint-Leu,RE,RE,29278,
Colwyn Bay,GB,WLS,29275,
Machiya,JP,40,29272,
Zernograd,RU,61,29268,
Cocula,MX,14,29267,
Shīnḏanḏ,AF,11,29264,Shindand
Saito,JP,25,29262,
Shāhpura,IN,24,29259,Shahpura
Ţayyibat al Imām,SY,10,29259,Tayyibat al Imam
East Haven,US,CT,29257,
Brunssum,NL,05,29254,
Majorna,SE,28,29254,
Paratinga,BR,05,29252,
Upper Alton,US,IL,29251,
la Verneda i la Pau,ES,56,29250,
San Roque,ES,51,29249,
Vijayapuram,IN,13,29248,
Johnston,US,RI,29247,
Burntwood,GB,ENG,29244,
Husainābād,IN,38,29241,Husainabad
Seonghwan,KR,17,29239,
Olhão,PT,09,29239,Olhao
Saint-Sébastien-sur-Loire,FR,52,29238,Saint-Sebastien-sur-Loire
Santiago Sacatepéquez,GT,16,29238,Santiago Sacatepequez
Hajīn,SY,07,29237,Hajin
Atwater,US,CA,29237,
Udaipurwati,IN,24,29236,
Bucak,TR,15,29234,
Jandiāla Gurū,IN,23,29232,Jandiala Guru
Bachhraon,IN,36,29232,
Bielawa,PL,72,29232,
San Vicente,AR,14,29231,
Krotoszyn,PL,86,29231,
Vanchiglia,IT,12,29230,
Hōshakuji,JP,38,29229,Hoshakuji
Galdakao,ES,59,29226,
Ténès,DZ,41,29220,Tenes
Mapun,PH,41,29218,
Zürich (Kreis 2),CH,ZH,29215,Zurich (Kreis 2)
Leusden,NL,09,29215,
Shuanglong,CN,33,29213,
Totana,ES,31,29211,
Ban Phan Don,TH,76,29211,
Carrickfergus,GB,NIR,29208,
Irinjālakuda,IN,13,29208,Irinjalakuda
West Falls Church,US,VA,29207,
Wutan,CN,33,29206,
Shahhat,LY,63,29206,
Tequila,MX,14,29203,
Renwāl,IN,24,29201,Renwal
Williamsport,US,PA,29201,
Mehoni,ET,45,29200,
Wonji,ET,51,29200,
Demiyivka,UA,12,29200,
Bulung’ur Shahri,UZ,10,29200,
Redondela,ES,58,29194,
Wongsorejo,ID,08,29193,
Kumbalam,IN,13,29193,
Ilula,TZ,04,29193,
Duluth,US,GA,29193,
São João dos Inhamuns,BR,06,29188,Sao Joao dos Inhamuns
Basni,IN,24,29187,
Santa Cruz Cabrália,BR,05,29185,Santa Cruz Cabralia
Kampong Masjid Tanah,MY,04,29185,
Bochnia,PL,77,29184,
Fort Bragg,US,NC,29183,
South Horizons (Estate),HK,HSO,29180,
Kamaterón,GR,ESYE31,29179,Kamateron
Alegre,BR,08,29177,
Grandview-Woodlands,CA,02,29175,
San Fernando,MX,28,29171,
San Sebastián,GT,15,29167,San Sebastian
Russellville,US,AR,29166,
Pacasmayo,PE,13,29165,
Morigaon,IN,03,29164,
Ciutadella,ES,07,29160,
Leighton Hill,HK,HWC,29160,
Madhugiri,IN,19,29159,
Idar-Oberstein,DE,08,29158,
Urakam,IN,13,29157,
Le Chesnay,FR,11,29154,
Khowrzūq,IR,28,29154,Khowrzuq
Navolato,MX,25,29153,
Garh Maharaja,PK,04,29153,
Kendal,GB,ENG,29147,
Wetter,DE,07,29146,
Islāmnagar,IN,36,29144,Islamnagar
Ariyalūr,IN,25,29144,Ariyalur
Damāvand,IR,26,29144,Damavand
Sanford,US,NC,29144,
Harker Heights,US,TX,29142,
Ponmana,IN,13,29139,
Consett,GB,ENG,29137,
Makak,CM,11,29135,
Dongwenquan,CN,33,29134,
Blankenfelde-Mahlow,DE,11,29129,
Huşi,RO,38,29129,Husi
Mahendragarh,IN,10,29128,
Mudalgi,IN,19,29128,
Burbank,US,IL,29128,
Nakrekal,IN,40,29126,
Maó,ES,07,29125,Mao
Monterusciello,IT,04,29125,
Tournefeuille,FR,76,29124,
Muikamachi,JP,29,29123,
São Miguel do Iguaçu,BR,18,29122,Sao Miguel do Iguacu
Unamaucheri,IN,25,29122,
Ban Chang Lo,TH,40,29122,
New Bani Sewif City,EG,18,29117,New Bani Sewif
Tanah Merah,MY,03,29116,
Iguape,BR,27,29115,
Agincourt North,CA,08,29113,
Gorai,IN,16,29107,
Witney,GB,ENG,29103,
Selçuk,TR,35,29101,Selcuk
Mendī,ET,51,29100,Mendi
Budaka,UG,E,29100,
Tame,CO,03,29099,
Jahanian Shah,PK,04,29095,
Shizhi,CN,33,29085,
Aldoar,PT,17,29085,
Trenggalek,ID,08,29083,
Gragnano,IT,04,29082,
Mastung,PK,02,29082,
Marion,US,IN,29081,
Cernusco sul Naviglio,IT,09,29078,
Inkhil,SY,06,29076,
Heswall,GB,ENG,29075,
Best,NL,06,29074,
Ipatovo,RU,70,29073,
Kalgoorlie,AU,08,29072,
Canillejas,ES,29,29067,
Chŏngju,KP,11,29065,Chongju
Clichy-sous-Bois,FR,11,29062,
Kitui,KE,27,29062,
Mioveni,RO,03,29062,
Kaeng Khro,TH,26,29056,
Piraí,BR,21,29054,Pirai
Granite City,US,IL,29054,Granite
Shiqiao,CN,15,29050,
Uttamapālaiyam,IN,25,29050,Uttamapalaiyam
San Simon,PH,03,29049,
Boaco,NI,01,29046,
Khandela,IN,24,29044,
Póvoa de Varzim,PT,17,29044,Povoa de Varzim
Milford Mill,US,MD,29042,
Maki,JP,29,29041,
Ixtapa,MX,14,29036,
Sirsāganj,IN,36,29034,Sirsaganj
Layka,CN,13,29032,
Shelek,KZ,01,29032,
Tocache,PE,22,29029,
Bibai,JP,12,29028,
Unecha,RU,10,29028,
Kilburn,GB,ENG,29027,
Dikwa,NG,27,29026,
Nova Santa Rita,BR,23,29024,
Lake in the Hills,US,IL,29024,
Alsórákos,HU,05,29023,Alsorakos
Sainte-Julie,CA,10,29019,
Bethlehem,PS,WE,29019,
Krimpen aan den IJssel,NL,11,29017,
Hendījān,IR,15,29015,Hendijan
Ouled Haddaj,DZ,40,29012,
Carmo do Paranaíba,BR,15,29011,Carmo do Paranaiba
Lillehammer,NO,34,29011,
Tandag,PH,13,29011,
Evans,US,GA,29011,
Swarzędz,PL,86,29010,Swarzedz
Krasnoarmeyskaya,RU,38,29009,
O'Fallon,US,IL,29002,
Santa Clara,AO,06,29000,
Chodavaram,IN,02,29000,
Chinatown,IT,09,29000,
Manhala,PK,04,29000,
Mugumu,TZ,08,29000,
Kasaali,UG,C,29000,
Boumerdas,DZ,40,28996,
Umarkot,IN,37,28993,
Wadayama,JP,13,28989,
Senftenberg,DE,11,28988,
Touboro,CM,13,28987,
Mariel,CU,AR,28987,
Touba,CI,97,28986,
Asse,BE,VLG,28985,
Kokhma,RU,21,28984,
Oyabe,JP,42,28983,
Chaumont,FR,44,28981,
Mullaittivu,LK,38,28973,
Agoo,PH,01,28972,
Ogawamachi,JP,34,28971,
Germī,IR,32,28967,Germi
Fort Hamilton,US,NY,28966,
Ferdows,IR,41,28965,
Grzegórzki,PL,77,28960,Grzegorzki
Crevillente,ES,60,28957,
Carlsbad,US,NM,28957,
Turrialba,CR,02,28955,
Biesdorf,DE,16,28955,
Saint-Étienne-du-Rouvray,FR,28,28953,Saint-Etienne-du-Rouvray
Hupari,IN,16,28953,
Mollendo,PE,04,28953,
Hajira,PK,06,28953,
Cheadle Hulme,GB,ENG,28952,
Lasem,ID,07,28948,
Yara,CU,09,28944,
Randwick,AU,02,28943,
Düsseldorf-Pempelfort,DE,07,28941,Dusseldorf-Pempelfort
Suār,IN,36,28941,Suar
Ballymena,GB,NIR,28932,
Razgrad,BG,52,28931,
Jaguaré,BR,08,28931,Jaguare
Senhora da Hora,PT,17,28930,
Meyzieu,FR,84,28929,
Devadurga,IN,19,28929,
Manoharpur,IN,24,28928,
Agüimes,ES,53,28924,Aguimes
Kangdong-ŭp,KP,12,28922,Kangdong-up
Ferry Pass,US,FL,28921,
Sumiyoshi,JP,37,28919,
Marinha Grande,PT,13,28916,
Airport,US,HI,28916,
Kingman,US,AZ,28912,
Pallanza-Intra-Suna,IT,12,28911,
Sueca,ES,60,28908,
Candelária,BR,23,28906,Candelaria
Dayr Ḩāfir,SY,09,28905,Dayr Hafir
Orcutt,US,CA,28905,
Póvoa de Santa Iria,PT,14,28901,Povoa de Santa Iria
Masterton,NZ,G2,28900,
Nāhan,IN,11,28899,Nahan
Quelele,GW,11,28898,
Yerres,FR,11,28897,
Três Marias,BR,15,28895,Tres Marias
Coromandel,BR,15,28894,
Kasempa,ZM,06,28894,
Henderson,US,KY,28890,
Lādwa,IN,10,28887,Ladwa
Quezaltepeque,SV,05,28886,
Needham,US,MA,28886,
Gil,IN,23,28884,
Gagarin,RU,69,28879,
Crown Point,US,IN,28879,
Wangu,CN,33,28871,
Gunupur,IN,21,28870,
Carinhanha,BR,05,28869,
Avinashi,IN,25,28868,
Montbéliard,FR,27,28865,Montbeliard
Sarny,UA,19,28865,
Santa Cruz das Palmeiras,BR,27,28864,
Vihti,FI,01,28864,
Oba,TR,07,28864,
Ataşehir,TR,35,28864,Atasehir
Big Spring,US,TX,28862,
El Marsa,EH,00,28848,
Rota,ES,51,28848,
Kotagiri,IN,25,28848,
Piracuruca,BR,20,28846,
Kelaniya,LK,36,28846,
Portazgo,ES,29,28841,
N'zeto,AO,16,28840,
Bissikrima,GN,F,28840,
Saint-Cloud,FR,11,28839,
Sarno,IT,04,28837,
M’Bengué,CI,87,28832,M’Bengue
Jalpatagua,GT,11,28832,
Catabola,AO,02,28831,
Dracut,US,MA,28831,
Ibaiti,BR,18,28830,
Busumbala,GM,05,28829,
San Miguel,CR,08,28827,
Tiaoshi,CN,33,28825,
Manyama,ZM,06,28825,
Allston,US,MA,28821,
Garupá,AR,14,28814,Garupa
Sikka,IN,09,28814,
Yakuplu,TR,34,28811,
Guanzhuang,CN,33,28805,
Panipat Taraf Rajputan,IN,10,28803,
Gbapleu,CI,78,28802,
Sirdaryo,UZ,16,28800,
Vaihingen an der Enz,DE,01,28798,
Bom Jesus,BR,20,28796,
La Salud,CU,MA,28796,
Kondotty,IN,13,28794,
West Kelowna,CA,02,28793,
Schererville,US,IN,28791,
Burton,US,MI,28788,
Matsubushi,JP,34,28787,
Yoshioka,JP,24,28786,
Esztergom,HU,12,28785,
Heshan,CN,25,28784,
Peliyagoda,LK,36,28784,
Turnu Măgurele,RO,35,28783,Turnu Magurele
Rusera,IN,34,28781,
Desāīganj,IN,16,28781,Desaiganj
Ridgecrest,US,CA,28780,
Inozemtsevo,RU,70,28779,
Windsor,US,CT,28778,
Buderim,AU,04,28774,
Uvarovo,RU,72,28771,
Šumperk,CZ,84,28768,Sumperk
Simancas,ES,29,28765,
Eagle Pass,US,TX,28765,
Zighout Youcef,DZ,04,28764,
Zarzal,CO,29,28761,
Agawam,US,MA,28761,
Ibimirim,BR,30,28760,
Gobernador Virasora,AR,06,28756,
Maddūr,IN,19,28754,Maddur
Pilón,CU,09,28752,Pilon
Longxing,CN,33,28746,
Osipovichi,BY,06,28745,
Utan,ID,04,28745,
Nongstoin,IN,18,28742,
Weatherford,US,TX,28742,
Czerwionka-Leszczyny,PL,83,28740,
Chillán Viejo,CL,18,28735,Chillan Viejo
Moriki,NG,57,28735,
Rāikot,IN,23,28734,Raikot
West Elkridge,US,MD,28734,
Makuhari,JP,04,28729,
Ain el Hadjel,DZ,27,28728,
Maiurno,SD,58,28727,
Pomasqui,EC,18,28724,
Dinapur Cantonment,IN,34,28723,
Tanuma,JP,38,28723,
Jhālod,IN,09,28720,Jhalod
Mill Park,AU,07,28712,
Shwe Lin Ban,MM,17,28711,
Köthen,DE,14,28710,Kothen
La Sagrera,ES,56,28710,
Partinico,IT,15,28708,
Muritiba,BR,05,28707,
Kuvandyk,RU,55,28706,
Karera,IN,35,28705,
Września,PL,86,28703,Wrzesnia
Sens,FR,27,28700,
Cervia,IT,05,28700,
Pakwach,UG,N,28700,
East Chicago,US,IN,28699,
Le Gosier,GP,GP,28698,
Beluru,MY,11,28695,
Santo Tomás,CO,04,28693,Santo Tomas
Sabaa Aiyoun,MA,03,28693,
Murlīganj,IN,34,28691,Murliganj
Gusev,RU,23,28690,
Laon,FR,32,28688,
Soron,IN,36,28683,
Mondragone,IT,04,28683,
Amphoe Sikhiu,TH,27,28681,
Tecamachalco,MX,21,28679,
Santo Antônio do Sudoeste,BR,18,28673,Santo Antonio do Sudoeste
El Charco,CO,20,28673,
Bideford,GB,ENG,28672,
Rochester,GB,ENG,28671,
Avola,IT,15,28666,
Chaupimarca,PE,19,28666,
Kibondo,TZ,05,28666,
Yenişehir,TR,16,28656,Yenisehir
Geislingen an der Steige,DE,01,28655,
Redmond,US,OR,28654,
Änew,TM,01,28653,Anew
Boukadir,DZ,41,28652,
Delfzijl,NL,04,28649,
Partille,SE,28,28648,
Mukher,IN,16,28647,
Ceper,ID,07,28646,
Vandiyūr,IN,25,28646,Vandiyur
Chuk Yuen,HK,KWT,28645,
Alandi,IN,16,28645,
Bahār,IR,09,28645,Bahar
Nasirshahr,IR,26,28644,
Bah-Bah,PH,13,28643,
Jacksonville,US,AR,28643,
Bignona,SN,12,28642,
Socorro Mission Number 1 Colonia,US,TX,28637,
Târnăveni,RO,27,28634,Tarnaveni
Pabellón de Arteaga,MX,01,28633,Pabellon de Arteaga
Pattāmbi,IN,13,28632,Pattambi
Tekkali,IN,02,28631,
Giv'at Shmuel,IL,05,28628,
Sue,JP,07,28628,
Horki,BY,06,28626,
Duliajan,IN,03,28626,
Duliajan Oil Town,IN,03,28626,
Marghera,IT,20,28622,
Villa Consuelo,DO,34,28621,
Carmona,ES,51,28620,
Camas,ES,51,28620,
Kombissiri,BF,07,28617,
Manga,BF,07,28615,
Lambersart,FR,32,28613,
Ruidian,CN,29,28612,
Riihimäki,FI,05,28610,Riihimaki
Ciudad Sahagun,MX,13,28609,
Gorlice,PL,77,28609,
Bühl,DE,01,28608,Buhl
Kopargo,BJ,13,28605,
Kaman,TR,40,28605,
Pandacaqui,PH,03,28603,
Kāraippudūr,IN,25,28602,Karaippudur
Norwood,US,MA,28602,
Gangxia,CN,30,28600,
Kyenjojo,UG,W,28600,
Bom Jesus das Selvas,BR,13,28599,
Xizhou,TW,04,28597,
Tracuateua,BR,16,28595,
Foça,TR,35,28594,Foca
Ambikāpuram,IN,13,28592,Ambikapuram
Iúna,BR,08,28590,Iuna
Karasuk,RU,53,28589,
Rancharia,BR,27,28588,
Richmond,AU,07,28587,
Sūryampālaiyam,IN,25,28585,Suryampalaiyam
Gerede,TR,14,28582,
Buturlinovka,RU,86,28581,
Tula de Allende,MX,13,28577,
Delicias,ES,29,28575,
Motipur,IN,34,28572,
Kurunegala,LK,32,28571,
Isakogorka,RU,06,28571,
Sanqu,CN,33,28563,
Toshbuloq,UZ,06,28562,
Qingshizui,CN,06,28561,
Ālangulam,IN,25,28558,Alangulam
Mouzaïa,DZ,20,28552,Mouzaia
Grarem,DZ,48,28551,
El Copey,CO,10,28550,
Addanki,IN,02,28547,
Shipley,GB,ENG,28544,
Mangere East,NZ,E7,28540,
Northampton,US,MA,28540,
Englewood,US,NJ,28539,
Hammamet,DZ,33,28536,
Bemetāra,IN,37,28536,Bemetara
Sept-Îles,CA,10,28534,Sept-Iles
Mühlheim am Main,DE,05,28534,Muhlheim|Muhlheim am Main|Mühlheim
Rūdehen,IR,26,28533,Rudehen
Warstein,DE,07,28532,
Randudongkal,ID,07,28532,
Bulan,PH,05,28529,
Hiji,JP,30,28524,
Bamba,ML,09,28524,
Formia,IT,07,28521,
Nanga Eboko,CM,11,28518,
Cajati,BR,27,28515,
Honchō,JP,12,28514,Honcho
Sandanski,BG,38,28510,
Zlatopil,UA,07,28510,
Tainai,JP,29,28509,
Lake Magdalene,US,FL,28509,
Milak,IN,36,28505,
Losal,IN,24,28504,
Majayjay,PH,40,28504,
Kartaly,RU,13,28503,
Tsushima,JP,27,28502,
Sequeira,PT,11,28502,
Hāyk’,ET,46,28500,Hayk’
Lamin,GM,07,28500,
Novobilychi,UA,12,28500,
Longaví,CL,11,28499,Longavi
Alirajpur,IN,35,28498,
Sa Kaeo,TH,80,28497,
Pārdi,IN,09,28495,Pardi
Meissen,DE,13,28492,
Kochubeyevskoye,RU,70,28491,
Al Khurmah,SA,14,28491,
Sumpango,GT,16,28488,
Esquel,AR,04,28486,
Balapulang,ID,07,28483,
Unterschleißheim,DE,02,28482,
Perry Hall,US,MD,28474,
Bearsden,GB,SCT,28470,
Makutano,KE,55,28469,
Zhifeng,CN,33,28467,
Maryville,US,TN,28464,
Horikiri,JP,40,28463,
Zheleznogorsk-Ilimskiy,RU,20,28456,
Bozyazı,TR,32,28456,
Kinwat,IN,16,28454,
Wood Green,GB,ENG,28453,
San Felipe,MX,11,28452,
Pasan,IN,35,28447,
Lālgola,IN,28,28442,Lalgola
Goioerê,BR,18,28437,Goioere
Utraula,IN,36,28437,
Luwingu,ZM,05,28436,
Ghazaouet,DZ,15,28433,
Mananwala,PK,04,28432,
Baikunthpur,IN,37,28431,
Nālūt,LY,74,28431,Nalut
Jowai,IN,18,28430,
Ankazobe,MG,11,28430,
Khust,UA,25,28424,
Yangiqo‘rg‘on,UZ,06,28422,
Courtenay,CA,02,28420,
Oliva,ES,60,28419,
Bushey,GB,ENG,28416,
Ochira,IN,13,28412,
An Trạch,VN,96,28412,An Trach
Miracema,BR,21,28411,
Leppävaara,FI,01,28409,Leppavaara
Rāpar,IN,09,28407,Rapar
Ambodifotatra,MG,32,28406,
Hobart,US,IN,28404,
Massaguet,TD,18,28401,
Ölgii,MN,03,28400,Olgii
Ben Mehidi,DZ,44,28398,
Terme,TR,55,28397,
Fresh Meadows,US,NY,28397,
Jammu Cantonment,IN,12,28396,
Chortkiv,UA,22,28393,
Frankfort,US,KY,28391,
Bānswāda,IN,40,28384,Banswada
Agui,JP,01,28383,
Nanya,CN,33,28382,
Rich,MA,08,28382,
Conceição das Alagoas,BR,15,28381,Conceicao das Alagoas
Mehlville,US,MO,28380,
Bang Bo District,TH,42,28376,
Rufā‘a,SD,38,28374,Rufa‘a
Neuburg an der Donau,DE,02,28370,
Hosadurga,IN,19,28370,
Majie,CN,15,28369,
Ramanayyapeta,IN,02,28369,
Trappes,FR,11,28367,
Greer,US,SC,28365,
Voúla,GR,ESYE31,28364,Voula
Elburgon,KE,39,28359,
Hutan Melintang,MY,07,28357,
Aioi,JP,13,28355,
Sant Pere de Ribes,ES,56,28353,
Kungyangon,MM,17,28352,
San Donato Milanese,IT,09,28351,
Gierłoż,PL,85,28351,Gierłoz
Yio Chu Kang,SG,00,28350,
Lansing,US,IL,28349,
Harrison,US,NY,28348,
Prata,BR,15,28342,
Narra,PH,41,28342,
Aiud,RO,01,28341,
Passira,BR,30,28340,
Monterey,US,CA,28338,
Rodez,FR,76,28337,
Mīnjūr,IN,25,28337,Minjur
West Islip,US,NY,28335,
Desert Hot Springs,US,CA,28335,
Geilenkirchen,DE,07,28334,
Kpandu,GH,08,28334,
Sonāmukhi,IN,28,28334,Sonamukhi
Fukiage-fujimi,JP,34,28334,
Zheshan,CN,25,28333,
Kiến An,VN,91,28333,Kien An
Kukshi,IN,35,28331,
Zeitz,DE,14,28328,
Kansad,IN,09,28327,
American Fork,US,UT,28326,
Rendsburg,DE,10,28323,
Mytilene,GR,ESYE41,28322,
Saki,UA,11,28322,
Ippy,CF,11,28319,
Bergerac,FR,75,28317,
Kālāvad,IN,09,28314,Kalavad
Tomilino,RU,47,28310,
Zürich (Kreis 9) / Altstetten,CH,ZH,28307,Zurich (Kreis 9) / Altstetten
Higashikagawa,JP,17,28305,
Novyi Rozdil,UA,15,28304,
Jashpur Nagar,IN,37,28301,
Dabat,ET,46,28300,
Gutin,ET,51,28300,
Wacha,ET,SW,28300,
Māvelikara,IN,13,28300,Mavelikara
Pokhvistnevo,RU,65,28300,
Dalnerechensk,RU,59,28300,
Segrate,IT,09,28296,
Central,US,LA,28295,
Hadapu Zhen,CN,15,28292,
Newburgh,US,NY,28290,
Truskavets,UA,15,28287,
Dhanaura,IN,36,28285,
Patigi,NG,30,28285,
Buri Ram,TH,28,28283,
Ruy Barbosa,BR,05,28282,
Turubah,SA,13,28279,
Maisí,CU,10,28276,Maisi
Jalgaon Jamod,IN,16,28276,
Pallipuram,IN,13,28276,
Annemasse,FR,84,28275,
Vinaròs,ES,60,28273,Vinaros
Rio Pardo de Minas,BR,15,28271,
Sujānpur,IN,23,28270,Sujanpur
Nova Olinda do Norte,BR,04,28267,
Annigeri,IN,19,28267,
Adrogué,AR,01,28265,Adrogue
Busogo,RW,13,28264,
La Garde,FR,93,28257,
Juan Griego,VE,17,28256,
Piravam,IN,13,28254,
Maravilha,BR,26,28251,
Álvares Machado,BR,27,28250,Alvares Machado
McCully - Moiliili,US,HI,28249,
Kraksaan,ID,08,28248,
Chamblee,US,GA,28244,
Tampin,MY,05,28238,
Schwandorf in Bayern,DE,02,28235,
Ganderbal,IN,12,28233,
Bardaskan,IR,42,28233,
Uliyazhathura,IN,13,28230,
Millville,US,NJ,28230,
Durango,ES,59,28229,
Paranatinga,BR,14,28228,
Nhlazatje,ZA,07,28224,
Thung Song,TH,64,28223,
Ulu Kelang,MY,12,28222,
North Andover,US,MA,28222,
Bramsche,DE,06,28220,
Mandi,IN,11,28217,
SeaTac,US,WA,28215,
Atholi,IN,13,28213,
Fazilpur,PK,04,28213,
Elmira,US,NY,28213,
Cocal,BR,20,28212,
Newton Mearns,GB,SCT,28210,
Shiggaon,IN,19,28207,
Plettenberg,DE,07,28206,
Karlshorst,DE,16,28206,
Pandua,IN,28,28205,
Metepec,MX,15,28205,
Spring Valley,US,CA,28205,
Ban Chang,TH,47,28204,
Amirdzhan,AZ,09,28203,
Stockbridge,US,GA,28202,
Whitehorse,CA,12,28201,
Chatan,JP,47,28201,
Glen Ellyn,US,IL,28201,
Tikil Dingay,ET,46,28200,
Popondetta,PG,04,28198,
Pūnch,IN,12,28197,Punch
Kandyagash,KZ,04,28196,
Eldorado dos Carajás,BR,16,28192,Eldorado dos Carajas
Zürich (Kreis 12),CH,ZH,28189,Zurich (Kreis 12)
Zaventem,BE,VLG,28188,
Burgos,PH,03,28178,
Monroeville,US,PA,28176,
Lagunillas,VE,14,28176,
Kelkheim,DE,05,28175,
Ayoun El Atrous,MR,02,28174,
Kottaikādu,IN,25,28172,Kottaikadu
Dobropillia,UA,05,28170,
Fredericton Northside,CA,04,28167,
Benicia,US,CA,28167,
Cruz del Eje,AR,05,28166,
Itabela,BR,05,28165,
Hāngal,IN,19,28159,Hangal
Honda,CO,28,28158,
Naujamiestis,LT,65,28157,
Veendam,NL,04,28155,
Hiratachō,JP,36,28154,Hiratacho
Talamba,PK,04,28151,
Jhadeshwar,IN,09,28148,
Neustadt/Nord,DE,07,28146,
San Sebastián el Grande,MX,14,28138,San Sebastian el Grande
Sīdī Ghāzī,EG,21,28136,Sidi Ghazi
Nuevo México,MX,14,28135,Nuevo Mexico
Batubulan,ID,02,28131,
Berriozábal,MX,05,28128,Berriozabal
Longsha,CN,33,28127,
Driefontein,ZA,07,28127,
Miguel Pereira,BR,21,28123,
Daventry,GB,ENG,28123,
Polūr,IN,25,28123,Polur
Ōuda-yamaguchi,JP,28,28121,Ouda-yamaguchi
Groot IJsselmonde,NL,11,28120,
Fredericksburg,US,VA,28118,
Ermont,FR,11,28117,
Dabajuro,VE,11,28117,
Sheohar,IN,34,28116,
Jogonalan,ID,07,28114,
Miyaodai,JP,07,28114,
Bezhetsk,RU,77,28114,
Massamá,PT,14,28112,Massama
Vinkovci,HR,18,28111,
Suisun,US,CA,28111,
Neukirchen-Vluyn,DE,07,28110,
Perumbavoor,IN,13,28110,
Gundlupēt,IN,19,28105,Gundlupet
Lennestadt,DE,07,28102,
Sachīn,IN,09,28102,Sachin
Lipkovo,MK,59,28102,
Aberdeen,US,SD,28102,
Conchal,BR,27,28101,
Sungai Dua,MY,09,28100,
Argun,RU,12,28100,
Kakiri,UG,C,28100,
Cranberry Township,US,PA,28098,
Garfield Heights,US,OH,28097,
South Chicago,US,IL,28095,
Cataño,PR,033,28093,Catano
Cornelius,US,NC,28092,
Badr,EG,03,28091,
Koynanagar,IN,16,28091,
Wegberg,DE,07,28089,
Lohne,DE,06,28089,
Casa Branca,BR,27,28083,
Poykovskiy,RU,32,28080,
Oakdale,US,MN,28080,
Pô,BF,07,28079,Po
Sibulan,PH,07,28079,
Leichlingen,DE,07,28078,
Goryachiy Klyuch,RU,38,28078,
Gölbaşı,TR,02,28078,Golbası
Rillieux-la-Pape,FR,84,28076,
Gotegaon,IN,35,28074,
Oak Forest,US,IL,28074,
Dronten,NL,16,28073,
Machagai,AR,03,28070,
Matosinhos,PT,17,28070,
Llallagua,BO,07,28069,
Bundoora,AU,07,28068,
Shcherbinka,RU,48,28065,
Kevelaer,DE,07,28064,
Shangi,RW,14,28064,
Kalwākurti,IN,40,28060,Kalwakurti
Chengjiang,CN,33,28056,
Yahaba,JP,16,28056,
Mima,JP,39,28055,
Sheoganj,IN,24,28053,
Garner,US,NC,28053,
Devanahalli,IN,19,28051,
Rhennouch,TN,29,28051,
Stuttgart Feuerbach,DE,01,28046,
Holmesburg,US,PA,28046,
Irará,BR,05,28043,Irara
Drexel Hill,US,PA,28043,
Vestal,US,NY,28043,
North Kingstown,US,RI,28042,
Ojinaga,MX,06,28040,
Mkuranga,TZ,02,28037,
Xinmin,CN,33,28033,
Ajalpan,MX,21,28031,
’Aïn el Hammam,DZ,14,28029,’Ain el Hammam
Mranggen,ID,07,28026,
Polysayevo,RU,29,28026,
Heywood,GB,ENG,28024,
Saalfeld,DE,15,28023,
Aleysk,RU,04,28019,
Pichanal,AR,17,28017,
Tultitlán de Mariano Escobedo,MX,15,28017,Tultitlan de Mariano Escobedo
Javea,ES,60,28016,
Leifeng,CN,11,28014,
Anajás,BR,16,28011,Anajas
Āron,IN,35,28010,Aron
Villa Dolores,AR,05,28009,
Aleksandrovskoye,RU,70,28006,
Kamyshlov,RU,71,28006,
Yitang,CN,04,28002,
Yinqiao Zhen,CN,29,28002,
Santa Maria,PH,01,28002,
Villemomble,FR,11,28001,
Jinqiao,CN,23,28000,
Brierley Hill,GB,ENG,28000,
Batifa,IQ,08,28000,
Saint Helier,JE,3237864,28000,
Sahavato,MG,27,28000,
Mirnyy,RU,06,28000,
Shanwa,TZ,31,28000,
Terny,UA,04,28000,
Kagadi,UG,W,28000,
Pop,UZ,06,28000,
Kitsuki,JP,30,27999,
Bella Vista,US,AR,27999,
Friedenau,DE,16,27998,
Melrose,US,MA,27997,
Fitchburg,US,WI,27996,
Bultfontein,ZA,03,27994,
Buritis,BR,24,27992,
Muswell Hill,GB,ENG,27992,
Hōjō,JP,05,27992,Hojo
Apaseo el Alto,MX,11,27991,
Rincón de Romos,MX,01,27988,Rincon de Romos
Gramercy Park,US,NY,27988,
Guasipati,VE,06,27988,
Byaroza,BY,01,27986,
Mirandópolis,BR,27,27983,Mirandopolis
Wellesley,US,MA,27982,
Ukiha,JP,07,27981,
Aoto,JP,40,27980,
Dịch Vọng,VN,01,27979,Dich Vong
Enterprise,US,AL,27978,
Winchester,US,NV,27978,
Tizi Gheniff,DZ,14,27974,
Kintinian,GN,K,27969,
Arad,IL,01,27967,
Hadagalli,IN,19,27967,
Houqiao,CN,29,27965,
Patran,IN,23,27963,
Yanaul,RU,08,27963,
Camiri,BO,08,27961,
San Francisco Acuautla,MX,15,27960,
Tharād,IN,09,27954,Tharad
Labasa,FJ,03,27949,
Yaguachi Nuevo,EC,10,27947,
Slidell,US,LA,27942,
Deli Tua,ID,26,27940,
Missour,MA,03,27937,
Sanctorum,MX,21,27936,
University Heights,US,NY,27935,
Morro Agudo,BR,27,27933,
Panāgar,IN,35,27932,Panagar
Terneuzen,NL,10,27930,
Baunatal,DE,05,27929,
Eséka,CM,11,27928,Eseka
Dāsna,IN,36,27926,Dasna
Bogd,MN,15,27924,
Ennis,IE,M,27923,
Wexford/Maryvale,CA,08,27917,
Kroměříž,CZ,90,27917,Kromeriz
Sfizef,DZ,30,27914,
Pierrefitte-sur-Seine,FR,11,27914,
West Springfield,US,MA,27912,
Dodge City,US,KS,27912,Dodge
Ban Bang Kadi,TH,39,27911,
Lovech,BG,46,27910,
Kulittalai,IN,25,27910,
Sulur,IN,25,27909,
Mocímboa,MZ,01,27909,Mocimboa
Sant Vicenç dels Horts,ES,56,27901,Sant Vicenc dels Horts
Kofelē,ET,51,27900,Kofele
Geldrop,NL,06,27900,
Paragould,US,AR,27900,
Szentes,HU,06,27898,
El Campello,ES,60,27893,
Jhawarian,PK,04,27893,
Rangia,IN,03,27889,
Maywood,US,CA,27888,
Melgaço,BR,16,27881,Melgaco
Königsbrunn,DE,02,27879,Konigsbrunn
South Riverdale,CA,08,27876,
Kolpashevo,RU,75,27876,
Bungu,TZ,02,27873,
Zanandore,BI,13,27867,
Le Kremlin-Bicêtre,FR,11,27867,Le Kremlin-Bicetre
Seguin,US,TX,27864,
Tapah Road,MY,07,27863,
Bāmor Kalān,IN,35,27860,Bamor Kalan
Sisak,HR,14,27859,
Umargām,IN,09,27859,Umargam
Watamu,KE,23,27857,
Welingara,GM,05,27856,
Shirley,US,NY,27854,
Livingston,US,NJ,27853,
Round Lake Beach,US,IL,27852,
Martorell,ES,56,27850,
Longhua,CN,33,27849,
Sabana de Torres,CO,26,27845,
Mosman,AU,02,27844,
Morón de la Frontera,ES,51,27844,Moron de la Frontera
Marpole,CA,02,27843,
Nalbāri,IN,03,27839,Nalbari
Termas de Río Hondo,AR,22,27838,Termas de Rio Hondo
Kuangshi,CN,10,27836,
Cheraga,DZ,01,27835,
Dagestanskiye Ogni,RU,17,27835,
Muchun,TJ,03,27835,
Baesweiler,DE,07,27834,
Toyoshina,JP,26,27834,
Bad Neuenahr-Ahrweiler,DE,08,27823,
Tirat Karmel,IL,04,27822,
Sterling,US,VA,27822,
Pallikunnu,IN,13,27820,
Zolotonosha,UA,01,27818,
Giannitsá,GR,ESYE12,27817,Giannitsa
Şāfītā,SY,14,27815,Safita
Margasari,ID,07,27814,
Charata,AR,03,27813,
Kurihashi,JP,34,27813,
Middletown,US,NY,27812,
Remuera,NZ,E7,27810,
Nasirabad,PK,05,27809,
Zhengxing,CN,33,27804,
Guangcun,CN,31,27803,
Trittāla,IN,13,27796,Trittala
Elorza,VE,03,27795,
Buurhakaba,SO,04,27792,
Vadnagar,IN,09,27790,
Gasuba,ET,56,27789,
Sijunjung,ID,24,27786,
Sunbury-on-Thames,GB,ENG,27784,
Jaswantnagar,IN,36,27777,
Champs-sur-Marne,FR,11,27776,
Vicuña,CL,07,27771,Vicuna
Be’er Ya‘aqov,IL,02,27768,
Fountain,US,CO,27767,
Sønderborg,DK,21,27766,
Saratoga Springs,US,NY,27765,
Ehingen,DE,01,27764,
Haaga,FI,01,27761,
Zarechnyy,RU,71,27758,
Newry,GB,NIR,27757,
Nong Phai,TH,14,27756,
St. James-Assiniboia East,CA,03,27755,
Santa Rosa de Copán,HN,05,27753,Santa Rosa de Copan
Afzalgarh,IN,36,27753,
Monção,BR,13,27751,Moncao
Kirkwood,US,MO,27750,
Qibray,UZ,14,27750,
Itapissuma,BR,30,27749,
Drexel Heights,US,AZ,27749,
Dogomet,GN,F,27748,
Tristán Suárez,AR,01,27746,Tristan Suarez
Chongkan,CN,33,27745,
Gangāpur,IN,16,27745,Gangapur
Deer Park,US,NY,27745,
Hidrolândia,BR,29,27742,Hidrolandia
Nedroma,DZ,15,27742,
Xinsheng,CN,33,27741,
Rijssen,NL,15,27740,
Melton Mowbray,GB,ENG,27737,
Presidente Tancredo Neves,BR,05,27734,
Mahna,IN,23,27733,
Wiesloch,DE,01,27731,
Lagoa Seca,BR,17,27730,
Batken,KG,09,27730,
Lafayette,US,CO,27729,
Loutété,CG,01,27726,Loutete
João Alfredo,BR,30,27725,Joao Alfredo
Lijun,CN,21,27723,
Zawyat ech Cheïkh,MA,05,27723,Zawyat ech Cheikh
Bow,GB,ENG,27720,
Ballitoville,ZA,02,27718,
Boyabat,TR,57,27717,
Neftekumsk,RU,70,27716,
Al Aşābi‘ah,LY,80,27713,Al Asabi‘ah
Fridley,US,MN,27713,
Allen,AR,16,27707,
Khmilnyk,UA,23,27707,
West Scarborough,US,ME,27706,
Itacaré,BR,05,27704,Itacare
Queensbury,US,NY,27703,
Rāipur,IN,39,27702,Raipur
Aleshtar,IR,23,27701,
Heiligenhaus,DE,07,27700,
Charef,DZ,22,27700,
Mī’ēso,ET,51,27700,Mi’eso
Takahagi,JP,14,27699,
El Dabaa,EG,22,27697,
Almuñécar,ES,51,27696,Almunecar
Banbury-Don Mills,CA,08,27695,
Matam,SN,15,27695,
Gondomar,PT,17,27691,
Nahualá,GT,19,27690,Nahuala
Narre Warren,AU,07,27689,
Porto Belo,BR,26,27688,
Águas Santas,PT,17,27686,Aguas Santas
Evesham,GB,ENG,27684,
Menuma,JP,34,27684,
Roslindale,US,MA,27683,
Tabira,BR,30,27681,
Mponela,MW,C,27681,
Rodniki,RU,21,27681,
Kasamwa,TZ,28,27681,
Nkoteng,CM,11,27677,
Kellyville,AU,02,27676,
Aparecida do Taboado,BR,11,27674,
Hanwang,CN,15,27674,
Mathur,IN,25,27674,
Prokuplje,RS,SE,27673,
Ashington,GB,ENG,27670,
Luotian,CN,33,27669,
Sitges,ES,56,27668,
Lucas,BR,14,27665,
Brufut,GM,05,27664,
Rexburg,US,ID,27663,
Hörde,DE,07,27660,Horde
Lagoa Vermelha,BR,23,27659,
Phuntsholing,BT,06,27658,
Canarana,BR,14,27657,
Aarschot,BE,VLG,27656,
Dorstfeld,DE,07,27655,
Sundern,DE,07,27654,
Aix-les-Bains,FR,84,27651,
Wheeling,US,WV,27648,
Luruaco,CO,04,27647,
Shaker Heights,US,OH,27646,
Vila do Conde,PT,17,27642,
Bhimber,PK,06,27636,
Iskandar,UZ,14,27636,
Mutum,BR,15,27635,
Sderot,IL,01,27635,
Plaque,GW,11,27633,
Nowy Dwór Mazowiecki,PL,78,27633,Nowy Dwor Mazowiecki
Paramonga,PE,15,27631,
Mililani Town,US,HI,27629,
Theniet el Had,DZ,56,27628,
Novogrudok,BY,03,27624,
Tomohon,ID,31,27624,
Bergenfield,US,NJ,27621,
Maracás,BR,05,27620,Maracas
Marshalltown,US,IA,27620,
Pilar do Sul,BR,27,27619,
Az̧ Z̧āhirīyah,PS,WE,27616,Az Zahiriyah
Catemaco,MX,30,27615,
Tehri,IN,39,27611,
Contla,MX,29,27610,
Novoaleksandrovsk,RU,70,27610,
Conde,BR,17,27605,
Māgadi,IN,19,27605,Magadi
Itako,JP,14,27604,
Gibara,CU,12,27603,
Panauti̇̄,NP,3,27602,Panauti
Mertule Maryam,ET,46,27600,
Kotel’nich,RU,33,27600,
Kariba,ZW,05,27600,
Pūvātūparamba,IN,13,27598,Puvatuparamba
Hebao,CN,33,27597,
Villaviciosa de Odón,ES,29,27596,Villaviciosa de Odon
Cabrero,CL,06,27595,
York University Heights,CA,08,27593,
Sofifi,ID,29,27591,
Guerou,MR,03,27590,
Ōmiya,JP,14,27588,Omiya
Hōryūji,JP,28,27587,Horyuji
Sita Road,PK,05,27587,
Tucker,US,GA,27581,
Bouknadel,MA,04,27577,
Bou Hanifia el Hamamat,DZ,26,27576,
Ouled Slama Fouaga,DZ,20,27573,
Shakhtarske,UA,04,27573,
Nutley,US,NJ,27572,
Bezons,FR,11,27570,
Mu‘aydhir Rawḑat Rāshid,QA,06,27569,Mu‘aydhir Rawdat Rashid
Mékhé,SN,07,27566,Mekhe
Kulmbach,DE,02,27565,
Yunji,CN,33,27564,
Ninomiya,JP,19,27564,
Bāspalli,IN,40,27563,Baspalli
Roldanillo,CO,29,27561,
Ōmachi,JP,26,27559,Omachi
Mulchén,CL,06,27557,Mulchen
Dotzheim,DE,05,27557,
Atkarsk,RU,67,27554,
Port Richmond,US,PA,27554,
Pombos,BR,30,27552,
Bad Zwischenahn,DE,06,27550,
Novo Oriente,BR,06,27545,
Orlová,CZ,85,27540,Orlova
Selm,DE,07,27540,
Kirkby in Ashfield,GB,ENG,27539,
Mechernich,DE,07,27537,
Mahād,IN,16,27536,Mahad
Gabriel Leyva Solano,MX,25,27536,
Wickford,GB,ENG,27535,
Piscinola,IT,04,27534,
Lake Jackson,US,TX,27533,
Ammi Moussa,DZ,51,27530,
Boboniessoko,CI,96,27529,
Grimma,DE,13,27529,
Ezhupunna,IN,13,27528,
Tanout,NE,07,27527,
Abarkūh,IR,40,27524,Abarkuh
Awara,JP,06,27524,
Sānkrāil,IN,28,27523,Sankrail
Tuxpan,MX,14,27523,
Kalach-na-Donu,RU,84,27522,
Caransebeş,RO,12,27521,Caransebes
Mae Sai,TH,03,27520,
Ribeira,ES,58,27518,
Altstadt Sud,DE,07,27515,
Port Moody,CA,02,27512,
Bouansa,CG,01,27512,
Lambari d'Oeste,BR,14,27511,
Mirassol d'Oeste,BR,14,27511,
Plum,US,PA,27505,
Ismayilli,AZ,25,27500,
Huruta,ET,51,27500,
Ch’ench’a,ET,56,27500,
Nuwara Eliya,LK,29,27500,
Triunfo,BR,23,27498,
Wārāseonī,IN,35,27494,Waraseoni
Shingū,JP,43,27491,Shingu
Karlskoga,SE,15,27490,
Maryborough,AU,04,27489,
Beldānga,IN,28,27489,Beldanga
Inajá,BR,30,27488,Inaja
Friedberg,DE,05,27484,
Oiapoque,BR,03,27482,
Valašské Meziříčí,CZ,90,27481,Valasske Mezirici
Burngreave,GB,ENG,27481,
Arai,JP,29,27481,
Kętrzyn,PL,85,27478,Ketrzyn
San Pedro,CR,08,27477,
Dashi,CN,15,27474,
Bali,CM,07,27473,
San Carlos,UY,09,27471,
Xiaodu,CN,33,27469,
Peñaranda,PH,03,27465,Penaranda
Chorakhe Bua,TH,40,27465,
Denton,GB,ENG,27464,
Windsor,US,CA,27464,
Santo Antônio do Tauá,BR,16,27461,Santo Antonio do Taua
Jilādiguda,IN,40,27461,Jiladiguda
Sausar,IN,35,27459,
Maevatanana,MG,43,27459,
Conceição da Barra,BR,08,27458,Conceicao da Barra
Moothakunnam,IN,13,27458,
Tepeaca,MX,21,27449,
Bakhchysaray,UA,11,27448,
West Chicago,US,IL,27447,
Tam O'Shanter-Sullivan,CA,08,27446,
Sestao,ES,59,27445,
Aravaca,ES,29,27445,
Pathirappally,IN,13,27445,
Oued Zenati,DZ,23,27441,
Mandirituba,BR,18,27439,
Jászberény,HU,20,27439,Jaszbereny
Tarui,JP,09,27439,
Kuanchuan,CN,15,27438,
Hamminkeln,DE,07,27433,
Hadgāon,IN,16,27433,Hadgaon
As Sulţah al Jadīdah,QA,01,27432,As Sultah al Jadidah
Malekān,IR,33,27431,Malekan
Malkara,TR,59,27427,
Chandrapura,IN,38,27425,
Allen Park,US,MI,27425,
Soroca,MD,87,27423,
Ilgın,TR,71,27423,
San Rafael Abajo,CR,08,27419,
Rājaldesar,IN,24,27419,Rajaldesar
Madang,PG,12,27419,
Sol’-Iletsk,RU,55,27419,
Roșiorii de Vede,RO,35,27416,Rosiorii de Vede
Wilmette,US,IL,27413,
Jardim,BR,06,27411,
Manduria,IT,13,27411,
Imperial Beach,US,CA,27408,
Eibar,ES,59,27406,
Juquitiba,BR,27,27404,
Rusanivka,UA,12,27400,
Muhorro,UG,W,27400,
Glen Cove,US,NY,27400,
Premià de Mar,ES,56,27399,Premia de Mar
Shalqar,KZ,04,27399,
Ferntree Gully,AU,07,27398,
Pachor,IN,35,27396,
Syracuse,US,UT,27395,
Cleckheaton,GB,ENG,27393,
West Hill,CA,08,27392,
Santa Rita de Cássia,BR,05,27390,Santa Rita de Cassia
Santiago de Tolú,CO,27,27390,Santiago de Tolu
Sādri,IN,24,27390,Sadri
Mīrānpur,IN,36,27390,Miranpur
Azhoor,IN,13,27390,
Abasolo,MX,11,27389,
Maryland Heights,US,MO,27389,
Aïn Attig,MA,04,27384,Ain Attig
Emmendingen,DE,01,27383,
Tamansourt,MA,07,27383,
Ashford,GB,ENG,27382,
Nā’īn,IR,28,27379,Na’in
Caldas da Rainha,PT,13,27378,
Kullattūr,IN,25,27374,Kullattur
Mazhan,CN,29,27373,
Khrestivka,UA,05,27370,
Macau,BR,22,27369,
Bulakamba,ID,07,27367,
Saint-Josse-ten-Noode,BE,BRU,27366,
Mason City,US,IA,27366,Mason
Balussheri,IN,13,27363,
Pulupandan,PH,06,27363,
Cisterna di Latina,IT,07,27362,
Saint-Constant,CA,10,27359,
Yamagata,JP,09,27356,
Malargüe,AR,13,27355,Malargue
Kālānwāli,IN,10,27355,Kalanwali
Ibo Town,GM,01,27353,
Akesalayi,CN,13,27352,
Carlow,IE,L,27351,
Crofton,US,MD,27348,
Shakaskraal,ZA,02,27345,
Krč,CZ,52,27344,Krc
Huimanguillo,MX,27,27344,
Brodnica,PL,73,27341,
Kadodara,IN,09,27336,
Anderson,US,SC,27335,
Paris 04 Hôtel-de-Ville,FR,11,27332,Paris 04 Hotel-de-Ville
Eagle Mountain,US,UT,27332,
Sŏnbong,KP,18,27331,Sonbong
Unggi,KP,18,27331,
Jiasi,CN,33,27327,
Boane,MZ,04,27325,
Gaur,NP,2,27325,
Chakapara,IN,28,27320,
Nanminda,IN,13,27316,
Grimsby,CA,08,27314,
Parit Buntar,MY,07,27313,
Payathonzu,MM,05,27311,
Puerto Boyacá,CO,36,27310,Puerto Boyaca
Quesada,CR,01,27310,
College Point,US,NY,27307,
Dieppe,CA,04,27304,
Nokha,IN,34,27302,
Castillejos,PH,03,27301,
Svendborg,DK,21,27300,
K’ola Diba,ET,46,27300,
Amba Giorgis,ET,46,27300,
May Cadera,ET,53,27300,
Kyaka II Refugee Camp,UG,W,27300,
Hendrina,ZA,07,27300,
Ans,BE,WAL,27297,
Santo Antônio do Monte,BR,15,27295,Santo Antonio do Monte
Kayyerkan,RU,91,27295,
Kattumannarkoil,IN,25,27294,
Lancy,CH,GE,27291,
Leandro N. Alem,AR,14,27287,
Kalamb,IN,16,27287,
Āndippatti,IN,25,27287,Andippatti
Vallauris,FR,93,27286,
Siburan,MY,11,27286,
Algemesí,ES,60,27285,Algemesi
Winchester,US,VA,27284,
Nayoro,JP,12,27282,
Liangshui,CN,15,27281,
Corrente,BR,20,27278,
Lindenhurst,US,NY,27277,
El Viso,ES,29,27274,
Mueda,MZ,01,27274,
Zürich (Kreis 4) / Aussersihl,CH,ZH,27273,Zurich (Kreis 4) / Aussersihl
Santo Amaro da Imperatriz,BR,26,27272,
Teyateyaneng,LS,10,27272,
Taverny,FR,11,27271,
Arumuganeri,IN,25,27266,
Zakopane,PL,77,27266,
Elamanchili,IN,02,27265,
Illkirch-Graffenstaden,FR,44,27261,
Bady Bassitt,BR,27,27260,
Krasnoural’sk,RU,71,27257,
Badr Ḩunayn,SA,05,27257,Badr Hunayn
La Teste-de-Buch,FR,75,27253,
Demak,ID,07,27251,
Sebeş,RO,01,27246,Sebes
Adichānallūr,IN,13,27240,Adichanallur
Hayang,KR,14,27236,
Grombalia,TN,19,27236,
Doboj,BA,02,27235,
Busselton,AU,08,27233,
Spanaway,US,WA,27227,
Ouro Sogui,SN,15,27222,
Água Preta,BR,30,27221,Agua Preta
Laitumkhrah,IN,18,27219,
Belmont,US,CA,27218,
Gulābpura,IN,24,27215,Gulabpura
Redenção,BR,06,27214,Redencao
Longton,GB,ENG,27214,
Bourzanga,BF,05,27213,
Pāthardi,IN,16,27211,Pathardi
Naranjito,CU,02,27209,
Blangwa,CM,12,27208,
Casal de' Pazzi,IT,07,27206,
Hunts Point,US,NY,27204,
Overath,DE,07,27203,
Minami-ōi,JP,40,27201,Minami-oi
Akouda,TN,23,27200,
Mocajuba,BR,16,27198,
Kouandé,BJ,09,27197,Kouande
Kundarkhi,IN,36,27197,
Holbrook,US,NY,27195,
Kubang Semang,MY,09,27194,
Permatang Kuching,MY,09,27191,
Ukhrul,IN,17,27187,
El Abadia,DZ,35,27185,
Gadhinglaj,IN,16,27185,
New London,US,CT,27179,
Horten,NO,20,27178,
Kerkera,DZ,31,27177,
Bilgrām,IN,36,27173,Bilgram
Piecki-Migowo,PL,82,27173,
Boutilimitt,MR,06,27170,
Ali,IN,07,27169,
Kupyansk,UA,07,27169,
Conception Bay South,CA,05,27168,
Simen,CN,15,27168,
Jāfarābād,IN,09,27167,Jafarabad
Rios Rosas,ES,29,27163,
Bidhūna,IN,36,27158,Bidhuna
Bhelai,IN,37,27158,
Paso Robles,US,CA,27157,
Ayakudi,IN,25,27156,
Xiaomian,CN,33,27154,
Tualatin,US,OR,27154,
Nikolayevsk-on-Amure,RU,30,27152,
Wersten,DE,07,27151,
Zhongshan,CN,15,27147,
Leimen,DE,01,27142,
Vettanād,IN,13,27140,Vettanad
Yong Peng,MY,01,27138,
Buzhake,CN,13,27137,
Moyotzingo,MX,21,27137,
Wamba,NG,56,27137,
Circasia,CO,23,27135,
Novelda,ES,60,27135,
Njombé,CM,05,27130,Njombe
Viñales,CU,01,27129,Vinales
Quibala,AO,06,27128,
Balneário Piçarras,BR,26,27127,Balneario Picarras
Fleming Island,US,FL,27126,
Āsandh,IN,10,27125,Asandh
Betioky,MG,51,27125,
San Giovanni Rotondo,IT,13,27124,
Doreen,AU,07,27122,
Baynjiwayn,IQ,05,27116,
Rathenow,DE,11,27115,
Panglong,MM,11,27115,
Kachidoki,JP,40,27113,
Sikonge,TZ,17,27113,
Nové Město,CZ,52,27105,Nove Mesto
Perumpāvūr,IN,13,27105,Perumpavur
Jiangxi,CN,15,27098,
Palmar de Varela,CO,04,27098,
La Tebaida,CO,23,27098,
Chanpatia,IN,34,27095,
Tanguiéta,BJ,08,27094,Tanguieta
Medicilândia,BR,16,27094,Medicilandia
Winona,US,MN,27094,
Alfornelos,PT,14,27093,
Petershagen,DE,07,27090,
Agua Caliente,US,CA,27090,
Afzalpur,IN,19,27088,
Katsuyama,JP,06,27088,
Long Thành,VN,75,27084,Long Thanh
Épernay,FR,44,27082,Epernay
Villagrán,MX,11,27079,Villagran
Zomin Shaharchasi,UZ,15,27077,
Minaçu,BR,29,27075,Minacu
Paciran,ID,08,27072,
Shalkar,KZ,06,27072,
Ndélé,CF,01,27071,Ndele
Laï,TD,14,27071,Lai
Asino,RU,75,27070,
Santa Uxía de Ribeira,ES,58,27067,Santa Uxia de Ribeira
Elefthério - Kordelió,GR,ESYE12,27067,Eleftherio - Kordelio
Labytnangi,RU,87,27067,
Gobindpur,IN,38,27066,
Thomasville,US,NC,27061,
Capitán Bermúdez,AR,21,27060,Capitan Bermudez
Nazaré,BR,05,27060,Nazare
Kayonza,RW,11,27059,
Hıdırbey,TR,31,27057,
Casselberry,US,FL,27056,
Don Valley Village,CA,08,27051,
Kallio,FI,01,27051,
Tikkotti,IN,13,27051,
Zaliohouan,CI,96,27050,
Puchuan,CN,29,27049,
Ondangwa,NA,37,27049,
Jarash,JO,22,27046,
Wangen,DE,01,27045,
Gingee,IN,25,27045,
La Peca,PE,01,27045,
Niederrad,DE,05,27043,
Haverhill,GB,ENG,27041,
Malinyi,TZ,10,27041,
Rāver,IN,16,27039,Raver
Aso,JP,21,27039,
Kekem,CM,08,27038,
Yigai'erqi,CN,13,27038,
Babat,ID,08,27038,
Catarroja,ES,60,27035,
Märsta,SE,26,27034,Marsta
Kobylisy,CZ,52,27030,
Brilon,DE,07,27030,
Rejon placu Grunwaldzkiego,PL,72,27030,
Villiers-le-Bel,FR,11,27028,
Zuitai,CN,15,27027,
Vichy,FR,84,27019,
Alaca,TR,19,27019,
Landsberg am Lech,DE,02,27017,
Eureka,US,CA,27017,
Cầu Diễn,VN,01,27017,Cau Dien
Bāgepalli,IN,19,27011,Bagepalli
Kotdwāra,IN,39,27009,Kotdwara
Alexânia,BR,29,27008,Alexania
Chiriguaná,CO,10,27006,Chiriguana
East Saint Louis,US,IL,27006,
Garden City,US,KS,27005,Garden
Alton,US,IL,27003,
Milton,US,MA,27003,
Payakaraopeta,IN,02,27001,
Dedovsk,RU,47,27001,
Al Ḩamīdīyah,AE,02,27000,Al Hamidiyah
Asparuhovo,BG,61,27000,
Huatugou,CN,06,27000,
Hala'ib,EG,02,27000,
Ibnat,ET,46,27000,
Bhawanipur,IN,34,27000,
‘Anah,IQ,01,27000,
Vohipaho,MG,25,27000,
Miandrarivo,MG,12,27000,
Taupo,NZ,G1,27000,
Jaglot,PK,07,27000,
Bayt Ḩanīnā,PS,WE,27000,Bayt Hanina
Smederevska Palanka,RS,SE,27000,
Zarya,RU,47,27000,
Dhamas,SO,06,27000,
Zeya,RU,05,26999,
Maghull,GB,ENG,26997,
Elamkunnapuzha,IN,13,26997,
Cyato,RW,14,26996,
University Park,US,FL,26995,
Ettumanoor,IN,13,26993,
Rapallo,IT,08,26993,
Kérouané,GN,K,26990,Kerouane
Biłgoraj,PL,75,26987,
Tara,RU,54,26986,
Mapalo,ZM,08,26986,
Auburn,US,NY,26985,
Clairlea-Birchmount,CA,08,26984,
Tawakule,CN,13,26983,
Raseborg,FI,01,26982,
Lātehār,IN,38,26981,Latehar
Kotovo,RU,84,26981,
Chengam,IN,25,26980,
Williston,US,ND,26977,
Ar Rudayyif,TN,30,26976,
Novo Cruzeiro,BR,15,26975,
Paramus,US,NJ,26974,
Back Mountain,US,PA,26973,
Bukuya,UG,C,26972,
Qinglian,CN,33,26969,
West Milford,US,NJ,26968,
Borşa,RO,25,26966,Borsa
Ternivka,UA,04,26961,
Chancay,PE,15,26958,
Thuwal,SA,14,26957,
Las Breñas,AR,03,26955,Las Brenas
Az Zarqā,EG,20,26955,Az Zarqa
Potrerillos,HN,06,26954,
Pucón,CL,04,26953,Pucon
Rājgarh,IN,24,26953,Rajgarh
Siavonga,ZM,07,26951,
Shovot,UZ,05,26950,
Nūr,IR,35,26947,Nur
Jeffersontown,US,KY,26946,
Şāmitah,SA,17,26945,Samitah
São Bernardo,BR,13,26943,Sao Bernardo
Aţfīḩ,EG,08,26943,Atfih
Kumārapuram,IN,13,26943,Kumarapuram
Semīrom,IR,28,26942,Semirom
Albania,CO,17,26940,
Sungai Besar,MY,12,26939,
Tupanatinga,BR,30,26937,
Iba,PH,03,26935,
Boysun,UZ,12,26934,
Şafāshahr,IR,07,26933,Safashahr
el Clot,ES,56,26928,
Hôpital Saint-Louis,FR,11,26926,Hopital Saint-Louis
Sinkassé,TG,26,26926,Sinkasse
Verden,DE,06,26924,
Komló,HU,02,26924,Komlo
Dubrovnik,HR,03,26922,
Garden City,US,MI,26920,Garden
Qā’emīyeh,IR,07,26918,Qa’emiyeh
Horn Lake,US,MS,26915,
Stoughton,US,MA,26915,
Easton,US,PA,26915,
Margherita,IN,03,26914,
Baraúna,BR,22,26913,Barauna
Lerum,SE,28,26913,
Freeport,BS,25,26910,
Traralgon,AU,07,26907,
Kulasēkarapuram,IN,13,26907,Kulasekarapuram
Chawinda,PK,04,26906,
Quakers Hill,AU,02,26904,
Parral,CL,11,26904,
Sankt Wendel,DE,09,26904,
Kara-Kul’,KG,03,26901,
Deder,ET,51,26900,
Weidian,CN,15,26896,
Aldridge,GB,ENG,26896,
Prairieville,US,LA,26895,
Sāmba,IN,12,26893,Samba
Niscemi,IT,15,26893,
Al-Quṭaynah,SD,41,26893,Al-Qutaynah
Hyde Park,US,IL,26893,
Dix Hills,US,NY,26892,
San Giuseppe Vesuviano,IT,04,26888,
Buzen,JP,07,26886,
Zambezi,ZM,06,26885,
Douglas,IE,M,26883,
Pirthīpur,IN,35,26883,Pirthipur
Takada,JP,09,26882,
Concórdia do Pará,BR,16,26881,Concordia do Para
Vepagunta,IN,02,26881,
Dushi,CN,33,26879,
Hiragi,JP,17,26878,
Atotonilco el Alto,MX,14,26874,
Sannois,FR,11,26869,
Rösrath,DE,07,26868,Rosrath
Stabat,ID,26,26862,
Piešťany,SK,07,26862,Piestany
Boscoreale,IT,04,26861,
Gladstone,US,MO,26861,
La Joya,MX,02,26860,
Feidh el Botma,DZ,22,26857,
Paete,PH,40,26855,
Taungup,MM,01,26854,
MacPherson,SG,01,26850,
Uithoorn,NL,07,26846,
Muñiz,AR,01,26844,Muniz
Canindé de São Francisco,BR,28,26834,Caninde de Sao Francisco
Okahandja,NA,39,26832,
Cutler Ridge,US,FL,26831,
Stalybridge,GB,ENG,26830,
Vadipatti,IN,25,26830,
Shuikou,CN,18,26827,
Driyorejo,ID,08,26827,
Misantla,MX,30,26827,
Bulqizë,AL,41,26826,Bulqize
Culemborg,NL,03,26826,
Imbé,BR,23,26824,Imbe
Shenkottai,IN,25,26823,
Bafoulabé,ML,03,26823,Bafoulabe
Baro,NG,31,26821,
‘Āmūdā,SY,01,26821,‘Amuda
Mūţ,EG,13,26820,Mut
Edacchēri,IN,13,26819,Edaccheri
Independence,US,KY,26819,
Nkambe,CM,07,26816,
Lübbecke,DE,07,26815,Lubbecke
Chinguar,AO,02,26811,
Triggiano,IT,13,26811,
Funabori,JP,40,26811,
La Unión,SV,07,26807,La Union
Banmankhi,IN,34,26806,
La Iguala,HN,13,26805,
Catanauan,PH,40,26804,
Uchkuduk,UZ,02,26800,
Bolton,CA,08,26795,
Srīnivāspur,IN,19,26793,Srinivaspur
Sayula,MX,14,26789,
Mühlacker,DE,01,26787,Muhlacker
Den Den,TN,39,26787,
Rocha,UY,14,26784,
Budafok,HU,05,26782,
Bor,SS,03,26782,
Watertown,US,NY,26780,
Salou,ES,56,26775,
Naqādah,EG,23,26774,Naqadah
Görogly,TM,03,26770,Gorogly
Qarah Ẕīā’ od Dīn,IR,01,26767,Qarah Zia’ od Din
Palavakkam,IN,25,26766,
Samokov,BG,58,26765,
Pedro Betancourt,CU,03,26761,
Gonesse,FR,11,26758,
Chāndur,IN,16,26755,Chandur
Arida,JP,43,26755,
Urachiche,VE,22,26755,
Mahina,ML,03,26754,
Indāpur,IN,16,26752,Indapur
Varappuzha,IN,13,26750,
Wooster,US,OH,26749,
Camaiore,IT,16,26746,
Tha Muang,TH,50,26746,
Fontana,AR,03,26745,
Goianinha,BR,22,26741,
San Jose,PH,13,26735,
Achern,DE,01,26733,
Quảng Phú,VN,66,26733,Quang Phu
Katha,MM,10,26732,
Hartbeespoort,ZA,10,26732,
Bessemer,US,AL,26730,
Kemrī,IN,36,26726,Kemri
Merrimack,US,NH,26726,
Mtinko,TZ,16,26725,
Babaeski,TR,39,26724,
Alattūr,IN,13,26720,Alattur
Gamboma,CG,08,26718,
Ash Shaykh Zuwayd,EG,27,26713,
Mananjary,MG,27,26712,
Vera Cruz,BR,23,26710,
Muntok,ID,35,26709,
Lemon Grove,US,CA,26709,
Bela,IN,34,26707,
Monfalcone,IT,06,26706,
Krishnāpuram,IN,13,26705,Krishnapuram
Goseong,KR,20,26704,
Kyrenia,CY,02,26701,
Kartārpur,IN,23,26701,Kartarpur
Kalat,PK,02,26701,
Marabella,TT,10,26700,
Gwanda,ZW,07,26700,
La Mesa,CO,33,26699,
Māmidālapādu,IN,02,26694,Mamidalapadu
Karhal,IN,36,26693,
Coração de Maria,BR,05,26692,Coracao de Maria
Vigneux-sur-Seine,FR,11,26692,
Pirenópolis,BR,29,26690,Pirenopolis
Cavaillon,FR,93,26689,
Kpozoun,BJ,18,26688,
Lar,IN,36,26688,
Pitangui,BR,15,26685,
Albano Laziale,IT,07,26684,
Grodzisk Mazowiecki,PL,78,26684,
Ath,BE,WAL,26681,
Kūdligi,IN,19,26680,Kudligi
Tekeli,KZ,12510144,26678,
Kankakee,US,IL,26676,
Praktiseer,ZA,09,26675,
Rambouillet,FR,11,26674,
Ružomberok,SK,08,26671,Ruzomberok
Sacramento,BR,15,26670,
Birine,DZ,22,26670,
Montebelluna,IT,20,26670,
Ipís,CR,08,26669,Ipis
Wethersfield,US,CT,26668,
Bristol,US,TN,26666,
Highbury,GB,ENG,26664,
Pineda de Mar,ES,56,26659,
Hualmay,PE,15,26658,
McHenry,US,IL,26657,
Benicarló,ES,60,26655,Benicarlo
Cherbourg,FR,28,26655,
Holubivka,UA,14,26654,
Alīganj,IN,36,26652,Aliganj
Strausberg,DE,11,26649,
Armentières,FR,32,26646,Armentieres
Villarrobledo,ES,54,26642,
Apan,MX,13,26642,
Stantsiya Novyy Afon,GE,02,26636,
Fukuechō,JP,27,26636,Fukuecho
Al Wajh,SA,19,26636,
Guabo,EC,08,26635,
Acocks Green,GB,ENG,26635,
Sibi,ML,07,26633,
Baloda Bāzār,IN,37,26632,Baloda Bazar
Francisco I. Madero,MX,07,26632,
Manihāri,IN,34,26629,Manihari
Saugus,US,MA,26628,
Sé,BJ,15,26627,Se
Kottur,IN,25,26627,
Ron Phibun,TH,64,26621,
Propriá,BR,28,26618,Propria
Makubetsu,JP,12,26610,
Kara Suu,KG,08,26609,
Río Abajo,PA,08,26607,Rio Abajo
Dar Chioukh,DZ,22,26605,
Magdalena de Kino,MX,26,26605,
Gubakha,RU,90,26605,
Paripiranga,BR,05,26604,
Stevens Point,US,WI,26604,
Jaguarão,BR,23,26603,Jaguarao
Faizpur,IN,16,26602,
Rayduzhnyi Masyv,UA,12,26600,
Horta,ES,56,26597,
Cartago,CR,02,26594,
West Linn,US,OR,26593,
Okuta,NG,30,26589,
Lunel,FR,76,26588,
Cobija,BO,06,26585,
Nova Esperança,BR,18,26585,Nova Esperanca
Weiterstadt,DE,05,26583,
Shuanglu,CN,33,26582,
Cayambe,EC,18,26582,
Moscardó,ES,29,26579,Moscardo
Superior,US,WI,26579,
Cuilo,AO,17,26577,
Porto da Folha,BR,28,26576,
Dalfsen,NL,15,26575,
Coburg,AU,07,26574,
Mukai-awagasaki,JP,15,26574,
Marapanim,BR,16,26573,
Valdeacederas,ES,29,26573,
Milliken,CA,08,26572,
Chiavari,IT,08,26572,
Akyurt,TR,68,26572,
Supía,CO,37,26571,Supia
Kulp,TR,21,26569,
Birnin Kudu,NG,39,26565,
Pavlovsk,RU,86,26565,
Ceeldheer,SO,05,26562,
Trípoli,GR,ESYE25,26561,Tripoli
Okha,RU,64,26560,
Diourou,ML,05,26559,
Sidi Akkacha,DZ,41,26558,
Eṭ Ṭīra,IL,02,26552,Et Tira
Manāsa,IN,35,26551,Manasa
Agía Varvára,GR,ESYE31,26550,Agia Varvara
Remseck am Neckar,DE,01,26549,
Teapa,MX,27,26548,
Nový Jičín,CZ,85,26547,Novy Jicin
Gibraltar,GI,00,26544,
Cachan,FR,11,26540,
Fujikawaguchiko,JP,46,26540,
Barogo,BF,11,26539,
Echemmaia Est,MA,07,26538,
Sankarapatti,IN,25,26536,
Mantena,BR,15,26535,
Maramba,TZ,18,26531,
Cueto,CU,12,26527,
Tujunga,US,CA,26527,
Shofirkon Shahri,UZ,02,26527,
Ituporanga,BR,26,26525,
Gravina di Catania,IT,15,26524,
Nacimiento,CL,06,26523,
East Grinstead,GB,ENG,26523,
Le Grand-Quevilly,FR,28,26522,
Gose,JP,28,26522,
Oulad Barhil,MA,09,26521,
Bongao,PH,14,26518,
Níjar,ES,51,26516,Nijar
Hennaya,DZ,15,26515,
Azazga,DZ,14,26515,
Songadh,IN,09,26515,
Greenville,US,TX,26515,
Pauri,IN,39,26514,
Tosayamadachō-nakano,JP,20,26513,Tosayamadacho-nakano
Shāhganj,IN,36,26510,Shahganj
Magna,US,UT,26505,
Ocho Rios,JM,09,26503,
Croydon,AU,07,26502,
Sooretama,BR,08,26502,
Waka,ET,SW,26500,
Gurbetē,ET,46,26500,Gurbete
Filakit,ET,46,26500,
Río de Teapa,MX,27,26500,Rio de Teapa
Las Pintitas,MX,14,26500,
Wyszków,PL,78,26500,Wyszkow
Mesagne,IT,13,26497,
Dhrol,IN,09,26496,
Batavia,US,IL,26495,
Salor,UZ,14,26494,
Bielsk Podlaski,PL,81,26493,
Cantonment,US,FL,26493,
Danvers,US,MA,26493,
Pallippatti,IN,25,26492,
Capão do Leão,BR,23,26487,Capao do Leao
Nizza Millefonti,IT,12,26487,
Buy,RU,37,26486,
Timbiras,BR,13,26484,
Boisbriand,CA,10,26483,
São Martinho,PT,10,26482,Sao Martinho
Shoreview,US,MN,26477,
Paradise,US,CA,26476,
Fremont,US,NE,26474,
Smithtown,US,NY,26470,
Changsu,KR,03,26463,
Pearl,US,MS,26462,
Abbeville,FR,32,26461,
Dafengdong,CN,18,26460,
Bandiagara,ML,04,26460,
El Monte,CL,12,26459,
Barwāh,IN,35,26459,Barwah
Santa Catalina,PH,07,26457,
Câmpia Turzii,RO,13,26457,Campia Turzii
Rumoi,JP,12,26454,
Gao,BF,06,26453,
Avondale,NZ,E7,26450,
Nantuo,CN,33,26447,
Tsaratanana,MG,43,26446,
Ventersdorp,ZA,10,26446,
Estcourt,ZA,02,26444,
Flint,GB,WLS,26442,
Ségbana,BJ,07,26440,Segbana
Mansfield City,US,CT,26439,Mansfield
Al Wakrah,QA,10,26436,
Lebrija,ES,51,26434,
Neckarsulm,DE,01,26431,
Luboń,PL,86,26431,Lubon
Canidelo,PT,17,26431,
Rēzekne,LV,23,26429,Rezekne
Magdalena Atlicpac,MX,15,26429,
Jonava,LT,57,26423,
Osdorf,DE,04,26420,
Mauganj,IN,35,26420,
Fajar,SG,,26420,
Mercerville-Hamilton Square,US,NJ,26419,
Caravaca,ES,31,26415,
Newton Aycliffe,GB,ENG,26415,
Kaarela,FI,01,26414,
Tayu,ID,07,26413,
Bablāi,IN,10,26412,Bablai
Terdāl,IN,19,26411,Terdal
Nādbai,IN,24,26411,Nadbai
Kapellen,BE,VLG,26410,
North Creek,US,WA,26410,
El Amria,DZ,36,26407,
Lauf an der Pegnitz,DE,02,26403,
Sant Andreu de la Barca,ES,56,26401,
Sprockhövel,DE,07,26400,Sprockhovel
Marneuli,GE,68,26400,
Esquina,AR,06,26399,
Cinco Saltos,AR,16,26399,
Dougabougou,ML,05,26399,
Carbondale,US,IL,26399,
Kallidaikurichi,IN,25,26398,
Dibba Al-Hisn,AE,04,26395,
Daud Khel,PK,04,26395,
Westport,US,CT,26391,
Yong’an,CN,33,26390,
Mitha Tiwana,PK,04,26390,
Ryde,AU,02,26385,
La Garenne-Colombes,FR,11,26385,
Dellys,DZ,40,26384,
Namapa-erati,MZ,06,26383,
Badagry,NG,05,26383,
Zaltbommel,NL,03,26383,
Izegem,BE,VLG,26382,
Ashton in Makerfield,GB,ENG,26380,
Espelkamp,DE,07,26378,
Kahone,SN,10,26376,
Lundu,MY,11,26372,
Liwá,OM,11,26372,Liwa
Universidade Rural,BR,21,26371,
Kaisarianí,GR,ESYE31,26370,Kaisariani
Montigny-lès-Metz,FR,44,26369,Montigny-les-Metz
San Miniato Basso,IT,16,26365,
Parabiago,IT,09,26364,
Iwŏn-ŭp,KP,03,26364,Iwon-up
Taloda,IN,16,26363,
Goianésia do Pará,BR,16,26362,Goianesia do Para
Ad Dujayl,IQ,18,26362,
Metallostroy,RU,66,26361,
Vicência,BR,30,26359,Vicencia
Papeete,PF,01,26357,
Portishead,GB,ENG,26355,
Bir Jdid,MA,06,26355,
Chacarita,CR,07,26354,
Yuanyang,CN,15,26352,
Poldokhtar,IR,23,26352,
Matoury,GF,GF,26350,
Lei Tung,HK,HSO,26350,
Murugampālaiyam,IN,25,26349,Murugampalaiyam
Tougan,BF,01,26347,
Kuoyiqi,CN,13,26346,
Sapouy,BF,06,26345,
Bāgh-e Malek,IR,15,26343,Bagh-e Malek
Caboolture,AU,04,26341,
Báigōng Jiēdào,CN,33,26341,Baigong Jiedao
Yalgo,BF,05,26340,
Aplahoué,BJ,12,26340,Aplahoue
Bingen am Rhein,DE,08,26339,
Medina,US,OH,26339,
Bay Shore,US,NY,26337,
Kahului,US,HI,26337,
Elói Mendes,BR,15,26336,Eloi Mendes
Rawson,AR,04,26335,
Zhuyang,CN,33,26335,
Balakliya,UA,07,26334,
Bi’r al ‘Abd,EG,27,26330,
Alingsås,SE,28,26329,Alingsas
Mon,IN,20,26328,
Kheri,IN,36,26327,
Leisure City,US,FL,26324,Leisure
Onyar,CN,13,26322,
Caririaçu,BR,06,26320,Caririacu
Bilsi,IN,36,26320,
Erzin,TR,31,26316,
Vernon Hills,US,IL,26314,
Yihe,CN,33,26313,
Moutsamoudou,KM,01,26313,
Al Mālikīyah,SY,01,26311,Al Malikiyah
Kebili,TN,31,26310,
Ibotirama,BR,05,26309,
Hazro City,PK,04,26309,Hazro
Durleşti,MD,57,26308,Durlesti
Oktyabr’sk,RU,65,26306,
Dar el Haj Taïeb,TN,32,26304,Dar el Haj Taieb
Batalha,BR,20,26300,
Xialu,CN,33,26300,
Bambesi,ET,47,26300,
Āt’aye,ET,46,26300,At’aye
La Unión,CL,17,26298,La Union
Comiso,IT,15,26298,
Miyawaka,JP,07,26298,
Ngunut,ID,08,26297,
Fray Bentos,UY,12,26297,
Zionsville,US,IN,26296,
Basi,IN,23,26295,
Āyanchēri,IN,13,26293,Ayancheri
Sanchez-Mira,PH,02,26292,
Wiehl,DE,07,26291,
Ayorou,NE,09,26290,
Kottūru,IN,19,26289,Kotturu
Anjad,IN,35,26289,
Norco,US,CA,26289,
Isla,MX,30,26287,
Baden,AT,03,26286,
Chinnalapatti,IN,25,26285,
Budapest V. kerület,HU,05,26284,Budapest V. kerulet
San Jerónimo,MX,15,26281,San Jeronimo
Narasannapeta,IN,02,26280,
Wasco,US,CA,26279,
Al ‘Awwāmīyah,SA,06,26276,Al ‘Awwamiyah
Wah Fu,HK,HSO,26275,
Saikai,JP,27,26275,
Westminster-Branson,CA,08,26274,
Colomadu,ID,07,26274,
Ongallur-II,IN,13,26273,
Kokopo,PG,10,26273,
Pereiaslav,UA,13,26273,
Mount Pleasant,US,WI,26272,
Nagarote,NI,08,26270,
Piri,AO,19,26265,
Quinze-Vingts,FR,11,26265,
Fortuna Foothills,US,AZ,26265,
Rheinbach,DE,07,26262,
Laranjal Paulista,BR,27,26261,
Tirmitine,DZ,14,26261,
Westhoughton,GB,ENG,26260,
Rāmpur,IN,36,26257,Rampur
Reforma,MX,05,26257,
Semiluki,RU,86,26257,
Haqqulobod,UZ,06,26257,
Mendi,PG,05,26252,
Pyan Lel Nay Yar Cha Htar Ye,MM,17,26250,
Telerghma,DZ,48,26248,
San Antonio,PH,03,26247,
Ariguaní,CO,10,26246,Ariguani
Lago Sul,BR,07,26244,
Tierralta,CO,12,26242,
Wanaraja,ID,30,26240,
Aklera,IN,24,26240,
Mirganj,IN,34,26240,
Kūdlu,IN,13,26235,Kudlu
Barberton,US,OH,26234,
Kināna,SD,58,26233,Kinana
Fleetwood,GB,ENG,26232,
Kunisaki,JP,30,26232,
Puerto Colombia,CO,04,26227,
Kingsville,US,TX,26225,
Tekkalakote,IN,19,26224,
Indre By,DK,17,26223,
Sangzhe,CN,33,26221,
Statesville,US,NC,26221,
Douglas,IM,9782170,26218,
Plainview,US,NY,26217,
Laurel,US,MD,26215,
Igarapava,BR,27,26212,
Diawala,CI,87,26206,
Frome,GB,ENG,26203,
Berber,SD,53,26203,
Carrollton,US,GA,26203,
Rizal,PH,03,26201,
Çan,TR,17,26201,Can
Felana,ET,51,26200,
Iradan,KG,09,26200,
Livoberezhnyi Masyv,UA,12,26200,
Susaki,JP,20,26195,
Sintra,PT,14,26193,
Mungaoli,IN,35,26192,
Ōno-hara,JP,11,26190,Ono-hara
Ixtaczoquitlán,MX,30,26187,Ixtaczoquitlan
Eboli,IT,04,26183,
Arlon,BE,WAL,26179,
Congleton,GB,ENG,26178,
Fedj M’Zala,DZ,48,26176,
Budhlāda,IN,23,26172,Budhlada
Sant Martí de Provençals,ES,56,26169,Sant Marti de Provencals
Weinstadt-Endersbach,DE,01,26166,
la Prosperitat,ES,56,26166,
Diaoubé,SN,11,26165,Diaoube
Welahan,ID,07,26163,
Romano Banco,IT,09,26163,
Matsubase,JP,21,26163,
Marolambo,MG,31,26160,
Anuppānadi,IN,25,26158,Anuppanadi
Rugeley,GB,ENG,26156,
Encrucijada,CU,16,26155,
Altınşehir,TR,02,26153,Altınsehir
Fukagawa,JP,12,26152,
South Pasadena,US,CA,26151,
Devonport,AU,06,26150,
Hong Kah,SG,00,26150,
Howard Beach,US,NY,26148,
Shituo,CN,33,26144,
Bou Tlelis,DZ,09,26144,
Kaouara,CI,87,26142,
Maâtkas,DZ,14,26142,Maatkas
Innoshima,JP,11,26141,
Marrickville,AU,02,26140,
Reengus,IN,24,26139,
Ogwashi-Uku,NG,36,26137,
Schmallenberg,DE,07,26132,
Sutrāpāra,IN,09,26132,Sutrapara
Glen Iris,AU,07,26131,
Magugu,TZ,27,26131,
Hikarigaoka,JP,40,26127,
Bandar Sri Sendayan,MY,05,26127,
Hennigsdorf,DE,11,26122,
Camden Town,GB,ENG,26122,
Santiago Papasquiaro,MX,10,26121,
Apaseo el Grande,MX,11,26121,
Englewood,US,IL,26121,
Encontrados,VE,23,26121,
Marroquina,ES,29,26120,
Four Corners,US,FL,26116,
Craíbas,BR,02,26115,Craibas
Aksu,KZ,10,26115,
Misburg,DE,06,26114,
Itapuranga,BR,29,26113,
Ban Talat Bueng,TH,46,26113,
South Laurel,US,MD,26112,
Guépaouo,CI,95,26111,Guepaouo
Stuttgart Mühlhausen,DE,01,26111,Stuttgart Muhlhausen
Tōno,JP,16,26110,Tono
Malazgirt,TR,49,26108,
Kodoli,IN,16,26106,
Campos Gerais,BR,15,26105,
Lubalo,AO,17,26103,
Asheboro,US,NC,26103,
Dimbaza,ZA,05,26099,
Camanducaia,BR,15,26097,
Bokoro,TD,18,26095,
Al ‘Idwah,EG,10,26092,
Phulera,IN,24,26091,
Colniza,BR,14,26090,
São José da Lapa,BR,15,26090,Sao Jose da Lapa
Rosario de Lerma,AR,17,26086,
Hampton Park,AU,07,26082,
Tralee,IE,M,26079,
Ḑamad,SA,17,26079,Damad
Buenaventura Lakes,US,FL,26079,
Chellalat el Adhaouara,DZ,06,26077,
Mahates,CO,35,26075,
Matundasi,TZ,09,26073,
Vanves,FR,11,26068,
Colón,AR,01,26067,Colon
Ciudad de Allende,MX,19,26065,
Clinton,US,IA,26064,
Zevenaar,NL,03,26063,
Tianwei,TW,04,26063,
Alagoa Grande,BR,17,26062,
El Hadjar,DZ,37,26060,
Mount Pleasant,US,MI,26060,
Dardoq,UZ,01,26055,
Temse,BE,VLG,26054,
El Kseur,DZ,18,26050,
Bishop Auckland,GB,ENG,26050,
San Juan,CR,08,26047,
Herttoniemi,FI,01,26047,
Mashiko,JP,38,26045,
Sungai Udang,MY,04,26044,
Szczytno,PL,85,26044,
Costa Rica,BR,11,26037,
Yabayo,CI,76,26037,
Vernon,FR,28,26037,
Renigunta,IN,02,26031,
Fischeln,DE,07,26030,
Piracaia,BR,27,26029,
Basi,IN,24,26029,
Barra da Estiva,BR,05,26026,
Twentynine Palms,US,CA,26025,
Old Harbour,JM,10,26024,
Garmisch-Partenkirchen,DE,02,26022,
Al Fūlah,SD,50,26020,Al Fulah
El Zulia,CO,21,26019,
Zouma,CN,33,26017,
Khoni,IN,16,26016,
Vileyka,BY,05,26015,
Ocoyoacac,MX,15,26015,
Areraj,IN,34,26014,
Muttanampālaiyam,IN,25,26014,Muttanampalaiyam
Aripuanã,BR,14,26010,Aripuana
Nggosi,SB,06,26009,
Oulad Ayad,MA,05,26008,
Mercedes Norte,CR,04,26007,
Guadalupe,CR,08,26005,
Huntley,US,IL,26005,
Lawas,MY,11,26002,
Al Furjan,AE,03,26000,
Brasiléia,BR,01,26000,Brasileia
Arenillas,EC,08,26000,
Northolt,GB,ENG,26000,
Saaxo,SO,10,26000,
Ishqoshim,TJ,01,26000,
Didim,TR,09,26000,
Pennsport,US,PA,26000,
Poytug‘,UZ,01,26000,
Junnar,IN,16,25997,
Mehsi,IN,34,25995,
Edavai,IN,13,25994,
Zawyat an Nwaçer,MA,06,25991,Zawyat an Nwacer
Mangaldai,IN,03,25989,
Taman OUG,MY,14,25989,
Queimadas,BR,05,25988,
Montreux,CH,VD,25984,
Carmen de Patagones,AR,01,25982,
Melgar,CO,28,25980,
Oisterwijk,NL,06,25980,
Naduvannūr,IN,13,25979,Naduvannur
Harelbeke,BE,VLG,25978,
Kluczbork,PL,79,25978,
Xenia,US,OH,25976,
Garbagnate Milanese,IT,09,25974,
Paço de Arcos,PT,14,25974,Paco de Arcos
Maracanã,BR,16,25971,Maracana
Kamo,JP,29,25971,
Wałcz,PL,87,25971,
Marín,ES,58,25969,Marin
Reisterstown,US,MD,25968,
Leiderdorp,NL,11,25966,
Villa Nueva,AR,05,25961,
Ankazoabo,MG,51,25961,
Hmaw Bi,MM,13,25960,
Kokologo,BF,06,25958,
Novi Ligure,IT,12,25957,
Falconara Marittima,IT,10,25948,
Gressier,HT,11,25947,
Krishnarājpet,IN,19,25946,Krishnarajpet
Tirāwari,IN,10,25944,Tirawari
Kubinka,RU,47,25942,
Si Satchanalai,TH,09,25942,
Santo António,PT,10,25940,Santo Antonio
São Mamede de Infesta,PT,17,25940,Sao Mamede de Infesta
São Joaquim,BR,26,25939,Sao Joaquim
Hayashino,JP,31,25939,
Telabastagan,PH,03,25935,
Murici,BR,02,25933,
Mannachanallur,IN,25,25931,
Periyanayakkanpalaiyam,IN,25,25930,
Kālol,IN,09,25929,Kalol
Kuttikkāttūr,IN,13,25929,Kuttikkattur
Savigny-le-Temple,FR,11,25925,
Longchi,CN,25,25923,
Dano,BF,13,25922,
Jaynagar Majilpur,IN,28,25922,
Sagara,JP,37,25922,
Kailāras,IN,35,25920,Kailaras
Shaykh Miskīn,SY,06,25920,Shaykh Miskin
Wuma,CN,33,25919,
Tamra,IL,03,25917,
Giussano,IT,09,25916,
Alice Springs,AU,03,25912,
Herentals,BE,VLG,25912,
Hammam Bou Hadjar,DZ,36,25912,
Vrbas,RS,VO,25907,
Kaltan,RU,29,25903,
Siyazan,AZ,53,25900,
Milagres,BR,06,25900,
La Virginia,CO,24,25900,
Ozëry,RU,47,25900,Ozery
Nev’yansk,RU,71,25900,
Stara Darnytsya,UA,12,25900,
Podil,UA,12,25900,
Formosa do Rio Preto,BR,05,25899,
Central 14th Street / Spring Road,US,DC,25899,
Chīpurupalle,IN,02,25898,Chipurupalle
Green,US,OH,25898,
Brawley,US,CA,25897,
Scandiano,IT,05,25896,
Delitzsch,DE,13,25895,
Iringal,IN,13,25894,
Sham Tseng,HK,NTW,25893,
Dunga Bunga,PK,04,25893,
Jamjodhpur,IN,09,25892,
Yukon,US,OK,25892,
Treinta y Tres,UY,19,25890,
Nordenham,DE,06,25889,
Lepe,ES,51,25886,
Chumukedima,IN,20,25885,
La Oliva,ES,53,25884,
Thodiyoor,IN,13,25884,
Sofiivska Borschahivka,UA,13,25882,
Ellendale,US,TN,25882,
Ginan,JP,09,25881,
Beltline,CA,01,25880,
Inner Huai Khwang,TH,40,25879,
Dole,FR,27,25878,
Nalhāti,IN,28,25878,Nalhati
Jāmul,IN,37,25878,Jamul
Opportunity,US,WA,25877,
Aserrí,CR,08,25874,Aserri
Rhyl,GB,WLS,25874,
Kāladi,IN,13,25872,Kaladi
Shimo-furano,JP,12,25872,
Luotang,CN,15,25871,
Tōyō,JP,40,25870,Toyo
Villeneuve-sur-Lot,FR,75,25869,
Catandica,MZ,10,25869,
Allerød,DK,17,25867,
Forest Hills,US,MI,25867,
Mégrine,TN,36,25863,Megrine
Muhamma,IN,13,25861,
Qo‘rg‘ontepa,UZ,01,25861,
Cumanacoa,VE,19,25858,
Semboku,JP,02,25857,
Ponmundam,IN,13,25855,
Mulamthuruthy,IN,13,25852,
Gokarna,IN,19,25851,
Ureshinomachi-shimojuku,JP,33,25848,
Hertford,GB,ENG,25847,
Ganguwa,IN,10,25847,
Raisio,FI,02,25846,
Koregaon,IN,16,25846,
Kāndla,IN,09,25845,Kandla
Świecie,PL,73,25843,Swiecie
Lafayette,US,CA,25843,
Óhegy,HU,05,25842,Ohegy
Krasnoarmeysk,RU,67,25841,
Artvin,TR,08,25841,
Maao,PH,06,25837,
Almassora,ES,60,25831,
Ramsey,US,MN,25828,
Fokino,RU,59,25827,
Güroymak,TR,13,25826,Guroymak
Amizour,DZ,18,25825,
Suitland,US,MD,25825,
Neapoli,GR,ESYE12,25822,
Sokoni,TZ,21,25821,
Suşehri,TR,58,25820,Susehri
Huolu,CN,33,25818,
Erannoli,IN,13,25818,
Pleasure Ridge Park,US,KY,25813,
Rosedale,US,NY,25812,
Terlizzi,IT,13,25811,
Acatzingo,MX,21,25811,
Tha Kham,TH,60,25810,
Shahrak-e Ţāleqānī,IR,15,25808,Shahrak-e Taleqani
Altona-Nord,DE,04,25802,
Maksenyit,ET,46,25800,
Kārkala,IN,19,25800,Karkala
Severobaykal’sk,RU,11,25800,
Tatarka,UA,12,25800,
New Lenox,US,IL,25800,
Marco,BR,06,25799,
Madison,US,MS,25799,
Bay Street Corridor,CA,08,25797,
Neenah,US,WI,25792,
Dārwha,IN,16,25791,Darwha
Alvin,US,TX,25791,
Vaudreuil-Dorion,CA,10,25789,
Břeclav,CZ,78,25789,Breclav
Chhota Udepur,IN,09,25787,
Les Ulis,FR,11,25785,
Tōin,JP,23,25784,Toin
Teluk Dalam,ID,26,25780,
Marseille 02,FR,93,25779,
Arapoti,BR,18,25777,
Bečej,RS,VO,25774,Becej
Pāveh,IR,13,25771,Paveh
Gueznaia,MA,01,25771,
Strathfield,AU,02,25769,
Almozara,ES,52,25767,
Sarubetsu,JP,12,25766,
Didouche Mourad,DZ,04,25764,
Omigawa,JP,04,25763,
La Bonanova,ES,56,25761,
Avanigadda,IN,02,25761,
Mornington,AU,07,25759,
Villanueva de la Serena,ES,57,25759,
Key West,US,FL,25755,
Río Guayabal de Yateras,CU,10,25753,Rio Guayabal de Yateras
Mussoorie,IN,39,25753,
Koper,SI,50,25753,
Lopez,PH,40,25752,
Almonte,ES,51,25751,
Tecax,MX,31,25751,
Český Těšín,CZ,85,25750,Cesky Tesin
Kuttippuram,IN,13,25750,
Punaauia,PF,01,25750,
Cangas do Morrazo,ES,58,25748,
Jaleshwar,IN,21,25747,
Retreat,ZA,11,25745,
Kushikino,JP,18,25744,
Felipe Carrillo Puerto,MX,23,25744,
Machachi,EC,18,25742,
Cruzeiro,BR,07,25741,
Linjiang,CN,33,25740,
Lapão,BR,05,25736,Lapao
Idstein,DE,05,25736,
Haysyn,UA,23,25735,
Zirndorf,DE,02,25734,
Néa Filadélfeia,GR,ESYE31,25734,Nea Filadelfeia
Geldermalsen,NL,03,25734,
Randolph,US,NJ,25734,
Tosa,JP,20,25732,
Żagań,PL,76,25731,Zagan
Temple Terrace,US,FL,25731,
Bandar-e Deylam,IR,22,25730,
Jais,IN,36,25726,
Wilmslow,GB,ENG,25725,
Owatonna,US,MN,25725,
Rio Preto da Eva,BR,04,25723,
Staveley,GB,ENG,25719,
Kłodzko,PL,72,25717,
Anaime,CO,28,25715,
Yanzibu,CN,04,25714,
Kallam,IN,16,25713,
Bresso,IT,09,25712,
Alto Alegre do Pindaré,BR,13,25710,Alto Alegre do Pindare
Raojān,BD,84,25708,Raojan
Pawāyan,IN,36,25708,Pawayan
Homewood,US,AL,25708,
Monsefú,PE,14,25707,Monsefu
Sahuarita,US,AZ,25707,
Thetford-Mines,CA,10,25704,
Los Palacios,CU,01,25703,
Aş Şanamayn,SY,06,25702,As Sanamayn
Melouza,DZ,27,25701,
Valente Diaz,MX,30,25700,
Mogtédo,BF,11,25699,Mogtedo
Rummelsburg,DE,16,25697,
Oyonnax,FR,84,25697,
Narutō,JP,04,25696,Naruto
Berruguete,ES,29,25694,
Imsil,KR,03,25693,
Nova Prata,BR,23,25692,
Irugūr,IN,25,25691,Irugur
Diébougou,BF,13,25688,Diebougou
Krasnoarmeysk,RU,47,25688,
Centretown,CA,08,25687,
Nabua,PH,05,25687,
Olpe,DE,07,25686,
Jevargi,IN,19,25686,
Maple Valley,US,WA,25686,
Jumilla,ES,31,25685,
Az Zahrā’,LY,81,25684,Az Zahra’
Huejotzingo,MX,21,25684,
Walnut Grove,CA,02,25683,
Zavodoukovsk,RU,78,25682,
Guaraí,BR,31,25681,Guarai
Coleraine,GB,NIR,25681,
Humberto de Campos,BR,13,25680,
Farnworth,GB,ENG,25680,
Arnstadt,DE,15,25678,
Mechcheri,IN,25,25676,
Migdal Ha‘Emeq,IL,03,25675,
Silao,IN,34,25674,
Tchamba,TG,22,25668,
Mufumbwe,ZM,06,25667,
Tacámbaro de Codallos,MX,16,25665,Tacambaro de Codallos
Khajuraho Group of Monuments,IN,35,25662,
Silapathar,IN,03,25662,
Al-'Alam,IQ,18,25662,
Noborito,JP,19,25662,
Hazelwood,US,MO,25661,
Troy,US,OH,25659,
Dākor,IN,09,25658,Dakor
Tall Rif‘at,SY,09,25658,
Sepuka,TZ,16,25657,
Coquitlam West,CA,02,25656,
Yoshii,JP,10,25655,
Sydney Central Business District,AU,02,25654,
Horb am Neckar,DE,01,25651,
Wadgaon,IN,16,25651,
Ḩaql,SA,20,25649,Haql
Shanghuang,CN,33,25648,
Wągrowiec,PL,86,25648,Wagrowiec
Aschersleben,DE,14,25647,
Kirimbi,RW,14,25647,
Lemoore,US,CA,25647,
Marcavelica,PE,20,25645,
Hjørring,DK,19,25644,
São Sebastião da Boa Vista,BR,16,25643,Sao Sebastiao da Boa Vista
Rustāq,AF,26,25636,Rustaq
Kelīshād va Sūdarjān,IR,28,25635,Kelishad va Sudarjan
Karor,PK,04,25634,
Núi Sập,VN,91,25633,Nui Sap
Deori Khās,IN,35,25632,Deori Khas
Jandiāla,IN,23,25631,Jandiala
Tejupilco de Hidalgo,MX,15,25631,
Baima,CN,33,25629,
Concepcion Ibaba,PH,40,25628,
Balakrishnapuram,IN,25,25627,
Mint Hill,US,NC,25627,
Ridgewood,US,NJ,25621,
Clydebank,GB,SCT,25620,
Bang Pakong,TH,44,25620,
Herdecke,DE,07,25618,
Cangkat Jong,MY,07,25618,
Kot Diji,PK,05,25616,
Ogikubo,JP,40,25609,
Frauenfeld,CH,TG,25607,
Panayāttur Vadakkumbhāgam,IN,13,25607,Panayattur Vadakkumbhagam
White River,ZA,07,25607,
Quinta Do Conde,PT,19,25606,
Qilian,CN,06,25603,
Rinteln,DE,06,25602,
Khān Neshīn,AF,10,25600,Khan Neshin
Metemma,ET,46,25600,
Yehud,IL,02,25600,
Lukaya,UG,C,25600,
Malinau,ID,42,25596,
‘Aţārūt,PS,WE,25595,‘Atarut
Long Island City,US,NY,25595,Long Island
Urucurituba,BR,04,25592,
Oullins,FR,84,25592,
Mount Gambier,AU,05,25591,
Mochibaru,JP,25,25591,
Le Creusot,FR,27,25590,
Bacoli,IT,04,25590,
Riyāḑ al Khabrā’,SA,08,25588,Riyad al Khabra’
Cabot,US,AR,25587,
Amandelbult,ZA,09,25587,
Xituo,CN,33,25585,
Jarocin,PL,86,25582,
Pāsighāt,IN,30,25581,Pasighat
Rhawnhurst,US,PA,25581,
Kheda,IN,09,25575,
Qacha’s Nek,LS,17,25573,
Nagar,IN,24,25572,
Eket,NG,21,25569,
Reedley,US,CA,25569,
Kamba,NG,40,25568,
Ad-Dindar,SD,58,25567,
São João Nepomuceno,BR,15,25565,Sao Joao Nepomuceno
Bafut,CM,07,25563,
el Baix Guinardó,ES,56,25563,el Baix Guinardo
Heemstede,NL,07,25562,
Edgewood,US,MD,25562,
Shek Kip Mei Estate,HK,KSS,25561,
Batabo,SY,09,25560,
Meadow Woods,US,FL,25558,
Beuningen,NL,03,25557,
South Portland,US,ME,25556,
Jijoca de Jericoacoara,BR,06,25555,
Downtown Halifax,CA,07,25555,
Viswanatham,IN,25,25555,
Valle de Bravo,MX,15,25554,
Aracoiaba,BR,06,25553,
Kamalāpuram,IN,19,25552,Kamalapuram
Ilha Solteira,BR,27,25549,
Ekazhevo,RU,19,25549,
Zhongxing New Village,TW,04,25549,
Ipameri,BR,29,25548,
New Milton,GB,ENG,25546,
Nubl,SY,09,25546,
Poranki,IN,02,25545,
Castelfranco Veneto,IT,20,25545,
Übach-Palenberg,DE,07,25544,Ubach-Palenberg
Shāhedshahr,IR,26,25544,Shahedshahr
Oltiariq,UZ,03,25543,
Pangkalan Brandan,ID,26,25542,
Val-d'Or,CA,10,25541,
Parangipettai,IN,25,25541,
Anjozorobe,MG,11,25541,
West Whittier-Los Nietos,US,CA,25540,
Andipalayam,IN,25,25539,
Sakuradai,JP,40,25537,
Miranda,BR,11,25536,
Panorama Hills,CA,01,25535,
Ganghwa-gun,KR,12,25535,
Lebanon,US,PA,25534,
Tougué,GN,L,25531,Tougue
Adampur,IN,10,25531,
Kakkanad,IN,13,25531,
Coulsdon,GB,ENG,25530,
Ilha de Itamaracá,BR,30,25529,Ilha de Itamaraca
Jacutinga,BR,15,25525,
Vilapicina i la Torre Llobeta,ES,56,25522,
Crowthorne,GB,ENG,25522,
Ōwa,JP,10,25522,Owa
Mar de Ajó,AR,01,25520,Mar de Ajo
Arame,BR,13,25517,
San Vicente de Cañete,PE,15,25517,San Vicente de Canete
Meckenheim,DE,07,25515,
Helmstedt,DE,06,25515,
Indāpur,IN,16,25515,Indapur
Subaykhān,SY,07,25514,Subaykhan
Hawarden,GB,WLS,25513,
Ninohe,JP,16,25513,
Kireyevsk,RU,76,25513,
Nakatsukuma,JP,33,25511,
Rottweil,DE,01,25510,
Mixquiahuala de Juarez,MX,13,25510,
Talikkulam,IN,13,25507,
Colonelganj,IN,36,25503,
The Palm Jumeirah,AE,03,25500,
Sendafa,ET,51,25500,
Yoshida-kasugachō,JP,29,25500,Yoshida-kasugacho
SS2,MY,14,25500,
Quart de Poblet,ES,60,25499,
Zanesville,US,OH,25498,
Prince Edward,CA,08,25496,
Mehndāwal,IN,36,25495,Mehndawal
Soko,ID,08,25494,
Koelwār,IN,34,25494,Koelwar
Santa Helena,BR,18,25492,
Xiasi,CN,18,25490,
Colleyville,US,TX,25487,
Nova Xavantina,BR,14,25486,
Bungku,ID,21,25477,
Sobradinho,BR,05,25475,
Astorga,BR,18,25475,
Salaga,GH,17,25472,
Tupaciguara,BR,15,25470,
Hornchurch,GB,ENG,25470,
Navrongo,GH,10,25470,
Quintana,ES,29,25469,
Harūr,IN,25,25469,Harur
Duiven,NL,03,25469,
Canton,US,GA,25469,
Repelón,CO,04,25467,Repelon
Thatcham,GB,ENG,25464,
Dongen,NL,06,25464,
Luénoufla,CI,96,25463,Luenoufla
Mmopone,BW,06,25460,
Ipixuna,BR,04,25458,
Bannūr,IN,19,25455,Bannur
Mūl,IN,16,25449,Mul
Nova Mamoré,BR,24,25444,Nova Mamore
São José do Norte,BR,23,25443,Sao Jose do Norte
Heppenheim an der Bergstrasse,DE,05,25442,
Saddleworth,GB,ENG,25441,
Moskháton,GR,ESYE31,25441,Moskhaton
Ossining,US,NY,25441,
Anagé,BR,05,25438,Anage
Hŭkkyo-ri,KP,07,25437,Hukkyo-ri
Motatán,VE,21,25437,Motatan
Três Passos,BR,23,25436,Tres Passos
Kuttampuzha,IN,13,25436,
Karuva,IN,13,25432,
Salem,US,VA,25432,
Malemba-Nkulu,CD,15,25430,
Aţ Ţafīlah,JO,12,25429,At Tafilah
Ayutuxtepeque,SV,10,25426,
Mwinilunga,ZM,06,25425,
Dorāha,IN,23,25424,Doraha
Koothanallur,IN,25,25423,
Zelino,MK,C3,25422,
Limonar,CU,03,25421,
Pfungstadt,DE,05,25415,
Rickmansworth,GB,ENG,25413,
Khātegaon,IN,35,25413,Khategaon
Neietsu,KR,06,25413,
San Rafael,CR,08,25410,
Burlington,US,IA,25410,
Saratoga Springs,US,UT,25407,
Nīlēshwar,IN,13,25405,Nileshwar
Kamimaruko,JP,26,25403,
Tocopilla,CL,03,25400,
Idaga Hamus,ET,53,25400,
Chinahsen,ET,52,25400,
Worabe,ET,55,25400,
Majuro,MH,190,25400,
Utena,LT,64,25397,
Querecotillo,PE,20,25396,
Elmadağ,TR,68,25394,Elmadag
Pudsey,GB,ENG,25393,
Kamaqhekeza,ZA,07,25390,
Pérama,GR,ESYE31,25389,Perama
Mpongwe,ZM,08,25388,
Lamu,KE,30,25385,
Condado,BR,30,25383,
Showţ,IR,01,25381,Showt
Ixtepec,MX,20,25381,
Ibatiba,BR,08,25380,
Saraj,MK,F6,25379,
Melrose Park,US,IL,25379,
Edaicode,IN,25,25378,
Coração de Jesus,BR,15,25377,Coracao de Jesus
Ouled Mimoun,DZ,15,25377,
Guadalupe,PE,13,25376,
Luzilândia,BR,20,25375,Luzilandia
Hénin-Beaumont,FR,32,25371,Henin-Beaumont
Salamína,GR,ESYE31,25370,Salamina
Diego Martin,TT,DMN,25370,
Starkville,US,MS,25366,
Omutninsk,RU,33,25364,
Rhosllannerchrugog,GB,WLS,25362,
Qiryat Mal’akhi,IL,01,25362,
Kadakkavoor,IN,13,25362,
Dolynska,UA,10,25362,
Haludbani,IN,38,25360,
Shardara,KZ,10,25356,
King Khalid Military City,SA,06,25356,King Khalid Military
Pita,GN,M,25355,
Arcos,ES,29,25354,
Witham,GB,ENG,25353,
Wassenaar,NL,11,25353,
Veghel,NL,06,25352,
Nerekhta,RU,37,25352,
Coloncito,VE,20,25352,
Nelidovo,RU,77,25349,
Pirapozinho,BR,27,25348,
Bad Honnef,DE,07,25348,
Traun,AT,04,25345,
Ibirapitanga,BR,05,25344,
Wierden,NL,15,25342,
Chāndor,IN,16,25341,Chandor
Orvault,FR,52,25338,
Sundarnagar,IN,11,25338,
Waddinxveen,NL,11,25338,
Karungappalli,IN,13,25336,
Amarpur,IN,34,25336,
Lochearn,US,MD,25333,
Gadkhol,IN,09,25332,
Jiwani,PK,02,25332,
Chanhassen,US,MN,25332,
Markkleeberg,DE,13,25331,
Profesor Salvador Mazza,AR,17,25328,
Banganapalle,IN,02,25325,
Yushkovo,RU,47,25324,
Anajatuba,BR,13,25322,
Arizona,HN,01,25320,
Khánh Hòa,VN,91,25320,Khanh Hoa
Pangil,PH,40,25318,
Vynohradiv,UA,25,25317,
Obertshausen,DE,05,25316,
Aïn Arnat,DZ,12,25315,Ain Arnat
Hercules,US,CA,25314,
Guamal,CO,38,25312,
Vohibinany,MG,31,25311,
Emiliano Zapata,MX,15,25309,
Panjim,CN,13,25307,
Anūpshahr,IN,36,25306,Anupshahr
Cabagan,PH,02,25304,
Galt,US,CA,25303,
Jalālābad,IN,36,25302,Jalalabad
Thamaga,BW,06,25300,
Abala,ET,53,25300,
Újszeged,HU,19,25300,Ujszeged
Requena,PE,16,25300,
Quillabamba,PE,08,25300,
Chitaguppa,IN,19,25298,
Nantou,CN,30,25294,
Dimtu,ET,56,25294,
Nanchital de Lázaro Cárdenas del Río,MX,30,25289,Nanchital de Lazaro Cardenas del Rio
Daura,NG,24,25289,
Pszczyna,PL,83,25288,
Griesheim,DE,05,25287,
Zittau,DE,13,25286,
Prior Lake,US,MN,25282,
Northcote,AU,07,25276,
Quijingue,BR,05,25272,
Castlewood,US,CO,25271,
Bābra,IN,09,25270,Babra
Aimorés,BR,15,25269,Aimores
Guaporé,BR,23,25268,Guapore
Phú Quý,VN,68,25267,Phu Quy
Shamsābād,IN,36,25266,Shamsabad
Tanabi,BR,27,25265,
Ibrā’,OM,12,25265,Ibra’
Kithor,IN,36,25262,
Reinbek,DE,10,25261,
Kallūr Vadakummuri,IN,13,25259,Kallur Vadakummuri
La Guaira,VE,26,25259,
Guanajay,CU,AR,25258,
Itogawa,JP,43,25258,
Assemini,IT,14,25257,
Grandview,US,MO,25256,
Clinton,US,MS,25254,
Wolfen,DE,14,25251,
Cândido Sales,BR,05,25247,Candido Sales
Machhlīshahr,IN,36,25247,Machhlishahr
Kinzan,KR,17,25243,
Yarmouth,US,MA,25243,
Surif City,PS,WE,25242,Surif
Choi Wan Estate (I & II),HK,KWT,25241,
South Yarra,AU,07,25237,
Luanda,GW,11,25236,
Goldasht,IR,28,25235,
Petrila,RO,21,25234,
Tebedu,MY,11,25232,
Hervanta,FI,06,25231,
Sainte-Thérèse,CA,10,25224,Sainte-Therese
Sapanca,TR,54,25224,
Donghol-Sigon,GN,L,25222,
Steveston,CA,02,25220,
Ijūin,JP,18,25217,Ijuin
Rumphi,MW,N,25216,
Yuriria,MX,11,25216,
Varel,DE,06,25212,
Sandusky,US,OH,25212,
Zou,CI,78,25210,
Reguiba,DZ,43,25210,
Gros Islet,LC,06,25210,
Balch Springs,US,TX,25210,
Bagha Purana,IN,23,25206,
White Bear Lake,US,MN,25205,
Bhānder,IN,35,25204,Bhander
Vilyuchinsk,RU,92,25204,
Uruçuí,BR,20,25203,Urucui
Maaseik,BE,VLG,25201,
Brodowski,BR,27,25201,
Coudekerque-Branche,FR,32,25201,
Chaska,US,MN,25199,
Taquari,BR,23,25198,
Limoeiro de Anadia,BR,02,25197,
Chai Badan,TH,34,25196,
Azhikkōd,IN,13,25195,Azhikkod
Pico Truncado,AR,20,25194,
Uttiramerūr,IN,25,25194,Uttiramerur
Harvey,US,IL,25194,
Dasūya,IN,23,25192,Dasuya
Gursarāi,IN,36,25191,Gursarai
Lučenec,SK,01,25191,Lucenec
Middle River,US,MD,25191,
Woodstock,US,IL,25189,
Mostovskoy,RU,38,25188,
Murree,PK,04,25186,
Vsetín,CZ,90,25185,Vsetin
Pāonta Sāhib,IN,11,25183,Paonta Sahib
Erlun,TW,04,25183,
Tirorā,IN,16,25181,Tirora
Itaí,BR,27,25180,Itai
Gelibolu,TR,17,25178,
Ardmore,US,OK,25176,
Lockport,US,IL,25175,
Woodburn,US,OR,25173,
Malyn,UA,27,25172,
Nacka,SE,26,25170,
Phumĭ Véal Tônsay,KH,04,25168,Phumi Veal Tonsay
Ciudad Altamirano,MX,12,25168,
Fuhuan,CN,33,25164,
Netphen,DE,07,25163,
Ambohidratrimo,MG,11,25163,
Berchem-Sainte-Agathe,BE,BRU,25162,
Coihueco,CL,18,25159,
Álamo,MX,30,25159,Alamo
Watermael-Boitsfort,BE,BRU,25157,
Prachin Buri Town,TH,74,25157,
Kağızman,TR,84,25157,Kagızman
Butzbach,DE,05,25156,
Wyandotte,US,MI,25156,
Vezirköprü,TR,55,25155,Vezirkopru
Oga,JP,02,25154,
Herblay-sur-Seine,FR,11,25153,
Bardsīr,IR,29,25152,Bardsir
Wendou Borou,GN,B,25150,
Ommoord,NL,11,25150,
Tatarsk,RU,53,25150,
Zhoubai,CN,33,25147,
Teluk Nibung,ID,26,25146,
Rājgurunagar,IN,16,25146,Rajgurunagar
Santa Ana,PE,08,25145,
Luchingu,TZ,11,25145,
Flémalle-Haute,BE,WAL,25144,Flemalle-Haute
Enzan,JP,46,25142,
Bologoye,RU,77,25142,
Chatswood,AU,02,25140,
Victoria,AR,08,25139,
Saryaghash,KZ,10,25139,
Campos Sales,BR,06,25135,
Makó,HU,06,25135,Mako
Ban Xénô,LA,20,25135,Ban Xeno
Mauldin,US,SC,25135,
Pottaneri Nallakavundanpatti,IN,25,25133,
Belvidere,US,IL,25132,
Sidi Mérouane,DZ,48,25129,Sidi Merouane
Kamaruddinnagar,IN,07,25126,
Gauripur,IN,03,25124,
Rānia,IN,10,25123,Rania
Phước An,VN,66,25120,Phuoc An
Awati,CN,13,25119,
Tanjungtiram,ID,26,25118,
Mugalivakkam,IN,25,25117,
Blackheath,GB,ENG,25116,
Thazhecode,IN,13,25116,
Yamazakichō-nakabirose,JP,13,25115,Yamazakicho-nakabirose
Ayala Alabang,PH,NCR,25115,
Saiha,IN,31,25110,
Mosbach,DE,01,25106,
Chinna Salem,IN,25,25106,
Āshkhāneh,IR,43,25104,Ashkhaneh
Cuautlancingo,MX,21,25104,
Fuzuli,AZ,18,25100,
El Fahs,TN,37,25100,
Xuân Mai,VN,01,25100,Xuan Mai
Palos de Moguer,ES,29,25097,
Changxin,CN,21,25095,
Vayalār,IN,13,25094,Vayalar
Ganei Tikva,IL,02,25093,
Valls,ES,56,25092,
Sanchaba,GM,05,25091,
Canhotinho,BR,30,25090,
Raqo,ET,52,25090,
Budaörs,HU,16,25089,Budaors
Akune,JP,18,25089,
Sandomierz,PL,84,25087,
Pinheiral,BR,21,25085,
Roth,DE,02,25083,
Ris-Orangis,FR,11,25082,
Hachimantai,JP,16,25076,
Las Flores,AR,01,25075,
Ahraura,IN,36,25075,
Lushan,CN,18,25074,
Rampachodavaram,IN,02,25074,
Villaricca,IT,04,25074,
Hannoversch Münden,DE,06,25073,Hannoversch Munden
Māngrol,IN,24,25073,Mangrol
Campechuela,CU,09,25069,
Akyazı,TR,54,25068,
Belluno,IT,20,25064,
Ishii,JP,39,25062,
Shrīrangapattana,IN,19,25061,Shrirangapattana
Moscow,US,ID,25060,
Bombinhas,BR,26,25058,
Rioja,PE,22,25057,
Longcheng,CN,15,25055,
Milford,US,MA,25055,
Ambam,CM,14,25052,
West Memphis,US,AR,25052,
Stonegate-Queensway,CA,08,25051,
Kharkhauda,IN,10,25051,
Kantai,IN,34,25051,
Santa Perpètua de Mogoda,ES,56,25048,Santa Perpetua de Mogoda
Santa Cruz de los Taques,VE,11,25047,
Ust’-Katav,RU,13,25046,
Kanigiri,IN,02,25045,
Athens,US,OH,25044,
Chengannūr,IN,13,25043,Chengannur
Vught,NL,06,25043,
Mercer Island,US,WA,25042,
Lady Frere,ZA,05,25041,
Elgin,GB,SCT,25040,
Sohāgpur,IN,35,25040,Sohagpur
Lempäälä,FI,06,25036,Lempaala
Wolfsberg,AT,02,25035,
Hattersheim,DE,05,25035,
Chandauli,IN,36,25035,
Sīwah,EG,22,25031,Siwah
Rumāḩ,SA,10,25031,Rumah
Bridgeton,US,NJ,25031,
Batu Berendam,MY,04,25028,
Boussé,BF,11,25022,Bousse
Kanbalu,MM,10,25022,
Doncaster,AU,07,25020,
São João dos Patos,BR,13,25020,Sao Joao dos Patos
Yahyalı,TR,38,25019,
Christiana,ZA,10,25019,
Nepomuceno,BR,15,25018,
Cocalzinho de Goiás,BR,29,25016,Cocalzinho de Goias
Yŏnmu,KR,17,25015,Yonmu
Sucy-en-Brie,FR,11,25014,
Pak Phanang,TH,64,25014,
Velur,IN,25,25012,
Paramathi Velur,IN,25,25012,
Mogaung,MM,04,25012,
Härnösand,SE,24,25012,Harnosand
Naubatpur,IN,34,25011,
Lainate,IT,09,25011,
Kriens,CH,LU,25010,
Encarnación de Díaz,MX,14,25010,Encarnacion de Diaz
Rāmshīr,IR,15,25009,Ramshir
Isleworth,GB,ENG,25008,
Sāndi,IN,36,25008,Sandi
Maplewood,US,NJ,25008,
Nyūzen,JP,42,25007,Nyuzen
Xianglong,CN,33,25006,
Dorset Park,CA,08,25003,
Soledad,US,CA,25003,
Ellwangen,DE,01,25001,
Hindley,GB,ENG,25001,
Ar Ruways,AE,01,25000,
Dombe Grande,AO,01,25000,
Chitembo,AO,02,25000,
Satuba,BR,02,25000,
Brooklin,CA,08,25000,
Fraser Heights,CA,02,25000,
Fallingbrook,CA,08,25000,
Bojia,CN,11,25000,
Gonsenheim,DE,08,25000,
Funyan Bīra,ET,51,25000,Funyan Bira
Pitsea,GB,ENG,25000,
Seririt,ID,02,25000,
Qiryat HaYovel,IL,06,25000,
Daliyat al Karmel,IL,04,25000,
Padam,IN,41,25000,
Marayur,IN,13,25000,
Kolasib,IN,31,25000,
Shiraguppi,IN,16,25000,
Qeshm,IR,11,25000,
Marina di Carrara,IT,16,25000,
Lucento,IT,12,25000,
Stung Treng,KH,17,25000,
Muang Xay,LA,07,25000,
Vang Vieng,LA,27,25000,
Ampahana,MG,72,25000,
Bandar Puncak Alam,MY,12,25000,
Taman Desa,MY,14,25000,
Nijverdal,NL,15,25000,
Hoensbroek,NL,05,25000,
Mian Sahib,PK,05,25000,
Knjazevac,RS,SE,25000,
Volokolamsk,RU,47,25000,
Shali,RU,12,25000,
Dyat’kovo,RU,10,25000,
Gur’yevsk,RU,29,25000,
Saujana,SG,,25000,
Sirari,TZ,08,25000,
Manyoni,TZ,16,25000,
Liwale,TZ,07,25000,
Igurusi,TZ,09,25000,
Mhalamba,TZ,28,25000,
Mostytskyi Masyv,UA,12,25000,
Farmington,US,CT,25000,
Sho‘rchi,UZ,12,25000,
Quang Minh,VN,01,25000,
Ecopark,VN,33,25000,
Midstream,ZA,06,25000,
Ingelheim am Rhein,DE,08,24998,
Citong,TW,04,24998,
Argüelles,ES,29,24997,Arguelles
Jarābulus,SY,09,24997,Jarabulus
Nossa Senhora das Dores,BR,28,24996,
Brownsburg,US,IN,24996,
Souza Gare,CM,05,24994,
Petit-Bourg,GP,GP,24994,
Saginaw Township North,US,MI,24994,
San Andrés Itzapa,GT,03,24992,San Andres Itzapa
Edwardsville,US,IL,24992,
South Morang,AU,07,24989,
Kinoshita,JP,26,24989,
Novo Aripuanã,BR,04,24987,Novo Aripuana
San Felipe,CR,08,24985,
Ponta de Pedras,BR,16,24984,
Radovis,MK,84,24984,
Ābu,IN,24,24981,Abu
Sadulshahar,IN,24,24980,
Zverevo,RU,61,24978,
Chalk Farm,GB,ENG,24977,
Borāwar,IN,24,24975,Borawar
Riverside,US,OH,24972,
Rákoskeresztúr,HU,16,24971,Rakoskeresztur
Talisay,PH,40,24969,
Baggabag B,PH,02,24967,
Athens,US,AL,24966,
Woodbridge,US,CA,24966,
Marutharōd,IN,13,24963,Marutharod
Kutkai,MM,11,24963,
Gajwel,IN,40,24961,
Darreh Shahr,IR,10,24961,
Burg bei Magdeburg,DE,14,24958,
Upper Coomera,AU,04,24956,
Devarshola,IN,25,24954,
Itsukaichi,JP,40,24954,
Liliha - Kapalama,US,HI,24953,
Sanger,US,CA,24950,
Kunda,IN,36,24948,
Ishige,JP,14,24948,
Zee Kone,MM,17,24948,
Westmont,US,IL,24941,
Grigny,FR,11,24940,
Bedburg,DE,07,24937,
Treviglio,IT,09,24937,
Boeng Kak Pir,KH,22,24937,
La Banda,PE,22,24932,
Wakefield,US,MA,24932,
Sakleshpur,IN,19,24931,
San Fernando,US,CA,24931,
Brackel,DE,07,24930,
Perundurai,IN,25,24930,
Hakha,MM,02,24926,
Zărnești,RO,09,24926,Zarnesti
Rockledge,US,FL,24926,
Hastings,US,NE,24924,
Alba,IT,12,24923,
Santeramo in Colle,IT,13,24922,
Cave Spring,US,VA,24922,
Mundargi,IN,19,24919,
Orhei,MD,82,24918,
North Tustin,US,CA,24917,
Três de Maio,BR,23,24916,Tres de Maio
Māchhīwāra,IN,23,24916,Machhiwara
Shahe,CN,33,24915,
Nainpur,IN,35,24914,
East Amherst,US,NY,24914,
Guandu,CN,33,24913,
Nogi,JP,38,24913,
Gar,CN,14,24910,
Elefsína,GR,ESYE31,24910,Elefsina
En Nâqoûra,LB,06,24910,En Naqoura
Hunucmá,MX,31,24910,Hunucma
Tarāna,IN,35,24908,Tarana
Cruces,CU,08,24906,
Jardín América,AR,14,24905,Jardin America
‘Ara-‘Ar‘ara,IL,04,24904,
Renhe,CN,29,24903,
Sagurē,ET,51,24900,Sagure
Mehal Mēda,ET,46,24900,Mehal Meda
Keirao Bitra,IN,17,24900,
San Francisco Cuaxusco,MX,15,24900,
Yaypan,UZ,03,24900,
Yangiobod,UZ,14,24900,
Brunswick,AU,07,24896,
Daphne,US,AL,24896,
Whitehall Township,US,PA,24896,
Ahmadpur Sial,PK,04,24889,
Uherské Hradiště,CZ,90,24887,Uherske Hradiste
Apiaí,BR,27,24886,Apiai
Newport,GB,ENG,24884,
Piracanjuba,BR,29,24883,
Kānth,IN,36,24883,Kanth
Martinópolis,BR,27,24881,Martinopolis
Puyo,EC,17,24881,
Charkhāri,IN,36,24881,Charkhari
Cobly,BJ,08,24878,
Kushtagi,IN,19,24878,
Skegness,GB,ENG,24876,
Churi,IN,38,24876,
Herne Bay,GB,ENG,24875,
Nasukarasuyama,JP,38,24875,
Szigetszentmiklós,HU,16,24874,Szigetszentmiklos
Costa Rica,MX,25,24874,
Vellalūr,IN,25,24872,Vellalur
Soignies,BE,WAL,24869,
Wertheim,DE,01,24869,
Srīperumbūdūr,IN,25,24864,Sriperumbudur
Paducah,US,KY,24864,
Eißendorf,DE,04,24863,
Blasewitz,DE,13,24863,
Dalandzadgad,MN,14,24863,
Muthutala,IN,13,24861,
Bangbontai,TH,40,24860,
Ganshoren,BE,BRU,24859,
Luoping,CN,33,24859,
Selby,GB,ENG,24859,
Gitesi,RW,14,24859,
Jenjarum,MY,12,24857,
Cliffside Park,US,NJ,24857,
Gagarin Shahri,UZ,15,24856,
João Dourado,BR,05,24854,Joao Dourado
Rudolstadt,DE,15,24852,
Onda,ES,60,24850,
Iturrama,ES,32,24846,
Mahwa,IN,24,24846,
Kandahār,IN,16,24843,Kandahar
Elmwood Park,US,IL,24840,
Fālna,IN,24,24839,Falna
Avilala,IN,02,24839,
Gonaté,CI,96,24838,Gonate
Ghoti Budrukh,IN,16,24838,
Ar Rām wa Ḑāḩiyat al Barīd,PS,WE,24838,Ar Ram wa Dahiyat al Barid
Vineyard,US,CA,24836,
Lodi,US,NJ,24835,
Santa Rita do Passa Quatro,BR,27,24833,
Thetford,GB,ENG,24833,
Ebebiyin,GQ,07,24831,
Guastatoya,GT,05,24831,
Hazleton,US,PA,24825,
Makokou,GA,06,24823,
Kosan,KP,09,24822,
Takum,NG,26,24822,
South Granville,CA,02,24820,
Sarrià,ES,56,24819,Sarria
Shelui,TZ,16,24817,
Chimala,TZ,09,24817,
Perevalsk,UA,14,24817,
Susurluk,TR,10,24816,
Tamboril,BR,06,24815,
Longchi,CN,33,24814,
Hehua,CN,29,24814,
Manikchari,BD,84,24813,
Coronado,US,CA,24812,
Hillside,US,NY,24808,
Eppendorf,DE,04,24806,
Fresnes,FR,11,24803,
Safīpur,IN,36,24801,Safipur
Gimja Bēt Maryam,ET,46,24800,Gimja Bet Maryam
Ginja Bet,ET,46,24800,
Brāhmana Periya Agrahāram,IN,25,24798,Brahmana Periya Agraharam
La Calera,AR,05,24796,
Buzovna,AZ,09,24795,
Icatu,BR,13,24794,
Apolda,DE,15,24793,
Eagle River,US,AK,24793,
Hatonuevo,CO,17,24792,
Gohyakkoku,JP,42,24792,
São Lourenço do Oeste,BR,26,24791,Sao Lourenco do Oeste
Thirunavaya,IN,13,24790,
Anklesvar INA,IN,09,24789,
Vittorio Veneto,IT,20,24789,
South Salt Lake,US,UT,24788,
Calahorra,ES,27,24787,
Kalamnūri,IN,16,24784,Kalamnuri
Solenzo,BF,01,24783,
Paris,US,TX,24782,
Zafar,UZ,14,24781,
Niellé,CI,87,24780,Nielle
Market Harborough,GB,ENG,24779,
Kfar Yona,IL,02,24778,
Mō‘ili‘ili,US,HI,24778,Mo‘ili‘ili
Attendorn,DE,07,24773,
Romainville,FR,11,24772,
Northport,US,AL,24772,
Payshamba Shahri,UZ,10,24772,
Lanaken,BE,VLG,24771,
Kabrāi,IN,36,24771,Kabrai
Rahad al Bardi,SD,49,24768,
Geidorf,AT,06,24767,
Pepa,CD,29,24767,
Anping,CN,33,24767,
Norden,DE,06,24767,
Ilaiyankudi,IN,25,24767,
Kampung Jelutong Tengah,MY,01,24765,
Wetzikon,CH,ZH,24764,
Yengitam,CN,13,24761,
University Park,US,TX,24759,
Uniondale,US,NY,24759,
Ponca City,US,OK,24758,Ponca
Santana,BR,05,24755,
Muskego,US,WI,24755,
Collinsville,US,IL,24754,
Nowa Ruda,PL,72,24753,
Talwāra,IN,23,24752,Talwara
Gouré,NE,07,24752,Goure
Fīrozpur Jhirka,IN,10,24750,Firozpur Jhirka
Orta di Atella,IT,04,24750,
Ubiratã,BR,18,24749,Ubirata
Tres Isletas,AR,03,24747,
Tijāra,IN,24,24747,Tijara
Reading,US,MA,24747,
Chenjiaba,CN,33,24745,
Bang Yi Khan,TH,40,24745,
Bintuni,ID,39,24742,
Bamusso,CM,09,24741,
San Francisco de Yojoa,HN,06,24740,
Taquaritinga do Norte,BR,30,24736,
Pūnāhāna,IN,10,24734,Punahana
Cugir,RO,01,24734,
Jaguara,BR,27,24730,
Short Pump,US,VA,24729,
Belmont,US,MA,24729,
Dedham,US,MA,24729,
Las Heras,AR,20,24728,
Naphegy,HU,16,24728,
Budapest I. kerület,HU,05,24728,Budapest I. kerulet
Alta Vista,CA,08,24726,
Wittenau,DE,16,24726,
Sandviken,SE,03,24724,
De Pere,US,WI,24724,
Zumpango del Río,MX,12,24719,Zumpango del Rio
Brasil Novo,BR,16,24718,
Bacchus Marsh,AU,07,24717,
La Paz,AR,08,24716,
Castro Alves,BR,05,24712,
Chilaw,LK,32,24712,
João Lisboa,BR,13,24709,Joao Lisboa
Tattānkuttai,IN,25,24708,Tattankuttai
Chentuan,CN,25,24706,
Garrafão do Norte,BR,16,24703,Garrafao do Norte
Adiaké,CI,94,24701,Adiake
Kanowit,MY,11,24700,
G’allaorol Shahri,UZ,15,24700,
Minning,CN,21,24696,
Kut Chap,TH,76,24696,
New Yekepa,LR,09,24695,
Koro,ML,04,24694,
Laredo,PE,13,24691,
Koregaon,IN,16,24690,
Igbeti,NG,32,24690,
Saltpond,GH,04,24689,
Phillaur,IN,23,24688,
Kakonko,TZ,05,24688,
Tuwaite,CN,13,24685,
Muktāgācha,BD,H,24684,Muktagacha
Caledonia,US,WI,24684,
Cranbourne North,AU,07,24683,
Mola di Bari,IT,13,24682,
Yanjing,CN,33,24680,
Fontenay-aux-Roses,FR,11,24680,
Pākāla,IN,02,24680,Pakala
Mont-Dore,NC,02,24680,
Cranbourne East,AU,07,24679,
San Luis Jilotepeque,GT,10,24679,
Kajiado,KE,19,24678,
Kirovsk,RU,42,24678,
Waldkraiburg,DE,02,24676,
Décines-Charpieu,FR,84,24674,Decines-Charpieu
Inkster,US,MI,24672,
Monte Caseros,AR,06,24671,
Hinjilicut,IN,21,24671,
Nan,TH,04,24670,
Ellenbrook,AU,08,24668,
Uauá,BR,05,24665,Uaua
Vincentown,US,NJ,24664,
Damua,IN,35,24663,
Aci Catena,IT,15,24663,
Miguel Calmon,BR,05,24661,
Kabarnet,KE,10,24661,
Arauco,CL,06,24659,
Ezhudesam,IN,25,24657,
Siraha,NP,2,24657,
Bixby,US,OK,24657,
Martos,ES,51,24655,
Al Quşayr,EG,02,24653,Al Qusayr
Uvinza,TZ,05,24650,
Emporia,US,KS,24649,
Fort Dodge,US,IA,24649,
Nyalikungu,TZ,31,24648,
Walker,US,MI,24647,
Marcovia,HN,02,24646,
Andol,IN,40,24645,
Newton-le-Willows,GB,ENG,24642,
Vale of Leven,GB,SCT,24640,
Lami,FJ,01,24639,
Oleshky,UA,08,24639,
Shāmgarh,IN,35,24637,Shamgarh
Zaraysk,RU,47,24637,
Boquim,BR,28,24636,
Ratanpur,IN,37,24636,
Phomolong,ZA,03,24635,
Kodarma,IN,38,24633,
Wuling,CN,33,24632,
Zheleznovodsk,RU,70,24632,
Al Qubbah,LY,70,24631,
Saint-Dié-des-Vosges,FR,44,24628,Saint-Die-des-Vosges
Keshorai Pātan,IN,24,24627,Keshorai Patan
Santa Maria do Pará,BR,16,24624,Santa Maria do Para
Ottumwa,US,IA,24624,
Steeles,CA,08,24623,
Trafalgar,ES,29,24621,
Junction City,US,KS,24621,Junction
Seal Beach,US,CA,24619,
Manibaug Pasig,PH,03,24618,
Agrestina,BR,30,24615,
Navalgund,IN,19,24613,
San Borja,BO,03,24610,
Wajima,JP,15,24608,
Iaçu,BR,05,24607,Iacu
San Luis,HN,16,24606,
Bholav,IN,09,24605,
Tarpon Springs,US,FL,24605,
Porta,ES,56,24604,
Bedēsa,ET,56,24600,Bedesa
Franklin,US,IN,24598,
Williamnagar,IN,18,24597,
Biny Selo,AZ,09,24596,
Nieder-Ingelheim,DE,08,24596,
Etajima,JP,11,24596,
Isnos,CO,16,24593,
Tandai,SB,06,24592,
Casigua El Cubo,VE,23,24592,
Bijbehara,IN,12,24590,
Fontaine,FR,84,24588,
Poxoréu,BR,14,24587,Poxoreu
Gorantla,IN,02,24586,
Baarn,NL,09,24584,
Sevlievo,BG,41,24582,
Rio Tinto,BR,17,24581,
Imatra,FI,09,24581,
Shwegyin,MM,16,24579,
Pianjiao,CN,29,24575,
Reserva,BR,18,24573,
Duiwelskloof,ZA,09,24572,
Guama,VE,22,24570,
Herndon,US,VA,24568,
Goulburn,AU,02,24565,
Taluker Char Doani,BD,82,24563,
Líšeň,CZ,78,24563,Lisen
Ōyanomachi-noboritate,JP,21,24563,Oyanomachi-noboritate
Austin,US,MN,24563,
Dātāganj,IN,36,24562,Dataganj
Tamazunchale,MX,24,24562,
Salzkotten,DE,07,24561,
Ranong,TH,59,24561,
Nagcarlan,PH,40,24560,
Teck Whye,SG,,24560,
Devrek,TR,85,24559,
La Isla,MX,30,24558,
Tapejara,BR,23,24557,
Tsim Sha Tsui,HK,KKC,24557,
Çayeli,TR,53,24556,Cayeli
Guidiguis,CM,12,24554,
Tiruppuvanam,IN,25,24554,
Sachse,US,TX,24554,
Pasinler,TR,25,24553,
Pathum Thani,TH,39,24547,
Beohāri,IN,35,24545,Beohari
Qarāwul,AF,24,24544,Qarawul
Guabiruba,BR,26,24543,
Rocinha,BR,21,24543,
Casablanca,CL,01,24537,
Almansa,ES,54,24537,
Pantheeramkavu,IN,13,24537,
Chharra,IN,36,24535,
Sun City West,US,AZ,24535,
Alcobaça,BR,05,24530,Alcobaca
Hakui,JP,15,24529,
Maraú,BR,05,24527,Marau
Ravānsar,IR,13,24527,Ravansar
Longxing,CN,33,24526,
Mortsel,BE,VLG,24525,
Watauga,US,TX,24525,
Jiahanbage,CN,13,24524,
Felixstowe,GB,ENG,24521,
Porto Calvo,BR,02,24520,
Lindau,DE,02,24518,
Kingstown,VC,04,24518,
Hobaramachi,JP,08,24515,
Cordeirópolis,BR,27,24514,Cordeiropolis
Angatuba,BR,27,24512,
Jumet,BE,WAL,24510,
Dois Córregos,BR,27,24510,Dois Corregos
Gürsu,TR,16,24510,Gursu
Gądów-Popowice Południowe,PL,72,24508,Gadow-Popowice Południowe
Mediouna,MA,06,24506,
Zdolbuniv,UA,19,24501,
Espargos,CV,08,24500,
Harbu,ET,46,24500,
Ābderafī,ET,46,24500,Abderafi
Ostrov,RU,60,24500,
Bereket,TM,02,24500,
Kasozi,UG,W,24500,
G‘uzor,UZ,08,24500,
Josefstadt,AT,09,24499,
Kew,AU,07,24499,
Hudkeshwar Buzurg,IN,16,24499,
Burlington,US,MA,24498,
San Benito,US,TX,24496,
Sastamala,FI,06,24495,
Auch,FR,76,24494,
Ocara,BR,06,24493,
Maga,CM,12,24492,
Matéri,BJ,08,24490,Materi
Litoměřice,CZ,89,24489,Litomerice
Kim Liên,VN,40,24489,Kim Lien
Caroline Springs,AU,07,24488,
Coronel Brandsen,AR,01,24487,
Campsie,AU,02,24487,
Pindwāra,IN,24,24487,Pindwara
Lahewa,ID,26,24485,
Nyamira,KE,42,24483,
Korbach,DE,05,24481,
Kulachi,PK,03,24481,
Vị Thanh,VN,92,24477,Vi Thanh
Nueva España,ES,29,24476,Nueva Espana
Freeport,US,IL,24476,
Mimoso do Sul,BR,08,24475,
Wenceslau Guimarães,BR,05,24474,Wenceslau Guimaraes
Bruay-la-Buissière,FR,32,24474,Bruay-la-Buissiere
Lisieux,FR,28,24473,
Slavutych,UA,13,24464,
Barri Gòtic,ES,56,24460,Barri Gotic
Singāpur,IN,40,24457,Singapur
Forest Grove,US,OR,24457,
Victoria,PH,40,24456,
Endeavour Hills,AU,07,24455,
Hucheng,CN,33,24453,
Isa,JP,18,24453,
Igaci,BR,02,24452,
Xiyu,CN,15,24452,
Sahaspur,IN,36,24452,
Codajás,BR,04,24451,Codajas
Inđija,RS,VO,24450,
Walsrode,DE,06,24448,
Arriaga,MX,05,24447,
Zungeru,NG,31,24447,
Sarreguemines,FR,44,24446,
San Felipe,GT,15,24446,
Tbilisskaya,RU,38,24446,
Novo Mesto,SI,J7,24446,
Torres Vedras,PT,14,24443,
Pezinok,SK,02,24443,
Armyansk,UA,11,24442,
Delanggu,ID,07,24440,
Ugrākheri,IN,10,24440,Ugrakheri
Palmetto Bay,US,FL,24439,
Pérez,AR,21,24436,Perez
Friedrichsdorf,DE,05,24435,
Zottegem,BE,VLG,24434,
Abong Mbang,CM,04,24433,
Gaz-e Borkhar,IR,28,24433,
Laitan,CN,33,24431,
Hūn,LY,64,24431,Hun
Belize,AO,03,24430,
Kānt,IN,36,24430,Kant
Lixi,CN,33,24429,
São Sebastião do Caí,BR,23,24428,Sao Sebastiao do Cai
Aldan,RU,63,24426,
Três Coroas,BR,23,24425,Tres Coroas
Viçosa,BR,02,24423,Vicosa
Jalostotitlán,MX,14,24423,Jalostotitlan
Yedashe,MM,16,24420,
Otara,NZ,E7,24420,
Quarteira,PT,09,24420,
Bhokardan,IN,16,24416,
Staunton,US,VA,24416,
Selma,US,CA,24414,
Tiébissou,CI,81,24412,Tiebissou
South Windsor,US,CT,24412,
Maheshwar,IN,35,24411,
Pedra Azul,BR,15,24410,
North Potomac,US,MD,24410,
Novopavlovsk,RU,70,24408,
Wollert,AU,07,24407,
Jiagao,CN,33,24407,
La Castellana,PH,06,24407,
Oliveira do Douro,PT,17,24407,
Minas Novas,BR,15,24405,
Thiruthuraipoondi,IN,25,24404,
Smaliavičy,BY,05,24402,Smaliavicy
Kertih,MY,13,24401,
Bridlewood,CA,08,24400,
Waterdown,CA,08,24400,
Abim,UG,N,24400,
Yanfolila,ML,06,24399,
San Antonio Tecómitl,MX,09,24397,San Antonio Tecomitl
Homer Glen,US,IL,24395,
Itambé,BR,05,24394,Itambe
Taiping,CN,33,24393,
Bjelovar,HR,01,24392,
Saint-Bruno-de-Montarville,CA,10,24388,
Torcy,FR,11,24386,
Gradignan,FR,75,24385,
Tombel,CM,09,24384,
Bujaru,BR,16,24383,
Junqueiro,BR,02,24381,
Tbeng Meanchey,KH,13,24380,
Carahue,CL,04,24377,
Coral Terrace,US,FL,24376,
Kamojimachō-jōgejima,JP,39,24374,Kamojimacho-jogejima
Adra,ES,51,24373,
Thị Trấn Na Dương,VN,20,24369,Thi Tran Na Duong
Białogard,PL,87,24368,
Przymorze Wielkie,PL,82,24368,
Norfolk,US,NE,24366,
Saddle Ridge,CA,01,24365,
Al Qaşşāşīn,EG,14,24364,Al Qassasin
Noordwijk-Binnen,NL,11,24363,
Valente,BR,05,24362,
Greenacre,AU,02,24361,
Triolet,MU,16,24361,
Diemen,NL,07,24361,
St Austell,GB,ENG,24360,
Bélabo,CM,04,24359,Belabo
Skopin,RU,62,24357,
Havlíčkův Brod,CZ,80,24356,Havlickuv Brod
Birkirkara,MT,04,24356,
Barrancas,VE,05,24354,
Midland,CA,08,24353,
Lanester,FR,53,24352,
Ridgeland,US,MS,24351,
Taquarituba,BR,27,24350,
Asagayakita,JP,40,24345,
Pio,PH,03,24345,
Sants - Badal,ES,56,24344,
Zuru,NG,40,24338,
Meenambakkam,IN,25,24334,
Hualqui,CL,06,24333,
Scaggsville,US,MD,24333,
Sotouboua,TG,22,24332,
Matriz de Camaragibe,BR,02,24330,
Osiedle Powstańców Śląskich,PL,72,24329,Osiedle Powstancow Slaskich
Tayga,RU,29,24328,
Velenje,SI,D7,24327,
Guaiúba,BR,06,24325,Guaiuba
Bad Oldesloe,DE,10,24322,
Pedro do Rosário,BR,13,24320,Pedro do Rosario
Candelaria,ES,53,24319,
Nishinippori,JP,40,24319,
Warburg,DE,07,24317,
Brétigny-sur-Orge,FR,11,24317,Bretigny-sur-Orge
Shuangshi,CN,33,24315,
Muret,FR,76,24313,
Bouna,CI,92,24312,
Massinga,MZ,03,24312,
Cudahy,US,CA,24311,
Aranđelovac,RS,SE,24309,
Santa Luzia do Paruá,BR,13,24307,Santa Luzia do Parua
Ōguchi,JP,01,24305,Oguchi
Cantanhede,BR,13,24303,
Cupira,BR,30,24301,
Siribala Coro,ML,05,24301,
Tarch’a Sodo,ET,SW,24300,
Bois-Colombes,FR,11,24300,
Semënov,RU,51,24300,Semenov
Nikol’sk,RU,57,24300,
Washington,US,UT,24299,Washington D.C.|Washington DC
New Smyrna Beach,US,FL,24298,
Ébano,MX,24,24296,Ebano
Ajim,TN,28,24294,
La Unión,AR,01,24293,La Union
Sainte-Suzanne,RE,RE,24293,
Chiknāyakanhalli,IN,19,24292,Chiknayakanhalli
Pão de Açúcar,BR,02,24291,Pao de Acucar
South Plainfield,US,NJ,24290,
Saint-Laurent-du-Maroni,GF,GF,24287,
Pasadena,US,MD,24287,
Gampola,LK,29,24283,
Coquitlam Town Centre,CA,02,24282,
Mahārājgani,IN,34,24282,Maharajgani
Al Jahrā’,KW,05,24281,Al Jahra’
Columbine,US,CO,24280,
Wangwu,CN,31,24274,
Syke,DE,06,24274,
Hitokawame,JP,03,24273,
Greenbelt,US,MD,24272,
Renfrew,GB,SCT,24270,
Aleksotas,LT,57,24270,
Ayanavelikulangara Vadakku,IN,13,24268,
Senador Pompeu,BR,06,24266,
Calafell,ES,56,24265,
General Emilio Aguinaldo,PH,40,24264,
Nova Soure,BR,05,24263,
Blagnac,FR,76,24263,
Santa Terezinha de Itaipu,BR,18,24262,
Erandio,ES,59,24262,
Sabana de Parra,VE,22,24262,
Kaithoon,IN,24,24260,
Loreto,MX,32,24260,
Tai’an,CN,33,24258,
Hérouville-Saint-Clair,FR,28,24258,Herouville-Saint-Clair
Glan,PH,12,24256,
South Riding,US,VA,24256,
São Geraldo do Araguaia,BR,16,24255,Sao Geraldo do Araguaia
Ar Riyāḑ,EG,21,24254,Ar Riyad
Haitang,CN,33,24252,
Denkanikota,IN,25,24252,
Citrus Park,US,FL,24252,
Moulay Ali Cherif,MA,08,24251,
Chekkiād,IN,13,24246,Chekkiad
Boca Del Mar,US,FL,24244,
Valparaíso,BR,27,24241,Valparaiso
Kabala,ML,07,24241,
El Salto,MX,10,24241,
Libourne,FR,75,24240,
Mayāng Imphāl,IN,17,24239,Mayang Imphal
Pishin,PK,02,24239,
Carutapera,BR,13,24238,
Haliyal,IN,19,24238,
Ob’,RU,53,24238,
Herzogenaurach,DE,02,24237,
Shandan,CN,15,24235,
Vilankurichi,IN,25,24235,
Madaya,MM,08,24234,
Jiquilpan de Juárez,MX,16,24233,Jiquilpan de Juarez
Le Bouscat,FR,75,24232,
Rajākheri,IN,35,24232,Rajakheri
Newport,US,RI,24232,
Assendelft,NL,07,24230,
Finnkolo,ML,06,24229,
Mahmutlar,TR,07,24227,
Marcos Juárez,AR,05,24226,Marcos Juarez
Sitārganj,IN,39,24225,Sitarganj
Bang O,TH,38,24225,
Alboraya,ES,60,24222,
Spinaceto,IT,07,24219,
Gotvand,IR,15,24216,
Carthage,TN,36,24216,
Královo Pole,CZ,78,24212,Kralovo Pole
Nueva Loja,EC,22,24211,
Wofo,CN,33,24209,
Gáldar,ES,53,24209,Galdar
Nāndgaon,IN,16,24209,Nandgaon
Debaltseve,UA,05,24209,
Norton Shores,US,MI,24208,
Harsewinkel,DE,07,24207,
Canarana,BR,05,24206,
Calliaqua,VC,04,24205,
Ronse,BE,VLG,24204,
Soure,BR,16,24204,
Siuliban,IN,38,24202,
Barstow Heights,US,CA,24202,
Songgang,CN,30,24201,
Wallenhorst,DE,06,24201,
Sakai,JP,14,24201,
Rockville Centre,US,NY,24201,
Boulsa,BF,05,24200,
Estrela,BR,23,24200,
Hīrna,ET,51,24200,Hirna
Kuala Penyu,MY,16,24200,
Buwenge,UG,E,24200,
Colonia Caroya,AR,05,24197,
Searcy,US,AR,24196,
North Platte,US,NE,24194,
Noord,AW,00,24193,
Ortigueira,BR,18,24192,
Quatro Barras,BR,18,24191,
Arapiles,ES,29,24190,
Rolling Meadows,US,IL,24190,
Licenciado Benito Juárez,MX,25,24185,Licenciado Benito Juarez
Canelones,UY,02,24185,
Gioia del Colle,IT,13,24184,
Reitz,ZA,03,24181,
Dharampur,IN,09,24178,
Sikandarpur,IN,36,24177,
Forquilha,BR,06,24173,
Miramas,FR,93,24173,
Carteret,US,NJ,24170,
Dianella,AU,08,24169,
Ligang,CN,21,24165,
Ludwigsfelde,DE,11,24164,
Prigen,ID,08,24164,
Beaune,FR,27,24162,
Margaret Drive,SG,,24160,
Ostuni,IT,13,24157,
Immokalee,US,FL,24154,
An Nimas,SA,11,24153,
Samphanthawong,TH,40,24150,
Woodlawn,US,IL,24150,
Nivelles,BE,WAL,24149,
Ditzingen,DE,01,24149,
Tak,TH,08,24149,
Nesher,IL,04,24148,
Greiz,DE,15,24147,
Muhammadābād,IN,36,24146,Muhammadabad
Poukham Un,SN,09,24146,
Heiloo,NL,07,24144,
Srīsailain,IN,02,24142,Srisailain
Medford,US,NY,24142,
Amélia Rodrigues,BR,05,24138,Amelia Rodrigues
Giarre,IT,15,24138,
Itaporã,BR,11,24137,Itapora
Haaksbergen,NL,15,24137,
Poppenbüttel,DE,04,24135,Poppenbuttel
Barki Saria,IN,38,24134,
Lawndale,US,PA,24134,
Adjarra,BJ,16,24132,
Carlingford,AU,02,24131,
Roxburgh Park,AU,07,24129,
Salvaterra,BR,16,24129,
Korostyshiv,UA,27,24129,
Loha,IN,16,24125,
Yoyogi,JP,40,24125,
Traipu,BR,02,24124,
Riverbank,US,CA,24122,
Cullera,ES,60,24121,
Mhaswad,IN,16,24120,
Ventimiglia,IT,08,24120,
San Juan Ixtayopan,MX,09,24120,
Ometepec,MX,12,24120,
Batangafo,CF,20,24119,
Samborondón,EC,10,24118,Samborondon
Zion,US,IL,24117,
Alot,IN,35,24115,
Krolevets,UA,21,24115,
Anastácio,BR,11,24114,Anastacio
Chambas,CU,07,24114,
Schleswig,DE,10,24114,
Ibi,ES,60,24113,
Suryaraopeta,IN,02,24112,
Okoa,CM,11,24110,
Takelsa,TN,19,24109,
Aluva,IN,13,24108,
Paraopeba,BR,15,24107,
Yanacancha,PE,19,24105,
Plymstock,GB,ENG,24103,
Espera Feliz,BR,15,24102,
Lentini,IT,15,24102,
Nola,IT,04,24101,
Kungälv,SE,28,24101,Kungalv
Radevormwald,DE,07,24100,
Mambuk,ET,47,24100,
Medjez el Bab,TN,17,24100,
Grootfontein,NA,39,24099,
Falkenberg,SE,06,24099,
As Sulayyil,SA,10,24097,
Eaubonne,FR,11,24096,
Brunoy,FR,11,24096,
Ryde,GB,ENG,24096,
Kościan,PL,86,24096,Koscian
Trotwood,US,OH,24096,
Pereira Barreto,BR,27,24095,
Lüdinghausen,DE,07,24094,Ludinghausen
Areia Branca,BR,22,24093,
Hastināpur,IN,36,24093,Hastinapur
North Haven,US,CT,24093,
Monte Sião,BR,15,24089,Monte Siao
Lagoa Grande,BR,30,24088,
Topoľčany,SK,04,24086,Topolcany
Blangpidie,ID,01,24085,
Moribabougou,ML,07,24085,
Summerlin South,US,NV,24085,
Bandar-e Deyr,IR,22,24083,
Gusinoozyorsk,RU,11,24083,
Pundong,ID,10,24081,
Chettipālaiyam,IN,25,24080,Chettipalaiyam
Mossuril,MZ,06,24079,
Morrumbala,MZ,09,24076,
Perico,CU,03,24073,
Ormskirk,GB,ENG,24073,
Bra,IT,12,24072,
Goiás,BR,29,24071,Goias
Mórfou,CY,04,24070,Morfou
Matai,TZ,24,24070,
Zaragoza,CO,02,24067,
Molins de Rei,ES,56,24067,
Nechí,CO,02,24066,Nechi
Sōmēshvara,IN,19,24066,Someshvara
Carolina,BR,13,24062,
Mahwah,US,NJ,24062,
Nanling,CN,29,24059,
Kalachinsk,RU,54,24059,
la Maternitat i Sant Ramon,ES,56,24058,
Nuevo Belén,PA,08,24056,Nuevo Belen
Andenne,BE,WAL,24055,
Chak One Hundred Twenty Nine Left,PK,04,24053,
Mevasseret Tsiyyon,IL,06,24052,
Boo,SE,26,24052,
Pacode,IN,25,24050,
Alto Alegre do Maranhão,BR,13,24048,Alto Alegre do Maranhao
Xingdaohu,CN,16,24048,
Abay,KZ,10,24047,
Pando,UY,02,24047,
Jakobsberg,SE,26,24046,
Loma Linda,US,CA,24045,
Ytrebygda,NO,46,24044,
Oji,JP,28,24043,
Peekskill,US,NY,24043,
Jacareacanga,BR,16,24042,
Keystone,US,FL,24039,
Tegina,NG,31,24037,
Jalapa,NI,13,24037,
Castellar del Vallès,ES,56,24036,Castellar del Valles
Tucaní,VE,14,24034,Tucani
Baldwin,US,NY,24033,
Buritis,BR,15,24030,
Kourou,GF,GF,24029,
Yanggu,KR,06,24027,
Independência,BR,06,24024,Independencia
Icod de los Vinos,ES,53,24024,
Ukima,JP,40,24024,
Pāppākurichchi,IN,25,24023,Pappakurichchi
Abou el Hassan,DZ,41,24022,
Zaragoza,GT,03,24022,
Morinda,IN,23,24022,
Veranópolis,BR,23,24021,Veranopolis
Golborne,GB,ENG,24021,
Grimstad,NO,42,24017,
Nakashibetsu,JP,12,24014,
Kristiansund,NO,08,24013,
Tosya,TR,37,24013,
Fairfax,US,VA,24013,
Ongwediva,NA,37,24012,
Maywood,US,IL,24012,
Qifţ,EG,23,24010,Qift
Gōtsuchō,JP,36,24009,Gotsucho
Ban Khlong Bang Bon,TH,40,24008,
Jequitinhonha,BR,15,24007,
Sebastian,US,FL,24007,
Morphett Vale,AU,05,24002,
Verl,DE,07,24002,
La Gomera,GT,06,24001,
Dubai Internet City,AE,03,24000,Dubai Internet
Chinatown,CA,02,24000,
Gantang,CN,11,24000,
Waal,ET,52,24000,
Gedeb,ET,52,24000,
Zhuojiacun,MO,11875159,24000,
Badou,TG,25,24000,
Itigi,TZ,16,24000,
Ruaha,TZ,10,24000,
Butaleja,UG,E,24000,
Anaka,UG,N,24000,
Jalolquduq,UZ,01,24000,
Chinobod,UZ,01,24000,
Caazapá,PY,05,23996,Caazapa
Kogota-ekimae,JP,24,23994,
Cheltenham,AU,07,23992,
Pawgan,MM,17,23992,
East Gwillimbury,CA,08,23991,
Diu,IN,52,23991,
Cumaribo,CO,31,23990,
Candelaria,CO,29,23989,
Alotenango,GT,16,23986,
Setakamachi-takayanagi,JP,07,23985,
Nabīnagar,IN,34,23984,Nabinagar
Patarrá,CR,08,23983,Patarra
San Miguel el Alto,MX,14,23982,
Gornji Milanovac,RS,SE,23982,
Cachoeira do Arari,BR,16,23981,
Jardim,BR,11,23981,
Moineşti,RO,04,23981,Moinesti
Olching,DE,02,23978,
Hisor,TJ,RR,23978,
Mỹ Lại,VN,51,23978,My Lai
Mỹ Khê,VN,51,23978,My Khe
Mile End,CA,10,23977,
Dīnānagar,IN,23,23976,Dinanagar
Ōtsuki,JP,46,23976,Otsuki
Laranjeiras,BR,28,23975,
Capivari de Baixo,BR,26,23975,
Ekondo Titi,CM,09,23975,
Gosforth,GB,ENG,23975,
Holt,US,MI,23973,
Muscatine,US,IA,23968,
Ishiki,JP,01,23966,
Kyonpyaw,MM,03,23966,
Ibiapina,BR,06,23965,
Yūsuf aṣ-Ṣiddīq,EG,04,23965,Yusuf as-Siddiq
Elk River,US,MN,23963,
Rock Springs,US,WY,23962,
Embarcación,AR,17,23961,Embarcacion
Morombe,MG,51,23961,
Golden Gate,US,FL,23961,
São Gonçalo do Sapucaí,BR,15,23959,Sao Goncalo do Sapucai
Bom Jesus de Goiás,BR,29,23958,Bom Jesus de Goias
Arhribs,DZ,14,23958,
Nasu,JP,38,23956,
Svay Rieng,KH,18,23956,
Ntcheu,MW,C,23956,
Wil,CH,SG,23955,
Outremont,CA,10,23954,
Chios,GR,ESYE41,23953,
Elubo,GH,09,23952,
Davlekanovo,RU,08,23952,
Corsicana,US,TX,23952,
Khashuri,GE,73,23949,
Scottburgh,ZA,02,23949,
Ābdānān,IR,10,23946,Abdanan
Sabanagrande,HN,08,23943,
Yên Phụ,VN,01,23942,Yen Phu
Itaporanga,BR,17,23940,
Changdao,CN,15,23940,
Starnberg,DE,02,23940,
Miahuatlán de Porfirio Díaz,MX,20,23940,Miahuatlan de Porfirio Diaz
Ruvo di Puglia,IT,13,23938,
Huntingdon,GB,ENG,23937,
Villeparisis,FR,11,23931,
São João da Ponte,BR,15,23930,Sao Joao da Ponte
Belo Oriente,BR,15,23928,
Haenam,KR,16,23928,
Hialeah Gardens,US,FL,23926,
High Park-Swansea,CA,08,23925,
Waverly,US,MI,23925,
Jucás,BR,06,23922,Jucas
Xingfeng,CN,15,23922,
Umbaúba,BR,28,23917,Umbauba
Yufengshan,CN,33,23917,
Fânzeres,PT,17,23916,Fanzeres
Irauçuba,BR,06,23915,Iraucuba
Pinheiros,BR,08,23915,
Hunt Valley,US,MD,23915,
Itsoseng,ZA,10,23913,
Sudbury,GB,ENG,23912,
Māyābandar,IN,01,23912,Mayabandar
São João do Paraíso,BR,15,23910,Sao Joao do Paraiso
Buritizeiro,BR,15,23910,
Kaikalapettai,IN,25,23910,
Sonneberg,DE,15,23908,
Fuquay-Varina,US,NC,23907,
Boriziny,MG,42,23906,
Porto Franco,BR,13,23903,
Tacaratu,BR,30,23902,
Pompei,IT,04,23902,
Shendi,ET,28,23900,
Bāzpur,IN,39,23900,Bazpur
Belo sur Tsiribihina,MG,54,23900,
Kamwenge,UG,W,23900,
Fountain Hills,US,AZ,23899,
Brotas,BR,27,23898,
Guanba,CN,33,23898,
Kalianget,ID,08,23897,
Miano,IT,04,23896,
Unionport,US,NY,23895,
Champlin,US,MN,23894,
South Portland Gardens,US,ME,23893,
Mamburao,PH,41,23892,
Lebedyn,UA,21,23892,
Isebania,KE,36,23891,
Kazan,TR,68,23889,
Brockville,CA,08,23886,
Centerville,US,OH,23882,
Casa Santa,IT,15,23880,
Macaparana,BR,30,23879,
Iraquara,BR,05,23879,
Borne,NL,15,23877,
Santa Eugenia,ES,29,23876,
Strathroy,CA,08,23871,
Kelkit,TR,69,23870,
Agats,ID,PS,23869,
Gan Yavne,IL,02,23869,
Linfeng,CN,33,23868,
Freudenstadt,DE,01,23868,
Karumāndi Chellipālaiyam,IN,25,23868,Karumandi Chellipalaiyam
Yauri,PE,08,23867,
Jawor,PL,72,23865,
Miranda do Norte,BR,13,23864,
Dalsingh Sarai,IN,34,23862,
Makronia,IN,35,23861,
Mosopa,BW,10,23858,
Zhanhe,CN,29,23854,
Oulunkylä,FI,01,23854,Oulunkyla
Sliedrecht,NL,11,23854,
Luhe,CN,15,23852,
Batang,CN,33,23851,
Sāvantvādi,IN,16,23851,Savantvadi
Longowal,IN,23,23851,
Bloomington,US,CA,23851,
Pazarcık,TR,46,23850,
Oadby,GB,ENG,23849,
Kyangwali Refugee Camp,UG,W,23847,
Yurécuaro,MX,16,23843,Yurecuaro
Vīrakeralam,IN,25,23841,Virakeralam
Bainbridge Island,US,WA,23840,
San Giovanni a Teduccio,IT,04,23839,
São João,BR,30,23837,Sao Joao
Kitahama,JP,35,23836,
Nizhniy Lomov,RU,57,23835,
Oupoyo,CI,76,23834,
Droitwich,GB,ENG,23834,
Lesnoy,RU,71,23834,
Se,BR,27,23832,
Cruzeiro do Oeste,BR,18,23831,
Newtonbrook West,CA,08,23831,
Cajuru,BR,27,23830,
Senja,SG,,23830,
Montfermeil,FR,11,23829,
Rossano Stazione,IT,03,23824,
Ciudad Serdán,MX,21,23824,Ciudad Serdan
Dok Kham Tai,TH,41,23824,
Kafr Qāsim,IL,02,23823,Kafr Qasim
Rădăuți,RO,34,23822,Radauti
Morrisville,US,NC,23820,
Marshall,US,TX,23820,
Encruzilhada do Sul,BR,23,23819,
Squamish,CA,02,23819,
Döbeln,DE,13,23819,Dobeln
Reoti,IN,36,23819,
Pādiyanallūr,IN,25,23819,Padiyanallur
Nāsriganj,IN,34,23819,Nasriganj
Watertown,US,WI,23819,
New Malden,GB,ENG,23818,
Veinticinco de Mayo,AR,01,23814,
Le Robert,MQ,MQ,23814,
Carandaí,BR,15,23812,Carandai
Emet,TR,43,23812,
Kernersville,US,NC,23811,
Fatehganj West,IN,36,23810,
Weingarten,DE,01,23802,
New Lynn,NZ,E7,23800,
Şarkışla,TR,58,23800,Sarkısla
Teremky-II,UA,12,23800,
Yoqne‘am ‘Illit,IL,03,23796,
Glenroy,AU,07,23792,
Nansang,MM,11,23792,
Sadalgi,IN,19,23790,
Fetești-Gară,RO,22,23789,Fetesti-Gara
Nasrullāhganj,IN,35,23788,Nasrullahganj
Sarjamda,IN,38,23788,
Makongolosi,TZ,09,23787,
Ituango,CO,02,23784,
Lubliniec,PL,83,23784,
Al Ḩirāk,SY,06,23784,Al Hirak
Djidja,BJ,18,23781,
Hajdúszoboszló,HU,10,23781,Hajduszoboszlo
Altea,ES,60,23780,
Aurora do Pará,BR,16,23774,Aurora do Para
Monteros,AR,24,23771,
Providenciales,TC,,23769,
Dickinson,US,ND,23765,
Sbeitla,TN,02,23764,
Klouékanmè,BJ,12,23763,Klouekanme
Manari,BR,30,23763,
Narakal,IN,13,23760,
Sora,IT,07,23758,
Agincourt South-Malvern West,CA,08,23757,
Motozintla,MX,05,23755,
Old Bridge,US,NJ,23753,
Qualiano,IT,04,23752,
Ngemplak,ID,07,23750,
Ashfield,AU,02,23749,
Old Shinyanga,TZ,15,23747,
Troitskaya,RU,19,23745,
Raychikhinsk,RU,05,23745,
Xilembene,MZ,02,23742,
Palayan City,PH,03,23742,Palayan
Gherla,RO,13,23741,
Calw,DE,01,23740,
Lalgudi,IN,25,23740,
Ferizli,TR,54,23740,
San Pedro del Pinatar,ES,31,23738,
Río Cauto,CU,09,23737,Rio Cauto
San Pedro,AR,14,23736,
Al-Barka,PH,14,23736,
Bezenchuk,RU,65,23736,
Ulundurpet,IN,25,23734,
Gonubie,ZA,05,23733,
Comăneşti,RO,04,23729,Comanesti
Lālganj,IN,36,23728,Lalganj
Pout,SN,07,23728,
Malakpur Kohi Rangpur,IN,07,23726,
Teocaltiche,MX,14,23726,
Sèvres,FR,11,23724,Sevres
Latri Kunda,GM,01,23724,
Nivāri,IN,35,23724,Nivari
Wipperfürth,DE,07,23723,Wipperfurth
M’Batto,CI,94,23722,
Fougères,FR,53,23719,Fougeres
Mkoani,TZ,20,23719,
Nørresundby,DK,19,23718,
Guidan Roumdji,NE,04,23718,
Mgandu,TZ,16,23718,
Vypīn,IN,13,23717,Vypin
Gaigeturi,KR,01,23717,
Fort Washington,US,MD,23717,
Khromtau,KZ,04,23715,
Aurora,BR,06,23714,
Tía Juana,VE,23,23714,Tia Juana
Purépero de Echáiz,MX,16,23713,Purepero de Echaiz
Lumezzane,IT,09,23712,
Lanyang,CN,31,23711,
Spinea-Orgnano,IT,20,23710,
Ammanford,GB,WLS,23709,
Muluppilagadu,IN,13,23709,
Ouerdanine,TN,16,23707,
San Fernando,PH,07,23706,
Yate,GB,ENG,23703,
Alwaye,IN,13,23703,
Tisaiyanvilai,IN,25,23702,
Dinuba,US,CA,23702,
‘Alem T’ēna,ET,51,23700,‘Alem T’ena
Estoril,PT,14,23700,
Kurenivka,UA,12,23700,
Dokolo,UG,N,23700,
Van Nest,US,NY,23700,
Chinoz,UZ,14,23700,
Carnaxide,PT,14,23698,
Marcinelle,BE,WAL,23696,
Boshkengash,TJ,04,23696,
Lensk,RU,63,23694,
Tānsen,NP,5,23693,Tansen
Araya,VE,19,23693,
Barstow,US,CA,23692,
Droylsden,GB,ENG,23689,
Macas,EC,15,23687,
Sovetskiy,RU,32,23685,
Comonfort,MX,11,23683,
Buôn Trấp,VN,66,23683,Buon Trap
Srīkandamangalam,IN,13,23681,Srikandamangalam
Yershov,RU,67,23681,
Fairland,US,MD,23681,
Jiuhe,CN,29,23680,
Bishopbriggs,GB,SCT,23680,
Limbach-Oberfrohna,DE,13,23673,
White Rock,CA,02,23670,
Olenegorsk,RU,49,23670,
Dalyoni Bolo,TJ,03,23670,
Nanfeng,CN,31,23669,
Kutiatodu,IN,13,23669,
Thornlie,AU,08,23665,
Sarıkamış,TR,84,23665,Sarıkamıs
Orleans,BR,26,23661,
Pipri,IN,16,23661,
Putignano,IT,13,23661,
Fujia,CN,15,23660,
Natham,IN,25,23660,
Bonito,BR,11,23659,
Santa Quitéria do Maranhão,BR,13,23657,Santa Quiteria do Maranhao
Brookings,US,SD,23657,
Unnamalaikadai,IN,25,23656,
Conde,BR,05,23654,
Penugonda,IN,02,23654,
Poggioreale,IT,04,23654,
Blue Island,US,IL,23652,
Piraí do Sul,BR,18,23651,Pirai do Sul
Ōji,JP,40,23651,Oji
Faribault,US,MN,23650,
Castaños,MX,07,23649,Castanos
Chestnut Hill,US,MA,23649,
Balod,IN,37,23648,
Porto de Mós,PT,09,23648,Porto de Mos
Skawina,PL,77,23647,
Itaocara,BR,21,23643,
Baileys Crossroads,US,VA,23643,
Groß-Gerau,DE,05,23641,
Arbroath,GB,SCT,23640,
Mariāni,IN,03,23640,Mariani
Oberschöneweide,DE,16,23638,Oberschoneweide
Banko,GN,F,23638,
Semi,BJ,16,23636,
Saint-Pol-sur-Mer,FR,32,23635,
Qadian,IN,23,23632,
Chrudim,CZ,86,23630,
Painkulam,IN,25,23630,
Nova Zagora,BG,56,23625,
Caicara,VE,16,23625,
Ying’awati,CN,13,23624,
Bogotol,RU,91,23622,
Neuehrenfeld,DE,07,23621,
Musselburgh,GB,SCT,23620,
Allende,MX,30,23620,
Dudinka,RU,91,23619,
Tadotsu,JP,17,23618,
Ōkawara,JP,24,23618,Okawara
Pruszcz Gdański,PL,82,23618,Pruszcz Gdanski
Songwa,TZ,15,23618,
Eagle,US,ID,23612,
Santa Gertrudes,BR,27,23611,
Maintirano,MG,44,23609,
Gaoqiao,CN,33,23608,
Boronia,AU,07,23607,
Aguada de Pasajeros,CU,08,23606,
Szentendre,HU,16,23606,
Sidi Ifni,MA,09,23606,
Ikedachō,JP,39,23605,Ikedacho
Norland,US,FL,23604,
Bathgate,GB,SCT,23600,
Ivrea,IT,12,23599,
Nara,ML,07,23599,
San Fermín,ES,29,23598,San Fermin
Prāntij,IN,09,23596,Prantij
Belleville,CI,76,23595,
Belleville,CI,96,23595,
Oupeye,BE,WAL,23594,
Tash-Kumyr,KG,03,23594,
Min Ga Lar Don Zay,MM,17,23588,
Namsa,KR,03,23587,
Kayar,SN,07,23585,
Trucuk,ID,07,23584,
Kulgam,IN,12,23584,
Scotch Plains,US,NJ,23584,
Alamaiti,CN,13,23583,
Semikarakorsk,RU,61,23583,
Steenbergen,NL,06,23582,
Kyeintali,MM,01,23581,
Chinnūr,IN,40,23579,Chinnur
San Jacinto,CO,35,23576,
Jaleshwar,NP,2,23573,
La Madeleine,FR,32,23572,
Katheru,IN,02,23572,
Lyskovo,RU,51,23570,
San Ignacio de Velasco,BO,08,23569,
Oud-Beijerland,NL,11,23569,
Raahe,FI,17,23566,
Daruba,ID,29,23566,
Matsuura,JP,27,23566,
Mairwa,IN,34,23565,
Hanworth,GB,ENG,23563,
Tacoronte,ES,53,23562,
Bogo,PH,07,23562,
Tamandaré,BR,30,23561,Tamandare
Todaraisingh,IN,24,23559,
Balik Pulau,MY,09,23559,
Glenville,US,OH,23559,
Nazca,PE,11,23556,
Pokaran,IN,24,23554,
Selouane,MA,02,23553,
Juan José Ríos,MX,25,23553,Juan Jose Rios
Malema,MZ,06,23553,
Seriate,IT,09,23552,
Karatina,KE,44,23552,
Lazarevac,RS,SE,23551,
Al Bayāḑīyah,EG,28,23550,Al Bayadiyah
Teloloapan,MX,12,23549,
El Cerrito,US,CA,23549,
Santa Cruz de El Seibo,DO,28,23547,
Wondelgem,BE,VLG,23546,
Bambuí,BR,15,23546,Bambui
Asia,PH,06,23546,
Whitefield,GB,ENG,23545,
Aguié,NE,04,23545,Aguie
Damongo,GH,17,23544,
Kax,CN,13,23543,
Sidi Abdelli,DZ,15,23543,
Gif-sur-Yvette,FR,11,23541,
Kūmher,IN,24,23540,Kumher
Tabay,VE,14,23539,
São Miguel,BR,22,23537,Sao Miguel
Dioïla,ML,07,23535,Dioila
Mojoagung,ID,08,23534,
Xinlin,CN,08,23533,
Corinto,BR,15,23532,
San Carlos,CO,12,23532,
Brandon,US,MS,23529,
Ağdaş,AZ,04,23528,Agdas
Sreekaryam,IN,13,23528,
Pānchla,IN,28,23526,Panchla
Al Kiswah,SY,08,23526,
Tallkayf,IQ,15,23524,
Funehikimachi-funehiki,JP,08,23524,
San Martín de los Andes,AR,15,23519,San Martin de los Andes
Paiporta,ES,60,23519,
Kiomboi,TZ,16,23519,
Hodonín,CZ,78,23517,Hodonin
Nagykőrös,HU,16,23517,Nagykoros
Mudkhed,IN,16,23517,
Ogōri-shimogō,JP,45,23516,Ogori-shimogo
Shivpur Charcha,IN,37,23514,
Los Barrios,ES,51,23513,
Greystanes,AU,02,23511,
Wu Kai Sha,HK,NST,23511,
Pinhal Novo,PT,19,23510,
Ban Bueng,TH,46,23509,
Pisochyn,UA,07,23509,
Derby,US,KS,23509,
Rouyn-Noranda,CA,10,23504,
Bègles,FR,75,23504,Begles
Oltu,TR,25,23504,
Kaniv,UA,01,23503,
Frankford,US,PA,23503,
Mojuí dos Campos,BR,16,23501,Mojui dos Campos
Palacio,ES,29,23501,
San Martín Cuautlalpan,MX,15,23501,San Martin Cuautlalpan
Quaraí,BR,23,23500,Quarai
‘Alem Ketema,ET,46,23500,
Muang Sing,LA,16,23500,
Harappa,PK,04,23500,
L’govskiy,RU,41,23500,
Jhīnjhak,IN,36,23499,Jhinjhak
Manjakandriana,MG,11,23498,
Pethāpur,IN,09,23497,Pethapur
Malpe,IN,19,23496,
Portlaoise,IE,L,23494,
Birūr,IN,19,23493,Birur
Koło,PL,86,23493,
Graham,US,WA,23491,
Copertino,IT,13,23489,
Overijse,BE,VLG,23486,
Mosta,MT,35,23482,
Bartoszyce,PL,85,23482,
Gobō,JP,43,23481,Gobo
La Paz Centro,NI,08,23481,
Mikuni,JP,06,23480,
Hadyach,UA,18,23480,
Carmo do Cajuru,BR,15,23479,
Māndal,IN,24,23478,Mandal
Francisco Sá,BR,15,23476,Francisco Sa
Ilchester,US,MD,23476,
Ząbki,PL,78,23473,Zabki
Stellingen,DE,04,23472,
Shīshgarh,IN,36,23471,Shishgarh
San José Iturbide,MX,11,23471,San Jose Iturbide
Kuchera,IN,24,23468,
Bayonet Point,US,FL,23467,
Bontoc,PH,15,23466,
Podunajské Biskupice,SK,02,23464,Podunajske Biskupice
Hlubočepy,CZ,52,23461,Hlubocepy
Pattiyūrgrāmam,IN,13,23460,Pattiyurgramam
Easton,US,MA,23459,
Lofthouse,GB,ENG,23458,
Mégara,GR,ESYE31,23456,Megara
Loves Park,US,IL,23455,
Jiaoshi,CN,33,23454,
Sevilimedu,IN,25,23454,
Avon Lake,US,OH,23453,
Nocera Superiore,IT,04,23452,
Sanzhi,TW,03,23452,
San Lorenzo,US,CA,23452,
Pawni,IN,16,23450,
Al Ghurayfah,LY,84,23449,
Báishí Zhèn,CN,33,23448,Baishi Zhen
Mānesar,IN,10,23448,Manesar
Morton Grove,US,IL,23448,
Bulle,CH,FR,23438,
Gjirokastër,AL,45,23437,Gjirokaster
Penarth,GB,WLS,23437,
Kingston,US,NY,23436,
Epping,AU,02,23435,
Nikaho,JP,02,23435,
Laukkai,MM,11,23435,
Yugawara,JP,19,23426,
Kilindoni,TZ,02,23426,
Chhātāpur,IN,34,23425,Chhatapur
Kopřivnice,CZ,85,23424,Koprivnice
Raul Soares,BR,15,23423,
Tūnēri,IN,13,23421,Tuneri
Pissila,BF,05,23420,
Bangolo Tahouake,CI,78,23420,
Ponedera,CO,04,23420,
Urmar,IN,23,23419,
Belper,GB,ENG,23417,
McDonough,US,GA,23417,
Romulus,US,MI,23417,
Ronnenberg,DE,06,23416,
Douako,GN,K,23416,
Lonar,IN,16,23416,
Wangpu,CN,15,23414,
Kabanovo,RU,47,23414,
Rosemount,US,MN,23413,
Santa Rosa de Viterbo,BR,27,23411,
Hailsham,GB,ENG,23411,
Manglai,CN,13,23408,
Pugalūr,IN,25,23408,Pugalur
Rāmtek,IN,16,23404,Ramtek
Metahāra,ET,51,23403,Metahara
Ḩalfāyā,SY,10,23403,Halfaya
Visby,SE,05,23402,
María la Baja,CO,35,23401,Maria la Baja
Dejvice,CZ,52,23401,
Luninyets,BY,01,23396,
Ottaviano,IT,04,23396,
Chiaiano,IT,04,23396,
Xiaying,CN,25,23395,
Gālīkesh,IR,37,23394,Galikesh
Kamalasai,TH,23,23393,
Pindoretama,BR,06,23391,
Marikana,ZA,10,23389,
Northwest One,US,DC,23386,
Ban Talat Nua,TH,62,23381,
Maldon,GB,ENG,23380,
Mansfield,US,MA,23380,
Weilheim,DE,02,23378,
Scampia,IT,04,23377,
Monte Estoril,PT,14,23375,
Fedorovskiy,RU,32,23375,
Laḩij,YE,24,23375,Lahij
Pedro Carbo,EC,10,23372,
Sobue,JP,01,23372,
Guibéroua,CI,95,23371,Guiberoua
Mernda,AU,07,23369,
Misburg-Nord,DE,06,23369,
Lermontov,RU,70,23369,
Cesano Boscone,IT,09,23368,
Caniço,PT,10,23368,Canico
Takahata,JP,44,23367,
Eloise,US,FL,23366,
Laguna Beach,US,CA,23365,
Geretsried,DE,02,23364,
Środmieście,PL,82,23364,Srodmiescie
Springfield,US,PA,23363,
Monoharpur,IN,28,23362,
Ciudad Bolívar,CO,02,23361,Ciudad Bolivar
Koster,ZA,10,23361,
Ikeno,JP,09,23360,
Baza,ES,51,23359,
Zwevegem,BE,VLG,23358,
La Prairie,CA,10,23357,
thị xã Quảng Trị,VN,44,23356,thi xa Quang Tri
Bellview,US,FL,23355,
Hopin,MM,04,23352,
Forécariah,GN,D,23350,Forecariah
Pinillos,CO,35,23349,
Iharan̈a,MG,72,23349,Iharana
Sangerhausen,DE,14,23347,
San Marcos,NI,02,23347,
Injambakkam,IN,25,23346,
Prudnik,PL,79,23343,
Manoa,US,HI,23343,
Avellaneda,AR,21,23341,
El Masnou,ES,56,23340,
Salah Bey,DZ,12,23339,
Chok Chai,TH,27,23337,
Deneysville,ZA,03,23337,
Mandāwa,IN,24,23335,Mandawa
Planalto,BR,05,23334,
Bagnoli,IT,04,23333,
Srimangal,BD,86,23332,
Coronel Vivida,BR,18,23331,
Cahors,FR,76,23331,
Formby,GB,ENG,23329,
Yesagyo,MM,15,23329,
Mahārājpur,IN,35,23328,Maharajpur
Kościerzyna,PL,82,23327,Koscierzyna
Calp,ES,60,23326,
Burnham-on-Sea,GB,ENG,23325,
Shirahama,JP,43,23325,
Teotihuacán de Arista,MX,15,23325,Teotihuacan de Arista
Berehove,UA,25,23325,
Collipulli,CL,04,23321,
Soygaon,IN,16,23320,
Guelendeng,TD,16,23320,
Alhaurín el Grande,ES,51,23319,Alhaurin el Grande
Kalānaur,IN,10,23319,Kalanaur
Terrytown,US,LA,23319,
Abū Zabad,SD,62,23317,Abu Zabad
Chitrakoot Dham,IN,36,23316,
Capinzal,BR,26,23314,
Librazhd,AL,43,23312,
Ron,IN,19,23311,
Mangere,NZ,E7,23310,
Ḩājjīābād,IR,11,23309,Hajjiabad
Millau,FR,76,23307,
Hazebrouck,FR,32,23307,
Ladang Seri Kundang,MY,12,23307,
Tamboril,DO,25,23304,
Shurugwi,ZW,02,23304,
Ixtlán del Río,MX,18,23303,Ixtlan del Rio
Graneros,CL,08,23301,
Olesa de Montserrat,ES,56,23301,
Nebaj,GT,14,23301,
Ekeren,BE,VLG,23300,
Nova Petrópolis,BR,23,23300,Nova Petropolis
Gēdo,ET,51,23300,Gedo
Tonota,BW,01,23296,
Bāgluṅ,NP,4,23296,Baglun
Damnoen Saduak,TH,52,23296,
Mwadui,TZ,15,23296,
Vengattūr,IN,25,23292,Vengattur
Pekan Nenas,MY,01,23292,
Osa,RU,90,23292,
Piastów,PL,78,23290,Piastow
Peringat,MY,03,23288,
Allada,BJ,09,23287,
Aldeias Altas,BR,13,23286,
Selargius,IT,14,23285,
Nāyanakulam,IN,25,23284,Nayanakulam
Broadstairs,GB,ENG,23283,
Katrineholm,SE,18,23283,
An Nūbārīyah,EG,03,23282,An Nubariyah
Bewar,IN,36,23280,
Heverlee,BE,VLG,23278,
Tam Giang,VN,96,23277,
Marampilly,IN,13,23272,
Crestview,US,FL,23270,
Keene,US,NH,23265,
Ndali,BJ,10,23264,
Lihe,CN,33,23264,
Sete Rios,PT,14,23261,
Niamtougou,TG,23,23261,
Estácio,BR,21,23260,Estacio
Greenwood,US,SC,23260,
Villa Gesell,AR,01,23257,
Schoemansdal,ZA,07,23257,
Calimete,CU,03,23255,
Kroya,ID,07,23255,
el Besòs i el Maresme,ES,56,23254,el Besos i el Maresme
Dubăsari,MD,58,23254,Dubasari
Brighton,AU,07,23252,
Al Mash‘ilīyah,SA,16,23252,Al Mash‘iliyah
Od,IN,09,23250,
Pontinha,PT,14,23249,
Divichibazar,AZ,17,23248,
Tapa,IN,23,23248,
Bilthoven,NL,09,23248,
Mine,JP,45,23247,
Bandar Tun Razak,MY,06,23247,
Santo Antônio de Posse,BR,27,23244,Santo Antonio de Posse
Pallandri,PK,06,23243,
Kozyatyn,UA,23,23241,
Motul,MX,31,23240,
Ängelholm,SE,27,23240,Angelholm
Gallup,US,NM,23240,
Schijndel,NL,06,23239,
Senador Guiomard,BR,01,23236,
Bedford Park-Nortown,CA,08,23236,
Turabah,SA,14,23235,
Vaikam,IN,13,23234,
South Old Bridge,US,NJ,23233,
Biankouma,CI,78,23232,
Káto Polemídia,CY,05,23231,Kato Polemidia
Cambre,ES,58,23231,
Duncan,US,OK,23231,
Fabriano,IT,10,23230,
Tecumseh,CA,08,23229,
Kērkandi,IN,25,23229,Kerkandi
Beersel,BE,VLG,23228,
San Sebastiano,IT,09,23228,
Macomia,MZ,01,23228,
Świebodzice,PL,72,23228,Swiebodzice
Colachel,IN,25,23227,
Bissāu,IN,24,23227,Bissau
Dupont Circle,US,DC,23226,
Loanda,BR,18,23225,
Sāhibganj,IN,34,23224,Sahibganj
Nuenen,NL,06,23223,
Lalor,AU,07,23219,
Tatsuno-kita,JP,28,23219,
Chiffa,DZ,20,23218,
Sisophon,KH,25,23218,
Tata,HU,12,23217,
Santa Fe de Antioquia,CO,02,23216,
Mabéhiri,CI,76,23215,Mabehiri
Ah Lel,MM,17,23214,
Grande-Synthe,FR,32,23213,
Culion,PH,41,23213,
Cambará,BR,18,23212,Cambara
Cessnock,AU,02,23211,
Pontbuiten,SR,19,23211,
Griffin,US,GA,23211,
Sucre,CO,27,23210,
Sibaté,CO,33,23208,Sibate
Zikhron Ya‘aqov,IL,04,23206,
Loandjili,CG,15,23204,
Tocantinópolis,BR,31,23203,Tocantinopolis
Gobēsa,ET,51,23200,Gobesa
Wegeda,ET,46,23200,
Opit,UG,N,23200,
Karmāla,IN,16,23199,Karmala
Dolton,US,IL,23197,
Muggiò,IT,09,23193,Muggio
Pfaffenhofen an der Ilm,DE,02,23192,
Feira Grande,BR,02,23191,
Tharangambadi,IN,25,23191,
Al Mishkhāb,IQ,17,23189,Al Mishkhab
Biancavilla,IT,15,23188,
Tcholliré,CM,13,23187,Tchollire
Zeribet el Oued,DZ,19,23187,
Itabaiana,BR,17,23182,
Judibana,VE,11,23182,
Staßfurt,DE,14,23181,
Shirahamachō-usazakiminami,JP,13,23180,Shirahamacho-usazakiminami
Kiên Hải,VN,91,23179,Kien Hai
‘Ālī Shahr,IR,22,23178,‘Ali Shahr
Marki,PL,78,23177,
Nadodrze,PL,72,23177,
Webster Groves,US,MO,23177,
Awgu,NG,47,23175,
Yanacancha,PE,10,23175,
Ponteareas,ES,58,23172,
Putten,NL,03,23168,
Belton,US,MO,23168,
Columbus,US,MS,23168,
Conceição do Mato Dentro,BR,15,23163,Conceicao do Mato Dentro
Hinakallu,IN,19,23162,
Mudanya,TR,16,23161,
Thiruvankulam,IN,13,23160,
Uenohara,JP,46,23158,
Mu’er,CN,33,23157,
Tiruverumbūr,IN,25,23156,Tiruverumbur
Kudachi,IN,19,23154,
Redhill,ZA,07,23153,
Ribas do Rio Pardo,BR,11,23150,
Jesús del Monte,MX,15,23150,Jesus del Monte
Denison,US,TX,23150,
East Elmhurst,US,NY,23150,
Taesal-li,KR,17,23149,
Riedstadt,DE,05,23146,
Waw,MM,16,23143,
Robina,AU,04,23140,
Seondha,IN,35,23140,
Quedlinburg,DE,14,23139,
Greytown,ZA,02,23139,
Masis,AM,02,23136,
Kerrville,US,TX,23136,
Bananeiras,BR,17,23134,
La Valette-du-Var,FR,93,23134,
Brody,UA,15,23134,
Pooler,US,GA,23133,
Mequon,US,WI,23132,
Sasel,DE,04,23131,
Kurduvādi,IN,16,23131,Kurduvadi
Vicksburg,US,MS,23131,
Mattigiri,IN,25,23129,
Governador Nunes Freire,BR,13,23128,
Glostrup,DK,17,23128,
Alvarado,MX,30,23128,
Wright,US,FL,23127,
Morrisania,US,NY,23127,
Quissamã,BR,21,23126,Quissama
Vel’sk,RU,06,23126,
Zacualtipán,MX,13,23125,Zacualtipan
Lalganj,IN,36,23124,
Heanor,GB,ENG,23122,
Pacific Palisades,US,CA,23121,
Palm City,US,FL,23120,Palm
Polasara,IN,21,23119,
Vänersborg,SE,28,23119,Vanersborg
Víbora,CU,02,23118,Vibora
Hoheluft-Ost,DE,04,23116,
Middleborough,US,MA,23116,
Iroopara,IN,13,23113,
Larvik,NO,20,23113,
San Jorge Pueblo Nuevo,MX,15,23107,
Igaraçu do Tietê,BR,27,23106,Igaracu do Tiete
Arnold,US,MD,23106,
Bad Soden am Taunus,DE,05,23103,
Hacıqabul,AZ,23,23102,
Gongmen,CN,15,23100,
Guanlong,CN,30,23100,
Massawa,ER,06,23100,
Kele,ET,51,23100,
La Mornaghia,TN,39,23100,
Rákosszentmihály,HU,05,23098,Rakosszentmihaly
Tearce,MK,A5,23096,
Oxkutzkab,MX,31,23096,
Isla Vista,US,CA,23096,
Moulins,FR,84,23095,
Dampit,ID,08,23094,
Annaberg-Buchholz,DE,13,23092,
Vero Beach South,US,FL,23092,
Björlanda,SE,28,23088,Bjorlanda
Ringsted,DK,20,23086,
Orcasitas,ES,29,23085,
Nakūr,IN,36,23084,Nakur
Narasingapuram,IN,25,23084,
Van Buren,US,AR,23081,
East Peoria,US,IL,23080,
Palmira,CU,08,23078,
Mont-Saint-Aignan,FR,28,23078,
Zafarwal,PK,04,23078,
Landover,US,MD,23078,
Stadthagen,DE,06,23076,
Kampung Tanjung Minyak,MY,04,23074,
Palwal Rural,IN,10,23072,
Windham,US,CT,23072,
Al Finţās,KW,04,23071,Al Fintas
Pinamungahan,PH,07,23068,
Pallikonda,IN,25,23067,
Piteå,SE,14,23067,Pitea
Wudil,NG,29,23066,
Lütgendortmund,DE,07,23065,Lutgendortmund
Jurm,AF,01,23064,
Jacksonville Beach,US,FL,23064,
Yakınca,TR,44,23063,
Sehnde,DE,06,23060,
Mooroolbark,AU,07,23059,
Asifābād,IN,40,23059,Asifabad
Bungo-Takada-shi,JP,30,23059,
Calabasas,US,CA,23058,
Almenara,ES,29,23057,
Chapeltown,GB,ENG,23056,
Piranhas,BR,02,23053,
Dom Pedro,BR,13,23053,
Voinjama,LR,20,23051,
Broadmoor,CA,02,23050,
Montecalvario,IT,04,23050,
Keetmanshoop,NA,31,23049,
Akdağmadeni,TR,66,23048,Akdagmadeni
Pīpri,IN,16,23047,Pipri
Belovodskoye,KG,02,23046,
Indargarh,IN,35,23045,
Tochio-honchō,JP,29,23045,Tochio-honcho
Mansalay,PH,41,23044,
Solon,US,OH,23043,
Truro,GB,ENG,23041,
Sivagiri,IN,25,23040,
Chantilly,US,VA,23039,
San Lorenzo Acopilco,MX,09,23037,
Lintan Chengguanzhen,CN,15,23035,
Starý Bohumín,CZ,85,23034,Stary Bohumin
Vadakkanandal,IN,25,23034,
Cabricán,GT,13,23033,Cabrican
Monte Alegre,BR,22,23031,
Bataguassu,BR,11,23031,
Montilla,ES,51,23031,
Ancharakandy,IN,13,23030,
Siófok,HU,17,23028,Siofok
Nangomba,TZ,11,23028,
Candler-McAfee,US,GA,23025,
Faversham,GB,ENG,23024,
Boumahra Ahmed,DZ,23,23022,
Beloha,MG,52,23021,
Sechura,PE,20,23020,
Huimin,CN,33,23017,
Chivasso,IT,12,23017,
Ladner,CA,02,23016,
Quipungo,AO,09,23014,
Étampes,FR,11,23012,Etampes
Carmagnola,IT,12,23012,
Simunjan,MY,11,23011,
Mons-en-Barœul,FR,32,23006,
Agde,FR,76,23001,
Sanza Pombo,AO,15,23000,
Víbora Park,CU,02,23000,Vibora Park
Opladen,DE,07,23000,
Neheim,DE,07,23000,
El Bahay,ET,52,23000,
Arerti,ET,45,23000,
Ara Ali,ET,51,23000,
Rawtenstall,GB,ENG,23000,
‘Aqrah,IQ,15,23000,
Scheveningen,NL,11,23000,
Loon op Zand,NL,06,23000,
Sremčica,RS,SE,23000,Sremcica
Urunda,TZ,09,23000,
Enna,IT,15,22998,
Kajiki,JP,18,22997,
Cizhu,CN,33,22996,
Botolan,PH,03,22994,
Roselle,US,IL,22994,
Copiague,US,NY,22993,
Westpark,US,CA,22993,
Panelas,BR,30,22991,
Trikarpūr South,IN,13,22991,Trikarpur South
Kouri,ML,06,22991,
Aalsmeer,NL,07,22991,
Mojtame‘-e Maskūnī-ye Nāmjū,IR,26,22990,Mojtame‘-e Maskuni-ye Namju
São Jorge de Arroios,PT,14,22990,Sao Jorge de Arroios
Hukeri,IN,19,22988,
Lidköping,SE,28,22988,Lidkoping
Azla,MA,01,22985,
Otradnaya,RU,38,22985,
Kakuma,KE,51,22984,
Munster,US,IN,22984,
Ivoti,BR,23,22983,
Mombetsu,JP,12,22983,
Eravur Town,LK,37,22982,
Bavly,RU,73,22982,
Ladera Ranch,US,CA,22980,
Bomfim,PT,17,22978,
Saint-Ouen-l'Aumône,FR,11,22977,Saint-Ouen-l'Aumone
Todabhim,IN,24,22977,
Kovancılar,TR,23,22976,
Dillenburg,DE,05,22974,
Krychaw,BY,06,22973,
Llíria,ES,60,22972,Lliria
Motomachi,JP,12,22972,
Litherland,GB,ENG,22971,
Labuleng,CN,15,22970,
Lebedyan’,RU,43,22970,
Il’skiy,RU,38,22970,
Papalotla,MX,29,22969,
Mendeleyevsk,RU,73,22969,
Pehlādpur Bāngar,IN,07,22968,Pehladpur Bangar
Dooru Verinag,IN,12,22968,
Hwacheon,KR,06,22965,
Lisle,US,IL,22964,
Tiruchanur,IN,02,22963,
Helao Nafidi,NA,33,22963,
Encantado,BR,23,22962,
Anak Bukit,SG,,22960,
İdil,TR,80,22960,Idil
Gaztambide,ES,29,22959,
Paradise,CA,05,22957,
Maghār,IL,03,22957,Maghar
Termini Imerese,IT,15,22957,
Rodolfo Sánchez Taboada,MX,02,22957,Rodolfo Sanchez Taboada
Bad Harzburg,DE,06,22954,
Kot Samaba,PK,04,22953,
Picnic Point-North Lynnwood,US,WA,22953,
East Naples,US,FL,22951,
Tuban,ID,02,22947,
Whitehaven,GB,ENG,22945,
Kanhān,IN,16,22945,Kanhan
Ṟuwandiz,IQ,11,22943,Ruwandiz
Crystal,US,MN,22943,
Cloverleaf,US,TX,22942,
Dixiana,US,AL,22940,
Kamata,JP,40,22939,
Gopavaram,IN,02,22936,
Highland,US,IN,22936,
Aradíppou,CY,03,22934,Aradippou
Swinton,GB,ENG,22931,
Guihulñgan,PH,07,22931,Guihulngan
Wetteren,BE,VLG,22930,
Şafwān,IQ,02,22929,Safwan
Vattalkundu,IN,25,22928,
Ardahan,TR,86,22927,
Machesney Park,US,IL,22927,
Morgan Park,US,IL,22924,
Vertou,FR,52,22921,
Dhamanagar,IN,21,22920,
Nafada,NG,55,22920,
Hanwella Ihala,LK,36,22918,
Kilkís,GR,ESYE12,22914,Kilkis
Dhafní,GR,ESYE31,22913,Dhafni
Dankov,RU,43,22913,
Nagold,DE,01,22912,
Narian-Mar,RU,50,22912,
Volla,IT,04,22911,
Chrang Chamreh Muoy,KH,22,22911,
Comrat,MD,51,22911,
Duderstadt,DE,06,22910,
San Antonio de Areco,AR,01,22909,
Santa Luzia,BR,13,22909,
Neusäß,DE,02,22904,Neusaß
Saidpur,IN,36,22904,
Sibbo,FI,01,22903,
Khā̃dbāri̇̄,NP,1,22903,Khadbari
Shahriston,TJ,03,22903,
Zhuxi,CN,33,22900,
Sheno,ET,51,22900,
Kachīsī,ET,51,22900,Kachisi
Gīmbīcho,ET,55,22900,Gimbicho
Bukit Tambun,MY,09,22900,
Dar,KH,31,22898,
Trinidad,UY,06,22897,
Colorado,BR,18,22896,
El ’Ayoûn,MR,03,22896,El ’Ayoun
Tittagudi,IN,25,22894,
Noe Valley,US,CA,22893,
Hamme,BE,VLG,22891,
Quattromiglia,IT,03,22889,
Phulpur,IN,36,22886,
East Tremont,US,NY,22886,
Pelham,US,AL,22885,
San Antonio de Cortés,HN,06,22884,San Antonio de Cortes
Lafey,KE,33,22882,
Kunnatnād,IN,13,22881,Kunnatnad
Dalmine,IT,09,22881,
Victoria,SC,26,22881,
Jharoda Mazra Burāri,IN,07,22878,Jharoda Mazra Burari
Rivera,CO,16,22877,
Edineţ,MD,73,22872,Edinet
Ngoro,ID,08,22871,
Auburn,US,ME,22871,
Tremont,US,NY,22870,
Athlone,IE,L,22869,
Karhula,FI,08,22867,
Capela do Alto,BR,27,22866,
Karanjiā,IN,21,22865,Karanjia
Glenmore Park,AU,02,22863,
Sinngu,MM,17,22861,
Sainte-Anne,GP,GP,22859,
Waltham Abbey,GB,ENG,22858,
Zambrów,PL,81,22857,Zambrow
"Sant Pere, Santa Caterina i La Ribera",ES,56,22856,
Posillipo,IT,04,22856,
Lincolnia,US,VA,22855,
Vícar,ES,51,22853,Vicar
Sāngaria,IN,24,22853,Sangaria
Sarandi,BR,23,22851,
Trebišov,SK,03,22851,Trebisov
Severskaya,RU,38,22849,
Royton,GB,ENG,22848,
Balarāmpur,IN,28,22847,Balarampur
Arcos de Valdevez,PT,20,22847,
Hennenman,ZA,03,22847,
Aramboli,IN,25,22846,
Ubaidullāhganj,IN,35,22845,Ubaidullahganj
Tsumeb,NA,38,22845,
El Calafate,AR,20,22844,
Forst,DE,11,22843,
Hollola,FI,07,22843,
Montgeron,FR,11,22843,
Lubartów,PL,75,22839,Lubartow
Kingori,TZ,26,22839,
Las Pintas de Arriba,MX,14,22838,
Chitarpur,IN,38,22837,
Dokuchayevsk,UA,05,22835,
Almendrales,ES,29,22834,
Walton-on-Thames,GB,ENG,22834,
Kumano,JP,11,22834,
Zapotiltic,MX,14,22833,
Naraingarh,IN,10,22832,
Río Chico,VE,15,22830,Rio Chico
Sāmbhar,IN,24,22828,Sambhar
Tixtla de Guerrero,MX,12,22826,
Danghara,TJ,02,22824,
Valinda,US,CA,22822,
Lustenau,AT,08,22821,
Shima,CN,33,22820,
Oued el Abtal,DZ,26,22819,
Marysville,US,OH,22817,
Illapel,CL,07,22816,
Wellington,GB,ENG,22816,
Vellūr,IN,13,22816,Vellur
Jindřichův Hradec,CZ,79,22812,Jindrichuv Hradec
Fatehnagar,IN,24,22812,
Valmiera,LV,31,22812,
Siqueira Campos,BR,18,22811,
Campo de la Cruz,CO,04,22810,
Igugunu,TZ,16,22810,
Willebroek,BE,VLG,22808,
Santa Teresa,BR,08,22808,
Para,CI,76,22807,
Kanmaki,JP,28,22807,
Haines City,US,FL,22807,Haines
Campo Verde,BR,11,22806,
Kyabé,TD,17,22806,Kyabe
Woodford Green,GB,ENG,22803,
Grajewo,PL,81,22803,
Kalk,DE,07,22802,
Raghunathpur,IN,28,22802,
Artashat,AM,02,22800,
Wenago,ET,56,22800,
Rubanda,UG,W,22800,
São José do Vale do Rio Preto,BR,21,22799,Sao Jose do Vale do Rio Preto
Columbus,US,NE,22797,
Pedra,BR,30,22795,
Frontera,MX,27,22795,
Bristol,US,RI,22795,
Millbrae,US,CA,22795,
Alcalá la Real,ES,51,22783,Alcala la Real
Cariboo,CA,02,22780,
Newberg,US,OR,22780,
Tashtagol,RU,29,22779,
Eglinton East,CA,08,22776,
Atlacomulco de Fabela,MX,15,22774,
El Gara,MA,06,22773,
Tomares,ES,51,22772,
Maisons-Laffitte,FR,11,22772,
Törökszentmiklós,HU,20,22770,Torokszentmiklos
Ogre,LV,21,22767,
Pariyāpuram,IN,13,22766,Pariyapuram
Öhringen,DE,01,22765,Ohringen
Klatovy,CZ,87,22763,
Acajutla,SV,13,22763,
Baravāt,IR,29,22761,Baravat
The Crossings,US,FL,22758,
Ibi,NG,43,22757,
‘Izrā,JO,09,22756,‘Izra
Valley Station,US,KY,22756,
Morrinhos,BR,06,22753,
Imi-n-Tanout,MA,07,22753,
Lennox,US,CA,22753,
East Lake-Orient Park,US,FL,22753,
Kafr Kannā,IL,03,22751,Kafr Kanna
Kasrāwad,IN,35,22750,Kasrawad
Rainville,SR,16,22747,
Lāthi,IN,09,22745,Lathi
Takabō,JP,39,22745,Takabo
Nefta,TN,35,22745,
Manuel Ojinaga,MX,06,22744,
Tortona,IT,12,22743,
Droichead Nua,IE,L,22742,
Gunjur,GM,05,22741,
Melíssia,GR,ESYE31,22741,Melissia
Sühbaatar,MN,16,22741,Suhbaatar
Undurkhaan,MN,11,22741,
Dugda,IN,38,22740,
Tennō,JP,02,22740,Tenno
Khirkiya,IN,35,22737,
Schmargendorf,DE,16,22733,
Seveso,IT,09,22733,
Ghubaysh,SD,62,22733,
Mudgal,IN,19,22731,
Takanawa,JP,40,22731,
Farmington,US,MN,22731,
Curchorem,IN,33,22730,
Dunajská Streda,SK,07,22730,Dunajska Streda
Wilsonville,US,OR,22729,
Vimercate,IT,09,22727,
Garmdarreh,IR,44,22726,
Banqiao,CN,33,22725,
Tràm Chim,VN,82,22725,Tram Chim
Hutto,US,TX,22722,
Comillas,ES,29,22721,
Chorwād,IN,09,22720,Chorwad
Pulü,CN,33,22719,Pulu
Le Puy-en-Velay,FR,84,22718,
Laguna City,HK,KKT,22718,Laguna
Dabeiba,CO,02,22717,
Madhira,IN,40,22716,
Kādiganpalli,IN,25,22714,Kadiganpalli
Lerma de Villada,MX,15,22713,
Akaltara,IN,37,22712,
Bondo,KE,46,22712,
Kapellen,DE,07,22711,
Bloomingdale,US,FL,22711,
West Odessa,US,TX,22707,
Inglewood-Finn Hill,US,WA,22707,
Ceadîr-Lunga,MD,51,22700,Ceadir-Lunga
Koz’modem’yansk,RU,45,22700,
Tog Wajaale,SO,20,22700,
Lengerich,DE,07,22697,
Etmadpur,IN,36,22697,
Bang Kho Laem,TH,40,22697,
Bang Kho Laem subdistrict,TH,40,22697,
Takinomiya,JP,17,22693,
Onega,RU,06,22693,
Oak Harbor,US,WA,22693,
Inhapim,BR,15,22692,
Le Moule,GP,GP,22692,
Le Petit-Quevilly,FR,28,22691,
Kampot,KH,21,22691,
Katghora,IN,37,22690,
‘Ewa Gentry,US,HI,22690,
Godalming,GB,ENG,22689,
Matinkylä,FI,01,22688,Matinkyla
Da Nyin Kone,MM,17,22688,
Mingda,CN,33,22686,
Bystrc,CZ,78,22685,
Kirovgrad,RU,71,22685,
Oak Ridge,US,FL,22685,
Tongyangdao,CN,20,22681,
Rosemont,US,CA,22681,
Yafran,LY,80,22680,
Patos Fshat,AL,44,22679,
Erdek,TR,10,22678,
Kėdainiai,LT,57,22677,Kedainiai
Tequixquiac,MX,15,22676,
Abaeté,BR,15,22675,Abaete
Frederikshavn,DK,19,22672,
Auburn Hills,US,MI,22672,
Bartley Green,GB,ENG,22670,
Beihai,CN,29,22668,
An Muileann gCearr,IE,L,22667,
Kone Ta La Paung,MM,17,22667,
Meda,IT,09,22665,
Desenzano del Garda,IT,09,22665,
Yŏnan-ŭp,KP,06,22665,Yonan-up
Halifax West End,CA,07,22664,
Ponda,IN,33,22664,
Lohāra,IN,16,22664,Lohara
Pottstown,US,PA,22664,
Horgen,CH,ZH,22662,
Conversano,IT,13,22661,
Llaillay,CL,01,22659,
Iglesias,IT,14,22659,
San Mateo Otzacatipan,MX,15,22656,
Drzetowo-Grabowo,PL,87,22655,
Čadca,SK,08,22655,Cadca
Palma di Montechiaro,IT,15,22654,
Cumbum,IN,02,22653,
Ostrów Mazowiecka,PL,78,22653,Ostrow Mazowiecka
Estrella,ES,29,22649,
Namacurra,MZ,09,22647,
Goirle,NL,06,22646,
Nāḩiyat ash Shināfīyah,IQ,04,22643,Nahiyat ash Shinafiyah
Mariano Comense,IT,09,22643,
Mātābhānga,IN,28,22642,Matabhanga
Potters Bar,GB,ENG,22639,
Gobabis,NA,35,22639,
Lormont,FR,75,22636,
West Puente Valley,US,CA,22636,
Santo Tomé,AR,06,22634,Santo Tome
Areia,BR,17,22633,
Olindina,BR,05,22633,
Southbank,AU,07,22631,
Maple Heights,US,OH,22631,
Willoughby,US,OH,22631,
Novotitarovskaya,RU,38,22630,
Benbrook,US,TX,22629,
Zarautz,ES,59,22627,
Cranford,US,NJ,22627,
Carbonara di Bari,IT,13,22625,
Olteniţa,RO,41,22624,Oltenita
Bushenge,RW,14,22624,
Chala,TZ,24,22624,
Shibao,CN,15,22621,
Jaitāran,IN,24,22621,Jaitaran
Vedder Crossing,CA,02,22620,
Gabiadji,CI,76,22619,
San Miguel Coatlinchán,MX,15,22619,San Miguel Coatlinchan
Bang Bon Nuea,TH,40,22619,
Kant,KG,02,22617,
Sarandë,AL,51,22613,Sarande
Garden City,US,NY,22612,Garden
Chambly,CA,10,22608,
Zolochiv,UA,15,22608,
Olivet,FR,24,22604,
Lajas,CU,08,22602,
Isernhagen Farster Bauerschaft,DE,06,22601,
Nizhnyaya Tura,RU,71,22600,
Namutumba,UG,E,22600,
Tāoru,IN,10,22599,Taoru
Schwetzingen,DE,01,22593,
Fasano,IT,13,22593,
Opoczno,PL,74,22592,
Sliema,MT,56,22591,
Lehragaga,IN,23,22588,
Jāmai,IN,35,22587,Jamai
Saint-Nicolas,BE,WAL,22586,
Priego de Córdoba,ES,51,22585,Priego de Cordoba
Seaford,GB,ENG,22584,
Forest Lake,AU,04,22581,
Qīr Moāv,JO,19,22581,Qir Moav
Moche,PE,13,22581,
Westerlo,BE,VLG,22579,
Camacan,BR,05,22579,
Batu Arang,MY,12,22579,
Sholavandan,IN,25,22578,
Senador José Porfírio,BR,16,22576,Senador Jose Porfirio
Pedro Meoqui,MX,06,22574,
San Vicente,CL,08,22572,
Campoalegre,CO,16,22568,
Nāgod,IN,35,22568,Nagod
Magenta,IT,09,22566,
Apas,PH,07,22566,
Farmington,US,UT,22566,
Khairāgarh,IN,37,22564,Khairagarh
Jüchen,DE,07,22562,Juchen
Kurikuppi,IN,19,22560,
Wasco,US,IL,22560,
Ariyallur,IN,13,22558,
Zekeriya,TR,34,22558,
Riley Park,CA,02,22555,
Pukhrāyān,IN,36,22555,Pukhrayan
Valdagno,IT,20,22555,
Medvedevo,RU,45,22555,
Hastings,US,MN,22554,
Rāman,IN,23,22553,Raman
Enköping,SE,21,22553,Enkoping
Somerset East,ZA,05,22553,
Barbate,ES,51,22551,
Kahuta,PK,04,22551,
Lalago,TZ,31,22551,
Dandenong North,AU,07,22550,
Alfreton,GB,ENG,22550,
El Salto,MX,14,22550,
Letterkenny,IE,U,22549,
Sirsi,IN,36,22549,
Haren,DE,06,22545,
Rees,DE,07,22544,
Avon,US,OH,22544,
Munsha‘at Abū ‘Umar,EG,14,22543,Munsha‘at Abu ‘Umar
Bafilo,TG,23,22543,
Waisai,ID,PD,22541,
San José del Valle,MX,18,22541,San Jose del Valle
Meng’a,CN,29,22540,
Morley,AU,08,22539,
Primer Ensanche,ES,32,22538,
Segundo Ensanche,ES,32,22538,
Furukawa,JP,09,22538,
Hida,JP,09,22538,
Kampung Sedenak,MY,01,22535,
Visitacion Valley,US,CA,22534,
San Francisco Zapotitlán,GT,20,22533,San Francisco Zapotitlan
Reichenbach/Vogtland,DE,13,22530,
Ozoir-la-Ferrière,FR,11,22530,Ozoir-la-Ferriere
Bankāpur,IN,19,22529,Bankapur
Gambiran Satu,ID,08,22525,
Sidi Rahal,MA,06,22525,
North Augusta,US,SC,22522,
Krnov,CZ,85,22518,
Godoli,IN,16,22517,
Diest,BE,VLG,22516,
Murayama,JP,44,22516,
Kamal,ID,08,22515,
Baswa,IN,24,22515,
Rājmahal,IN,38,22514,Rajmahal
Itinga do Maranhão,BR,13,22513,Itinga do Maranhao
Qiryat Shmona,IL,03,22512,
Nambol,IN,17,22512,
Mutxamel,ES,60,22510,
Le Plessis-Robinson,FR,11,22510,
Namasuba,UG,C,22507,
Eisleben Lutherstadt,DE,14,22505,
Goleniów,PL,87,22505,Goleniow
Nadvirna,UA,06,22504,
Gorelovo,RU,66,22503,
Belaga,MY,11,22502,
Villa Ortúzar,AR,07,22500,Villa Ortuzar
Saint-Ghislain,BE,WAL,22500,
Vikhorevka,RU,20,22500,
Vilcún,CL,04,22499,Vilcun
Sirakoro Méguétana,ML,07,22499,Sirakoro Meguetana
Guilford,US,CT,22498,
Città di Castello,IT,18,22497,Citta di Castello
Kaminoma,JP,01,22496,
Gumaca,PH,40,22496,
Cottage Lake,US,WA,22494,
Genç,TR,12,22493,Genc
Kadima Zoran,IL,02,22490,
Mejorada del Campo,ES,29,22488,
Moscavide e Portela,PT,14,22488,
Karakul’,UZ,02,22487,
Tulsīpur,IN,36,22486,Tulsipur
Bikram,IN,34,22486,
Trizidela do Vale,BR,13,22484,
Dawan,CN,33,22484,
Belūr,IN,19,22484,Belur
Sānehwāl,IN,23,22484,Sanehwal
Diamantino,BR,14,22479,
Sisauli,IN,10,22479,
Mount Pearl,CA,05,22477,
Corcoran,US,CA,22477,
General Villegas,AR,01,22474,
Bad Mergentheim,DE,01,22472,
Melrose,US,NY,22470,
East Patchogue,US,NY,22469,
Gongdanglegi Kulon,ID,08,22468,
Voorschoten,NL,11,22468,
Černý Most,CZ,52,22466,Cerny Most
Shuen Wan,HK,NTP,22465,
Hornsby,AU,02,22462,
Caculé,BR,05,22462,Cacule
Řepy,CZ,52,22461,Repy
Lunsar,SL,02,22461,
West Springfield,US,VA,22460,
Ladyzhyn,UA,23,22459,
Buriti Bravo,BR,13,22455,
Natagaima,CO,28,22455,
Cosoleacaque,MX,30,22454,
Kanniyākumāri,IN,25,22453,Kanniyakumari
New Fes,MA,03,22451,
Vereshchagino,RU,90,22451,
Otamanivka,UA,14,22449,
Itezhi-Tezhi,ZM,07,22449,
Wahiawā-Whitmore,US,HI,22448,Wahiawa-Whitmore
Senapparetti,IN,25,22447,
Dambai,GH,16,22445,
Saikū,JP,23,22445,Saiku
Tha Mai,TH,48,22445,
Burj al ‘Arab,EG,06,22444,
Znamyanka,UA,10,22444,
South Ockendon,GB,ENG,22440,
Hudson,US,OH,22437,
Shizunai-furukawachō,JP,12,22436,Shizunai-furukawacho
Kafr Takhārīm,SY,12,22436,Kafr Takharim
An Nāşirīyah,EG,17,22435,An Nasiriyah
Massarosa,IT,16,22435,
Yongle,CN,33,22434,
Tejar,CR,08,22433,
Naraura,IN,36,22432,
Pirajuí,BR,27,22431,Pirajui
Losser,NL,15,22431,
Eving,DE,07,22430,
Conil de la Frontera,ES,51,22427,
Ōkuchi-shinohara,JP,18,22425,Okuchi-shinohara
Gympie,AU,04,22424,
Port Hueneme,US,CA,22423,
Bédiala,CI,96,22419,Bediala
Laajasalo,FI,01,22419,
Kenilworth,GB,ENG,22413,
Vreden,DE,07,22412,
Ngawi,ID,08,22412,
Ishikawa,JP,47,22412,
Büdingen,DE,05,22411,Budingen
Molde,NO,08,22410,
Quba,AZ,42,22405,
Kailāshahar,IN,26,22405,Kailashahar
Waldshut-Tiengen,DE,01,22404,
Tizi-n-Tleta,DZ,14,22404,
Eschborn,DE,05,22403,
Holiday,US,FL,22403,
Triparappu,IN,25,22401,
Bignay Uno,PH,40,22401,
Near South Side,US,IL,22401,
Sifra,ET,45,22400,
Shakhun’ya,RU,51,22400,
Nuku‘alofa,TO,02,22400,
Kiboga,UG,C,22400,
Pýrgos,GR,ESYE23,22399,Pyrgos
Vignola,IT,05,22397,
Cenon,FR,75,22393,
Barreira,BR,06,22392,
Freire,CL,04,22390,
Deogarh,IN,21,22390,
Muritiba,BR,05,22388,
Chuka,KE,49,22388,
Litvínov,CZ,89,22387,Litvinov
Radcliff,US,KY,22387,
Boukoumbé,BJ,08,22386,Boukoumbe
Imperial,ES,29,22385,
Werder,DE,11,22384,
Parque das Nações,PT,14,22382,Parque das Nacoes
Sofo-Birnin-Gwari,NG,23,22380,
Middelburg,ZA,05,22380,
Rātu,IN,38,22379,Ratu
Puthencruz,IN,13,22378,
Hopewell,US,VA,22378,
Yongjia,CN,33,22377,
Tsirang,BT,07,22376,
New Castle,US,PA,22375,
Seaham,GB,ENG,22373,
Grand Boulevard,US,IL,22373,
Englemount-Lawrence,CA,08,22372,
Kurandvād,IN,16,22372,Kurandvad
Karcag,HU,20,22370,
Ar Ruţbah,IQ,01,22370,Ar Rutbah
Yarumal,CO,02,22368,
Portalegre,PT,16,22368,
Mazouna,DZ,51,22366,
Palafrugell,ES,56,22365,
South Elgin,US,IL,22365,
Nahrīn,AF,03,22363,Nahrin
Leutkirch,DE,01,22362,
Sergach,RU,51,22361,
Timurni,IN,35,22359,
Thornaby-on-Tees,GB,ENG,22356,
Strakonice,CZ,79,22355,
Pachgaon,IN,16,22353,
San José de Barlovento,VE,15,22352,San Jose de Barlovento
Prichard,US,AL,22351,
New Brighton,US,MN,22351,
San Lazzaro,IT,05,22350,
Anniston,US,AL,22347,
Pomezia,IT,07,22346,
Lebu,CL,06,22345,
Ras el Ma,MA,03,22345,
Cedro,BR,06,22344,
Palm Springs,US,FL,22341,
Tanjung Sepat,MY,12,22340,
Ruston,US,LA,22340,
Rahata,IN,16,22335,
Gulu,CN,33,22331,
Manjai Kunda,GM,01,22327,
Gualaco,HN,15,22327,
Koundara,GN,B,22326,
Eislingen,DE,01,22325,
Wilmington,US,MA,22325,
Pāli,IN,35,22324,Pali
Hawthorn,AU,07,22322,
Combs-la-Ville,FR,11,22322,
Barceloneta,PR,017,22322,
Valadares,PT,17,22322,
Lisse,NL,11,22321,
Bhawānīgarh,IN,23,22320,Bhawanigarh
Suket,IN,24,22319,
Motru,RO,19,22319,
Edmonds,CA,02,22318,
Midlothian,US,TX,22318,
Ấp Hô Phòng,VN,96,22317,Ap Ho Phong
Oxford,US,MS,22314,
Candeias do Jamari,BR,24,22310,
Nova Milanese,IT,09,22310,
Bryukhovetskaya,RU,38,22309,
Panniyannūr,IN,13,22308,Panniyannur
Batu Kurau,MY,07,22307,
Panghai,CN,18,22306,
Baraki Barak,AF,17,22305,
Dax,FR,75,22305,
Coswig,DE,13,22304,
Tabligbo,TG,24,22304,
Aghsu,AZ,06,22300,
Piúma,BR,08,22300,Piuma
Bundibugyo,UG,W,22300,
Malvern East,AU,07,22296,
Ban Kamala,TH,62,22296,
Catete,BR,21,22295,
Hartbeesfontein,ZA,10,22294,
Birchcliffe-Cliffside,CA,08,22291,
Neustrelitz,DE,12,22291,
Tiverton,GB,ENG,22291,
Ivohibe,MG,24,22290,
Park Way,BR,07,22289,
San Lorenzo,HN,17,22289,
Sandyford,IE,L,22288,
Borssele,NL,10,22285,
Tafiré,CI,90,22284,Tafire
Ath Thumāmah Sab‘ah wa Arba‘ūn,QA,01,22284,Ath Thumamah Sab‘ah wa Arba‘un
Ath Thumāmah Sittah wa Arba‘ūn,QA,01,22284,Ath Thumamah Sittah wa Arba‘un
Ath Thumāmah Khamsūn,QA,01,22284,Ath Thumamah Khamsun
Setti Fatma,MA,07,22283,
Balamban,PH,07,22283,
San Martín,CO,19,22281,San Martin
Monte Aprazível,BR,27,22280,Monte Aprazivel
Valença do Piauí,BR,20,22279,Valenca do Piaui
Senden,DE,02,22275,
Kasamatsuchō,JP,09,22273,Kasamatsucho
Khanpur Mahar,PK,05,22273,
Lordelo do Ouro,PT,17,22270,
Cerro Azul,MX,30,22268,
Buan,KR,03,22267,
Demba,CD,23,22263,
Büren,DE,07,22263,Buren
Hingorja,PK,05,22263,
Koprivnica,HR,06,22262,
Oakdale,US,CA,22259,
Wanshun,CN,33,22256,
Darien,US,IL,22256,
Gulebage,CN,13,22255,
Vukovar,HR,18,22255,
Bloomingdale,US,IL,22254,
Lolodorf,CM,14,22252,
Frontignan,FR,76,22251,
Ādanāttutekkumuri Kizhakku,IN,13,22250,Adanattutekkumuri Kizhakku
El Hermel,LB,11,22250,
Ankola,IN,19,22249,
Mariāhu,IN,36,22248,Mariahu
Ayaviri,PE,21,22247,
Rockcliffe-Smythe,CA,08,22246,
Silvânia,BR,29,22245,Silvania
Lubań,PL,72,22245,Luban
Cardito,IT,04,22239,
Eilbek,DE,04,22235,
Tupiza,BO,07,22233,
Porto Sant'Elpidio,IT,10,22233,
Kilapavoor,IN,25,22231,
Menzel Jemil,TN,18,22231,
İznik,TR,16,22230,Iznik
Montecarlo,AR,14,22229,
Ibiá,BR,15,22229,Ibia
Chebba,TN,15,22227,
Rāmavarappādu,IN,02,22222,Ramavarappadu
Snina,SK,05,22221,
Purwā,IN,36,22220,Purwa
Uthai Thani,TH,15,22219,
Attimarappatti,IN,25,22218,
Namyang,KP,17,22218,
Northwood,US,CA,22218,
Płońsk,PL,78,22217,Płonsk
Dasnapur,IN,40,22216,
Badāmibāgh,IN,12,22214,Badamibagh
Venice,US,FL,22211,
Massey East,NZ,E7,22210,
Massey,NZ,E7,22210,
Árgos,GR,ESYE25,22209,Argos
Lingiādīh,IN,37,22209,Lingiadih
Al Jumūm,SA,14,22207,Al Jumum
Yatsuomachi-higashikumisaka,JP,42,22205,
Sahāwar,IN,36,22201,Sahawar
Ludlow,US,MA,22201,
Bhuban,IN,21,22200,
Ilave,PE,21,22200,
Duncan,CA,02,22199,
Guaranda,EC,03,22199,
Nilakottai,IN,25,22197,
Manage,BE,WAL,22196,
Medeiros Neto,BR,05,22194,
Kihancha,KE,36,22194,
Sidhaulī,IN,36,22193,Sidhauli
Nava,MX,07,22192,
Ivatsevichi,BY,01,22189,
Mayahi,NE,04,22183,
Shabestar,IR,33,22181,
Weligama,LK,34,22179,
Nyandoma,RU,06,22179,
South Bradenton,US,FL,22178,
Santo Antônio,BR,22,22177,Santo Antonio
Yabu,JP,13,22177,
Palavansathu,IN,25,22176,
Springvale,AU,07,22174,
Quintero,CL,01,22174,
Lý Sơn,VN,51,22174,Ly Son
Teodoro Sampaio,BR,27,22173,
Urk,NL,16,22173,
Río Segundo,AR,05,22171,Rio Segundo
Feira Nova,BR,30,22169,
Posto da Mata,BR,05,22168,
Araçariguama,BR,27,22168,Aracariguama
Novaya Usman’,RU,86,22165,
Lodeynoye Pole,RU,42,22164,
Thị Trấn Tiên Yên,VN,22,22164,Thi Tran Tien Yen
High Park North,CA,08,22162,
Qingnian,CN,33,22162,
Adra,IN,28,22159,
Nakagusuku,JP,47,22157,
Hajnówka,PL,81,22157,Hajnowka
Willowridge-Martingrove-Richview,CA,08,22156,
Shōbu,JP,34,22156,Shobu
Ino,JP,20,22155,
Kigonsera,TZ,14,22155,
Hillside,US,NJ,22155,
Al Wasl,AE,03,22153,
Muhammadābād,IN,36,22151,Muhammadabad
Sarapāka,IN,40,22149,Sarapaka
Mata Grande,BR,02,22147,
Langwarrin,AU,07,22146,
Foggy Bottom,US,DC,22146,
Riachão,BR,13,22145,Riachao
Bhānvad,IN,09,22142,Bhanvad
Campo De Ourique,PT,14,22140,
North Plainfield,US,NJ,22140,
Rotenburg,DE,06,22139,
Someshwar,IN,19,22137,
Beruri,BR,04,22136,
Ciempozuelos,ES,29,22132,
Wangyin,CN,15,22131,
Acworth,US,GA,22131,
Zhongchao,CN,18,22129,
Fo Tan,HK,NST,22127,
Shigang,CN,33,22126,
Pascagoula,US,MS,22126,
Igreja Nova,BR,02,22125,
Lai Chi Van,MO,11875161,22125,
Sunny Isles Beach,US,FL,22123,
Maua,KE,35,22121,
Kingsville,CA,08,22119,
Svetlyy,RU,23,22119,
Ihren,UA,04,22118,
Mansourah,DZ,39,22117,
De Meern,NL,09,22116,
Losino-Petrovskiy,RU,47,22116,
Voiron,FR,84,22114,
Roseburg,US,OR,22114,
Metzingen,DE,01,22112,
Chapchal,CN,13,22111,
Cunha,BR,27,22110,
Loos,FR,32,22107,
Rojas,AR,01,22106,
Nārāinpur,IN,37,22106,Narainpur
Ấp Phước Tĩnh,VN,79,22106,Ap Phuoc Tinh
Oxford,US,OH,22104,
Kushima,JP,25,22102,
Mena,ET,51,22100,
I-n-Tillit,ML,09,22100,
Moskovskiy,TJ,02,22100,
Namayumba,UG,C,22100,
Staraya Kupavna,RU,47,22099,
Nāmagiripettai,IN,25,22098,Namagiripettai
Merrick,US,NY,22097,
Maldegem,BE,VLG,22092,
Floridia,IT,15,22089,
Nāwa,IN,24,22088,Nawa
Timimoun,DZ,TM,22086,
Nogales,MX,30,22085,
Peravurani,IN,25,22084,
Dhankutā,NP,1,22084,Dhankuta
Somerset,US,NJ,22083,
Tinde,TZ,15,22082,
Moses Lake,US,WA,22082,
Naukot,PK,05,22081,
Fleurus,BE,WAL,22080,
Kathhāra,IN,38,22080,Kathhara
Yongxing,CN,15,22079,
San Cataldo,IT,15,22079,
São João da Madeira,PT,02,22079,Sao Joao da Madeira
Vilnohirsk,UA,04,22079,
Saginaw,US,TX,22079,
Greater Northdale,US,FL,22079,
Northdale,US,FL,22079,
Moloto South,ZA,07,22076,
Yokoshiba,JP,04,22075,
Summit,US,NJ,22074,
Watertown,US,SD,22073,
Pikalëvo,RU,42,22072,Pikalevo
Charentsavan,AM,05,22071,
Kathlāl,IN,09,22071,Kathlal
Rulenge,TZ,19,22069,
Siwāna,IN,24,22067,Siwana
Xiejiawan,CN,15,22066,
Scharnhorst,DE,07,22065,
Deoli,IN,24,22065,
Kozakai-chō,JP,01,22064,Kozakai-cho
Kizhuparamba,IN,13,22062,
Dutsen Wai,NG,23,22062,
Háje,CZ,52,22059,Haje
Navas,ES,56,22059,
Toubakoura,ML,07,22059,
Le Mée-sur-Seine,FR,11,22058,Le Mee-sur-Seine
Gediz,TR,43,22058,
Ḥamīdiyeh,IR,15,22057,Hamidiyeh
Dagbao I,CI,76,22056,
Palai,IN,13,22056,
Alliance,US,OH,22055,
Chhanerā,IN,35,22052,Chhanera
Kalispell,US,MT,22052,
Itaiópolis,BR,26,22051,Itaiopolis
Higashigō,JP,33,22051,Higashigo
Orahovac,XK,10096859,22049,
Kalbatau,KZ,12510143,22047,
Ceres,BR,29,22046,
San Giovanni la Punta,IT,15,22046,
South Holland,US,IL,22043,
Tsurugi-asahimachi,JP,15,22042,
Kurono,JP,09,22041,
Tékane,MR,06,22041,Tekane
Ryazhsk,RU,62,22041,
Dongta,CN,21,22040,
Warnes,BO,08,22036,
Villeneuve-la-Garenne,FR,11,22036,
Matinha,BR,13,22034,
Marakkanam,IN,25,22034,
Igra,RU,80,22033,
Maguan,CN,15,22032,
Kenmore,US,WA,22030,
Chhatrapur,IN,21,22027,
Silva Jardim,BR,21,22026,
Maswa,TZ,31,22025,
Retford,GB,ENG,22023,
Wanlaweyn,SO,14,22022,
Del City,US,OK,22022,Del
Arrasate / Mondragón,ES,59,22019,Arrasate / Mondragon
Tivoli,IT,07,22018,
Cecina,IT,16,22018,
Taveta,KE,47,22018,
Bhinga,IN,36,22016,
Derry,US,NH,22015,
Haderslev,DK,21,22011,
Ottosdal,ZA,10,22011,
Greystones,IE,L,22009,
Sokolov,CZ,81,22007,
Mersing,MY,01,22007,
Bom Jesus dos Perdões,BR,27,22006,Bom Jesus dos Perdoes
Tubmanburg,LR,15,22005,
Fécamp,FR,28,22003,Fecamp
Lauri,IN,35,22002,
Hamtramck,US,MI,22002,
Kingsview Village-The Westway,CA,08,22000,
Hoxtolgay,CN,13,22000,
Zhouzhuang,CN,04,22000,
Carrizal,ES,53,22000,
Hartīshēk,ET,52,22000,Hartishek
Digih Habar Es,ET,52,22000,
Atherton,GB,ENG,22000,
Heavitree,GB,ENG,22000,
Jafaro,MG,52,22000,
Volendam,NL,07,22000,
Kuri Dulal,PK,04,22000,
Chishmy,RU,08,22000,
Duba,SA,19,22000,
Marsiling,SG,03,22000,
Maliana,TL,BO,22000,
Kigumba,UG,W,22000,
Great Kills,US,NY,22000,
Wekiwa Springs,US,FL,21998,
Kreuzlingen,CH,TG,21997,
Berkhamsted,GB,ENG,21997,
Guiset East,PH,01,21994,
Leesburg,US,FL,21993,
Ecoporanga,BR,08,21992,
Ribarroja del Turia,ES,60,21992,
Mogliano Veneto,IT,20,21991,
Loma de Gato,PH,03,21990,
Duarte,US,CA,21990,
Noicattaro,IT,13,21988,
Ad Dānā,SY,12,21987,Ad Dana
Converse,US,TX,21987,
Koekelberg,BE,BRU,21984,
Łaziska Górne,PL,83,21983,Łaziska Gorne
Meinerzhagen,DE,07,21982,
Maḩmūdābād Nemūneh,IR,38,21982,Mahmudabad Nemuneh
Santiago de Cao,PE,13,21982,
Pitrufquén,CL,04,21981,Pitrufquen
Torre del Mar,ES,51,21980,
Sant Feliu de Guíxols,ES,56,21977,Sant Feliu de Guixols
Carrum Downs,AU,07,21976,
Cormeilles-en-Parisis,FR,11,21973,
Nalambūr,IN,25,21973,Nalambur
Pinhalzinho,BR,26,21972,
Khosrowshahr,IR,33,21972,
Halden,NO,13,21970,
Villa Park,US,IL,21969,
Zedelgem,BE,VLG,21968,
Adjaouèrè,BJ,17,21968,Adjaouere
Iracemápolis,BR,27,21967,Iracemapolis
Zhouqu Chengguanzhen,CN,15,21967,
Elsdorf,DE,07,21967,
Pakxan,LA,23,21967,
Camberwell,AU,07,21965,
Mrągowo,PL,85,21965,Mragowo
Menderes,TR,35,21965,
Monreale,IT,15,21964,
Kuppam,IN,02,21963,
Nang Rong,TH,28,21961,
Makurazaki,JP,18,21960,
Vertentes,BR,30,21959,
Arroio do Meio,BR,23,21958,
Koksijde,BE,VLG,21957,
Fatehābād,IN,36,21957,Fatehabad
Decatur,US,GA,21957,
Kīl Bhuvanagiri,IN,25,21956,Kil Bhuvanagiri
Saktī,IN,37,21955,Sakti
Andrychów,PL,77,21954,Andrychow
Park Forest,US,IL,21954,
Khwaeng Bang Plat,TH,40,21953,
Serro,BR,15,21952,
Karuvanthuruthy,IN,13,21952,
Fidenza,IT,05,21952,
Roshal’,RU,47,21951,
Adré,TD,12,21950,Adre
Heredia,CR,04,21947,
Zalun,MM,03,21947,
Soltau,DE,06,21945,
Kollivāyal,IN,25,21943,Kollivayal
Naka-niida,JP,24,21943,
Christiansburg,US,VA,21943,
Sysert’,RU,71,21942,
Pushun,CN,33,21940,
Sant Joan d'Alacant,ES,60,21939,
Gyál,HU,16,21937,Gyal
Flemingdon Park,CA,08,21933,
Jurupa Valley,US,CA,21930,
Hellevoetsluis,NL,11,21927,
Logan,US,PA,21926,
Ashland,US,CA,21925,
Mazagão,BR,03,21924,Mazagao
Artémida,GR,ESYE31,21924,Artemida
Phanat Nikhom,TH,46,21924,
West and East Lealman,US,FL,21924,
Sancoale,IN,33,21923,
Batu Anam,MY,01,21923,
Farragut,US,TN,21919,
Toyohama,JP,01,21917,
Ōizumimachi,JP,40,21916,Oizumimachi
La Porte,US,IN,21916,
Marsberg,DE,07,21914,
Costillares,ES,29,21914,
Dubnica nad Váhom,SK,06,21914,Dubnica nad Vahom
Xinmin,CN,33,21912,
Sankt Pölten,AT,03,21911,Sankt Polten
Nishiarai,JP,40,21910,
Reyes Acozac,MX,15,21910,
Seesen,DE,06,21909,
Paosha,CN,15,21907,
Polichalur,IN,25,21906,
Labis,MY,01,21906,
Ituberá,BR,05,21902,Itubera
Westerstede,DE,06,21902,
St. Pauli,DE,04,21902,
Malanday,PH,40,21901,
São Miguel do Araguaia,BR,29,21900,Sao Miguel do Araguaia
Moncada,ES,60,21900,
Ban Na San,TH,60,21900,
Kampung Batu Empat,MY,01,21898,
Kaiama,NG,30,21897,
Mount Vernon Triangle,US,DC,21897,
Árta,GR,ESYE21,21895,Arta
Taphan Hin,TH,13,21895,
Béguédo,BF,04,21894,Beguedo
Bhābhar,IN,09,21894,Bhabhar
São Francisco de Paula,BR,23,21893,Sao Francisco de Paula
Hohen Neuendorf,DE,11,21893,
Sainte-Foy-lès-Lyon,FR,84,21893,Sainte-Foy-les-Lyon
Playas del Rosario,MX,27,21893,
Rembertów,PL,78,21893,Rembertow
Muzambinho,BR,15,21891,
Khanu Woralaksaburi,TH,11,21889,
Rydułtowy,PL,83,21887,
Pio XII,BR,13,21886,
Toguchin,RU,53,21886,
Nowrozabad,IN,35,21883,
Khānsār,IR,28,21883,Khansar
Yŏnggwang-ŭp,KP,03,21882,Yonggwang-up
Gelnhausen,DE,05,21881,
Castel Volturno,IT,04,21881,
Laungowāl,IN,23,21880,Laungowal
Mondovì,IT,12,21880,Mondovi
Gnatroa,CI,95,21879,
Lavradio,PT,19,21877,
Prairie Village,US,KS,21877,
Kam Tin,HK,NYL,21876,
Smithfield,US,RI,21872,
Mbaïki,CF,07,21867,Mbaiki
Wāliṅ,NP,4,21867,Walin
Coín,ES,51,21866,Coin
Namie,JP,08,21866,
Clarksville,US,IN,21866,
Huetamo de Núñez,MX,16,21864,Huetamo de Nunez
Siyeke,CN,13,21862,
Bangolo,CI,78,21861,
Ossett,GB,ENG,21861,
Chāchaura,IN,35,21860,Chachaura
Ghulewadi,IN,16,21860,
Wadsworth,US,OH,21860,
Esparreguera,ES,56,21855,
Chandrakona,IN,28,21855,
Chatuchak subdistrict,TH,40,21853,
Sant Antoni de Portmany,ES,07,21852,
Dasheng,CN,33,21850,
South Parkdale,CA,08,21849,
Dayang,CN,15,21846,
Sangod,IN,24,21846,
Camas,US,WA,21846,
Tsz Ching Estate,HK,KWT,21845,
Kafr Zaytā,SY,10,21845,Kafr Zayta
Elburg,NL,03,21844,
Kherālu,IN,09,21843,Kheralu
Várzea Alegre,BR,06,21841,Varzea Alegre
El Ksiba,MA,05,21840,
Edegem,BE,VLG,21839,
Swanley,GB,ENG,21839,
maalot Tarshīhā,IL,03,21836,maalot Tarshiha
Farakka,IN,28,21834,
Mulavukad,IN,13,21833,
Luchegorsk,RU,59,21833,
Fubang,CN,29,21828,
Sakaraha,MG,51,21826,
Gohouo,CI,78,21824,
Mangalvedha,IN,16,21824,
Quellón,CL,14,21823,Quellon
Nova Alvorada do Sul,BR,11,21822,
Tongjiaxi,CN,33,21820,
Reigate,GB,ENG,21820,
Māniyūr,IN,13,21820,Maniyur
Kantābānji,IN,21,21819,Kantabanji
Kafr Lāhā,SY,11,21819,Kafr Laha
Fort Walton Beach,US,FL,21817,
Linëvo,RU,53,21816,Linevo
Alfter,DE,07,21814,
Māmūnīyeh,IR,34,21814,Mamuniyeh
Orbassano,IT,12,21813,
Nerja,ES,51,21811,
Fengjia,CN,33,21810,
Tanglin,SG,00,21810,
Ucuma,AO,08,21809,
San Justo,AR,21,21809,
Mossaka,CG,13,21809,
Orobó,BR,30,21808,Orobo
Kizel,RU,90,21807,
Geneva,US,IL,21806,
Brent,US,FL,21804,
Sondershausen,DE,15,21802,
Las Matas de Farfán,DO,23,21802,Las Matas de Farfan
Intich’o,ET,53,21800,
Āyana,ET,51,21800,Ayana
Adebaye,ET,53,21800,
Damboya,ET,55,21800,
Kihihi,UG,W,21800,
Verdun,FR,44,21798,
Goaso,GH,12,21798,
Santa María de Jesús,GT,16,21795,Santa Maria de Jesus
Chalthan,IN,09,21795,
San Miguel del Monte,AR,01,21794,
Poço Verde,BR,28,21794,Poco Verde
South Euclid,US,OH,21794,
Collingwood,CA,08,21793,
Niakaramandougou,CI,90,21793,
Dashu,CN,33,21793,
Ogura,JP,10,21792,
Gorongosa,MZ,05,21792,
Kırkağaç,TR,45,21789,Kırkagac
Tāzah Khūrmātū,IQ,13,21788,Tazah Khurmatu
Santa María Atzompa,MX,20,21788,Santa Maria Atzompa
Aghajari,IR,15,21785,
Küçükçiğli,TR,35,21784,Kucukcigli
Jainagar,IN,34,21782,
Ubiaja,NG,37,21782,
Torrelodones,ES,29,21781,
Gajowice,PL,72,21781,
Çaycuma,TR,85,21773,Caycuma
Kopawor,IN,12,21771,
Zemoura,DZ,51,21770,
Conceição de Macabu,BR,21,21769,Conceicao de Macabu
Vredendal,ZA,11,21769,
Huamachuco,PE,13,21768,
Camabatela,AO,05,21767,
Lake Sebu,PH,12,21767,
Tenango de Arista,MX,15,21765,
Sakri,IN,16,21764,
Brushy Creek,US,TX,21764,
Dattāpur,IN,16,21763,Dattapur
Laguna de Duero,ES,55,21762,
Bakal,RU,13,21762,
Świebodzin,PL,76,21757,Swiebodzin
Środa Wielkopolska,PL,86,21757,Sroda Wielkopolska
Rottingdean,GB,ENG,21756,
Umarsera,IN,16,21752,
Napāsar,IN,24,21750,Napasar
Dagana,SN,14,21750,
Shendurjana,IN,16,21748,
Pātūr,IN,16,21747,Patur
Westchase,US,FL,21747,
Sugar Hill,US,GA,21747,
Kebonarun,ID,07,21745,
Ōyama,JP,37,21744,Oyama
Shibetsu,JP,12,21744,
Kamienna Góra,PL,72,21743,Kamienna Gora
Cazin,BA,01,21741,
Vélizy-Villacoublay,FR,11,21741,Velizy-Villacoublay
Baléyara,NE,09,21740,Baleyara
Musan-ŭp,KP,17,21739,Musan-up
Chiconcuac,MX,15,21738,
Black Creek,CA,08,21737,
Digboi,IN,03,21736,
Hulbuk,TJ,02,21736,
Farkhor,TJ,02,21736,
Apuí,BR,04,21735,Apui
Carcaixent,ES,60,21735,
Bostānābād,IR,33,21734,Bostanabad
Amersham,GB,ENG,21731,
Alhandra,BR,17,21730,
Mooi River,ZA,02,21730,
Phumĭ Tnaôt,KH,05,21727,Phumi Tnaot
Chillicothe,US,OH,21727,
Zabré,BF,04,21726,Zabre
Herval dOeste,BR,26,21724,
Jirapur,IN,35,21724,
Paraguaçu,BR,15,21723,Paraguacu
Aoulef,DZ,34,21723,
Kalleribhāgam,IN,13,21723,Kalleribhagam
Saint-Lô,FR,28,21722,Saint-Lo
Balbriggan,IE,L,21722,
Muthupet,IN,25,21722,
Ban Nong Wua So,TH,76,21722,
Monor,HU,16,21720,
Łęczna,PL,75,21719,Łeczna
Guapiaçu,BR,27,21711,Guapiacu
Bhaun,PK,04,21711,
Yaloké,CF,17,21710,Yaloke
Tauramena,CO,32,21709,
Tuxpan,MX,18,21709,
Pampierstad,ZA,08,21707,
Dum Duma,IN,03,21706,
South Lake Tahoe,US,CA,21706,
Tīrān,IR,28,21703,Tiran
Letňany,CZ,52,21702,Letnany
Sombrerete,MX,32,21702,
Feraoun,DZ,18,21700,
Mīlē,ET,45,21700,Mile
Anthem,US,AZ,21700,
Tepecik,TR,34,21699,
West Carson,US,CA,21699,
Assaré,BR,06,21697,Assare
Poggibonsi,IT,16,21692,
Mogán,ES,53,21690,Mogan
Căuşeni,MD,67,21690,Causeni
Crowborough,GB,ENG,21688,
Otukpa,NG,26,21686,
Khadyzhensk,RU,38,21685,
Massapequa,US,NY,21685,
Villa Allende,AR,05,21683,
Al Jazeera Aba,SD,41,21683,
Ferūnābād,IR,26,21682,Ferunabad
Pāmpur,IN,12,21680,Pampur
Bougado,PT,17,21680,
El Mansouria,MA,06,21679,
Canton,US,MA,21679,
Karak City,JO,09,21678,Karak
Gembloux,BE,WAL,21676,
Munderi,IN,13,21676,
Maamba,ZM,07,21676,
Ḩājjīābād,IR,07,21675,Hajjiabad
Roselle,US,NJ,21670,
Lincoln,US,RI,21670,
Lumberton,US,NC,21667,
Sūrajgarh,IN,24,21666,Surajgarh
Ibicaraí,BR,05,21665,Ibicarai
Jinlong,CN,33,21665,
Lindlar,DE,07,21665,
Kadayal,IN,25,21665,
Carbonia,IT,14,21664,
Mwanhuzi,TZ,31,21664,
Mungo,AO,08,21662,
San Pablo,CR,04,21662,
Achères,FR,11,21660,Acheres
Porac,PH,03,21660,
Petatlán,MX,12,21659,Petatlan
Tsukumiura,JP,30,21658,
Lusaka West,ZM,09,21655,
Porto Torres,IT,14,21653,
Wrzeszcz Dolny,PL,82,21648,
Legnago,IT,20,21646,
El Salto,MX,14,21644,
Yasothon,TH,72,21643,
Riachão das Neves,BR,05,21642,Riachao das Neves
Kutná Hora,CZ,88,21642,Kutna Hora
Karben,DE,05,21642,
Hadley Wood,GB,ENG,21639,
Oguta,NG,28,21639,
Núcleo Bandeirante,BR,07,21636,Nucleo Bandeirante
São Miguel do Guaporé,BR,24,21635,Sao Miguel do Guapore
Cabramatta,AU,02,21634,
Yamaranguila,HN,10,21633,
Kundli,IN,10,21633,
Bālāchor,IN,23,21631,Balachor
Bad Pyrmont,DE,06,21629,
Miandrivazo,MG,54,21627,
Pushkar,IN,24,21626,
Wieluń,PL,74,21624,Wielun
Beni Khiar,TN,19,21624,
Tsetserleg,MN,01,21620,
Honglu,CN,33,21618,
Timbiquí,CO,09,21618,Timbiqui
Toviklin,BJ,12,21617,
Taylors,US,SC,21617,
Rixensart,BE,WAL,21616,
Luckenwalde,DE,11,21616,
Bela Vista,BR,11,21613,
As Sibā‘īyah,EG,16,21610,As Siba‘iyah
Al Waheda,AE,03,21608,
Guben,DE,11,21608,
Doda,IN,12,21605,
Diễn Thành,VN,40,21605,Dien Thanh
Donaueschingen,DE,01,21604,
Karanpur,IN,24,21604,
Aplerbeck,DE,07,21600,
Ashburton,NZ,E9,21600,
Yucca Valley,US,CA,21600,
G‘azalkent,UZ,14,21600,
Macarani,BR,05,21599,
Gorbitz,DE,13,21599,
Chapala,MX,14,21596,
Shahrak-e ‘Alā’īn,IR,26,21594,Shahrak-e ‘Ala’in
Trat,TH,49,21590,
Kilkenny,IE,L,21589,
Tsawwassen,CA,02,21588,
Boraure,VE,22,21588,
Xanten,DE,07,21587,
Westford,US,MA,21587,
Zacatepec,MX,17,21586,
Chemini,DZ,18,21585,
Navalcarnero,ES,29,21584,
Ibirubá,BR,23,21583,Ibiruba
Lunéville,FR,44,21582,Luneville
Samthar,IN,36,21582,
Rittenhouse,US,PA,21582,
Clarines,VE,02,21582,
Meiningen,DE,15,21580,
Banat,IN,36,21580,
Fronan,CI,90,21579,
Dhekiajuli,IN,03,21579,
Biéby,CI,82,21578,Bieby
Xinshi,CN,33,21578,
Guayama,PR,057,21575,
Loja,ES,51,21574,
Damboa,NG,27,21571,
Māndalgarh,IN,24,21569,Mandalgarh
Acreúna,BR,29,21568,Acreuna
The Beaches,CA,08,21567,
Edgewater,US,FL,21566,
Polkowice,PL,72,21565,
Eckernförde,DE,10,21563,Eckernforde
Deuil-la-Barre,FR,11,21560,
H̱ura,IL,01,21558,Hura
Cuenca,PH,40,21558,
Planadas,CO,28,21557,
Coronel Pringles,AR,01,21555,
Mount Barker,AU,05,21554,
Opfikon,CH,ZH,21554,
Yashiro,JP,13,21554,
Mhango,TZ,15,21553,
Allison Park,US,PA,21552,
Shawan,CN,15,21551,
Nāḩiyat al Fuhūd,IQ,09,21551,Nahiyat al Fuhud
Barāra,IN,10,21545,Barara
Kodamachō-kodamaminami,JP,34,21544,Kodamacho-kodamaminami
El Jem,TN,15,21544,
Aglantziá,CY,04,21543,Aglantzia
Medina del Campo,ES,55,21540,
La Celle-Saint-Cloud,FR,11,21539,
Suai,TL,CO,21539,
Baie-Comeau,CA,10,21536,
Santa Rita,HN,18,21536,
Bloomfield,US,CT,21535,
Bandar Baru Salak Tinggi,MY,12,21534,
Bay Point,US,CA,21534,
Sahline,TN,16,21533,
Portsmouth,US,NH,21530,
Dillingen,DE,09,21526,
Wexford,IE,L,21524,
Ladário,BR,11,21522,Ladario
Pedro Canário,BR,08,21522,Pedro Canario
Beroun,CZ,88,21521,
Annecy-le-Vieux,FR,84,21521,
Selydove,UA,05,21521,
Kilwa Masoko,TZ,07,21519,
Boca da Mata,BR,02,21517,
Takaba,KE,33,21517,
Sedalia,US,MO,21516,
Namrole,ID,28,21513,
Mari,BR,17,21512,
Naples,US,FL,21512,
Sceaux,FR,11,21511,
Jiangnan,CN,33,21509,
Nyamata,RW,11,21509,
Überlingen,DE,01,21507,Uberlingen
Lusan,DE,15,21507,
Hlanganani,ZA,07,21506,
Wilnsdorf,DE,07,21505,
Bastos,BR,27,21503,
Aarau,CH,AG,21503,
Tammampatti,IN,25,21503,
Chamba,IN,11,21502,
Murādābād Pahāri,IN,07,21502,Muradabad Pahari
Bozova,TR,63,21502,
Tanki Leendert,AW,00,21500,
Punākha,BT,15,21500,Punakha
Huskvarna,SE,08,21500,
Havza,TR,55,21500,
Juma Shahri,UZ,10,21500,
Parelhas,BR,22,21499,
Renxian,CN,33,21499,
Patterson,US,CA,21498,
Greenfield,US,IN,21497,
Alta Floresta d'Oeste,BR,24,21494,
Ibiza,ES,29,21492,
Livadeiá,GR,ESYE24,21492,Livadeia
Iguaí,BR,05,21491,Iguai
Waynesboro,US,VA,21491,
Kowŏn-ŭp,KP,03,21490,Kowon-up
Oostkamp,BE,VLG,21489,
Jebba,NG,30,21488,
Mahādula,IN,16,21481,Mahadula
Kampung Teluk Kumbar,MY,09,21481,
Ad Darbāsīyah,SY,01,21481,Ad Darbasiyah
Hoogezand,NL,04,21480,
H Street NE,US,DC,21480,
Ruhango,RW,15,21478,
Chaksawari,PK,06,21475,
Bedford,CA,07,21474,
Lannion,FR,53,21473,
Waren,DE,12,21470,
Cerqueira César,BR,27,21469,Cerqueira Cesar
Richmond,GB,ENG,21469,
Shimanovsk,RU,05,21466,
Fort St. John,CA,02,21465,
Kotli Loharan,PK,04,21463,
Katesh,TZ,27,21462,
Albertville,US,AL,21462,
General Juan Madariaga,AR,01,21461,
Loncoche,CL,04,21458,
Bānsdīh,IN,36,21457,Bansdih
Srisailam Project RFC Township,IN,02,21452,
Masatepe,NI,11,21452,
Sintra-Nema,GW,11,21451,
Belén de Umbría,CO,24,21450,Belen de Umbria
Französisch Buchholz,DE,16,21449,Franzosisch Buchholz
Cikcilli,TR,07,21449,
Old Trafford,GB,ENG,21447,
Shahpur Chakar,PK,05,21446,
Aguilares,SV,10,21445,
Wissinoming,US,PA,21445,
Cordeiro,BR,21,21444,
Bogandé,BF,08,21443,Bogande
Glauchau,DE,13,21442,
Pukekohe East,NZ,E7,21438,
Stoneham,US,MA,21437,
Tambaú,BR,27,21435,Tambau
Bacheli,IN,37,21435,
Ahfir,MA,02,21435,
Rimavská Sobota,SK,01,21434,Rimavska Sobota
Icapuí,BR,06,21433,Icapui
Moularès,TN,30,21431,Moulares
Āsika,IN,21,21428,Asika
Tustin Legacy,US,CA,21428,
Berestyn,UA,07,21426,
Shangchong,CN,18,21425,
Stadtallendorf,DE,05,21425,
Basking Ridge,US,NJ,21424,
Perrysburg,US,OH,21423,
Azambuja,PT,14,21422,
São João do Piauí,BR,20,21421,Sao Joao do Piaui
Uruçuca,BR,05,21420,Urucuca
Erie,US,CO,21420,
Pilar de la Horadada,ES,60,21418,
Baoluan,CN,33,21417,
Guruvāyūr,IN,13,21416,Guruvayur
Matupá,BR,14,21415,Matupa
Denain,FR,32,21412,
Marang,MY,13,21410,
Jandaia do Sul,BR,18,21408,
Atoyac de Álvarez,MX,12,21407,Atoyac de Alvarez
Liuping,CN,15,21406,
Allauch,FR,93,21406,
Speke,GB,ENG,21403,
Garston,GB,ENG,21403,
Michle,CZ,52,21402,
Shimoda,JP,37,21402,
Bayi,CN,14,21400,
Indabaguna,ET,53,21400,
Kovylkino,RU,46,21400,
Klamath Falls,US,OR,21399,
Clinton,US,UT,21399,
Akaike,JP,07,21398,
Concarneau,FR,53,21397,
Otradnoye,RU,42,21397,
Zabrat,AZ,09,21396,
Bayview Village,CA,08,21396,
Eysines,FR,75,21394,
Lālru,IN,23,21394,Lalru
Halle,DE,07,21393,
Bansalan,PH,11,21391,
Green Valley,US,AZ,21391,
Inopacan,PH,08,21389,
Kitzingen,DE,02,21387,
La Jagua de Ibirico,CO,10,21386,
Aţ Ţaraf,SA,06,21386,At Taraf
Eldama Ravine,KE,10,21385,
Perdões,BR,15,21384,Perdoes
Paxtakor Shahri,UZ,15,21384,
Siilinjärvi,FI,11,21383,Siilinjarvi
Evans,US,CO,21383,
Mandan,US,ND,21382,
East End-Danforth,CA,08,21381,
Armilla,ES,51,21380,
Rawicz,PL,86,21380,
Demirci,TR,45,21378,
Virugambakkam,IN,25,21376,
Winchester,US,MA,21374,
Fortín de las Flores,MX,30,21370,Fortin de las Flores
Bilohorodka,UA,13,21369,
Okemos,US,MI,21369,
Judian,CN,29,21368,
Penja,CM,05,21367,
Chotila,IN,09,21364,
Madonna di Campagna,IT,12,21362,
Croix,FR,32,21361,
Vāsudevanallūr,IN,25,21361,Vasudevanallur
Auerbach,DE,13,21358,
Forbach,FR,44,21358,
Schortens,DE,06,21357,
Arnold,US,MO,21357,
Kuju,IN,38,21356,
Wittmund,DE,06,21355,
Cabra,ES,51,21352,
Péfki,GR,ESYE31,21352,Pefki
Hafshejān,IR,03,21352,Hafshejan
Galūgāh,IR,35,21352,Galugah
Galūgāh,IR,35,21352,Galugah
Manosque,FR,93,21351,
East Moline,US,IL,21350,
Vilkpėdė,LT,65,21346,Vilkpede
Hebburn,GB,ENG,21345,
Darton,GB,ENG,21345,
Brummen,NL,03,21344,
Padmanābhapuram,IN,25,21342,Padmanabhapuram
Kiwira,TZ,09,21342,
Owen Sound,CA,08,21341,
Mandāwar,IN,36,21339,Mandawar
Zhangaqorghan,KZ,14,21339,
West Pensacola,US,FL,21339,
Paippad,IN,13,21338,
Kinston,US,NC,21337,
Lichtenfels,DE,02,21336,
Mahgawān,IN,35,21335,Mahgawan
Kondasamudram,IN,25,21335,
Dagadji,CI,76,21333,
Bad Kissingen,DE,02,21328,
Terrier Rouge,HT,10,21328,
Valongo,PT,17,21328,
Bedi,IN,09,21327,
Çine,TR,09,21327,Cine
Guocun,CN,33,21326,
Isla Cristina,ES,51,21324,
Tiom,ID,PE,21324,
Tekāri,IN,34,21324,Tekari
Dindori,IN,35,21323,
Sugita,JP,19,21318,
Shelbyville,US,TN,21317,
Butarque,ES,29,21316,
Cártama,ES,51,21313,Cartama
Channagiri,IN,19,21313,
Armidale,AU,02,21312,
Nakhon Nayok,TH,43,21309,
Kuzhithurai,IN,25,21307,
Ban Laongam,LA,19,21304,
Balwyn North,AU,07,21302,
Assab,ER,03,21300,
Sīrē,ET,51,21300,Sire
Dibate,ET,47,21300,
Kiziba,UG,C,21300,
Várpalota,HU,23,21299,Varpalota
Seligenstadt,DE,05,21298,
Assomada,CV,15,21297,
Marquette,US,MI,21297,
Kodamthuruth,IN,13,21295,
Querenburg,DE,07,21294,
Telsiai,LT,63,21294,
Hongzhou,CN,18,21293,
Ghātanji,IN,16,21293,Ghatanji
El Bolsón,AR,16,21287,El Bolson
Ōmamachō-ōmama,JP,10,21286,Omamacho-omama
Sonthofen,DE,02,21285,
Fairfield Heights,US,IN,21285,
Bensekrane,DZ,15,21283,
Biddeford,US,ME,21282,
Cranbourne,AU,07,21281,
Workington,GB,ENG,21275,
Greenvale,AU,07,21274,
Haidong Zhen,CN,29,21274,
Maro,TD,19,21274,
Qiaotou,CN,15,21273,
Naduvattam,IN,13,21273,
Lugo,IT,05,21273,
Gordon Head,CA,02,21270,
Gryfino,PL,87,21270,
Golden Valley,US,MN,21270,
Illescas,ES,54,21264,
Náchod,CZ,82,21263,Nachod
Esquilino,IT,07,21263,
Canyon Lake,US,TX,21262,
Saint-Mandé,FR,11,21261,Saint-Mande
Conda,AO,06,21260,
Capunda,AO,06,21260,
North Lakes,AU,04,21260,
Chhāta,IN,36,21260,Chhata
Conda,US,ID,21260,
Ghayl Bā Wazīr,YE,04,21259,Ghayl Ba Wazir
Rolante,BR,23,21253,
Verena,ZA,06,21252,
Patzicía,GT,03,21249,Patzicia
Oxford,US,AL,21249,
Arzignano,IT,20,21247,
Dunbar-Southlands,CA,02,21245,
Galébré,CI,95,21245,Galebre
Groß-Umstadt,DE,05,21245,
Traunreut,DE,02,21244,
Muara Bungo,ID,05,21243,
Katutura,NA,21,21243,
Essendon,AU,07,21240,
Amposta,ES,56,21240,
Lenger,KZ,10,21238,
Jose Pañganiban,PH,05,21236,Jose Panganiban
Krzyki-Partynice,PL,72,21233,
South Milwaukee,US,WI,21233,
Horley,GB,ENG,21232,
Ebara,JP,40,21232,
San Ignacio,BZ,02,21229,
Marina,US,CA,21229,
Plaine du Var,FR,93,21228,
Vilar,PT,02,21227,
Cowes,GB,ENG,21226,
Mukilteo,US,WA,21226,
Chã Grande,BR,30,21224,Cha Grande
Dupax del Sur,PH,02,21224,
Morayfield,AU,04,21221,
São Sepé,BR,23,21219,Sao Sepe
Barnes,GB,ENG,21218,
Bobonong,BW,01,21216,
Oakwood Village,CA,08,21210,
Santa Cruz de Mora,VE,14,21209,
Cassano Magnago,IT,09,21208,
Rancho San Diego,US,CA,21208,
Iriona,HN,03,21207,
Löbtau,DE,13,21205,Lobtau
Sampués,CO,27,21204,Sampues
Pirkkala,FI,06,21204,
Taurage,LT,62,21203,
Merefa,UA,07,21202,
Sanaur,IN,23,21201,
Essling,AT,09,21200,
Békés,HU,03,21198,Bekes
Sheksna,RU,85,21197,
Charleston,US,IL,21196,
Abdulino,RU,55,21195,
Yarovoye,RU,04,21195,
São José da Laje,BR,02,21193,Sao Jose da Laje
Caaporã,BR,17,21193,Caapora
Vrede,ZA,03,21193,
Eschwege,DE,05,21191,
Dippa Kunda,GM,01,21190,
Bidbid,OM,01,21188,
Bedford,US,NH,21188,
Moussadougou,CI,95,21186,
Altinho,BR,30,21185,
Qitang,CN,33,21185,
Kuang,MY,12,21185,
Shāzand,IR,34,21181,Shazand
Terek,RU,22,21180,
Eppingen,DE,01,21179,
Caia,MZ,05,21179,
Chhor,PK,05,21178,
Västervik,SE,09,21178,Vastervik
Hawthorn South,AU,07,21177,
Glenferrie,AU,07,21177,
Reethapuram,IN,25,21177,
Teofilândia,BR,05,21176,Teofilandia
Uxbridge,CA,08,21176,
Romita,MX,11,21176,
Pleasant Plains,US,DC,21174,
Jimaguayú,CU,05,21169,Jimaguayu
Kottappally,IN,13,21169,
Caparica,PT,19,21167,
Tinja,TN,18,21167,
Hacılar,TR,38,21167,
Volnovakha,UA,05,21166,
Judeida Makr,IL,03,21163,
Follonica,IT,16,21163,
Troyan,BG,46,21162,
Qingping,CN,33,21160,
Areeiro,PT,14,21160,
Oýrat,TM,03,21160,Oyrat
Cauto Cristo,CU,09,21159,
Palma del Río,ES,51,21159,Palma del Rio
Serchhīp,IN,31,21158,Serchhip
Montmorency,FR,11,21156,
Tanushimarumachi-toyoki,JP,07,21156,
Carrboro,US,NC,21156,
Dukinfield,GB,ENG,21155,
Porte Saint-Martin,FR,11,21154,
Crest Hill,US,IL,21153,
Pudupattanam,IN,25,21151,
Saint Andrews,US,SC,21151,
Gosnells,AU,08,21149,
Maracaçumé,BR,13,21149,Maracacume
Hino,JP,35,21149,
Oegstgeest,NL,11,21149,
San José de Ocoa,DO,36,21148,San Jose de Ocoa
San Nicola la Strada,IT,04,21147,
Dalat,MY,11,21147,
Oued el Alleug,DZ,20,21146,
Telhāra,IN,16,21146,Telhara
Arouca,PT,02,21146,
Dee Why,AU,02,21145,
Thiene,IT,20,21145,
Garko,NG,55,21141,
Gardanne,FR,93,21140,
Lephalale,ZA,09,21133,
Olho d'Água das Flores,BR,02,21132,Olho d'Agua das Flores
Furano,JP,12,21131,
Oghi,PK,03,21129,
Mokwa,NG,31,21128,
Paiján,PE,13,21128,Paijan
Narkher,IN,16,21127,
Działdowo,PL,85,21127,
Zerbst,DE,14,21124,
Les Lilas,FR,11,21124,
Dronfield,GB,ENG,21124,
Sasmuan,PH,03,21124,
Lebedinovka,KG,02,21118,
Zelenchukskaya,RU,27,21117,
Princesa Isabel,BR,17,21114,
Hoeyang,KP,09,21111,
Thorncliffe Park,CA,08,21108,
Ashland,US,KY,21108,
Ajnāla,IN,23,21107,Ajnala
Nhamundá,BR,04,21106,Nhamunda
Al-Fashaqah,SD,39,21106,
Kuyera,ET,51,21100,
Puente de Ixtla,MX,17,21098,
Ripley,GB,ENG,21097,
Zemst,BE,VLG,21096,
Alto Alegre,BR,25,21096,
Townline,CA,02,21095,
Francavilla al Mare,IT,01,21095,
Isaka,TZ,15,21094,
São Domingos do Araguaia,BR,16,21092,Sao Domingos do Araguaia
Hays,US,KS,21092,
Hlohlolwane,ZA,03,21089,
Molave,PH,09,21088,
ʻEwa Beach-Iroquois Point,US,HI,21088,
Itapaci,BR,29,21087,
Santa Bárbara do Pará,BR,16,21087,Santa Barbara do Para
Anthiyur,IN,25,21086,
Sulmona,IT,01,21086,
Chopinzinho,BR,18,21085,
Fleury-les-Aubrais,FR,24,21085,
Bisālgarh,IN,26,21085,Bisalgarh
São Marcos,BR,23,21084,Sao Marcos
Dhulagari,IN,28,21080,
Kuseifa,IL,01,21079,
San Pedro Totoltepec,MX,15,21076,
Ḩalḩūl,PS,WE,21076,Halhul
Mililani Mauka,US,HI,21075,
Cassino,IT,07,21074,
Xoxocotla,MX,17,21074,
Greensborough,AU,07,21070,
Dammarie-les-Lys,FR,11,21066,
Porto Real,BR,21,21064,
Klotzsche,DE,13,21064,
Goodlands,MU,19,21063,
Kremenets,UA,22,21063,
Las Torres de Cotillas,ES,31,21062,
Ha Tsuen,HK,NYL,21060,
Talala,IN,09,21060,
Palmeirândia,BR,13,21059,Palmeirandia
Suvorov,RU,76,21059,
Ferguson,US,MO,21059,
Hansestadt Salzwedel,DE,14,21058,
Phayao,TH,41,21058,
Grivegnée,BE,WAL,21057,Grivegnee
Jauja,PE,12,21057,
Caxambu,BR,15,21056,
Omagh,GB,NIR,21056,
Paulistana,BR,20,21055,
Bayaguana,DO,32,21055,
Būndu,IN,38,21054,Bundu
Conway,US,SC,21053,
Laurelton,US,NY,21053,
Muxaluando,AO,19,21052,
Laje,BR,05,21052,
Püttlingen,DE,09,21052,Puttlingen
March,GB,ENG,21051,
Lino Lakes,US,MN,21050,
Zhuantang,CN,33,21048,
West Lake Stevens,US,WA,21047,
Itapecerica,BR,15,21046,
Paka,MY,13,21044,
Itambacuri,BR,15,21042,
Aichach,DE,02,21042,
Haney,CA,02,21041,
Novy Oskol,RU,09,21035,
Kirwan,AU,04,21034,
Teliamura,IN,26,21032,
New Hope,US,MN,21032,
Mirador,BR,13,21030,
Devgadh Bāriya,IN,09,21030,Devgadh Bariya
Shin’ichi,JP,11,21030,
Gikongoro,RW,15,21029,
São Jerônimo,BR,23,21028,Sao Jeronimo
Caohui,CN,33,21028,
Stowmarket,GB,ENG,21028,
Hendrik-Ido-Ambacht,NL,11,21027,
Patharia,IN,35,21026,
Yachiyo,JP,14,21026,
Patnāgarh,IN,21,21024,Patnagarh
Kiraoli,IN,36,21024,
Palm River-Clair Mel,US,FL,21024,
Glencoe,ZA,02,21024,
Trussville,US,AL,21023,
Tabursuq,TN,17,21022,
Gazojak,TM,04,21021,
Klaukkala,FI,01,21019,
Belas,PT,14,21019,
Az Zuwaytīnah,LY,83,21015,Az Zuwaytinah
Jēkabpils,LV,10,21014,Jekabpils
Alagoa Nova,BR,17,21013,
Bhānpura,IN,35,21013,Bhanpura
Perinjanam,IN,13,21012,
l'Alfàs del Pi,ES,60,21011,l'Alfas del Pi
Bangkit,SG,,21010,
Shuren,CN,33,21009,
Esquías,HN,04,21009,Esquias
Xinyingpan,CN,29,21008,
Vaterstetten,DE,02,21007,
Tanhaçu,BR,05,21006,Tanhacu
Shigu,CN,29,21006,
Woodrow,US,NY,21005,
Al Brouj,MA,06,21004,
Anklav,IN,09,21003,
Clevedon,GB,ENG,21002,
Maesteg,GB,WLS,21001,
Ribeirão da Ilha,BR,26,21000,Ribeirao da Ilha
Freguesia do Ribeirao da Ilha,BR,26,21000,
Keswick,CA,08,21000,
Anju,CN,33,21000,
Sanjianzai,CN,30,21000,
Taïbet,DZ,TG,21000,Taibet
La Felguera,ES,34,21000,
Notting Hill,GB,ENG,21000,
Guiseley,GB,ENG,21000,
Abrama,IN,09,21000,
Mahdishahr,IR,25,21000,
Vakarai,LK,37,21000,
Soanindrariny,MG,12,21000,
Sitampiky,MG,41,21000,
Ampasimanolotra,MG,31,21000,
Laventille,TT,SJL,21000,
Usangi,TZ,06,21000,
Usa River,TZ,26,21000,
Hedaru,TZ,06,21000,
Nachingwea,TZ,07,21000,
Bagulā,IN,28,20999,Bagula
Holzminden,DE,06,20998,
Ţorqabeh,IR,42,20998,Torqabeh
Corinth,US,TX,20998,
Sabunçu,AZ,09,20996,Sabuncu
Versmold,DE,07,20996,
Solin,HR,15,20996,
Burunday,KZ,01,20996,
Varennes,CA,10,20994,
Dinguiraye,GN,F,20993,
Swellendam,ZA,11,20993,
Zaouiet Sousse,TN,23,20992,
Mountlake Terrace,US,WA,20989,
Cassilândia,BR,11,20988,Cassilandia
Laranjeiro,PT,19,20988,
Chester,US,VA,20987,
Aytos,BG,39,20986,
Mindouli,CG,06,20985,
Nixa,US,MO,20984,
Gunnaur,IN,36,20980,
East Ridge,US,TN,20979,
Ji’an,CN,33,20978,
Bordon,GB,ENG,20978,
Zürich (Kreis 3) / Sihlfeld,CH,ZH,20977,Zurich (Kreis 3) / Sihlfeld
Çermik,TR,21,20975,Cermik
Santa Vitória,BR,15,20973,Santa Vitoria
Germersheim,DE,08,20972,
Lista,ES,29,20969,
Makakilo-Makaīwa Hills-Kunia,US,HI,20967,Makakilo-Makaiwa Hills-Kunia
Mäntsälä,FI,01,20966,Mantsala
Dugulubgey,RU,22,20965,
Chaudfontaine,BE,WAL,20960,
Pālakkodu,IN,25,20959,Palakkodu
Gaya,NG,29,20959,
Caracaraí,BR,25,20957,Caracarai
Caterham,GB,ENG,20957,
Sindi,IN,16,20956,
Carmo do Rio Claro,BR,15,20954,
Coreaú,BR,06,20953,Coreau
Harstad,NO,18,20953,
Santa Bárbara,BR,05,20952,Santa Barbara
Tadmaït,DZ,14,20952,Tadmait
Chelora,IN,13,20952,
Rajpur,IN,35,20947,
Shama Junction,GH,09,20946,
Nāravārikuppam,IN,25,20946,Naravarikuppam
Langue,HN,17,20944,
Guidonia,IT,07,20943,
Koungneul Sossé,SN,16,20942,Koungneul Sosse
Concepción,ES,29,20941,Concepcion
Geertruidenberg,NL,06,20941,
Shonai,JP,44,20940,
Marthandam,IN,25,20938,
Basotu,TZ,27,20937,
Puerto Carreño,CO,31,20936,Puerto Carreno
Goa,PH,05,20936,
Kataragama,LK,35,20935,
Roissy-en-Brie,FR,11,20933,
Tornio,FI,19,20932,
Tambuwal,NG,51,20932,
Fuente del Berro,ES,29,20929,
Renens,CH,VD,20927,
Ichinoe,JP,40,20927,
Vinnamāla,IN,02,20924,Vinnamala
El Grullo,MX,14,20924,
Rosedale-Moore Park,CA,08,20923,
Sarauli,IN,36,20923,
Acajete,MX,21,20923,
Adampur,IN,23,20922,
Urussanga,BR,26,20919,
Pad Idan,PK,05,20919,
Plainview,US,TX,20919,
Badnāwar,IN,35,20917,Badnawar
Baena,ES,51,20915,
Bekily,MG,52,20915,
Grayslake,US,IL,20915,
Agoura Hills,US,CA,20915,
Canacassala,AO,19,20913,
Berëzovka,RU,91,20913,Berezovka
Hola,KE,48,20912,
Narangba,AU,04,20910,
Botevgrad,BG,58,20909,
Shōwa,JP,46,20909,Showa
Dailekh,NP,6,20908,
Banga,IN,23,20906,
Heli Mandi,IN,10,20906,
Sendagi,JP,40,20906,
Kurchaloy,RU,12,20903,
Lumamē,ET,46,20900,Lumame
Chelenko,ET,51,20900,
Ādīs ‘Alem,ET,51,20900,Adis ‘Alem
Contamana,PE,16,20900,
Ntungamo,UG,W,20900,
Prenzlau,DE,11,20899,
Chincholi,IN,19,20897,
Khomām,IR,08,20897,Khomam
Kot Ghulam Muhammad,PK,04,20897,
Acton,US,MA,20897,
Linda-a-Velha,PT,14,20895,
Dietikon,CH,ZH,20893,
Echigawa,JP,35,20893,
Sanford,US,ME,20893,
Silver Firs,US,WA,20891,
Monte Santo de Minas,BR,15,20890,
Alaplı,TR,85,20890,
Imouzzer Kandar,MA,03,20884,
Ayamonte,ES,51,20883,
Saint-Genis-Laval,FR,84,20883,
Hauppauge,US,NY,20882,
Kīhei,US,HI,20881,Kihei
Whyalla,AU,05,20880,
New Jeshwang,GM,01,20878,
South El Monte,US,CA,20878,
Kaimukī,US,HI,20878,Kaimuki
Senanga,ZM,01,20878,
Birkerød,DK,17,20877,
Hungund,IN,19,20877,
Arvin,US,CA,20876,
Quixeré,BR,06,20874,Quixere
Thaikkattussery,IN,13,20874,
Bangawan,IN,35,20873,
San Rafael,MX,15,20873,
Khot'kovo,RU,47,20872,
Saint-Louis,FR,44,20871,
Johnston,US,IA,20871,
Kapasan,IN,24,20869,
Hongbao,CN,15,20868,
Cognac,FR,75,20868,
Gardner,US,KS,20868,
Vila-seca,ES,56,20866,
Lathrop,US,CA,20866,
Minas,CU,05,20863,
Altena,DE,07,20862,
Ashland,US,OR,20861,
Valkeakoski,FI,06,20859,
Sidney,US,OH,20858,
Birmingham,US,MI,20857,
Sālamedu,IN,25,20854,Salamedu
Sömmerda,DE,15,20853,Sommerda
Alfafar,ES,60,20853,
Yongning,CN,29,20852,
Unterhaching,DE,02,20852,
Oraiókastro,GR,ESYE12,20852,Oraiokastro
Cranston,CA,01,20850,
Wallington,GB,ENG,20850,
Barpāli,IN,21,20850,Barpali
Kisai,JP,34,20850,
Moniquirá,CO,36,20848,Moniquira
Tai Wo Hau,HK,NKT,20848,
Priyutovo,RU,08,20847,
Tor Lupara,IT,07,20843,
Husum,DE,10,20841,
Gormi,IN,35,20841,
Sweetwater,US,FL,20840,
Sahoua,CI,76,20838,
Bandariba,CW,,20838,
Begūn,IN,24,20836,Begun
Flores,BR,30,20835,
Lajinha,BR,15,20835,
Dūrā,PS,WE,20835,Dura
Douar Toulal,MA,03,20831,
Lawngtlai,IN,31,20830,
Milwaukie,US,OR,20830,
Jiangkou,CN,33,20829,
Nandri,IN,24,20827,
Kamiichi,JP,42,20827,
Dhing,IN,03,20826,
Conselheiro Pena,BR,15,20824,
Saint-Michel-sur-Orge,FR,11,20824,
Maai Mahiu,KE,39,20823,
Mai,KE,39,20823,
Pájara,ES,53,20821,Pajara
Vadakarai Kīl Pidāgai,IN,25,20821,Vadakarai Kil Pidagai
Obanazawa,JP,44,20821,
Novomichurinsk,RU,62,20821,
Kriva Palanka,MK,52,20820,
Saclepea,LR,09,20818,
East Millcreek,US,UT,20816,
Maracena,ES,51,20815,
Montecchio Maggiore-Alte Ceccato,IT,20,20815,
Grand Island,US,NY,20813,
Saw Bwar Gyi Kone,MM,17,20811,
Goole,GB,ENG,20810,
Nandaime,NI,06,20810,
Wrzeszcz Górny,PL,82,20810,Wrzeszcz Gorny
Kumakura,JP,08,20808,
Yanagawamachi-saiwaichō,JP,08,20807,Yanagawamachi-saiwaicho
Clement Town,IN,39,20806,
Union City,US,GA,20805,Union
Woodlawn,US,VA,20804,
Sandhurst,GB,ENG,20803,
Gazakh,AZ,40,20800,
Conceição da Feira,BR,05,20800,Conceicao da Feira
Edosaki,JP,14,20800,
Šuto Orizare,MK,F6,20800,Suto Orizare
Mayuge,UG,E,20800,
Malaba,UG,E,20800,
Zaghouan,TN,37,20798,
Dargeçit,TR,72,20793,Dargecit
Nijlen,BE,VLG,20792,
Camaguán,VE,12,20791,Camaguan
Clarence-Rockland,CA,08,20790,
Piqua,US,OH,20790,
Falagueira,PT,14,20788,
Engelskirchen,DE,07,20786,
Las Margaritas,MX,05,20786,
Ibicoara,BR,05,20785,
Polonne,UA,09,20785,
Lomita,US,CA,20785,
Wanqiao Zhen,CN,29,20784,
Byblos,LB,05,20784,
Nioro du Rip,SN,10,20784,
Kola'a,SB,14,20783,
Evergreen,CA,01,20780,
Haßloch,DE,08,20779,
San Juan de Aznalfarache,ES,51,20779,
Bothfeld,DE,06,20778,
Halaç,TM,04,20778,Halac
Cockeysville,US,MD,20776,
Carei,RO,32,20775,
Virú,PE,13,20774,Viru
Gustavsberg,SE,26,20774,
Hiddenhausen,DE,07,20771,
Longjumeau,FR,11,20771,
Gostyń,PL,86,20771,Gostyn
Sonepur,IN,21,20770,
Watté,CI,76,20769,Watte
La Unión,CO,02,20769,La Union
Fergus,CA,08,20767,
Easley,US,SC,20765,
Vilassar de Mar,ES,56,20764,
Kaikalūr,IN,02,20763,Kaikalur
Orăştie,RO,21,20763,Orastie
Sortavala,RU,28,20760,
Leerdam,NL,09,20758,
Chaves,BR,16,20757,
Bad Berleburg,DE,07,20757,
Capulhuac de Mirafuentes,MX,15,20757,
Akhnūr,IN,12,20756,Akhnur
Końskie,PL,84,20756,Konskie
New Springville,US,NY,20756,
Pleasantville,US,NJ,20755,
Wantirna South,AU,07,20754,
Alībāg,IN,16,20752,Alibag
Mino,JP,09,20749,
Dombóvár,HU,21,20748,Dombovar
Kāpren,IN,24,20748,Kapren
Gaofeng,CN,33,20747,
Liberal,US,KS,20746,
Shisui,JP,04,20745,
Villiers,ZA,03,20745,
Bressuire,FR,75,20743,
Palisades Park,US,NJ,20743,
Bandar-e Gaz,IR,37,20742,
Bétera,ES,60,20740,Betera
Shoham,IL,02,20740,
Muthukulam,IN,13,20740,
Jenks,US,OK,20740,
Bhadauni,IN,34,20739,
Partizánske,SK,06,20739,Partizanske
Tortiya,CI,90,20738,
Alīpur,IN,07,20736,Alipur
Colleferro,IT,07,20736,
Simpsonville,US,SC,20736,
Latham,US,NY,20736,
Sant'Anastasia,IT,04,20733,
Darien,US,CT,20732,
Wülfrath,DE,07,20731,Wulfrath
Heqing,CN,31,20729,
Pleasant Prairie,US,WI,20726,
Elektrogorsk,RU,47,20724,
Harwich,GB,ENG,20723,
San Lucas Sacatepéquez,GT,16,20723,San Lucas Sacatepequez
Huaura,PE,15,20723,
Achampet,IN,40,20721,
Ghorabandha,IN,38,20718,
Katālem va Sādāt Shahr,IR,35,20716,Katalem va Sadat Shahr
Irosin,PH,05,20716,
Oliveira dos Brejinhos,BR,05,20715,
Ennigerloh,DE,07,20713,
Naas,IE,L,20713,
Port Alberni,CA,02,20712,
Aguadas,CO,37,20712,
Vrakuňa,SK,02,20711,Vrakuna
Calle Blancos,CR,08,20710,
Pimlico,GB,ENG,20709,
Divino,BR,15,20706,
Ancón,PA,08,20706,Ancon
Purranque,CL,14,20705,
Tchin Tabaradèn,NE,06,20704,Tchin Tabaraden
Koduvayur,IN,13,20703,
Coligny,ZA,10,20701,
Retiro,CO,02,20700,
Suntu,ET,51,20700,
NoMa,US,DC,20700,
Vauréal,FR,11,20699,Vaureal
Çubuklu,TR,34,20698,Cubuklu
Campestre,BR,15,20696,
Loschwitz,DE,13,20696,
Lieto,FI,02,20694,
Allende,MX,07,20694,
Palo del Colle,IT,13,20692,
Trofa,PT,17,20692,
Sāmalāpuram,IN,25,20691,Samalapuram
Buftea,RO,43,20691,
Mountain Brook,US,AL,20691,
Chambersburg,US,PA,20691,
Adrian,US,MI,20691,
São João de Pirabas,BR,16,20689,Sao Joao de Pirabas
Villeta,CO,33,20689,
Rongo,KE,36,20688,
An Nāşirīyah,LY,81,20687,An Nasiriyah
Touih,CI,76,20686,
Chākia,IN,34,20686,Chakia
Volksdorf,DE,04,20685,
Qaisumah,SA,06,20685,
Jining,IN,30,20684,
Shek O,HK,HSO,20683,
Chek Chue,HK,HSO,20683,
Namioka,JP,03,20681,
Makueni Boma,KE,32,20681,
Giardinetti-Tor Vergata,IT,07,20680,
Xonacatlán,MX,15,20680,Xonacatlan
Robīt,ET,46,20679,Robit
West Melbourne,US,FL,20679,
Lons-le-Saunier,FR,27,20678,
Surovikino,RU,84,20677,
Wasaga Beach,CA,08,20675,
Esquipulas,GT,04,20674,
Jenzan,KR,14,20673,
Wuqiao,CN,33,20672,
Bozoum,CF,13,20665,
Gevgelija,MK,33,20664,
A Estrada,ES,58,20661,
Linstead,JM,10,20660,
Aboisso Comoé,CI,94,20659,Aboisso Comoe
Edewecht,DE,06,20658,
Qārah,SY,08,20656,Qarah
East Garfield Park,US,IL,20656,
Shanghe,CN,33,20654,
Wheelers Hill,AU,07,20652,
Ploemeur,FR,53,20652,
Rotterdam,US,NY,20652,
Lagny-sur-Marne,FR,11,20649,
Chesham,GB,ENG,20649,
Métouia,TN,29,20648,Metouia
Lakeside,US,CA,20648,
Manlleu,ES,56,20647,
Bhanjanagar,IN,21,20647,
Kalihi Valley,US,HI,20647,
Vadāli,IN,09,20646,Vadali
Bethany,US,OR,20646,
Vyškov,CZ,78,20645,Vyskov
Riacho das Almas,BR,30,20639,
Paks,HU,21,20638,
Lake Worth Corridor,US,FL,20635,
Gerrards Cross,GB,ENG,20633,
Samtredia,GE,66,20633,
Ndiyona,NA,40,20633,
Heqian,CN,33,20632,
Winter Gardens,US,CA,20631,
Oyo,CG,13,20630,
Drăgăşani,RO,39,20630,Dragasani
Carepa,CO,02,20627,
Balş,RO,29,20626,Bals
Lockport,US,NY,20624,
Tervuren,BE,VLG,20623,
Lebanon,US,OH,20623,
koppana Agrahara,IN,19,20622,
Wade Hampton,US,SC,20622,
Arroyo Seco,AR,21,20620,
Sedan,FR,44,20620,
Madattukkulam,IN,25,20620,
Senago,IT,09,20620,
Elele,NG,50,20620,
Lawa,PK,04,20619,
Bockum,DE,07,20617,
Rejon ulicy Traugutta,PL,72,20617,
Hockenheim,DE,01,20614,
Gurmatkāl,IN,19,20614,Gurmatkal
Manhumirim,BR,15,20613,
Cachoeirinha,BR,30,20612,
Murphy,US,TX,20610,
Fátima do Sul,BR,11,20609,Fatima do Sul
Casanay,VE,19,20609,
Sligo,IE,C,20608,
Ozorków,PL,74,20608,Ozorkow
Coralville,US,IA,20608,
Itupeva,BR,27,20605,
Governador Mangabeira,BR,05,20605,
Dhāriwāl,IN,23,20604,Dhariwal
Stadtlohn,DE,07,20602,
Geseke,DE,07,20602,
Ensley,US,FL,20602,
Were Īlu,ET,46,20600,Were Ilu
Jumunjin,KR,06,20600,
Evka-Üç,TR,35,20600,Evka-Uc
Ea Drăng,VN,66,20600,Ea Drang
Heide,DE,10,20599,
Frameries,BE,WAL,20598,
Patuvilāyi,IN,13,20598,Patuvilayi
Moreni,RO,16,20596,
Vranov nad Topľou,SK,05,20595,Vranov nad Toplou
Stamford,GB,ENG,20592,
Talwandi Sābo,IN,23,20589,Talwandi Sabo
Dayal Pur,IN,07,20589,
Casal di Principe,IT,04,20589,
Bobrov,RU,86,20587,
Stourport-on-Severn,GB,ENG,20586,
Jahāzpur,IN,24,20586,Jahazpur
Ćuprija,RS,SE,20585,Cuprija
Riverview,CA,04,20584,
Sāvda,IN,16,20584,Savda
Genzano di Roma,IT,07,20582,
Silvania,CO,33,20581,
Bad Rappenau,DE,01,20581,
Gorseinon,GB,WLS,20581,
Sapulpa,US,OK,20579,
Toktogul,KG,03,20577,
Chełmno,PL,73,20576,
T’ongch’ŏn-ŭp,KP,09,20575,T’ongch’on-up
Ely,GB,ENG,20574,
New Corella,PH,11,20574,
Hashtrūd,IR,33,20572,Hashtrud
Vadakakarai,IN,13,20571,
Renfrew Heights,CA,02,20570,
Castillejos,ES,29,20570,
Griffith,AU,02,20569,
Vogan,TG,24,20569,
Viratnagar,IN,24,20568,
Bergneustadt,DE,07,20567,
Belsand,IN,34,20566,
Sāmpla,IN,10,20563,Sampla
Vasind,IN,16,20561,
Morteros,AR,05,20558,
Boudjima,DZ,14,20557,
Chorfa,DZ,21,20556,
Mödling,AT,03,20555,Modling
Failsworth,GB,ENG,20555,
American Canyon,US,CA,20554,
Kishtwār,IN,12,20553,Kishtwar
South San Jose Hills,US,CA,20551,
Makoua,CG,13,20550,
Belton,US,TX,20547,
Baar,CH,ZG,20546,
Liễu Giai,VN,01,20546,Lieu Giai
Nailsea,GB,ENG,20543,
Wenheng,CN,07,20542,
Almoradí,ES,60,20542,Almoradi
Takanosu,JP,02,20542,
Ariel,IL,WE,20540,
Yigo Village,GU,YG,20539,
Michelena,VE,20,20539,
Daguan,CN,33,20538,
Gainsborough,GB,ENG,20537,
Agoura,US,CA,20537,
Guía de Isora,ES,53,20536,Guia de Isora
Acquaviva delle Fonti,IT,13,20536,
Xincheng,CN,15,20535,
Codlea,RO,09,20534,
Mazinde,TZ,18,20534,
Attibele,IN,19,20532,
Achhnera,IN,36,20532,
Kuchinarai,TH,23,20532,
Orly,FR,11,20528,
Hythe,GB,ENG,20526,
Bhikkiwind Uttār,IN,23,20526,Bhikkiwind Uttar
Nytva,RU,90,20525,
Gotse Delchev,BG,38,20522,
Baião,PT,17,20522,Baiao
Werdau,DE,13,20520,
Wyndham Vale,AU,07,20518,
Chillupār,IN,36,20518,Chillupar
Sheung Shui,HK,NNO,20514,
Tilpat,IN,10,20514,
Bijāwar,IN,35,20513,Bijawar
Bayville,US,NJ,20512,
Eggenberg,AT,06,20511,
Rojales,ES,60,20510,
Mairena del Alcor,ES,51,20510,
Zhongshan,CN,33,20509,
Bruchköbel,DE,05,20509,Bruchkobel
Komatipoort,ZA,07,20508,
Moss Park,CA,08,20506,
Wutongshu,CN,21,20506,
Bekalta,TN,16,20506,
Fröndenberg,DE,07,20504,Frondenberg
Égkomi,CY,01,20502,Egkomi
Tapauá,BR,04,20501,Tapaua
Mehdiabad,AZ,01,20500,
Kercha,ET,51,20500,
Lwakyomba,UG,W,20500,
Kaliro,UG,E,20500,
Nellimarla,IN,02,20498,
Neira,CO,37,20495,
Westmount,CA,10,20494,
Pachino,IT,15,20493,
Ushtobe,KZ,12510144,20492,
Kirkland,CA,10,20491,
Binondo,PH,NCR,20491,
Giulianova,IT,01,20490,
Xinglong,CN,33,20489,
El Estor,GT,09,20489,
Elst,NL,03,20488,
Karia Ba Mohamed,MA,03,20487,
Baijiawan,CN,15,20486,
Villa de San Diego de Ubaté,CO,33,20485,Villa de San Diego de Ubate
Maham,IN,10,20484,
Bang Pa-in,TH,36,20484,
Chernogolovka,RU,47,20483,
Arbutus,US,MD,20483,
Capanema,BR,18,20481,
Haramachi,JP,05,20480,
San Buenaventura,MX,07,20480,
Hammond,US,LA,20480,
Peritoró,BR,13,20479,Peritoro
Nova Esperança do Piriá,BR,16,20478,Nova Esperanca do Piria
Becerril,CO,10,20477,
Bagan Serai,MY,07,20476,
Herborn,DE,05,20473,
Laranjeiro,PT,09,20473,
Târgu Neamţ,RO,28,20473,Targu Neamt
Mīt Abū Ghālib,EG,20,20470,Mit Abu Ghalib
Chengjiao,CN,15,20469,
Reçani,MA,08,20469,Recani
Karaçoban,TR,25,20467,Karacoban
Korkuteli,TR,07,20465,
Flores,GT,12,20464,
Gubkinskiy,RU,87,20463,
Cota,CO,33,20462,
Maniar,IN,36,20462,
Ile-des-Soeurs,CA,10,20461,
Kirguli,UZ,03,20459,
Ye-u,MM,10,20458,
Sobinka,RU,83,20458,
Jaral del Progreso,MX,11,20457,
Rama,NI,18,20456,
Rovira,CO,28,20452,
San Martín,CO,10,20452,San Martin
Yellāpur,IN,19,20452,Yellapur
Schofield-Wheeler,US,HI,20452,
Camborne,GB,ENG,20450,
Wainuiomata,NZ,G2,20450,
Mường Lay,VN,11,20450,Muong Lay
Kalach,RU,86,20449,
Junqueirópolis,BR,27,20448,Junqueiropolis
Rongxi,CN,33,20448,
Paraisópolis,BR,15,20445,Paraisopolis
Bülach,CH,ZH,20443,Bulach
Risca,GB,WLS,20443,
Keevallur,IN,13,20440,
Nangli,IN,23,20440,
Libertyville,US,IL,20436,
Sarzana,IT,08,20435,
Fara Department,BF,01,20434,
San Pablo Jocopilas,GT,20,20433,
Shilong,CN,33,20431,
La Pobla de Vallbona,ES,60,20431,
Andorra la Vella,AD,07,20430,
Halewood,GB,ENG,20430,
Borgomanero,IT,12,20430,
Nottuln,DE,07,20427,
Jarājūs,EG,23,20427,Jarajus
Itatira,BR,06,20424,
São Pedro,BR,21,20424,Sao Pedro
Nīmāj,IN,24,20424,Nimaj
Baud,IN,21,20424,
Niablé,CI,94,20422,Niable
Aígio,GR,ESYE23,20422,Aigio
Miyata,JP,07,20421,
Terrazas del Valle,MX,02,20421,
Tufānganj,IN,28,20420,Tufanganj
Korochi,IN,16,20420,
Pataudi,IN,10,20418,
Secunda,ZA,07,20418,
Burnie,AU,06,20417,
Dhārūr,IN,16,20417,Dharur
Dolyna,UA,06,20417,
Lambari,BR,15,20414,
Beitun,CN,13,20414,
Albardón,AR,18,20413,Albardon
Quickborn,DE,10,20410,
eMkhomazi,ZA,02,20410,
Taloc,PH,06,20409,
Pittsburg,US,KS,20409,
Portsmouth,US,OH,20409,
Jaboticatubas,BR,15,20406,
Kapsan-ŭp,KP,13,20406,Kapsan-up
Camrose,CA,01,20405,
Hollola,FI,07,20405,
Pariyāram,IN,13,20405,Pariyaram
Žďár nad Sázavou,CZ,80,20404,Zdar nad Sazavou
Granite Bay,US,CA,20402,
Tartar,AZ,57,20400,
Tīlīlī,ET,46,20400,Tilili
French Rocks,IN,19,20399,
Charlestown,US,MA,20397,
Zishui,CN,33,20396,
Louisville,US,CO,20396,
Sena Nikhom,TH,40,20393,
Potim,BR,27,20392,
Suibara,JP,29,20392,
Loudima,CG,01,20391,
Cojímar,CU,02,20390,Cojimar
Alloa,GB,SCT,20390,
Sukhodilsk,UA,14,20390,
Timayy al Imdīd,EG,01,20389,Timayy al Imdid
Hong Lok Yuen,HK,NTP,20389,
Mafemani,ZA,07,20389,
Darende,TR,44,20388,
Budapest XXIII. kerület,HU,05,20387,Budapest XXIII. kerulet
Humacao,PR,069,20387,
Zhuoshui,CN,33,20386,
Sensuntepeque,SV,02,20386,
Newmarket,GB,ENG,20384,
Ahīwāra,IN,37,20384,Ahiwara
Bagua Grande,PE,01,20382,
Sainte-Marie,MQ,MQ,20380,
Northfield,US,MN,20380,
Kaynaşlı,TR,93,20379,Kaynaslı
Rheinstetten,DE,01,20378,
Rocky River,US,OH,20376,
Jaguaruna,BR,26,20375,
Oberkirch,DE,01,20375,
Raymore,US,MO,20374,
Schilde,BE,VLG,20373,
Sokal,UA,15,20373,
Barbosa,CO,26,20372,
Yende Millimou,GN,F,20372,
Bāda,IN,24,20372,Bada
Sarwar,IN,24,20372,
Middletown,US,DE,20372,
Blaj,RO,01,20371,
Santa Luzia do Pará,BR,16,20370,Santa Luzia do Para
Werdohl,DE,07,20366,
Carcavelos,PT,14,20366,
Havelock,US,NC,20364,
Senden,DE,07,20363,
Edavilangu,IN,13,20363,
Tewkesbury,GB,ENG,20360,
Tombôco,AO,16,20358,Tomboco
Jhālu,IN,36,20356,Jhalu
Lindsay,CA,08,20354,
Cofradía,HN,06,20353,Cofradia
Nördlingen,DE,02,20352,Nordlingen
Paramirim,BR,05,20351,
Mamfe,CM,09,20350,
Harvey,US,LA,20348,
Sharīfābād,IR,38,20347,Sharifabad
Mahājerān,IR,34,20346,Mahajeran
Mwanza,MW,S,20345,
Paulo Ramos,BR,13,20341,
Yellowknife,CA,13,20340,
Guinguinéo,SN,10,20340,Guinguineo
Killannur,IN,13,20339,
Mundra,IN,09,20338,
Saint-Vincent de Paul,FR,11,20336,
Manay,PH,11,20336,
Longfeng,CN,33,20334,
Yateley,GB,ENG,20334,
Castrovillari,IT,03,20334,
Hulu Yam Lama,MY,12,20334,
Tubbergen,NL,15,20334,
Xinglong,CN,33,20333,
Gardner,US,MA,20333,
Takedamachi,JP,30,20332,
Iisalmi,FI,11,20330,
Golden,US,CO,20330,
Monte Azul,BR,15,20328,
Avrankou,BJ,16,20326,
Byndoor,IN,19,20323,
Douglas,US,IL,20323,
Chāpar,IN,03,20322,Chapar
Tata,MA,09,20322,
Khombole,SN,07,20321,
Sankt Peter,AT,02,20320,
Farrāshband,IR,07,20320,Farrashband
Pilaitė,LT,65,20320,Pilaite
Santa Anita,MX,14,20320,
Cartersville,US,GA,20319,
Kondalampatti,IN,25,20318,
Ashland,US,OH,20317,
Somoto,NI,09,20316,
Przedmieście Oławskie,PL,72,20316,Przedmiescie Oławskie
Bohumín,CZ,85,20315,Bohumin
Oakleaf Plantation,US,FL,20315,
Bakoti,GM,05,20314,
Brandýs nad Labem-Stará Boleslav,CZ,88,20313,Brandys nad Labem-Stara Boleslav
Boca Suno,EC,24,20313,
Pontarlier,FR,27,20313,
Wednesbury,GB,ENG,20313,
Farum,DK,17,20312,
Naantali,FI,02,20312,
Friesoythe,DE,06,20311,
Thị Trấn Nước Hai,VN,04,20309,Thi Tran Nuoc Hai
Affton,US,MO,20307,
Cañas,CR,03,20306,Canas
Provenals del Poblenou,ES,56,20306,
Senta,RS,VO,20302,
Umm Shawkah,SD,58,20302,
Dalap-Uliga-Dorrit,MH,190,20301,
Saatlı,AZ,45,20300,
Peterlee,GB,ENG,20300,
Maradong,MY,11,20299,
Chamalières,FR,84,20298,Chamalieres
Monguno,NG,27,20297,
Yauco,PR,153,20295,
Haldensleben I,DE,14,20294,
Aleksandrów Łódzki,PL,74,20292,Aleksandrow Łodzki
Ramona,US,CA,20292,
Bogué,MR,05,20291,Bogue
Kontich,BE,VLG,20290,
Bawāni Khera,IN,10,20289,Bawani Khera
Celbridge,IE,L,20288,
Basi,IN,23,20288,
Cambria Heights,US,NY,20287,
Velingrad,BG,48,20286,
Ālampālaiyam,IN,25,20286,Alampalaiyam
Kanaya,JP,37,20286,
Centro,IT,12,20285,
Alcalde Díaz,PA,08,20285,Alcalde Diaz
Bécédi-Brignan,CI,82,20284,Becedi-Brignan
Malaṅgawā,NP,2,20284,Malangawa
São Felipe,BR,05,20283,Sao Felipe
Salgado,BR,28,20279,
Elmwood Park,US,NJ,20279,
Elko,US,NV,20279,
Esmeralda,CU,05,20274,
Mahd adh Dhahab,SA,05,20272,
Oroszlány,HU,12,20271,Oroszlany
Ndioum,SN,14,20270,
Hollis,US,NY,20269,
Fairview Park,HK,NYL,20268,
Meylan,FR,84,20267,
Alcântara,PT,14,20267,Alcantara
Buinsk,RU,73,20266,
Nueva Gerona,CU,04,20264,
Karachayevsk,RU,27,20264,
Porto Real do Colégio,BR,02,20262,Porto Real do Colegio
Umbri,IN,16,20262,
Añatuya,AR,22,20261,Anatuya
Tomaszów Lubelski,PL,75,20261,Tomaszow Lubelski
Stoke,NZ,F5,20260,
Brooklyn Heights,US,NY,20256,
Ervália,BR,15,20255,Ervalia
Gersthofen,DE,02,20254,
Wellington,IN,25,20254,
Muriti,TZ,08,20254,
Ntandabale,ZM,09,20254,
Hārij,IN,09,20253,Harij
Nogales,US,AZ,20252,
Buri,BR,27,20250,
Baras,PH,40,20250,
Sebt Gzoula,MA,07,20248,
Parma Heights,US,OH,20246,
La Cañada Flintridge,US,CA,20246,La Canada Flintridge
Danao,PH,07,20245,
Tsuruda,JP,18,20243,
Strzelce Opolskie,PL,79,20241,
Matui,TZ,18,20241,
Galeras,CO,27,20239,
Šaľa,SK,04,20239,Sala
Raipur Domana,IN,12,20238,
Zele,BE,VLG,20236,
Aranyaprathet,TH,80,20236,
Thomastown,AU,07,20234,
Pauini,BR,04,20232,
Protaras,CY,01,20230,
Cirencester,GB,ENG,20229,
Hatvan,HU,11,20228,
Settūr,IN,25,20228,Settur
Requena,ES,60,20227,
Ōhara,JP,04,20226,Ohara
Kwale,NG,36,20226,
Mustang,US,OK,20226,
Rose Hill,US,VA,20226,
Fulu,CN,33,20225,
Tonantins,BR,04,20224,
Kallangur,AU,04,20222,
Hernani,ES,59,20222,
Montceau-les-Mines,FR,27,20221,
Waluj Buzurg,IN,16,20220,
Penukonda,IN,02,20220,
Haiger,DE,05,20218,
Kotivakkam,IN,25,20217,
East Northport,US,NY,20217,
Srīnagar,IN,39,20216,Srinagar
Marina di Ardea-Tor San Lorenzo,IT,07,20216,
Vlotho,DE,07,20214,
Quiterianópolis,BR,06,20213,Quiterianopolis
Adlershof,DE,16,20210,
Azacualpa,HN,16,20210,
San Lorenzo de Esmeraldas,EC,09,20209,
Zülpich,DE,07,20208,Zulpich
Jaruco,CU,MA,20207,
Burqin,CN,13,20205,
Algete,ES,29,20204,
Tel Sheva‘,IL,01,20204,
Giengen an der Brenz,DE,01,20201,
Epsom,NZ,E7,20200,
Stebnyk,UA,15,20200,
Saperna Slobidka,UA,12,20200,
Xo‘jaobod,UZ,01,20200,
Geyve,TR,54,20199,
Glen Avon,US,CA,20199,
San Antonio de la Cal,MX,20,20198,
Blieskastel,DE,09,20197,
Pompéia,BR,27,20196,Pompeia
Boromo,BF,01,20193,
Kataiya,IN,34,20193,
Monserrato,IT,14,20193,
Sainte-Rose,GP,GP,20192,
Skive,DK,18,20190,
Tegelen,NL,05,20190,
Uruburetama,BR,06,20189,
Newquay,GB,ENG,20189,
Surajpur,IN,37,20189,
Nirmāli,IN,34,20189,Nirmali
Berkel en Rodenrijs,NL,11,20189,
Sulphur,US,LA,20189,
Shelby,US,NC,20189,
Kafr Mandā,IL,03,20188,Kafr Manda
Thị Trấn Đất Đỏ,VN,79,20187,Thi Tran Đat Đo
Ma Tau Wai,HK,KKC,20185,
Takanabe,JP,25,20185,
Greenville,LR,10,20184,
Carolina,ZA,07,20184,
Zestaponi,GE,66,20183,
Aspe,ES,60,20180,
Montville Center,US,CT,20180,
Waghäusel,DE,01,20178,Waghausel
Mers el Kebir,DZ,09,20178,
Shiozawa,JP,29,20178,
Camarate,PT,14,20177,
Ferndale,US,MI,20177,
Punchbowl,AU,02,20174,
Las Vegas,VE,08,20172,
Wittenberge,DE,11,20171,
Los Llanos de Aridane,ES,53,20171,
Halluin,FR,32,20171,
Puliyankannu,IN,25,20171,
Levanger,NO,21,20171,
Monte Alegre de Minas,BR,15,20170,
Hazel Grove,GB,ENG,20170,
Sredneuralsk,RU,71,20169,
Morwa,IN,09,20168,
Thiadiaye,SN,07,20168,
Adh Dhayd,AE,06,20165,
Deán Funes,AR,05,20164,Dean Funes
Najafshahr,IR,29,20164,
Chorozinho,BR,06,20163,
Alor Gajah,MY,04,20163,
Pāttyam,IN,13,20161,Pattyam
South Saint Paul,US,MN,20160,
Cañete,CL,06,20158,Canete
Lalín,ES,58,20158,Lalin
Sampaloc,PH,40,20157,
Medina,BR,15,20156,
Frontino,CO,02,20156,
Lynn Haven,US,FL,20156,
Lents,US,OR,20156,
Waldkirch,DE,01,20155,
Sandown,GB,ENG,20155,
Lake Ronkonkoma,US,NY,20155,
Río Grande,DO,18,20154,Rio Grande
Kaimori,IN,35,20154,
Ukmerge,LT,65,20154,
Thị Trấn Thất Khê,VN,20,20153,Thi Tran That Khe
Neu Wulmstorf,DE,06,20150,
Millburn,US,NJ,20149,
Apam,GH,04,20147,
Mau,IN,35,20147,
Iapala,MZ,06,20146,
Regente Feijó,BR,27,20145,Regente Feijo
Riom,FR,84,20142,
Pudussery West,IN,13,20140,
Khulayş,SA,14,20139,Khulays
Lexington,US,SC,20138,
Huangshan,CN,29,20136,
Murrysville,US,PA,20134,
Braine-le-Comte,BE,WAL,20133,
Aquidabã,BR,28,20131,Aquidaba
Cumberland,US,MD,20130,
Hessisch Oldendorf,DE,06,20129,
Ajiki,JP,04,20127,
La Orilla,MX,16,20126,
Chevilly-Larue,FR,11,20125,
Cherepanovo,RU,53,20125,
Mau Aimma,IN,36,20123,
Chinnavādampatti,IN,25,20122,Chinnavadampatti
Belmonte,BR,05,20121,
Stephenville,US,TX,20120,
Nidderau,DE,05,20119,
Fālākāta,IN,28,20119,Falakata
Colne,GB,ENG,20118,
Iiyama,JP,26,20118,
Sekong,LA,26,20116,
Senec,SK,02,20115,
Belen,TR,31,20113,
Bailadores,VE,14,20113,
Karlshamn,SE,02,20112,
Hadim,TR,71,20110,
Sūleswaranpatti,IN,25,20104,Suleswaranpatti
Tyrnyauz,RU,22,20104,
Kürten,DE,07,20103,Kurten
Sunagawa,JP,12,20102,
Oregon,US,OH,20102,
Eastmont,US,WA,20101,
Ādīs K’idamē,ET,46,20100,Adis K’idame
Mabare,UG,W,20100,
Rrashbull,AL,42,20099,
Dhaurahra,IN,36,20098,
Cornaredo,IT,09,20098,
Timotes,VE,14,20098,
Colombia,CU,13,20096,
Khairāgarh,IN,36,20095,Khairagarh
Maksi,IN,35,20094,
Yotsutsuji,JP,22,20092,
Mezcales,MX,18,20092,
Monroe,US,MI,20092,
Nova Hartz,BR,23,20088,
Shemonaikha,KZ,15,20087,
Beloyarskiy,RU,32,20087,
Piatã,BR,05,20086,Piata
Barroso,BR,15,20080,
Annur,IN,25,20079,
Palmas de Monte Alto,BR,05,20078,
Foso,GH,04,20078,
Dārān,IR,28,20078,Daran
Coconut Grove,US,FL,20076,
West Mifflin,US,PA,20075,
Shilongba,CN,29,20074,
Naranjos,MX,30,20073,
Haddington,US,PA,20073,
Pushchino,RU,47,20072,
Pulwama,IN,12,20071,
Târgu Secuiesc,RO,15,20067,Targu Secuiesc
Sirumugai,IN,25,20066,
Lyman,UA,05,20066,
Zhosaly,KZ,14,20065,
El Pedregal,PE,04,20063,
Emirdağ,TR,03,20063,Emirdag
Croulebarbe,FR,11,20062,
Schroeder,BR,26,20061,
Lucélia,BR,27,20061,Lucelia
Singānuram,IN,40,20061,Singanuram
Kasongo-Lunda,CD,19,20060,
Hongqiao,CN,29,20060,
Rayevskiy,RU,08,20060,
Chalfont Saint Peter,GB,ENG,20059,
Dergaon,IN,03,20059,
Boussu,BE,WAL,20058,
Guézon,CI,78,20057,Guezon
Guézon,CI,78,20057,Guezon
Tuqiang,CN,08,20056,
Ponta Delgada,PT,23,20056,
Shimosuwa,JP,26,20055,
Rensha,CN,33,20054,
Cheppad,IN,13,20052,
Isil’kul’,RU,54,20050,
Ternate,PH,40,20049,
Nsunga,TZ,19,20049,
Buxton,GB,ENG,20048,
Torit,SS,02,20048,
Cranbrook,CA,02,20047,
Corabia,RO,29,20047,
Rastede,DE,06,20046,
Khowai,IN,26,20046,
Sing Buri,TH,33,20046,
Zürich (Kreis 6) / Unterstrass,CH,ZH,20045,Zurich (Kreis 6) / Unterstrass
Puerto Leguízamo,CO,22,20045,Puerto Leguizamo
Govardhan,IN,36,20044,
Gilly,BE,WAL,20043,
Abba,CF,09,20043,
Saraipali,IN,37,20043,
Mahembe,RW,14,20043,
Mill Creek,US,WA,20043,
Paravai,IN,25,20042,
Barañáin,ES,32,20039,Baranain
Sürmene,TR,61,20039,Surmene
Pace,US,FL,20039,
San Giovanni Lupatoto,IT,20,20038,
‘Inak,SA,06,20038,
São Joaquim do Monte,BR,30,20037,Sao Joaquim do Monte
Mutuípe,BR,05,20037,Mutuipe
Hebian,CN,33,20037,
Glazoué,BJ,11,20036,Glazoue
Frascati,IT,07,20036,
Belfast,ZA,07,20036,
Calatayud,ES,52,20035,
Miamisburg,US,OH,20034,
Tolú Viejo,CO,27,20033,Tolu Viejo
Wachtberg,DE,07,20032,
Cormano,IT,09,20031,
Emiliano Zapata,MX,27,20030,
Gabane,BW,06,20027,
Ampthill,GB,ENG,20026,
Flörsheim,DE,05,20023,Florsheim
Karuizawa,JP,26,20023,
Bukit Beruntung,MY,12,20023,
Palm Valley,US,FL,20019,
Rolla,US,MO,20019,
Tukwila,US,WA,20018,
Schwanewede,DE,06,20015,
Raalte,NL,15,20015,
Viadana,IT,09,20013,
Chitipa,MW,N,20011,
Presidente Getúlio,BR,26,20010,Presidente Getulio
Mössingen,DE,01,20010,Mossingen
Khalāri,IN,38,20010,Khalari
Qīr,IR,07,20010,Qir
Katwijk aan Zee,NL,11,20010,
Rio Formoso,BR,30,20009,
Queensdale,ZA,05,20009,
Rāya,IN,36,20008,Raya
Gawler,AU,05,20006,
Heusweiler,DE,09,20006,
Tupanciretã,BR,23,20005,Tupancireta
Blansko,CZ,78,20002,
Trezzano sul Naviglio,IT,09,20001,
Aurora,IT,12,20001,
Batang Berjuntai,MY,12,20001,
Liubotyn,UA,07,20001,
Cassanguidi,AO,17,20000,
Sankt Martin,AT,02,20000,
Ganvié,BJ,09,20000,Ganvie
Turmalina,BR,15,20000,
Campinas,BR,26,20000,
Templeton-Est,CA,10,20000,
Woodlawn,CA,07,20000,
Riehen,CH,BS,20000,
Varadero,CU,03,20000,
Brøndbyvester,DK,17,20000,
Az Zaynīyah Qiblī,EG,28,20000,Az Zayniyah Qibli
Montecanal,ES,52,20000,
Natahoyo,ES,34,20000,
Golwayn,ET,52,20000,
Lauttasaari,FI,01,20000,
La Defense,FR,11,20000,
Portslade,GB,ENG,20000,
Kingswinford,GB,ENG,20000,
Hampton,GB,ENG,20000,
Bowthorpe,GB,ENG,20000,
Kempston Hardwick,GB,ENG,20000,
Bedugul,ID,02,20000,
Sawar,IN,24,20000,
Pāmūru,IN,02,20000,Pamuru
Powai,IN,16,20000,
Surian,IR,07,20000,
Abrīsham,IR,28,20000,Abrisham
Sambiase,IT,03,20000,
Judita,JO,18,20000,
Ogembo,KE,25,20000,
Bsharri,LB,09,20000,
Castries,LC,03,20000,
Pelabuhan Klang,MY,12,20000,
Batu Feringgi,MY,09,20000,
Kampung Selang,MY,01,20000,
Kampung Hutan Arau,MY,08,20000,
Tropicana Indah,MY,12,20000,
Desa Petaling,MY,14,20000,
Stadskanaal,NL,04,20000,
Surkhpur,PK,04,20000,
Sook Kalan,PK,04,20000,
Wesoła,PL,78,20000,
Zavety Il’icha,RU,47,20000,
Slobodka,RU,48,20000,
Setun’,RU,48,20000,
Rublëvo,RU,48,20000,Rublevo
Novaya Derevnya,RU,66,20000,
Khosta,RU,38,20000,
Kastanayevo,RU,47,20000,
Elektrougli,RU,47,20000,
Bol’shaya Setun’,RU,47,20000,
Andreyevskoye,RU,47,20000,
Dagomys,RU,38,20000,
Vnukovo,RU,48,20000,
Vrangel’,RU,59,20000,
Krestovskiy ostrov,RU,42,20000,
Abyei,SD,62,20000,
Sungai Simpang,SG,03,20000,
Diinsoor,SO,04,20000,
Baki,SO,21,20000,
Muheza,TZ,18,20000,
Mikumi,TZ,10,20000,
Makuyuni,TZ,26,20000,
Kiratu,TZ,26,20000,
Tandahimba,TZ,11,20000,
Ruangwa,TZ,07,20000,
Matongo,TZ,08,20000,
Zhuravlivka,UA,07,20000,
Iryango,UG,W,20000,
New Caney,US,TX,20000,
Sultonobod,UZ,01,20000,
Charlotte Amalie,VI,030,20000,
Vinhomes Royal City,VN,01,20000,Vinhomes Royal
Franschhoek,ZA,11,20000,
Hambantota,LK,34,19999,
Stenløse,DK,17,19998,
Kunkujang,GM,05,19998,
DeBary,US,FL,19998,
Bornem,BE,VLG,19997,
Sainte-Marguerite,FR,93,19997,
Ciudad Miguel Alemán,MX,28,19997,Ciudad Miguel Aleman
Cantagalo,BR,21,19996,
Belonia,IN,26,19996,
Lyndhurst,US,NJ,19996,
Cuemba,AO,02,19995,
Anak,KP,07,19995,
Lake Zurich,US,IL,19993,
Germantown,US,WI,19993,
Golungo Alto,AO,05,19992,
San Juan de Urabá,CO,02,19992,San Juan de Uraba
Fomento,CU,14,19991,
Evaz,IR,07,19987,
Arewusitang,CN,13,19986,
Sueyoshichō-ninokata,JP,18,19986,Sueyoshicho-ninokata
Bryant,US,AR,19986,
Eustis,US,FL,19986,
Universal City,US,TX,19986,Universal
Chaparral,CO,28,19982,
Balen,BE,VLG,19978,
Castilho,BR,27,19977,
Nykøbing Falster,DK,20,19976,
Vazante,BR,15,19975,
Kratié,KH,09,19975,Kratie
Nu‘ayjah,QA,01,19975,
Huy,BE,WAL,19973,
Cranbourne West,AU,07,19969,
Hirokawa,JP,07,19969,
Takhatpur,IN,37,19968,
Newburg,US,KY,19967,
Cranendonck,NL,06,19966,
Pionki,PL,78,19966,
Johnstown,US,PA,19966,
Colfontaine,BE,WAL,19964,
Tibagi,BR,18,19961,
Johannisthal,DE,16,19960,
Sullya,IN,19,19958,
Kollo,NE,09,19957,
Yessentukskaya,RU,70,19956,
Romorantin-Lanthenay,FR,24,19953,
Socastee,US,SC,19952,
Buesaco,CO,20,19951,
Kampong Thom,KH,05,19951,
Bni Bouayach,MA,01,19951,
Biskupin-Sępolno-Dąbie-Bartoszowice,PL,72,19951,Biskupin-Sepolno-Dabie-Bartoszowice
Curionópolis,BR,16,19950,Curionopolis
Dumbarton,GB,SCT,19950,
Richmond,NZ,TAS,19950,
Vondrozo,MG,25,19949,
Mantes-la-Ville,FR,11,19947,
Oyugis,KE,17,19947,
Bhusawar,IN,24,19946,
Ypsilanti,US,MI,19945,
Chunchupally,IN,40,19944,
Charthāwal,IN,36,19942,Charthawal
North Bellmore,US,NY,19941,
Carira,BR,28,19939,
Siswā Bāzār,IN,36,19939,Siswa Bazar
Ponto Novo,BR,05,19938,
Araçoiaba,BR,30,19936,Aracoiaba
Gaeta,IT,07,19936,
King of Prussia,US,PA,19936,
Hayesville,US,OR,19936,
Cândido Mendes,BR,13,19932,Candido Mendes
Bīrpur,IN,34,19932,Birpur
Vianen,NL,09,19931,
Ikebukuro,JP,40,19930,
Cortlandt Manor,US,NY,19929,
Filadelfia,PY,24,19927,
Warrensburg,US,MO,19927,
Pertuis,FR,93,19926,
Kandalloor,IN,13,19925,
Tai Wai,HK,NST,19924,
Sīāhkal,IR,08,19924,Siahkal
Mokena,US,IL,19923,
Zonhoven,BE,VLG,19922,
Halifax South End,CA,07,19922,
Dhanaula,IN,23,19920,
Yeniseysk,RU,91,19920,
Qaryat Sulūq,LY,69,19918,Qaryat Suluq
Morsang-sur-Orge,FR,11,19917,
Norwood,US,OH,19915,
Livramento do Brumado,BR,05,19914,
Poulton-le-Fylde,GB,ENG,19914,
La Paz,UY,02,19913,
Usman’,RU,43,19910,
Thambon Na Mueang,TH,74,19910,
Laboulaye,AR,05,19908,
Dhoro Naro,PK,05,19907,
Yur’yev-Pol’skiy,RU,83,19906,
Mariners Harbor,US,NY,19905,
Brough,GB,ENG,19904,
L.A.Sagaram,IN,02,19904,
Sarigam INA,IN,09,19903,
Bonney Lake,US,WA,19903,
Kanjiramkulam,IN,13,19902,
Kébémer,SN,13,19902,Kebemer
Chebli,DZ,20,19901,
Anūppur,IN,35,19899,Anuppur
Dickinson,US,TX,19895,
Hörstel,DE,07,19894,Horstel
Moirāng,IN,17,19893,Moirang
Mar’ina Gorka,BY,05,19892,
Vesoul,FR,27,19892,
Vevey,CH,VD,19891,
Khalīfān,IQ,11,19891,Khalifan
Saynshand,MN,07,19891,
Schagen,NL,07,19890,
Mulgrave,AU,07,19889,
Saint-Lazare,CA,10,19889,
Clifton,US,CO,19889,
Wandlitz,DE,11,19888,
Náousa,GR,ESYE12,19887,Naousa
Entroncamento,PT,18,19887,
Nueva Bolivia,VE,14,19885,
Málaga,CO,26,19884,Malaga
Seddouk,DZ,18,19884,
Nattappettai,IN,25,19883,
Hlohovec,SK,07,19883,
Phibun Mangsahan,TH,75,19883,
Dübendorf,CH,ZH,19882,Dubendorf
Arun Amarin,TH,40,19882,
Gembu,NG,43,19881,
Bāli,IN,24,19880,Bali
Lealman,US,FL,19879,
Zinjibār,YE,01,19879,Zinjibar
Andirá,BR,18,19878,Andira
Bokajān,IN,03,19877,Bokajan
Ingabu,MM,03,19876,
Dareda,TZ,27,19876,
Telavi,GE,67,19875,
Saint-Jean-de-Braye,FR,24,19874,
Kempston,GB,ENG,19873,
Rānikhet,IN,39,19873,Ranikhet
Penzance,GB,ENG,19872,
Les Pennes-Mirabeau,FR,93,19871,
Sirka,IN,38,19871,
Dhaunkal,PK,04,19871,
Steinhagen,DE,07,19869,
Mátyásföld,HU,05,19869,Matyasfold
Băicoi,RO,30,19869,Baicoi
Brezno,SK,01,19866,
Boriavi,IN,09,19865,
Llazicë,XK,10097361,19863,Llazice
Ibirama,BR,26,19862,
Waikīkī,US,HI,19862,Waikiki
Wujian,CN,33,19861,
Alhama de Murcia,ES,31,19860,
Dinnington,GB,ENG,19860,
Gazaoua,NE,04,19860,
Hermosa Beach,US,CA,19860,
L'Île-Bizard–Sainte-Geneviève,CA,10,19857,L'Ile-Bizard–Sainte-Genevieve
Līkak,IR,05,19857,Likak
Warragul,AU,07,19856,
St Clair,AU,02,19856,
Sarāt ‘Abīdah,SA,11,19855,Sarat ‘Abidah
Vallehermoso,ES,29,19853,
Enger,DE,07,19852,
Monino,RU,47,19852,
Fengle,CN,33,19851,
Selden,US,NY,19851,
Tías,ES,53,19849,Tias
Aurād,IN,19,19849,Aurad
Beyla,GN,N,19848,
Paris 02 Bourse,FR,11,19847,
Mount Martha,AU,07,19846,
Sankaraperi,IN,25,19844,
Selangau,MY,11,19844,
Clemmons,US,NC,19844,
Beolgyo,KR,16,19842,
West Chester,US,PA,19842,
Evergreen Park,US,IL,19841,
Bad Waldsee,DE,01,19840,
Pacol,PH,06,19839,
Southbury,US,CT,19836,
Bahía Honda,CU,AR,19834,Bahia Honda
Paredes,PT,17,19834,
Al Murar al Qadīm,AE,03,19831,Al Murar al Qadim
Kulu,IN,11,19831,
Ho Man Tin,HK,KKC,19830,
Wushan,CN,33,19829,
İskilip,TR,19,19829,Iskilip
Yisilamu'awati,CN,13,19828,
Kalinjur,IN,25,19828,
Vila Rica,BR,14,19827,
Chetput,IN,25,19827,
Yorito,HN,18,19824,
Cunduacán,MX,27,19824,Cunduacan
Capesterre-Belle-Eau,GP,GP,19821,
Peto,MX,31,19821,
Doka,SD,39,19821,
Adelaide city centre,AU,05,19820,
Brickworks Estate,SG,00,19820,
Baldwin,US,PA,19819,
Rio Verde de Mato Grosso,BR,11,19818,
Kusa,RU,13,19818,
Kolavallúr,IN,13,19817,Kolavallur
Huntsville,CA,08,19816,
Cinkansé,BF,04,19815,Cinkanse
Nshamba,TZ,19,19815,
General Mosconi,AR,17,19811,
Florencia,CU,07,19811,
Sonāri,IN,03,19810,Sonari
Careiro da Várzea,BR,04,19809,Careiro da Varzea
Paikeqi,CN,13,19809,
Beni Mester,DZ,15,19808,
Marblehead,US,MA,19808,
Norton,US,MA,19808,
Orunia Górna-Gdańsk Południe,PL,82,19807,Orunia Gorna-Gdansk Południe
Onsŏng,KP,17,19806,Onsong
Plattsburgh,US,NY,19806,
Sawankhalok,TH,09,19805,
Xinglong,CN,15,19803,
Goygol,AZ,62,19800,
Lirang,CN,33,19799,
Vera,AR,21,19797,
Xambabazar,CN,13,19796,
North Salt Lake,US,UT,19796,
Minamishibetsuchō,JP,12,19794,Minamishibetsucho
Alcúdia,ES,07,19793,Alcudia
Bandar Putra Kulai,MY,01,19793,
Hayrabolu,TR,59,19793,
Lidcombe,AU,02,19791,
Itaparica,BR,05,19789,
Cluses,FR,84,19789,
Levin,NZ,F3,19789,
Rubiataba,BR,29,19788,
Deoraniān,IN,36,19788,Deoranian
Picassent,ES,60,19786,
Rosignano Solvay-Castiglioncello,IT,16,19786,
Araripe,BR,06,19783,
Banī Na‘īm,PS,WE,19783,Bani Na‘im
Jericho,PS,WE,19783,
Ban Khlong Bang Ramat,TH,40,19783,
Sand Springs,US,OK,19783,
Ayla Patakata,BD,85,19782,
Bordj Zemoura,DZ,39,19782,
Kolāras,IN,35,19781,Kolaras
Time,NO,14,19781,
Ranot,TH,68,19780,
Chinna Āndānkovil,IN,25,19779,Chinna Andankovil
Şile,TR,34,19778,Sile
Raval,IN,09,19777,
Gheorgheni,RO,20,19777,
Westwood Plateau,CA,02,19776,
Chāndūr,IN,16,19776,Chandur
Chodzież,PL,86,19776,Chodziez
Painesville,US,OH,19776,
Massy,KG,03,19774,
Assebroek,BE,VLG,19772,
Meyrin,CH,GE,19772,
Fuyun,CN,13,19772,
Vulcan,RO,21,19772,
Bourg-lès-Valence,FR,84,19770,Bourg-les-Valence
Tabarka,TN,06,19770,
Yomra,TR,61,19770,
Cheung Chau,HK,NIS,19769,
Diamond Head / Kapahulu / Saint Louis Heights,US,HI,19769,
Palabana,ZM,09,19769,
An-Najaylah,EG,22,19768,
Marchena,ES,51,19768,
Finglas,IE,L,19768,
Kannānkurichchi,IN,25,19765,Kannankurichchi
Câmpulung Moldovenesc,RO,34,19765,Campulung Moldovenesc
Kattanam,IN,13,19764,
Ghatkesar,IN,40,19763,
Eitorf,DE,07,19761,
Chopera,ES,29,19761,
Kogota,JP,24,19760,
Nukui,JP,40,19760,
Borgaon,IN,16,19759,
Novate Milanese,IT,09,19758,
Karachev,RU,10,19757,
Greenfield,US,MA,19753,
Simonésia,BR,15,19750,Simonesia
Campamento,ES,29,19750,
Sendamangalam,IN,25,19750,
Talitay,PH,14,19750,
Villefontaine,FR,84,19749,
Hartranft,US,PA,19748,
Kaltenkirchen,DE,10,19747,
Três Barras,BR,26,19746,Tres Barras
Pickerington,US,OH,19745,
Chhāpar,IN,24,19744,Chhapar
Calvillo,MX,01,19742,
Lágymányos,HU,16,19741,Lagymanyos
Ortaca,TR,48,19741,
Udangudi,IN,25,19738,
Monção,PT,20,19738,Moncao
Kivsharivka,UA,07,19738,
New Canaan,US,CT,19738,
Günzburg,DE,02,19737,Gunzburg
Saint-Gratien,FR,11,19737,
Inza,RU,81,19737,
Albany,US,CA,19735,
Tirumeshi,IN,25,19733,
Snellville,US,GA,19733,
Galapa,CO,04,19732,
Yamata,JP,34,19732,
Kerūr,IN,19,19731,Kerur
Gua Musang,MY,03,19731,
Les Pavillons-sous-Bois,FR,11,19730,
Verukulambu,IN,25,19730,
Fox Chase,US,PA,19730,
Crisópolis,BR,05,19729,Crisopolis
Ahwiaa,GH,02,19729,
Caraúbas,BR,22,19727,Caraubas
Wote,KE,32,19725,
Huissen,NL,03,19725,
Reykjanesbær,IS,43,19724,
Seminyih,MY,12,19724,
Vaalwater,ZA,09,19723,
Bad Schwartau,DE,10,19722,
Altotonga,MX,30,19722,
Sparta,US,NJ,19722,
Rosolini,IT,15,19721,
Cuité,BR,17,19719,Cuite
Shui Chuen O,HK,NST,19719,
Shāhpur,IN,35,19719,Shahpur
‘Anat al Qadīmah,IQ,01,19719,‘Anat al Qadimah
Lower Lonsdale,CA,02,19718,
Fontainebleau,FR,11,19717,
Columbia Heights,US,MN,19715,
Holtsville,US,NY,19714,
Petrovsk-Zabaykal’skiy,RU,93,19713,
Muramatsu,JP,29,19712,
Jhinjhāna,IN,36,19711,Jhinjhana
‘Alī al Gharbī,IQ,14,19711,‘Ali al Gharbi
Karnobat,BG,39,19709,
Sam Roi Yot,TH,57,19709,
Kumbhrāj,IN,35,19707,Kumbhraj
Natona,BD,85,19705,
La Ermita,MX,11,19703,
Lichuan Zhen,CN,15,19701,
Tuscany,CA,01,19700,
Bellshill,GB,SCT,19700,
Hem,FR,32,19699,
Khangarh,PK,04,19698,
Lochristi,BE,VLG,19696,
Yonabaru,JP,47,19695,
Sarai Naurang,PK,03,19694,
Ikungi,TZ,16,19692,
Suárez,CO,09,19690,Suarez
Suutarila,FI,01,19690,
Nogent-sur-Oise,FR,32,19690,
Bareja,IN,09,19690,
Zhukovka,RU,10,19690,
Bléniméouin,CI,78,19689,Blenimeouin
Vadakku Viravanallur,IN,25,19689,
Wakabayashi,JP,40,19686,
Salmon Creek,US,WA,19686,
Alameda de Osuna,ES,29,19685,
Tamuning-Tumon-Harmon Village,GU,TM,19685,
Tamuning,GU,TM,19685,
Mokēri,IN,13,19684,Mokeri
Le François,MQ,MQ,19682,Le Francois
Tongelre,NL,06,19680,
Samrāla,IN,23,19678,Samrala
Pokok Sena,MY,02,19677,
Orós,BR,06,19675,Oros
Sinchu Alagi,GM,05,19672,
Suay,PH,06,19672,
Jakobstad,FI,15,19668,
Obudu,NG,22,19668,
Kingsessing,US,PA,19668,
Alagir,RU,68,19665,
Bexley,AU,02,19664,
San Cristóbal Verapaz,GT,01,19664,San Cristobal Verapaz
Rafael Jambeiro,BR,05,19662,
Antrim,GB,NIR,19661,
Bieruń,PL,83,19659,Bierun
Bikin,RU,30,19659,
Baq‘ā’,SA,13,19659,Baq‘a’
Jambes,BE,WAL,19658,
Jūnāgarh,IN,37,19656,Junagarh
Buriti dos Lopes,BR,20,19654,
La Crescenta-Montrose,US,CA,19653,
Sevan,AM,04,19652,
Keszthely,HU,24,19652,
Leek,NL,04,19651,
Maywood,CA,02,19650,
Spanish Lake,US,MO,19650,
Banderilla,MX,30,19649,
Zinguédéssé,BF,03,19648,Zinguedesse
Jatibonico,CU,14,19644,
Nalco,IN,21,19644,
Miracatu,BR,27,19643,
Bo‘ka,UZ,14,19642,
Zhongzhai,CN,15,19641,
Bagnols-sur-Cèze,FR,76,19640,Bagnols-sur-Ceze
Dekoa,CF,06,19639,
Willmar,US,MN,19638,
Guacarí,CO,29,19637,Guacari
Yajiang,CN,33,19636,
Soho,GB,ENG,19634,
Kotu,GM,01,19634,
Cachoeira do Piriá,BR,16,19630,Cachoeira do Piria
Kirkintilloch,GB,SCT,19630,
Qingfeng,CN,33,19627,
Tysons,US,VA,19627,
Beni Yakhlef,MA,06,19622,
Kotel’nikovo,RU,84,19622,
Samuyuzi,CN,13,19621,
Jussara,BR,29,19620,
Ampére,BR,18,19620,Ampere
Forest Lake,US,MN,19618,
San Tin,HK,NYL,19617,
Gombi,NG,35,19616,
Banyoles,ES,56,19615,
Baao,PH,05,19612,
Norris Green,GB,ENG,19610,
Chignahuapan,MX,21,19608,
Fenoarivo Be,MG,14,19605,
Varkaus,FI,11,19603,
Keynsham,GB,ENG,19603,
Badi,IN,35,19603,
Borodino,RU,91,19602,
Mishōhirajō,JP,05,19601,Mishohirajo
San Juan Zitlaltepec,MX,15,19600,
Podporozh’ye,RU,42,19600,
Nyahuka,UG,W,19600,
Băileşti,RO,17,19599,Bailesti
Charipara,IN,26,19598,
Mankono,CI,97,19597,
Seferihisar,TR,35,19596,
Resubelpara,IN,18,19595,
Palmital,BR,27,19594,
Kuraymah,SD,43,19593,
Lichtenvoorde,NL,03,19590,
Buritirama,BR,05,19589,
Heyan,CN,33,19589,
Bethany,US,OK,19589,
Rahat,IL,01,19586,
Sungai Jawi,MY,09,19586,
Bequimão,BR,13,19584,Bequimao
Achocalla,BO,04,19583,
Tai’an,CN,33,19583,
Jājarm,IR,43,19580,Jajarm
Sun City,US,CA,19579,Sun
Earl Shilton,GB,ENG,19578,
Kalmeshwar,IN,16,19578,
Jharoda Kalān,IN,07,19578,Jharoda Kalan
Arroyito,AR,05,19577,
Ghardimaou,TN,06,19574,
El Soberbio,AR,14,19571,
San Francisco,PH,03,19570,
Montclair,US,VA,19570,
Moguer,ES,51,19569,
Galatina,IT,13,19569,
Engenheiro Coelho,BR,27,19566,
El Arahal,ES,51,19565,
Nakło nad Notecią,PL,73,19565,Nakło nad Notecia
Vargem Alta,BR,08,19563,
Ostashkov,RU,77,19563,
Chubek,TJ,02,19563,
Ncotshane,ZA,02,19562,
Lynbrook,US,NY,19558,
Yaransk,RU,33,19557,
Lāwar Khās,IN,36,19556,Lawar Khas
Orchards,US,WA,19556,
Nanyamba,TZ,11,19555,
Eastchester,US,NY,19554,
Schmalkalden,DE,15,19553,
Bad Driburg,DE,07,19553,
Água Branca,BR,02,19550,Agua Branca
Gaofeng,CN,33,19550,
Srīrāmnagar,IN,40,19550,Sriramnagar
Caraí,BR,15,19548,Carai
Payson,US,UT,19548,
Monforte de Lemos,ES,58,19546,
Diamante,AR,08,19545,
Guapó,BR,29,19545,Guapo
Trostyanets,UA,21,19544,
Dingshi,CN,33,19543,
Kröpeliner-Tor-Vorstadt,DE,12,19542,Kropeliner-Tor-Vorstadt
Neftegorsk,RU,65,19542,
San Isidro,ES,53,19541,
Kiliya,UA,17,19540,
West Saint Paul,US,MN,19540,
Deception Bay,AU,04,19539,
Madisonville,US,KY,19539,
Pattan,IN,12,19538,
Mulakumūd,IN,25,19538,Mulakumud
Flora,SR,16,19538,
Poperinge,BE,VLG,19537,
Herceg Novi,ME,08,19536,
Fukumitsu,JP,42,19535,
Waldbröl,DE,07,19533,Waldbrol
Tadjoura,DJ,05,19533,
Krasnystaw,PL,75,19532,
Teltow,DE,11,19530,
Bāgbahra,IN,37,19529,Bagbahra
Ibi,JP,09,19529,
Birnin Gaouré,NE,03,19529,Birnin Gaoure
Kibakwe,TZ,03,19526,
Ives Estates,US,FL,19525,
Langgar,CN,13,19524,
Gharo,PK,05,19524,
Bhadrapur,NP,1,19523,
Ipanema,BR,15,19522,
Chabet el Ameur,DZ,40,19522,
Kujang-ŭp,KP,11,19522,Kujang-up
Reẕvānshahr,IR,08,19519,Rezvanshahr
Selma,US,AL,19519,
Pontedera,IT,16,19518,
Kovdor,RU,49,19518,
Vaalbank,ZA,07,19517,
Vīsāvadar,IN,09,19515,Visavadar
Negotino,MK,69,19515,
Loznica,RS,SE,19515,
Yuzhnyy,RU,04,19515,
Carnaíba,BR,30,19513,Carnaiba
Pināhat,IN,36,19511,Pinahat
Kuala Pilah,MY,05,19510,
Papillion,US,NE,19510,
Gorodishche,RU,84,19509,
Urucará,BR,04,19505,Urucara
Murrupula,MZ,06,19504,
Henichesk,UA,08,19501,
Ijevan,AM,09,19500,
Pakistan Employees Cooperative Housing Society,PK,05,19500,
Al Qarārah,PS,GZ,19500,Al Qararah
Kozel’sk,RU,25,19500,
Magamaga,UG,E,19500,
Buhimba,UG,W,19500,
Djakotomé,BJ,12,19498,Djakotome
São Vicente Ferrer,BR,13,19498,Sao Vicente Ferrer
Wisch,NL,03,19496,
Nunspeet,NL,03,19496,
Los Álamos,CL,06,19494,Los Alamos
Pennādam,IN,25,19494,Pennadam
Proletarsk,RU,61,19493,
Kyauktaw,MM,01,19492,
Teminabuan,ID,PD,19491,
Saint Kilda,AU,07,19490,
Pljevlja,ME,14,19489,
Montgomery,US,IL,19489,
Sint-Katelijne-Waver,BE,VLG,19487,
Bemerode,DE,06,19486,
Nainwa,IN,24,19485,
Rameswaram,IN,02,19483,
Badger,US,AK,19482,
Adwick le Street,GB,ENG,19481,
Hoveyzeh,IR,15,19481,
Ban Dung,TH,76,19479,
Seymour,US,IN,19478,
Daro,MY,11,19477,
Lake Shore,US,MD,19477,
Kurikka,FI,14,19474,
Barrancas,VE,16,19474,
Baolong,CN,33,19472,
Piedade,PT,19,19472,
Maposeni,TZ,14,19472,
Malabanban Norte,PH,40,19471,
Lebach,DE,09,19468,
Legazpi,ES,29,19468,
Akhtyrskiy,RU,38,19468,
Jānsath,IN,36,19467,Jansath
Couëron,FR,52,19466,Coueron
Santrampur,IN,09,19465,
Weybridge,GB,ENG,19463,
Sil-li,KP,15,19463,
Blackwall,GB,ENG,19461,
Fāẕelābād,IR,37,19461,Fazelabad
Richha,IN,36,19459,
Bhāyāvadar,IN,09,19458,Bhayavadar
Polonuevo,CO,04,19454,
Ishøj,DK,17,19453,
McKeesport,US,PA,19453,
Pinecrest,US,FL,19452,
Poggiomarino,IT,04,19451,
Weirton Heights,US,WV,19450,
Port Angeles,US,WA,19448,
Gulou,CN,33,19447,
Terrace,CA,02,19443,
Irlam,GB,ENG,19442,
Miguelópolis,BR,27,19441,Miguelopolis
Ochtrup,DE,07,19441,
North Battleford,CA,11,19440,
Écully,FR,84,19437,Ecully
Longkong,CN,33,19435,
Schwalmtal,DE,07,19435,
Hazel Dell,US,WA,19435,
Salcajá,GT,13,19434,Salcaja
Chessington,GB,ENG,19433,
Salmon Arm,CA,02,19432,
Trecate,IT,12,19430,
Angleton,US,TX,19429,
Formoso do Araguaia,BR,31,19428,
Alton,GB,ENG,19425,
Aistala,IN,28,19425,
Xitole,GW,01,19424,
Itaquiraí,BR,11,19423,Itaquirai
Māhān,IR,29,19423,Mahan
Lucala,AO,05,19422,
Taquarana,BR,02,19422,
Charlottenburg-Nord,DE,16,19422,
Kabanga,TZ,19,19421,
Liversedge,GB,ENG,19420,
Nova Granada,BR,27,19419,
Teguise,ES,53,19418,
Almagro,ES,29,19418,
Fernley,US,NV,19418,
Methukummal,IN,25,19417,
El Malah,DZ,36,19415,
eMuziwezinto,ZA,02,19415,
Mayen,DE,08,19414,
Lomas del Sur,MX,14,19413,
Gannavaram,IN,02,19410,
Amarpātan,IN,35,19409,Amarpatan
Kaulsdorf,DE,16,19408,
Alice,US,TX,19408,
Lake Forest,US,IL,19408,
Battle Ground,US,WA,19407,
Custoias,PT,11,19406,
Sojītra,IN,09,19403,Sojitra
Singur,IN,28,19402,
Shusha,AZ,55,19400,
Hechingen,DE,01,19400,
Singarāyakonda,IN,02,19400,Singarayakonda
Goundam,ML,08,19400,
Kinoni,UG,W,19400,
Tuen Mun San Hui,HK,NTM,19398,
Carlos Casares,AR,01,19397,
Paranapanema,BR,27,19395,
Bodegraven,NL,11,19395,
Waina,CN,15,19394,
Bönen,DE,07,19393,Bonen
Dixon,US,CA,19390,
Halwan,AE,06,19389,
Panagyurishte,BG,48,19389,
Telgte,DE,07,19389,
Žabovřesky,CZ,78,19387,Zabovresky
Punnayūr,IN,13,19387,Punnayur
Schopfheim,DE,01,19386,
Chipiona,ES,51,19386,
Konnūr,IN,19,19386,Konnur
Phak Hai,TH,36,19386,
Leek,GB,ENG,19385,
Weir,IN,24,19385,
Narwar,IN,35,19385,
Forest Park,US,GA,19383,
Riversdale,ZA,11,19382,
Barro,BR,06,19381,
Longmen,CN,33,19380,
Sulzbach-Rosenberg,DE,02,19379,
Ivdel’,RU,71,19379,
Igusa,JP,34,19378,
Nishitawara,JP,13,19377,
Vélez,CO,26,19376,Velez
Shitan,CN,33,19375,
Mamaroneck,US,NY,19375,
Chapada dos Guimarães,BR,14,19374,Chapada dos Guimaraes
Kampung Minyak Beku,MY,01,19374,
Olympic,HK,KYT,19373,
Mandelia,TD,15,19373,
Homewood,US,IL,19373,
Wazīrganj,IN,36,19372,Wazirganj
Kampung Teluk Air Tawar,MY,09,19371,
Bear,US,DE,19371,
Gnago,CI,76,19370,
Kakdwip,IN,28,19368,
Canto do Buriti,BR,20,19365,
Norrtälje,SE,26,19365,Norrtalje
Chalatenango,SV,03,19364,
Tamenglong,IN,17,19363,
Pueblo Nuevo,MX,10,19363,
Magumeri,NG,27,19363,
Jhol,PK,05,19363,
Tajerouine,TN,14,19362,
Gōdo,JP,09,19361,Godo
Casarano,IT,13,19359,
Puchheim,DE,02,19357,
Melksham,GB,ENG,19357,
Chiroqchi,UZ,08,19356,
As Samū‘,PS,WE,19355,As Samu‘
Senica,SK,07,19355,
Bayou Cane,US,LA,19355,
Cran-Gevrier,FR,84,19354,
Gualán,GT,22,19354,Gualan
Lora del Río,ES,51,19352,Lora del Rio
Ahigbé Koffikro,CI,94,19351,Ahigbe Koffikro
Baddomalhi,PK,04,19351,
Horsforth,GB,ENG,19350,
Taung Thu Kone,MM,17,19350,
Afrânio,BR,30,19349,Afranio
Rinkeby,SE,26,19349,
Orange,US,TX,19347,
Jalochi,IN,16,19346,
Chunghwa,KP,12,19346,
Dumbéa,NC,02,19346,Dumbea
Alsip,US,IL,19346,
El Retén,CO,38,19345,El Reten
Carouge,CH,GE,19344,
Lutz,US,FL,19344,
Lukulu,ZM,01,19344,
Steilshoop,DE,04,19343,
Maholi,IN,36,19343,
Kaimur,IN,35,19343,
Mahapleu,CI,78,19342,
Novopokrovskaya,RU,38,19342,
Acatlán de Osorio,MX,21,19341,Acatlan de Osorio
Baden,CH,AG,19340,
Katav-Ivanovsk,RU,13,19339,
Weil der Stadt,DE,01,19338,
Sint-Andries,BE,VLG,19336,
Discovery Bay,HK,NIS,19336,
Bilhaur,IN,36,19333,
Kemi,FI,19,19332,
Velika Kladuša,BA,01,19330,Velika Kladusa
Presidente Médici,BR,24,19327,Presidente Medici
Vecsés,HU,16,19327,Vecses
Sabaudia,IT,07,19327,
Algés,PT,14,19327,Alges
Green Haven,US,MD,19326,
Lexington,US,NC,19326,
Bhit Shah,PK,05,19325,
Orlovskiy,RU,61,19325,
Nové Mesto nad Váhom,SK,06,19325,Nove Mesto nad Vahom
Nam Som,TH,76,19324,
Boquira,BR,05,19322,
Perdriel,AR,13,19321,
Bouca,CF,20,19320,
Wasquehal,FR,32,19320,
Telok Blangah,SG,00,19320,
Roses,ES,56,19319,
Mangalam,IN,02,19318,
Manyinga,ZM,06,19317,
Corner Brook,CA,05,19316,
Cabildo,CL,01,19315,
Raja Pur Khurd,IN,07,19312,
Padua,CO,28,19311,
Khānāpur,IN,19,19309,Khanapur
Hässleholm,SE,27,19309,Hassleholm
Bellwood,US,IL,19308,
M’Bahiakro,CI,81,19307,
Clydach,GB,WLS,19307,
Yelizavetinskaya,RU,38,19306,
Pacaraima,BR,25,19305,
Sansheng,CN,33,19305,
Hamina,FI,08,19305,
Tiruppālai,IN,25,19305,Tiruppalai
Sobradinho,BR,05,19304,
Welgelegen,SR,16,19304,
Clayton,US,NC,19304,
Central Falls,US,RI,19303,
Rangiora,NZ,E9,19300,
Qandala,SO,03,19300,
Sironko,UG,E,19300,
Tielt,BE,VLG,19299,
Sun Valley,US,NV,19299,
Mâncio Lima,BR,01,19294,Mancio Lima
Berrahal,DZ,37,19294,
Ranau,MY,16,19294,
Makabe,JP,14,19293,
Mandelieu-la-Napoule,FR,93,19292,
Sukumo,JP,20,19292,
Dalaman,TR,48,19292,
Doukouya,CI,95,19290,
Dayal,PK,06,19290,
Nimāparha,IN,21,19289,Nimaparha
Burhar,IN,35,19289,
Castelo do Piauí,BR,20,19288,Castelo do Piaui
Deoli,IN,16,19288,
Horizon City,US,TX,19288,Horizon
Devadanapatti,IN,25,19285,
Sherwood,US,OR,19283,
Waterford,US,CT,19281,
Hamīrpur,IN,11,19280,Hamirpur
Nikol’skoye,RU,42,19280,
Schwalmstadt,DE,05,19279,
Orinda,US,CA,19279,
Papar,MY,16,19278,
La Plata,CO,16,19275,
Rio Bananal,BR,08,19274,
Laksar,IN,39,19270,
Al ‘Aqīq,SA,02,19269,Al ‘Aqiq
Al ‘Aqīq,SA,02,19269,Al ‘Aqiq
Pinole,US,CA,19269,
Helin,CN,33,19268,
Bremervörde,DE,06,19268,Bremervorde
Budai,TW,04,19268,
Vakkam,IN,13,19267,
Spoleto,IT,18,19266,
Woodbridge,US,NJ,19265,
Vibo Valentia,IT,03,19263,
Willetton,AU,08,19262,
Ezhome,IN,13,19261,
Kajiya,JP,13,19261,
Balykshi,KZ,06,19260,
Sun City Center,US,FL,19258,
Ammainaickanur,IN,25,19257,
Rosedale,US,MD,19257,
Altamont,US,OR,19257,
East Dereham,GB,ENG,19256,
Grafton,AU,02,19255,
Taşova,TR,05,19253,Tasova
Nyimba,ZM,03,19252,
Howard,US,WI,19250,
Niu Valley,US,HI,19250,
Kęty,PL,77,19249,Kety
Realeza,BR,18,19247,
Alamo,US,TX,19246,
Kos,GR,ESYE42,19244,
Ourolândia,BR,05,19243,Ourolandia
Dizangué,CM,05,19243,Dizangue
El Dividive,VE,21,19243,
Engaru,JP,12,19241,
Jirkov,CZ,89,19240,
Kesinga,IN,21,19239,
Wadowice,PL,77,19238,
Pariquera-Açu,BR,27,19233,Pariquera-Acu
Manatí,CO,04,19233,Manati
Kampong Kadok,MY,03,19233,
Pisz,PL,85,19232,
Mělník,CZ,88,19231,Melnik
Kuala Kedah,MY,02,19231,
Novoanninskiy,RU,84,19231,
Broadview Heights,US,OH,19229,
Upper Saint Clair,US,PA,19229,
Vendôme,FR,24,19226,Vendome
Strășeni,MD,89,19225,Straseni
Chhaprauli,IN,36,19224,
Degema Hulk,NG,50,19223,
Bückeburg,DE,06,19221,Buckeburg
Louviers,FR,28,19220,
Haslett,US,MI,19220,
Sardulgarh,IN,23,19219,
Akureyri,IS,40,19219,
West Elsdon,US,IL,19219,
Herent,BE,VLG,19218,
Baytokay,CN,13,19217,
Khonj,IR,07,19217,
Agidel’,RU,08,19217,
Reinach,CH,BL,19216,
Gauting,DE,02,19216,
Kabūdarāhang,IR,09,19216,Kabudarahang
Newton,US,KS,19216,
Glassboro,US,NJ,19216,
Burscheid,DE,07,19215,
Santa Ana,VE,17,19215,
Altus,US,OK,19214,
Bandar-e Kong,IR,11,19213,
Rodas,CU,08,19212,
Kalabahi,ID,18,19210,
Gombe,AO,19,19209,
Schifferstadt,DE,08,19209,
Jämsä,FI,13,19209,Jamsa
Kuala Ketil,MY,02,19209,
Goderich,SL,04,19209,
Hoopstad,ZA,03,19209,
Maduraivayal,IN,25,19208,
Sondrio,IT,09,19208,
Blythe,US,CA,19208,
Laur,PH,03,19206,
Lumphat,KH,23,19205,
Jiangluo,CN,15,19204,
Ottobrunn bei München,DE,02,19204,Ottobrunn bei Munchen
Silverdale,US,WA,19204,
The Peak,HK,HCW,19202,
Budadiri,UG,E,19200,
Schneverdingen,DE,06,19199,
Popasna,UA,14,19199,
Shchigry,RU,41,19198,
Izalco,SV,13,19197,
Covington,US,WA,19197,
Seven Hills,AU,02,19196,
Ipil,PH,09,19195,
Matteson,US,IL,19195,
Beaconsfield,CA,10,19194,
Great Wyrley,GB,ENG,19193,
El Viso del Alcor,ES,51,19191,
Hirekerūr,IN,19,19191,Hirekerur
Gomīshān,IR,37,19191,Gomishan
Linguère,SN,13,19191,Linguere
's-Gravenzande,NL,11,19190,
Tumwater,US,WA,19190,
Wenceslau Braz,BR,18,19188,
Manzanares,ES,54,19186,
Giovinazzo,IT,13,19186,
Nesterovskaya,RU,19,19186,
Joaquín V. González,AR,17,19185,Joaquin V. Gonzalez
Manshīyat al Qanāţir,EG,08,19185,Manshiyat al Qanatir
Asagaya-minami,JP,40,19185,
Laela,TZ,24,19185,
Gujan-Mestras,FR,75,19184,
Yarm,GB,ENG,19184,
Old Jamestown,US,MO,19184,
Aleg,MR,05,19183,
Corinto,NI,03,19183,
Kōttayam,IN,13,19176,Kottayam
Gallipoli,IT,13,19176,
Tonggu,CN,33,19175,
Shoreham-by-Sea,GB,ENG,19175,
Shehera,IN,09,19175,
Weirton,US,WV,19175,
Shaoyun,CN,33,19174,
Mene de Mauroa,VE,11,19174,
Kurovskoye,RU,47,19173,
Misilmeri,IT,15,19171,
Mezőtúr,HU,20,19168,Mezotur
Tomar,PT,18,19168,
White Oak,US,OH,19167,
Sanary-sur-Mer,FR,93,19166,
Koropí,GR,ESYE31,19164,Koropi
Xochitepec,MX,17,19164,
Hostivař,CZ,52,19161,Hostivar
Parchim,DE,12,19161,
Senlis,FR,32,19160,
Rybnoye,RU,62,19159,
Burgersdorp,ZA,05,19159,
Ogoudou,CI,95,19158,
Pinner,GB,ENG,19158,
Kampung Cheng,MY,04,19158,
Kawasan Perindustrian Cheng,MY,04,19158,
Suriānwān,IN,36,19157,Surianwan
Zeerust,ZA,10,19154,
Tutong,BN,04,19151,
Cocos,BR,05,19151,
Itaobim,BR,15,19151,
Papanduva,BR,26,19150,
Guaranésia,BR,15,19150,Guaranesia
Rijokri,IN,07,19148,
Anna,RU,86,19148,
Kadikkād,IN,13,19147,Kadikkad
Tarumizu,JP,18,19146,
Corquín,HN,05,19145,Corquin
Biswanath Chariali,IN,03,19145,
Ringwood,AU,07,19144,
Siwāni,IN,10,19143,Siwani
Uva,RU,80,19143,
Metapán,SV,11,19143,Metapan
Carlisle,US,PA,19143,
Aalten,NL,03,19141,
El Bauga,SD,53,19141,
Rhede,DE,07,19140,
Acaponeta,MX,18,19140,
Mineola,US,NY,19139,
Alfeld,DE,06,19138,
Arese,IT,09,19138,
Pidhorodnye,UA,04,19138,
Gaj,PL,72,19136,
Baijia,CN,33,19133,
Shelbyville,US,IN,19133,
Longjing,CN,33,19130,
Wiset Chaichan,TH,35,19129,
Contenda,BR,18,19128,
Abadia de Goiás,BR,29,19128,Abadia de Goias
Tullahoma,US,TN,19128,
Qabāţīyah,PS,WE,19127,Qabatiyah
Pirané,AR,09,19124,Pirane
Lagawe,PH,15,19124,
Ashkez̄ar,IR,40,19123,Ashkezar
Ozark,US,MO,19120,
Benavente,ES,55,19119,
Khai Gala,PK,06,19119,
Eeklo,BE,VLG,19116,
Tha Ruea,TH,36,19116,
Albertville,FR,84,19113,
Gröbenzell,DE,02,19110,Grobenzell
Mandiana,GN,K,19110,
Honnavar,IN,19,19109,
Wollongong city centre,AU,02,19108,
Ashibetsu,JP,12,19108,
Encruzilhada,BR,05,19107,
Nallıhan,TR,68,19106,
Mossendjo,CG,07,19104,
Limeil-Brévannes,FR,11,19104,Limeil-Brevannes
Secaucus,US,NJ,19104,
Jacksonville,US,IL,19103,
Fairwood,US,WA,19102,
Villa Ocampo,AR,21,19101,
Sedeh Lanjān,IR,28,19101,Sedeh Lanjan
Torūr,IN,40,19100,Torur
Jalladiampet,IN,25,19100,
Talitsa,RU,71,19100,
Madison,US,CT,19100,
Mir Pur Turk,IN,07,19098,
Cole Harbour,CA,07,19096,
Bhitarwār,IN,35,19096,Bhitarwar
Mārupe,LV,95,19096,Marupe
Camp Springs,US,MD,19096,
San Rafael Oriente,SV,09,19095,
Redbank Plains,AU,04,19094,
Kallukuttam,IN,25,19093,
Pulai,MY,02,19093,
Villa Paula de Sarmiento,AR,18,19092,
Guápiles,CR,06,19092,Guapiles
Chautāpal,IN,40,19092,Chautapal
Marina di Massa,IT,16,19092,
José Cardel,MX,30,19092,Jose Cardel
Tshitereke,ZA,09,19092,
Arang,IN,37,19091,
Rioblanco,CO,28,19090,
Kyurdarmir,AZ,27,19088,
Paillaco,CL,17,19088,
Jouy-le-Moutier,FR,11,19087,
Bashanet,TZ,27,19087,
Magomeni,TZ,23,19086,
Prestatyn,GB,WLS,19085,
Barcelos,PT,04,19085,
Butiá,BR,23,19084,Butia
Brezina,DZ,42,19084,
Pindobaçu,BR,05,19083,Pindobacu
Jiaogong,CN,15,19083,
Balatçık,TR,35,19082,Balatcık
Kihangara,TZ,12,19082,
Ronkonkoma,US,NY,19082,
Ōtsuka,JP,40,19081,Otsuka
Sokółka,PL,81,19079,Sokołka
Sung Wong Toi,HK,KKC,19078,
Menzel Abderhaman,TN,18,19078,
Saco,US,ME,19078,
Maple Shade,US,NJ,19077,
Eselsberg,DE,01,19075,
Bronte,IT,15,19074,
Puerto El Triunfo,SV,14,19074,
Hawthorne,US,NJ,19074,
Gangjia,CN,33,19072,
Cosquín,AR,05,19070,Cosquin
Itatinga,BR,27,19070,
Marmande,FR,75,19069,
Fresno,US,TX,19069,
East Massapequa,US,NY,19069,
São José de Piranhas,BR,17,19067,Sao Jose de Piranhas
Amherst Center,US,MA,19065,
Montrose,US,CO,19062,
Värnamo,SE,08,19061,Varnamo
Peterhead,GB,SCT,19060,
Malanday,PH,03,19060,
Dharmkot,IN,23,19057,
General Belgrano,AR,01,19056,
Kampar,MY,07,19056,
Point Fortin,TT,PTF,19056,
Kirandul,IN,37,19053,
Gerlingen,DE,01,19050,
Guaratinga,BR,05,19049,
Cesário Lange,BR,27,19048,Cesario Lange
Osiedle Kosmonautów,PL,72,19048,Osiedle Kosmonautow
Kui Buri,TH,57,19046,
Kothakota,IN,40,19042,
Katangi,IN,35,19040,
Mtwango,TZ,30,19040,
Pułtusk,PL,78,19039,
Āmlāgora,IN,28,19038,Amlagora
Vynnyky,UA,15,19037,
El Goloso,ES,29,19036,
Marion Oaks,US,FL,19034,
Villabate,IT,15,19031,
Brownwood,US,TX,19031,
Southbridge,US,MA,19030,
Monte Llano,DO,18,19029,
Rémire-Montjoly,GF,GF,19029,Remire-Montjoly
Samho-rodongjagu,KP,03,19025,
Zeewolde,NL,16,19022,
Karthikappally,IN,13,19021,
Mukamira,RW,14,19021,
Andritz,AT,06,19020,
Nootdorp,NL,11,19020,
Yatağan,TR,48,19020,Yatagan
Deerfield,US,IL,19019,
Puçol,ES,60,19018,Pucol
Kafr Qari‘,IL,04,19018,
Pyskowice,PL,83,19018,
Royan,FR,75,19017,
Castaic,US,CA,19015,
Moaña,ES,58,19014,Moana
Aizu-misato Machi,JP,08,19014,
Oulmes,MA,04,19014,
Amargaḍhi̇̄,NP,7,19014,Amargadhi
Ghanzi,BW,03,19012,
Laupheim,DE,01,19012,
Heusenstamm,DE,05,19012,
Arita,JP,33,19010,
Aoulouz,MA,09,19010,
Al Ghānim,QA,01,19010,Al Ghanim
Friedrichshagen,DE,16,19009,
Maurepas,FR,11,19009,
Saratok,MY,11,19009,
Ennis,US,TX,19007,
Fanipol,BY,05,19006,
Thornbury,AU,07,19005,
Lagoa do Itaenga,BR,30,19003,
Ellensburg,US,WA,19001,
Lumbala,AO,14,19000,
Anshing,IN,16,19000,
Porta Palazzo,IT,12,19000,
São Tiago de Custoias,PT,17,19000,Sao Tiago de Custoias
Hässelby Villastad,SE,26,19000,Hasselby Villastad
Likisá,TL,LI,19000,Likisa
Columbia City,US,WA,19000,Columbia
Leposaviq,XK,10097358,19000,
Cafelândia,BR,18,18997,Cafelandia
Claremore,US,OK,18997,
Maatmeur,TN,16,18996,
Zubia,ES,51,18995,
Filiaşi,RO,17,18995,Filiasi
Yahotyn,UA,13,18995,
Pruzhany,BY,01,18994,
Morales,GT,09,18994,
Yoichi,JP,12,18993,
Kruisfontein,ZA,05,18991,
Lauchhammer,DE,11,18990,
Parīchhatgarh,IN,36,18990,Parichhatgarh
Waukee,US,IA,18990,
Enugu-Ezike,NG,47,18989,
Jasmine Estates,US,FL,18989,
Clayton,AU,07,18988,
Digne-les-Bains,FR,93,18986,
Tiruvattār,IN,25,18985,Tiruvattar
Melville,US,NY,18985,
Barão de Grajaú,BR,13,18984,Barao de Grajau
Kesariyā,IN,34,18984,Kesariya
Petworth,US,DC,18983,
Kew Gardens,US,NY,18983,
Bhor,IN,16,18982,
Dorval,CA,10,18980,
Silla,ES,60,18979,
Kadachira,IN,13,18979,
Gorgonzola,IT,09,18979,
Middleton,US,WI,18979,
Abuko,GM,05,18978,
Şemdinli,TR,70,18978,Semdinli
Kulpahār,IN,36,18976,Kulpahar
Gostynin,PL,78,18976,
Mougins,FR,93,18973,
Hook,GB,ENG,18973,
Or Akiva,IL,04,18972,
Bartow,US,FL,18972,
Punjai Puliyampatti,IN,25,18967,
Khariar Road,IN,21,18967,
Kunnimangalam,IN,22,18965,
Iijima,JP,06,18965,
Sylvania,US,OH,18965,
Nghèn,VN,42,18965,Nghen
Baoxing,CN,33,18963,
Pedroso,PT,17,18963,
Mengman,CN,29,18962,
Rio Rico,US,AZ,18962,
Sanxi,CN,33,18961,
Žatec,CZ,89,18959,Zatec
Benthuizen,NL,11,18959,
Ala Moana - Kakaʻako,US,HI,18957,
So Uk,HK,KSS,18956,
Murray,US,KY,18954,
Den’enchōfu,JP,40,18952,Den’enchofu
Tatsuno,JP,26,18951,
Riosucio,CO,37,18950,
Arlington,US,WA,18949,
Challans,FR,52,18947,
North Druid Hills,US,GA,18947,
Vorgashor,RU,34,18946,
Matías Romero Avendaño,MX,20,18944,Matias Romero Avendano
Vilar de Andorinho,PT,17,18944,
Brookfield,US,IL,18944,
North Bay Shore,US,NY,18944,
Sélestat,FR,44,18941,Selestat
Kharsia,IN,37,18939,
Stonegate,US,CA,18938,
Nahorkatiya,IN,03,18937,
Sarayköy,TR,20,18937,Saraykoy
Dīzīcheh,IR,28,18935,Dizicheh
Burlata,ES,32,18934,
Torhout,BE,VLG,18933,
Mont-Royal,CA,10,18933,
Alzenau in Unterfranken,DE,02,18932,
Avon,US,CT,18932,
Harmanli,BG,43,18931,
Milledgeville,US,GA,18931,
Garches,FR,11,18930,
Matiari,PK,05,18929,
Mulgund,IN,19,18928,
Khilchipur,IN,35,18928,
Beloeil,CA,10,18927,
Cesenatico,IT,05,18925,
São João da Talha,PT,14,18925,Sao Joao da Talha
Stillwater,US,MN,18924,
Al Khawr,QA,04,18923,
Finsterwalde,DE,11,18922,
Židenice,CZ,78,18920,Zidenice
Ayacucho,AR,01,18916,
Al Fuḩayş,JO,02,18916,Al Fuhays
Āb Pakhsh,IR,22,18913,Ab Pakhsh
Balboa,CO,09,18910,
Kansāpur,IN,10,18909,Kansapur
Shimokizukuri,JP,03,18907,
Cortland,US,NY,18907,
Yāfā,IL,03,18905,Yafa
Lagoa Formosa,BR,15,18904,
Cusano,IT,09,18904,
Plunge,LT,63,18904,
Eyl,SO,18,18904,
Shirati,TZ,08,18904,
Si Mahosot,TH,74,18903,
Sabie,ZA,07,18903,
Chavuma,ZM,06,18902,
Suhe,CN,15,18901,
Gavar,AM,04,18900,
Montanha,BR,08,18900,
Fakfak,ID,36,18900,
Tal’menka,RU,04,18900,
Beshkent,UZ,08,18900,
Augusta,US,ME,18899,
Kampung Baru Ulu Melaka,MY,02,18898,
Pietrasanta,IT,16,18897,
Skhodnya,RU,47,18897,
Somandepalle,IN,02,18895,
Baumschulenweg,DE,16,18894,
Pancas,BR,08,18893,
Qiemo,CN,13,18893,
Sriramnagar,IN,02,18893,
Gummidipundi,IN,25,18891,
Capoeiras,BR,30,18890,
Nether Edge,GB,ENG,18890,
Koāth,IN,34,18890,Koath
Martūru,IN,13,18890,Marturu
Manismata,ID,11,18888,
Manga,BR,15,18886,
Jiaping,CN,33,18883,
Boiro,ES,58,18883,
Byford,AU,08,18878,
Azeitão,PT,19,18877,Azeitao
Laukaa,FI,13,18876,
Manchar,IN,16,18876,
Konstantinovsk,RU,61,18876,
Korsimoro,BF,05,18875,
Shāhpur,IN,36,18874,Shahpur
Bang Krathum,TH,12,18874,
Berea,US,OH,18874,
Capitol Riverfront,US,DC,18874,
Mārahra,IN,36,18873,Marahra
Changloon,MY,02,18872,
Twinsburg,US,OH,18872,
Wantagh,US,NY,18871,
Chilly-Mazarin,FR,11,18870,
Bourg-la-Reine,FR,11,18870,
Ilembula,TZ,30,18870,
Krasyliv,UA,09,18868,
Jojutla,MX,17,18867,
Mundgod,IN,19,18866,
Mo i Rana,NO,09,18866,
Sierpc,PL,78,18866,
Chicholi,IN,16,18864,
Bhati,IN,07,18864,
Otegen Batyra,KZ,01,18864,
Dongobesh,TZ,27,18864,
Langen,DE,06,18863,
Équeurdreville-Hainneville,FR,28,18862,Equeurdreville-Hainneville
West Hempstead,US,NY,18862,
Oschersleben,DE,14,18859,
Sant'Antonio Abate,IT,04,18859,
Mālvan,IN,16,18858,Malvan
Mangnai Zhen,CN,06,18856,
Guazacapán,GT,18,18855,Guazacapan
Humberstone,GB,ENG,18854,
Pahāsu,IN,36,18854,Pahasu
Ansonia,US,CT,18854,
Troy,US,AL,18853,
Jocotepec,MX,14,18852,
Horizontina,BR,23,18851,
Kowloon Tong,HK,KKC,18849,
Cournon-d'Auvergne,FR,84,18848,
Eltham,AU,07,18847,
Maliuzui,CN,33,18847,
Kimbe,PG,17,18847,
Urrao,CO,02,18846,
Dashun,CN,33,18844,
Lateri,IN,35,18844,
Kampung Kupang,MY,02,18844,
Valencia,EC,13,18841,
Varzelândia,BR,15,18840,Varzelandia
Mayfield Heights,US,OH,18840,
Tādikombu,IN,25,18838,Tadikombu
Chhipa Barod,IN,24,18837,
Nakhl-e Taqī,IR,22,18837,Nakhl-e Taqi
Laurel,US,MS,18837,
South Elmsall,GB,ENG,18835,
Akbarpur,IN,36,18835,
Cuautepec de Hinojosa,MX,13,18835,
Adelfas,ES,29,18832,
Lagoa da Canoa,BR,02,18831,
Maithon,IN,38,18830,
Dzüünharaa,MN,16,18830,Dzuunharaa
Matiri,TZ,14,18830,
Chhiri,IN,09,18829,
Syosset,US,NY,18829,
Juan de Acosta,CO,04,18828,
Trzebinia,PL,77,18828,
Nunungan,PH,10,18827,
São José da Coroa Grande,BR,30,18825,Sao Jose da Coroa Grande
Miyako,JP,07,18825,
Rānīpur,IN,36,18820,Ranipur
Mallasamudram,IN,25,18820,
Zhendong,CN,33,18819,
Golders Green,GB,ENG,18818,
Karow,DE,16,18817,
Ishikawa,JP,08,18817,
Las Rosas,MX,05,18817,
Manturovo,RU,37,18817,
Al Bada'a,AE,03,18816,
Ascención de Guarayos,BO,08,18816,Ascencion de Guarayos
Kari,NG,46,18812,
Alliston,CA,08,18809,
Slyudyanka,RU,20,18809,
Brook Park,US,OH,18809,
Borna,DE,13,18806,
Ystad,SE,27,18806,
Dingolfing,DE,02,18805,
Komárom,HU,12,18805,Komarom
Union Hill-Novelty Hill,US,WA,18805,
Malacky,SK,02,18804,
Siu Sai Wan Estate,HK,HEA,18803,
Aalter,BE,VLG,18802,
Pastos Bons,BR,13,18802,
Frankston South,AU,07,18801,
Thorold,CA,08,18801,
Gadhra,IN,38,18801,
Tuohula,CN,13,18800,
Mirfield,GB,ENG,18800,
Horizon Hills,MY,01,18800,
Moyo,UG,N,18800,
Butemba,UG,C,18800,
Erlanger,US,KY,18797,
Solsumba,IN,09,18796,
Park View,US,DC,18796,
Ibirataia,BR,05,18792,
Rossville,US,NY,18792,
San José de Colinas,HN,16,18791,San Jose de Colinas
South Burlington,US,VT,18791,
Fredonia,CO,02,18790,
Miracema do Tocantins,BR,31,18787,
Tamazula de Gordiano,MX,14,18787,
Bailén,ES,51,18785,Bailen
Staroshcherbinovskaya,RU,38,18785,
Jwaneng,BW,15,18784,
Mount Greenwood,US,IL,18783,
Terra Santa,BR,16,18782,
Itajuípe,BR,05,18781,Itajuipe
Chāndūr Bāzār,IN,16,18780,Chandur Bazar
El Paraíso,HN,07,18779,El Paraiso
Santa María Totoltepec,MX,15,18779,Santa Maria Totoltepec
Sompeta,IN,02,18778,
Emsworth,GB,ENG,18777,
Gangāpur,IN,24,18777,Gangapur
Chanod,IN,09,18776,
Banūr,IN,23,18775,Banur
Fossano,IT,12,18773,
Niquero,CU,09,18771,
Sai Wan Ho,HK,HEA,18771,
Gürgentepe,TR,52,18771,Gurgentepe
Henderson,NZ,E7,18770,
Shushenskoye,RU,91,18770,
Gioia Tauro,IT,03,18769,
Quispamsis,CA,04,18768,
Zaprešić,HR,20,18768,Zapresic
Takenotsuka,JP,40,18766,
Montignies-sur-Sambre,BE,WAL,18765,
Presidente Olegário,BR,15,18765,Presidente Olegario
Saint-Roch,FR,93,18764,
Casa de Oro-Mount Helix,US,CA,18762,
Villa Rica,CO,09,18761,
Embi,KZ,04,18760,
Kadaň,CZ,89,18759,Kadan
Paranda,IN,16,18758,
Sunchales,AR,21,18757,
Epitaciolândia,BR,01,18757,Epitaciolandia
Ciudad Nueva,DO,34,18756,
Shādīpur Julāna,IN,10,18755,Shadipur Julana
Relau,MY,09,18755,
Langley Park,US,MD,18755,
Maqanshy,KZ,12510143,18754,
Vura,SB,14,18753,
Magole,TZ,10,18753,
Sumag,PH,06,18752,
Brigham City,US,UT,18752,Brigham
Kaqun,CN,13,18749,
Lahnstein,DE,08,18749,
Aberystwyth,GB,WLS,18749,
Rakkiyapālaiyam,IN,25,18749,Rakkiyapalaiyam
So Uk Estate,HK,KSS,18748,
Latri Sabiji,GM,05,18747,
Torgau,DE,13,18746,
Vyselki,RU,38,18746,
Kammivapettai,IN,25,18745,
Marechal Floriano,BR,08,18743,
Oswestry,GB,ENG,18743,
Altônia,BR,18,18742,Altonia
Amod,IN,09,18742,
Thomasville,US,GA,18742,
Groesbeek,NL,03,18741,
Rangāpāra,IN,03,18739,Rangapara
Nanauta,IN,36,18738,
Raybag,IN,19,18736,
Chaville,FR,11,18735,
Mount Eliza,AU,07,18734,
Dillingen an der Donau,DE,02,18734,
Fairmont,US,WV,18733,
Shekou,CN,30,18730,
Fairhope,US,AL,18730,
Calella,ES,56,18728,
Dongjia,CN,33,18727,
Compostela,PH,07,18727,
Huby,PL,72,18727,
Idhnā,PS,WE,18727,Idhna
Bad Münder am Deister,DE,06,18726,Bad Munder am Deister
Kundgol,IN,19,18726,
Neuilly-Plaisance,FR,11,18725,
Murbād,IN,16,18725,Murbad
Warah,PK,05,18724,
Bonneuil-sur-Marne,FR,11,18723,
Tiruvankod,IN,25,18723,
Lonand,IN,16,18723,
Koga,JP,07,18723,
Pedra Preta,BR,14,18722,
Una,IN,11,18722,
Mission Hill,US,MA,18722,
Fukura,JP,13,18721,
San Marcelino,PH,03,18721,
Chuhar Jamali,PK,05,18721,
Tak Long Estate,HK,KKC,18720,
Greater Upper Marlboro,US,MD,18720,
Frederickson,US,WA,18719,
Sarstedt,DE,06,18718,
Guadix,ES,51,18718,
Mátészalka,HU,18,18718,Mateszalka
Sinda,ZM,03,18716,
Dewdney East,CA,11,18715,
Lerdo de Tejada,MX,30,18715,
Belém de São Francisco,BR,30,18713,Belem de Sao Francisco
Lobakuya,CI,76,18713,
Mohács,HU,02,18711,Mohacs
Evanston,CA,01,18710,
Schwalbach,DE,09,18708,
Phan Thong,TH,46,18708,
Keng Hau,HK,NST,18707,
Aroeiras,BR,17,18705,
Comalapa,MX,05,18704,
Choghādak,IR,22,18702,Choghadak
Varnāmkhvāst,IR,28,18700,Varnamkhvast
Villanueva,CO,17,18699,
Utazu,JP,17,18699,
Zastron,ZA,03,18699,
Bur Dubai,AE,03,18698,
Bad Dürkheim,DE,08,18698,Bad Durkheim
Kungsbacka,SE,06,18698,
Pālda,IN,35,18697,Palda
Horwich,GB,ENG,18696,
Lezhë,AL,48,18695,Lezhe
Pijnacker,NL,11,18695,
Iselin,US,NJ,18695,
Samraong,KH,27,18694,
Suwanee,US,GA,18694,
Whitehall,US,OH,18694,
Lancing,GB,ENG,18692,
Varto,TR,49,18691,
Rutherford,US,NJ,18690,
Islip,US,NY,18689,
Andéranboukan,ML,12070577,18688,Anderanboukan
Haldaur,IN,36,18686,
Arcelia,MX,12,18685,
Kalininsk,RU,67,18685,
Radeberg,DE,13,18683,
Cantá,BR,25,18682,Canta
Srirāmpur,IN,28,18682,Srirampur
Montevarchi,IT,16,18682,
Monselice,IT,20,18682,
Sorgues,FR,93,18681,
Morales,CO,35,18678,
Wieliczka,PL,77,18677,
Peshtera,BG,48,18676,
Forest Park,US,OH,18676,
O'Connor-Parkview,CA,08,18675,
Asni,MA,07,18674,
São Raimundo das Mangabeiras,BR,13,18672,Sao Raimundo das Mangabeiras
Neiba,DO,02,18670,
Un Chau Estate,HK,KSS,18670,
Westminster,US,MD,18670,
Gulu,CN,33,18669,
Weiwu'eryuqiwen,CN,13,18669,
Édessa,GR,ESYE12,18669,Edessa
Māndvi,IN,09,18669,Mandvi
Sinmak,KP,07,18669,
Międzyrzecz,PL,76,18669,Miedzyrzecz
Placas,BR,16,18668,
Vence,FR,93,18668,
San Mariano,PH,11,18668,
Lam Tin,HK,KKT,18666,
New Glasgow,CA,07,18665,
Valabhīpur,IN,09,18663,Valabhipur
Casavatore,IT,04,18663,
Kardhān,IN,10,18662,Kardhan
Glugor,MY,09,18662,
Neftçala,AZ,36,18661,Neftcala
Kalāyat,IN,10,18660,Kalayat
Tongle,CN,33,18659,
Kirkdale,GB,ENG,18657,
Saint-Barthélémy,FR,93,18655,Saint-Barthelemy
Puerto San José,GT,06,18655,Puerto San Jose
Frankfort,US,IL,18653,
Xico,MX,30,18652,
Niles,US,OH,18651,
Balaklava,UA,20,18649,
Shuanglong,CN,33,18646,
Bronnitsy,RU,47,18645,
Calafat,RO,17,18643,
Juan Aldama,MX,06,18642,
Kurumathur,IN,13,18641,
Kim,IN,09,18638,
Sugamo,JP,40,18637,
Cuiyun,CN,33,18636,
Stroitel,RU,09,18636,
Mamsapuram,IN,25,18635,
Beroroha,MG,51,18632,
Merlimau,MY,04,18632,
Las Varillas,AR,05,18631,
Oshima,JP,15,18630,
Ribeirão Branco,BR,27,18627,Ribeirao Branco
Mangattidam,IN,13,18627,
Huanta,PE,05,18627,
Ubaíra,BR,05,18626,Ubaira
Barcelos,BR,04,18626,
Sanharó,BR,30,18624,Sanharo
Ārt Khwājah,AF,26,18623,Art Khwajah
Vellmar,DE,05,18623,
Silvāni,IN,35,18623,Silvani
Ballincollig,IE,M,18621,
Seara,BR,26,18620,
Marshfield,US,WI,18620,
Le Plessis-Trévise,FR,11,18618,Le Plessis-Trevise
Vanino,RU,30,18618,
Carlos Chagas,BR,15,18615,
Tillsonburg,CA,08,18615,
North St.James Town,CA,08,18615,
Myenigon,MM,17,18614,
Rokugō,JP,02,18613,Rokugo
Parnamirim,BR,30,18612,
Eastwood,GB,ENG,18612,
Lorton,US,VA,18610,
Panlong,CN,33,18609,
Reriutaba,BR,06,18606,
Guará,BR,27,18606,Guara
Tyāgadurgam,IN,25,18605,Tyagadurgam
Seputeh,MY,14,18605,
Hrubieszów,PL,75,18605,Hrubieszow
Néa Erythraía,GR,ESYE31,18604,Nea Erythraia
Dourbali,TD,15,18604,
Whakatane,NZ,E8,18602,
Talitsa,RU,71,18602,
Freudenberg,DE,07,18601,
Agryz,RU,73,18601,
São Gabriel,BR,05,18600,Sao Gabriel
Saylac,SO,21,18600,
Rwiimi,UG,W,18600,
Toshloq,UZ,03,18600,
Khārupatia,IN,03,18599,Kharupatia
Bredasdorp,ZA,11,18599,
Apengjiang,CN,33,18596,
Befandriana,MG,42,18596,
Khon Buri,TH,27,18596,
Bar-le-Duc,FR,44,18595,
Nangwa,TZ,27,18595,
Sachsenheim,DE,01,18594,
Galich,RU,37,18594,
Morristown,US,NJ,18594,
Lom,BG,47,18593,
Eslöv,SE,27,18592,Eslov
La Paragua,VE,06,18591,
Tonggu,CN,33,18590,
Bormujos,ES,51,18590,
Seynod,FR,84,18590,
Hinche,HT,07,18590,
Palappallam,IN,25,18589,
Cherrybrook,AU,02,18588,
Eringate-Centennial-West Deane,CA,08,18588,
Szamotuły,PL,86,18588,
Rivière-du-Loup,CA,10,18586,Riviere-du-Loup
Mugina,RW,15,18586,
Tutume,BW,01,18582,
Kokyar,CN,13,18582,
San Miguel,PH,03,18582,
Csongrád,HU,06,18580,Csongrad
Peacehaven,GB,ENG,18579,
Łask,PL,74,18577,
Pālaiyampatti,IN,25,18576,Palaiyampatti
Lei Tung Estate,HK,HSO,18575,
Rodeo del Medio,AR,13,18574,
Yinping,CN,33,18574,
Palencia,GT,07,18574,
Pitt Meadows,CA,02,18573,
Santa Iria da Azóia,PT,14,18573,Santa Iria da Azoia
Marquard,ZA,03,18573,
İncirliova,TR,09,18572,Incirliova
Gautier,US,MS,18570,
Serasa,BN,02,18569,
Kaset Wisai,TH,25,18569,
Bourbonnais,US,IL,18569,
Goodings Grove,US,IL,18569,
Oyama,JP,37,18568,
Tarko-Sale,RU,87,18568,
Nadim Tiruvuru,IN,02,18567,
Schramberg,DE,01,18565,
Catamayo,EC,12,18565,
West Molesey,GB,ENG,18565,
East Molesey,GB,ENG,18565,
Ischia,IT,04,18564,
Longchang,CN,18,18563,
Jadugora,IN,38,18563,
Mitry-Mory,FR,11,18562,
Pizarro,CO,11,18561,
Carvin,FR,32,18561,
Durgāpur,IN,16,18561,Durgapur
Bhoom,IN,16,18561,
Bhadaur,IN,23,18561,
Limay,FR,11,18559,
Kristinehamn,SE,22,18557,
Palmi,IT,03,18556,
Aung San,MM,17,18555,
Turinsk,RU,71,18555,
Morros,BR,13,18554,
Aue,DE,13,18554,
Driebergen-Rijsenburg,NL,09,18553,
Zākīyah,SY,08,18553,Zakiyah
Sunshine West,AU,07,18552,
Matipó,BR,15,18552,Matipo
Chandili,IN,21,18552,
Half Way Tree,JM,08,18552,
Ciyun,CN,33,18551,
Mennzel Bou Zelfa,TN,19,18551,
Douar Tindja,TN,18,18551,
Valday,RU,52,18549,
Barysh,RU,81,18547,
Macomb,US,IL,18547,
Garuva,BR,26,18545,
Phalauda,IN,36,18545,
São João Batista,BR,13,18544,Sao Joao Batista
Konz,DE,08,18539,
Starodub,RU,10,18539,
Chigiri,RU,05,18538,
Morro da Fumaça,BR,26,18537,Morro da Fumaca
Hudiyuzi,CN,13,18537,
Lachi,PK,03,18537,
La Flèche,FR,52,18536,La Fleche
Torquay,AU,07,18534,
Bānk,IN,35,18534,Bank
San Diego,CO,10,18531,
Ebilassokro,CI,94,18530,
Castiglione delle Stiviere,IT,09,18530,
Reni,UA,17,18530,
Nuofu,CN,29,18529,
Harpālpur,IN,35,18529,Harpalpur
Galappo,TZ,27,18528,
Daimiel,ES,54,18527,
Csepel-Csillagtelep,HU,05,18527,
Pueblo Nuevo,VE,11,18525,
Hoogstraten,BE,VLG,18524,
Nordestina,BR,05,18523,
Point Pleasant,US,NJ,18523,
San Mauro Torinese,IT,12,18521,
El Pao,VE,08,18520,
Bellaire,US,TX,18518,
San Bartolomé,ES,53,18517,San Bartolome
El Reno,US,OK,18516,
East Mount Airy,US,PA,18516,
Kelaat Mgouna,MA,08,18515,
Southsea,GB,ENG,18514,
Ban Bang Bamru,TH,40,18514,
Ciudad Jardín,ES,29,18513,Ciudad Jardin
Qaţanā,SY,08,18511,Qatana
Balta,UA,17,18511,
Taftan,PK,02,18510,
Chowchilla,US,CA,18510,
Mead Valley,US,CA,18510,
Santa Rosa Jáuregui,MX,22,18508,Santa Rosa Jauregui
Winschoten,NL,04,18506,
Khao Yoi,TH,56,18506,
Puerto Natales,CL,10,18505,
Marktoberdorf,DE,02,18505,
La Bordeta,ES,56,18505,
Madre de Deus,BR,05,18504,
Officer,AU,07,18503,
Anicuns,BR,29,18503,
Goroka,PG,09,18503,
Cernavodă,RO,14,18502,Cernavoda
Qianhu,CN,15,18501,
Plaisance-du-Touch,FR,76,18501,
Hyattsville,US,MD,18501,
Jorat,AZ,54,18500,
Isle of Lewis,GB,SCT,18500,
Wealdstone,GB,ENG,18500,
Buikwe,UG,C,18500,
Shumikha,RU,40,18499,
Rawmarsh,GB,ENG,18498,
Driekoppies,ZA,07,18498,
Meise,BE,VLG,18497,
Potirendaba,BR,27,18496,
Janūb as Surrah,KW,07,18496,Janub as Surrah
Rāmpura,IN,35,18495,Rampura
Jogipet,IN,40,18494,
Cayey,PR,035,18494,
FELDA Chini,MY,06,18493,
Happy Valley,US,OR,18493,
Brera,IT,09,18492,
Kalynivka,UA,23,18492,
Quaregnon,BE,WAL,18491,
Myo Thit Ka,MM,17,18491,
Illingen,DE,09,18488,
Karasuyama,JP,38,18488,
Szczepin,PL,72,18488,
Schkeuditz,DE,13,18487,
Colina,BR,27,18486,
Central Lonsdale,CA,02,18485,
Colomoncagua,HN,10,18484,
Trudovoye,RU,59,18484,
La Chapelle-sur-Erdre,FR,52,18481,
Alang,IN,09,18480,
Altona Meadows,AU,07,18479,
Badīyah,OM,12,18479,Badiyah
Downtown Eastside,CA,02,18477,
Kalabo,ZM,01,18477,
Kolkhozobod,TJ,02,18476,
Barkā Kānā,IN,38,18475,Barka Kana
Volochysk,UA,09,18474,
Qaşr-e Shīrīn,IR,13,18473,Qasr-e Shirin
Lālī,IR,15,18473,Lali
Malgrat de Mar,ES,56,18472,
Haibara-akanedai,JP,28,18472,
Amaraji,BR,30,18471,
Hemmingen,DE,06,18470,
Avion,FR,32,18470,
Bedlington,GB,ENG,18470,
Ūttangarai,IN,25,18470,Uttangarai
Deshnoke,IN,24,18470,
Mölln,DE,10,18469,Molln
Mukandgarh,IN,24,18469,
Chicholi,IN,16,18469,
Onalaska,US,WI,18468,
Alcântara,BR,13,18467,Alcantara
Sāvli,IN,09,18467,Savli
Hostomel,UA,13,18466,
Tondi,IN,25,18465,
Wadgassen,DE,09,18464,
Taft,IR,40,18464,
Sant Quirze del Vallès,ES,56,18462,Sant Quirze del Valles
Comodoro,BR,14,18461,
Round Lake,US,IL,18461,
Ballajura,AU,08,18459,
Kannapuram,IN,13,18459,
Oskū,IR,33,18459,Osku
Itá,PY,06,18459,Ita
Thoen,TH,06,18459,
Stafford,US,TX,18459,
Pilar,AR,05,18455,
Pottanūr,IN,25,18455,Pottanur
Padampur,IN,24,18454,
Uckfield,GB,ENG,18452,
Ovar,PT,02,18452,
Cubal do Lumbo,AO,01,18451,
Quezon,PH,03,18451,
Yorkville,US,IL,18451,
Matelândia,BR,18,18450,Matelandia
Pastavy,BY,07,18450,
Águas Formosas,BR,15,18448,Aguas Formosas
Gubbi,IN,19,18446,
Winchester,US,KY,18446,
North Ogden,US,UT,18446,
Hespeler,CA,08,18445,
Babor,DZ,12,18445,
Narlıca,TR,31,18445,
Unchahra,IN,35,18442,
Bensenville,US,IL,18440,
Orzesze,PL,83,18438,
Baroda,IN,35,18437,
Astrea,CO,10,18434,
Khali Kachigam,IN,52,18434,
Nāmrup,IN,03,18432,Namrup
Kyakhta,RU,11,18431,
Katerero,TZ,19,18430,
Neral,IN,16,18429,
Erémankono,CI,95,18428,Eremankono
Sirgittī,IN,37,18428,Sirgitti
Nyakabindi,TZ,31,18428,
Mandapam,IN,25,18427,
Along,IN,30,18425,
Annonay,FR,84,18423,
Traunstein,DE,02,18422,
Larne,GB,NIR,18421,
Noto,IT,15,18421,
Turar Ryskulov,KZ,10,18421,
Hillegom,NL,11,18419,
Forney,US,TX,18418,
Darazo,NG,46,18415,
Beni Amrane,DZ,40,18414,
Sulejówek,PL,78,18414,Sulejowek
Belo Campo,BR,05,18412,
Kamogatachō-kamogata,JP,31,18412,Kamogatacho-kamogata
Nezlobnaya,RU,70,18412,
Monsey,US,NY,18412,
Governador Edison Lobão,BR,13,18411,Governador Edison Lobao
Santa Elena,AR,08,18410,
Saint Andrews,GB,SCT,18410,
Kitagata,JP,09,18410,
Méchouar-Kasba,MA,07,18410,Mechouar-Kasba
El Alia,TN,18,18410,
Fern Creek,US,KY,18409,
Guisa,CU,09,18408,
Al Ḩammām,EG,22,18407,Al Hammam
San José de los Olvera,MX,22,18406,San Jose de los Olvera
Carey,CA,02,18405,
Kotā,IN,37,18405,Kota
San Ferdinando,IT,04,18404,
Santa Cruz del Norte,CU,MA,18402,
Wushipai,CN,30,18400,
Aburi,GH,05,18399,
Malakhovka,RU,47,18399,
Non Sung,TH,27,18399,
Shenandoah,US,LA,18399,
Quitandinha,BR,18,18398,
Honjō,JP,25,18398,Honjo
Złotów,PL,86,18395,Złotow
Buhuşi,RO,04,18395,Buhusi
Kaitang,CN,18,18394,
Myyrmäki,FI,01,18393,Myyrmaki
General Mamerto Natividad,PH,03,18393,
Kinel’-Cherkassy,RU,65,18393,
Aragarças,BR,29,18390,Aragarcas
Highton,AU,07,18388,
Hasune,JP,40,18388,
El Dorado,US,AR,18386,
Saint Ives,AU,02,18384,
Rio Maria,BR,16,18384,
Ban Tak,TH,08,18384,
Minakami,JP,10,18383,
Itapororoca,BR,17,18382,
Casamassima,IT,13,18380,
Trenton,US,MI,18380,
Curacaví,CL,12,18378,Curacavi
Aydūn,JO,18,18376,Aydun
Santa Rosa,CO,35,18375,
Gálvez,AR,21,18374,Galvez
Löbau,DE,13,18374,Lobau
Moram,IN,16,18371,
Tsukawaki,JP,30,18371,
Gazipaşa,TR,07,18371,Gazipasa
Ashtabula,US,OH,18371,
Pirapora do Bom Jesus,BR,27,18370,
Avtury,RU,12,18370,
Cluain Meala,IE,M,18369,
Kādīpur,IN,07,18369,Kadipur
Baependi,BR,15,18366,
Natchitoches,US,LA,18365,
São Benedito do Rio Preto,BR,13,18364,Sao Benedito do Rio Preto
Donauwörth,DE,02,18364,Donauworth
Mitake,JP,09,18363,
Olten,CH,SO,18362,
Rufino,AR,21,18361,
Chhoti Sādri,IN,24,18360,Chhoti Sadri
Vāzhakulam,IN,13,18358,Vazhakulam
Clydesdale,ZA,05,18357,
Braniewo,PL,85,18356,
Vila Franca de Xira,PT,14,18355,
Köping,SE,25,18355,Koping
Borikhan,LA,23,18354,
Cudahy,US,WI,18353,
Montecristi,EC,14,18351,
Fort Gloster,IN,28,18350,
Seppa,IN,30,18350,
Betroka,MG,53,18350,
Saladas,AR,06,18349,
Majhiāon Kalān,IN,38,18349,Majhiaon Kalan
Thākurganj,IN,34,18348,Thakurganj
Alblasserdam,NL,11,18348,
Cotoca,BO,08,18347,
Barus,ID,26,18346,
Dover,US,NJ,18346,
Weißenburg in Bayern,DE,02,18345,
Maroochydore,AU,04,18342,
Ottawa,US,IL,18342,
Naldurg,IN,16,18341,
Outram Park,SG,00,18340,
Thāsra,IN,09,18337,Thasra
Niapidou,CI,76,18336,
Lingquan,CN,20,18336,
Shafter,US,CA,18336,
Bada Malhera,IN,35,18335,
Fujioka,JP,38,18335,
Konstantynów Łódzki,PL,74,18335,Konstantynow Łodzki
Crocetta,IT,12,18334,
Tlaquiltenango,MX,17,18334,
Picuí,BR,17,18333,Picui
Say,NE,09,18333,
Kākori,IN,36,18332,Kakori
Ronchin,FR,32,18331,
Mansfield Woodhouse,GB,ENG,18330,
Kanaishima,JP,19,18329,
Shaoyu,CN,15,18327,
Guchang,CN,33,18327,
San Pascual,ES,29,18327,
Cheranmahadevi,IN,25,18327,
Alangāyam,IN,25,18327,Alangayam
Labrador,AU,04,18326,
Peraía,GR,ESYE12,18326,Peraia
Chetput,IN,25,18326,
Emali,KE,32,18325,
Dabakala,CI,90,18322,
Bangor,GB,WLS,18322,
Mouyondzi,CG,01,18321,
Al Qiţena,SD,41,18321,Al Qitena
Mauguio,FR,76,18320,
Bonnyrigg,GB,SCT,18320,
Apatin,RS,VO,18320,
Midlothian,US,VA,18320,
Danzi,CN,33,18318,
Rāmjībanpur,IN,28,18318,Ramjibanpur
Aguaytía,PE,25,18318,Aguaytia
Mount Isa,AU,04,18317,
Dārchulā,NP,7,18317,Darchula
Jiuchao,CN,18,18314,
Wenquan,CN,15,18314,
Santa Brígida,ES,53,18314,Santa Brigida
Laudio / Llodio,ES,59,18314,
Chennevières-sur-Marne,FR,11,18314,Chennevieres-sur-Marne
Riachão do Dantas,BR,28,18313,Riachao do Dantas
Maasin,PH,08,18313,
Ardon,RU,68,18313,
Amesbury,US,MA,18313,
Parque Industrial Ciudad Mitras,MX,19,18312,
Franklin Park,US,IL,18312,
Meadowbrook,US,VA,18312,
Esperantinópolis,BR,13,18311,Esperantinopolis
Taió,BR,26,18310,Taio
Pirita,EE,01,18310,
McAlester,US,OK,18310,
Pontalina,BR,29,18309,
Morretes,BR,18,18309,
Quankou,CN,06,18308,
Hutagalli,IN,19,18308,
Port Colborne,CA,08,18306,
Mori,JP,37,18306,
Punta Gorda Isles,US,FL,18306,
Nehbandān,IR,41,18304,Nehbandan
El Chorrillo,PA,08,18302,
Martigny-Ville,CH,VS,18301,
Howli,IN,03,18301,
Alpinópolis,BR,15,18300,Alpinopolis
Hadleigh,GB,ENG,18300,
Vanchiglietta,IT,12,18300,
Priozërsk,RU,42,18300,Priozersk
Kotel’niki,RU,47,18300,
Kisinga,UG,W,18300,
Do’stlik Shahri,UZ,15,18300,
Daboh,IN,35,18298,
Talod,IN,09,18298,
Beloozyorskiy,RU,47,18297,
Crespo,AR,08,18296,
Taku,JP,33,18295,
Firmat,AR,21,18294,
Lilienthal,DE,06,18293,
Tromsdalen,NO,18,18291,
Aveiro,BR,16,18290,
Sapucaia,BR,21,18289,
Dianshui,CN,33,18288,
Palestine,US,TX,18288,
Oskarshamn,SE,09,18287,
Ouardenine,TN,16,18287,
Sherrelwood,US,CO,18287,
Autun,FR,27,18283,
Sagua de Tánamo,CU,12,18282,Sagua de Tanamo
Saint-Avold,FR,44,18281,
Yongping,CN,15,18279,
Yono,JP,32,18279,
Pélézi,CI,96,18278,Pelezi
Ribat Al Khayr,MA,03,18278,
Palugal,IN,25,18276,
Creve Coeur,US,MO,18276,
Los Vilos,CL,07,18275,
Krapkowice,PL,79,18275,
Paraibano,BR,13,18274,
Umm as Summāq,JO,16,18274,Umm as Summaq
Milpa Alta,MX,09,18274,
Ballenger Creek,US,MD,18274,
Cinco Ranch,US,TX,18274,
Tourlaville,FR,28,18273,
Crimmitschau,DE,13,18272,
Oytograk,CN,13,18271,
Felanitx,ES,07,18270,
Pfullingen,DE,01,18269,
Shimoigusa,JP,40,18269,
Łańcut,PL,80,18266,Łancut
Kinross,ZA,07,18266,
Helena,US,AL,18264,
Burghausen,DE,02,18263,
Rikuzen-Takata,JP,16,18262,
Marlow,GB,ENG,18261,
Palmer,US,MA,18261,
Conceição,BR,17,18260,Conceicao
Erong,CN,33,18260,
Nagasaki,JP,40,18260,
Inam Maniyachi,IN,25,18258,
Ghogardīha,IN,34,18257,Ghogardiha
San Martín de la Vega,ES,29,18256,San Martin de la Vega
Fond Parisien,HT,11,18256,
Neufahrn bei Freising,DE,02,18255,
Kriel,ZA,07,18255,
Ansfelden,AT,04,18251,
Belle Glade,US,FL,18251,
Saint-Omer,FR,32,18250,
Rhoon,NL,11,18250,
Zwijndrecht,BE,VLG,18249,
Xintian,CN,33,18249,
Kronach,DE,02,18248,
Makakilo,US,HI,18248,
Mitras Poniente,MX,19,18246,
Águas de Lindóia,BR,27,18245,Aguas de Lindoia
Franconia,US,VA,18245,
Vengikkal,IN,25,18244,
Xapuri,BR,01,18243,
Kalocsa,HU,01,18242,
Nidda,DE,05,18241,
Alzey,DE,08,18241,
Santiago Ixcuintla,MX,18,18241,
Sokołów Podlaski,PL,78,18241,Sokołow Podlaski
Al Ḩazm,YE,21,18241,Al Hazm
Carrigaline,IE,M,18239,
Goudomp,SN,18,18239,
Gandiaye,SN,10,18239,
Udaipura,IN,35,18236,
Lunas,MY,02,18236,
Hong’an,CN,33,18235,
Morlanwelz-Mariemont,BE,WAL,18233,
Fulwood,GB,ENG,18233,
Tulum,MX,23,18233,
Eastlake,US,OH,18232,
Siquirres,CR,06,18231,
Argentan,FR,28,18230,
Wewak,PG,11,18230,
Thala,TN,02,18230,
Manchester,US,MO,18229,
Nookat,KG,08,18228,
Cameron Park,US,CA,18228,
Júlio de Castilhos,BR,23,18226,Julio de Castilhos
Buchen in Odenwald,DE,01,18226,
Villa del Prado 2da Sección,MX,02,18226,Villa del Prado 2da Seccion
Galaat el Andeless,TN,38,18225,
Burwood,AU,02,18224,
Abano Terme,IT,20,18224,
Behat,IN,36,18223,
Kharabali,RU,07,18223,
Lelydorp,SR,19,18223,
Baixa Grande,BR,05,18220,
Kurakhove,UA,05,18220,
Justicia,ES,29,18219,
Studeničani,MK,A2,18219,Studenicani
Steubenville,US,OH,18219,
Vinica,MK,B4,18218,
Farias Brito,BR,06,18217,
Nazaré Paulista,BR,27,18217,Nazare Paulista
Altepexi,MX,21,18217,
Springboro,US,OH,18213,
Trikarpūr North,IN,13,18210,Trikarpur North
Khetri,IN,24,18209,
Afipskiy,RU,38,18209,
Wallingford Center,US,CT,18209,
Chivolo,CO,38,18208,
Serrita,BR,30,18207,
Palanga,LT,58,18207,
Chapel Allerton,GB,ENG,18206,
Marktredwitz,DE,02,18204,
Archena,ES,31,18202,
Vitryani Hory,UA,12,18200,
Katoke,UG,W,18200,
San Po Kong,HK,KWT,18199,
Givors,FR,84,18198,
Tavernes de la Valldigna,ES,60,18195,
Kheri Nāngal,IN,10,18195,Kheri Nangal
Abū Ţisht,EG,23,18194,Abu Tisht
Pasthal,IN,16,18194,
Ischia Porto,IT,04,18192,
Ōgushi,JP,34,18192,Ogushi
Wettingen,CH,AG,18191,
Kariapatti,IN,25,18191,
Sestu,IT,14,18191,
Cento,IT,05,18191,
Kisvárda,HU,18,18190,Kisvarda
Baruun-Urt,MN,17,18190,
Lanham-Seabrook,US,MD,18190,
Allschwil,CH,BL,18189,
Tiquisate,GT,06,18189,
Kierspe,DE,07,18188,
Villa Yapacaní,BO,08,18187,Villa Yapacani
Sarvestān,IR,07,18187,Sarvestan
‘Anbarābād,IR,29,18185,‘Anbarabad
Eersel,NL,06,18185,
Krasnovishersk,RU,90,18185,
Clark-Fulton,US,OH,18185,
Tezu,IN,30,18184,
Gairtganj,IN,35,18184,
Großenhain,DE,13,18183,
Pushkino,AZ,13,18182,
Agouraï,MA,03,18182,Agourai
Montagu,ZA,11,18182,
San Benito Abad,CO,27,18181,
Bergeijk,NL,06,18181,
Farmington,US,MO,18181,
Wîhkwêntôwin,CA,01,18180,Wihkwentowin
Rubino,CI,82,18180,
Mignouré,CI,96,18180,Mignoure
Solonópole,BR,06,18179,Solonopole
Al Mahbūlah,KW,04,18178,Al Mahbulah
Jalālī,IN,36,18177,Jalali
Pampa,US,TX,18177,
Zacoalco de Torres,MX,14,18172,
Diyadin,TR,04,18172,
Pascoe Vale,AU,07,18171,
Gaolou,CN,15,18170,
Szarvas,HU,03,18170,
Jand,PK,04,18170,
Tarifa,ES,51,18169,
Barreiro do Jaíba,BR,15,18167,Barreiro do Jaiba
Sel’tso,RU,10,18167,
Pozzallo,IT,15,18166,
Gaurela,IN,37,18165,
Somerset,US,MA,18165,
Florida Ridge,US,FL,18164,
‘Abasān al Kabīrah,PS,GZ,18163,‘Abasan al Kabirah
Sulaco,HN,18,18161,
Five Corners,US,WA,18159,
Zinvié,BJ,09,18157,Zinvie
Coalcomán de Vázquez Pallares,MX,16,18156,Coalcoman de Vazquez Pallares
Boone,US,NC,18156,
Joinville-le-Pont,FR,11,18154,
Muniz Freire,BR,08,18153,
São Luís Gonzaga do Maranhão,BR,13,18153,Sao Luis Gonzaga do Maranhao
Seminole,US,FL,18153,
Souzas,BR,27,18152,
Monte Azul Paulista,BR,27,18151,
Jianlong,CN,33,18151,
Ndevana,ZA,05,18151,
Punta Gorda,US,FL,18150,
Rosamond,US,CA,18150,
Campo do Brito,BR,28,18149,
Heckmondwike,GB,ENG,18149,
Longlin,CN,15,18148,
Lavāsān,IR,26,18146,Lavasan
Artik,AM,07,18145,
Deer Park,AU,07,18145,
Grottaferrata,IT,07,18144,
Singampunari,IN,25,18143,
Wilten,AT,07,18142,
Moonak,IN,23,18141,
Palayad,IN,13,18141,
Alice,ZA,05,18141,
Pyatykhatky,UA,04,18140,
Tettnang,DE,01,18135,
Puzi,CN,33,18133,
Andalucía,CO,29,18132,Andalucia
Shōbudahama,JP,24,18132,Shobudahama
Una,BR,05,18131,
Qiryat Tiv‘on,IL,04,18130,
Baiguan,CN,15,18129,
Vettaikkaranpudur,IN,25,18128,
Escuque,VE,21,18128,
Lop,CN,13,18127,
Pichor,IN,35,18127,
Bejucal,CU,MA,18123,
Charāmaddi,BD,85,18122,Charamaddi
Veresegyház,HU,16,18122,Veresegyhaz
Bakarwāla,IN,07,18122,Bakarwala
Norak,TJ,02,18122,
Bibo,CN,18,18121,
Koipādi,IN,13,18121,Koipadi
Kafr Sa‘d,EG,20,18120,
Dera Bugti,PK,02,18120,
Terra Roxa,BR,18,18119,
Koungou,YT,97610,18118,
Cutler,US,FL,18117,
Reda,PL,82,18116,
Kreminna,UA,14,18116,
Wildeshausen,DE,06,18114,
Néa Mákri,GR,ESYE31,18114,Nea Makri
Veruela,PH,13,18114,
Mattoon,US,IL,18113,
Baohe,CN,33,18112,
Brymbo,GB,WLS,18111,
Polohy,UA,26,18111,
Fermo,IT,10,18109,
Campos Belos,BR,29,18108,
El Astillero,ES,39,18108,
Arroyo Grande,US,CA,18108,
Varjota,BR,06,18105,
Labo,PH,05,18105,
Gatumba,BI,25,18104,
Anacortes,US,WA,18103,
Bishan,CN,33,18102,
East Barnet,GB,ENG,18100,
Lypky,UA,12,18100,
Kikube,UG,W,18100,
Belterra,BR,16,18099,
Cobourg,CA,08,18099,
Heiligensee,DE,16,18099,
Xiaochuan,CN,15,18098,
Äußere Neustadt,DE,13,18098,Außere Neustadt
Humanes de Madrid,ES,29,18098,
Jālq,IR,04,18098,Jalq
Müllheim,DE,01,18097,Mullheim
Ishitsuka,JP,14,18097,
Mucajaí,BR,25,18095,Mucajai
Abaza,RU,31,18094,
Long Diền,VN,79,18093,Long Dien
Antonina,BR,18,18091,
Hok Yuen,HK,KKC,18091,
Laguna Verde,HK,KKC,18091,
Auburn Bay,CA,01,18090,
Boali,CF,17,18090,
Monroe,US,WA,18090,
Baoro,CF,09,18089,
Dikodougou,CI,87,18087,
Eslam Qaleh,AF,11,18086,
Boconoito,VE,18,18086,
Rancho Mirage,US,CA,18083,
Areia Branca,BR,28,18081,
Korntal,DE,01,18081,
Água Azul do Norte,BR,16,18080,Agua Azul do Norte
Eppelborn,DE,09,18079,
Shek Kip Mei,HK,KSS,18078,
Mādavān,IR,05,18078,Madavan
Baihe,CN,15,18077,
Keta,GH,08,18077,
Koersel,BE,VLG,18076,
Salamina,CO,37,18076,
Templeogue,IE,L,18076,
Debar,MK,D2,18074,
Limerick,US,PA,18074,
Māchai,IN,19,18073,Machai
Ban Chalong,TH,62,18072,
Mililani Mauka / Launani Valley,US,HI,18072,
Louny,CZ,89,18068,
Namminikara,IN,13,18067,
Eruvādi,IN,25,18067,Eruvadi
Blundell,CA,02,18065,
Diósgyőr,HU,04,18065,Diosgyor
Wilton,US,CT,18062,
Rhenen,NL,09,18061,
Thara,IN,09,18060,
Bīdestān,IR,38,18060,Bidestan
Tamallalt,MA,07,18060,
Jhalidā,IN,28,18057,Jhalida
Santa Rosa,PE,12,18057,
Carquefou,FR,52,18056,
Benicàssim,ES,60,18055,Benicassim
Sulechów,PL,76,18055,Sulechow
Sátoraljaújhely,HU,04,18052,Satoraljaujhely
San Vicente,CO,02,18051,
Fatehgarh Chūriān,IN,23,18051,Fatehgarh Churian
Aurangabad Cantonment,IN,16,18051,
L'Eliana,ES,60,18050,
Mendes,BR,21,18049,
Memuro-minami,JP,12,18048,
Tepa,GH,02,18046,
Huntington,US,NY,18046,
Pārsiān,IR,11,18045,Parsian
Taperoá,BR,05,18044,Taperoa
Tolosa,ES,59,18044,
Abū Hayl,AE,03,18043,Abu Hayl
Nar'yan-Mar,RU,50,18041,
Carmelo,UY,04,18041,
Bingley,GB,ENG,18040,
Umutara,RW,11,18038,
Bad Wildungen,DE,05,18037,
Cestas,FR,75,18036,
Bel Air Rivière Sèche,MU,13,18036,Bel Air Riviere Seche
Ojus,US,FL,18036,
Hajdúnánás,HU,10,18032,Hajdunanas
Dianópolis,BR,31,18031,Dianopolis
Kunnummal,IN,13,18031,
Melzo,IT,09,18031,
Eupen,BE,WAL,18029,
Carnide,PT,14,18028,
Santa Fe Springs,US,CA,18026,
Visaginas,LT,64,18024,
Laja,BO,04,18023,
Yasnogorsk,RU,76,18022,
Nigrán,ES,58,18021,Nigran
Futog,RS,VO,18018,
Kattur,IN,13,18017,
Pitäjänmäki,FI,01,18016,Pitajanmaki
Oak Bay,CA,02,18015,
Vadamadurai,IN,25,18015,
Fundão,BR,08,18014,Fundao
Tirumala,IN,02,18013,
Dudelange,LU,ES,18013,
Balmazújváros,HU,10,18012,Balmazujvaros
Vincennes,US,IN,18012,
Campina Verde,BR,15,18011,
Castelnau-le-Lez,FR,76,18011,
Izazi,TZ,04,18010,
Fuki,JP,28,18009,
Bhogpur,IN,23,18008,
Patiriyat,IN,13,18008,
Amsterdam,US,NY,18008,
Groot-Brakrivier,ZA,11,18008,
Durango,US,CO,18006,
Bom Jesus do Tocantins,BR,16,18005,
San Andrés Cuexcontitlán,MX,15,18005,San Andres Cuexcontitlan
Povorino,RU,86,18004,
Carmópolis de Minas,BR,15,18003,Carmopolis de Minas
Kanamachi,JP,40,18003,
Capalaba,AU,04,18002,
Guangpu,CN,33,18002,
Satyāmangala,IN,19,18002,Satyamangala
Bhattiprolu,IN,02,18001,
Sakchu-ŭp,KP,11,18001,Sakchu-up
Dumont,US,NJ,18001,
Al Jurf,AE,02,18000,
Nharêa,AO,02,18000,Nharea
Tubize,BE,WAL,18000,
Blankenberge,BE,VLG,18000,
Kahandhale,ET,52,18000,
Budva,ME,05,18000,
Chichén-Itzá,MX,31,18000,Chichen-Itza
Musa Banda/Musa khan kallay,PK,03,18000,
Otradnoye,RU,48,18000,
Chegem,RU,22,18000,
Izluchinsk,RU,32,18000,
Lubata,TZ,10,18000,
Tarakea,TZ,06,18000,
Madizini,TZ,10,18000,
Klov,UA,12,18000,
Barjala,IN,26,17998,
Amvrosiivka,UA,05,17998,
Batié,BF,13,17997,Batie
Changuinola,PA,01,17997,
Belaya Glina,RU,38,17997,
Hanahan,US,SC,17997,
Serra Preta,BR,05,17996,
Leça da Palmeira,PT,17,17996,Leca da Palmeira
Central Point,US,OR,17995,
Stony Plain,CA,01,17993,
Son Rapinya,ES,07,17993,
Weston,CA,08,17992,
Camocim de São Félix,BR,30,17991,Camocim de Sao Felix
Sint-Genesius-Rode,BE,VLG,17990,
Nalloor,IN,25,17989,
Carlos A. Carrillo,MX,30,17989,
Highland,US,UT,17989,
Sir Muttra,IN,24,17988,
Mahīshādal,IN,28,17988,Mahishadal
Elizabeth City,US,NC,17988,Elizabeth
Azaguié,CI,82,17987,Azaguie
Dalserf,GB,SCT,17985,
Ptuj,SI,K7,17984,
Itaberá,BR,27,17983,Itabera
Dongchuan,CN,06,17982,
Newburyport,US,MA,17982,
Rockland,US,MA,17982,
Lagoa do Carro,BR,30,17981,
Cartagena,CL,01,17978,
Hedge End,GB,ENG,17978,
Yegorlykskaya,RU,61,17978,
Westbrook,US,ME,17978,
Sandbach,GB,ENG,17976,
La Cabima,PA,08,17975,
Kirsanov,RU,72,17975,
Kızılcahamam,TR,68,17975,
Gameleira,BR,30,17973,
Palazzolo sull'Oglio,IT,09,17973,
Gamla Uppsala,SE,21,17973,
Delta del Tigre,UY,16,17973,
Dumjor,IN,28,17972,
Teloi Kanan,MY,02,17972,
Rano,NG,29,17972,
Hranice,CZ,84,17969,
Tsuha,JP,47,17969,
Kishaba,JP,47,17969,
New Mills,GB,ENG,17968,
St. Marys,US,GA,17968,
Rangiro,RW,14,17967,
Tres de Mayo,MX,17,17966,
Konaklı,TR,07,17966,
Cary,US,IL,17965,
Lackawanna,US,NY,17965,
São João do Rio do Peixe,BR,17,17964,Sao Joao do Rio do Peixe
Sapeaçu,BR,05,17963,Sapeacu
Santo Anastácio,BR,27,17963,Santo Anastacio
Heng Fa Chuen,HK,HEA,17963,
Kegalle,LK,33,17962,
Aljaraque,ES,51,17960,
Jadcherla,IN,40,17958,
Noāmundi,IN,38,17954,Noamundi
Montecatini-Terme,IT,16,17954,
Barwala,IN,09,17951,
Rio Claro,BR,21,17950,
Breaza,RO,30,17949,
Kawage,JP,23,17948,
Kabala,SL,02,17948,
Kireka,UG,C,17947,
Warrenton,ZA,08,17946,
Kensington-Chinatown,CA,08,17945,
Narauli,IN,36,17945,
Dehāqān,IR,28,17945,Dehaqan
Guéssabo,CI,96,17944,Guessabo
Arukutti,IN,13,17944,
Arix,CN,13,17941,
Arele,CN,13,17941,
Kolbermoor,DE,02,17941,
Tiquisio,CO,35,17939,
Nīlokheri,IN,10,17938,Nilokheri
Murudeshwara,IN,19,17938,
Kurtamysh,RU,40,17936,
Westerly,US,RI,17936,
Primero de Enero,CU,07,17934,
Fairfield,AU,02,17932,
Anori,BR,04,17932,
Mapastepec,MX,05,17931,
Hang Dong,TH,02,17931,
Maumelle,US,AR,17931,
Nāteputa,IN,16,17930,Nateputa
Loulé,PT,09,17930,Loule
Goulmima,MA,08,17929,
Quipapá,BR,30,17928,Quipapa
Honnāli,IN,19,17928,Honnali
Wangyao,CN,15,17925,
Aldrich Bay,HK,HEA,17925,
Callosa de Segura,ES,60,17924,
Leland,US,NC,17924,
Lívingston,GT,09,17923,Livingston
Zürich (Kreis 11) / Oerlikon,CH,ZH,17922,Zurich (Kreis 11) / Oerlikon
Altstadt Nord,DE,07,17922,
Bentleigh,AU,07,17921,
Uetersen,DE,10,17921,
Karlsfeld,DE,02,17920,
Titabor Town,IN,03,17920,
Olho d’Água das Cunhãs,BR,13,17919,Olho d’Agua das Cunhas
Amos,CA,10,17918,
Jocotenango,GT,16,17918,
Samdari,IN,24,17915,
Oborniki,PL,86,17915,
Skadovsk,UA,08,17915,
Ituaçu,BR,05,17914,Ituacu
Saiyad-ul-ajaib,IN,07,17914,
Bang Len,TH,53,17914,
Bad Saulgau,DE,01,17911,
Kasli,RU,13,17911,
Montigny-lès-Cormeilles,FR,11,17910,Montigny-les-Cormeilles
Józefów,PL,78,17910,Jozefow
Carnegie,AU,07,17909,
Taiping,CN,33,17909,
Yagoona,AU,02,17908,
Cartaya,ES,51,17905,
La Crau,FR,93,17905,
Changtan,CN,33,17904,
Khasab,OM,07,17904,
Cármenes,ES,29,17903,Carmenes
Firminy,FR,84,17902,
Dobrush,BY,02,17901,
Māsāl,IR,08,17901,Masal
Maganja,MZ,09,17900,
Ascot,GB,ENG,17899,
Não-Me-Toque,BR,23,17898,Nao-Me-Toque
Floresta do Araguaia,BR,16,17898,
Palamós,ES,56,17898,Palamos
Filadélfia,BR,05,17897,Filadelfia
Wisconsin Rapids,US,WI,17897,
Fátima,BR,05,17895,Fatima
Sanniquellie,LR,09,17895,
Outat Oulad Al Haj,MA,03,17895,
Kleinmachnow,DE,11,17892,
Pudunagaram,IN,13,17892,
Visoko,BA,01,17890,
Barrhead,GB,SCT,17890,
San Lorenzo de El Escorial,ES,29,17889,
Ranzan,JP,34,17889,
Uerdingen,DE,07,17888,
Lenoir,US,NC,17888,
Wittlich,DE,08,17887,
Zhirnovsk,RU,84,17887,
Bayad,IN,09,17886,
North Massapequa,US,NY,17886,
Remígio,BR,17,17885,Remigio
Canutama,BR,04,17885,
Scarsdale,US,NY,17885,
Nanuet,US,NY,17882,
Vadlapūdi,IN,02,17881,Vadlapudi
Kanjari,IN,09,17881,
Sinzig,DE,08,17880,
Gretna,US,LA,17880,
Grumo Nevano,IT,04,17879,
Pradolongo,ES,29,17878,
Bhindār,IN,24,17878,Bhindar
Fushë-Krujë,AL,42,17877,Fushe-Kruje
Pelahiivka,UA,05,17877,
Luz,BR,15,17875,
la Nucia,ES,60,17874,
Piranvādi,IN,19,17874,Piranvadi
Sheridan,US,WY,17873,
Tizi Rached,DZ,14,17872,
Del Remedio,PH,40,17871,
Zuhres,UA,05,17871,
Sovetsk,RU,33,17869,
Vordingborg,DK,20,17868,
V.S.K.Valasai (Dindigul-Dist.),IN,25,17865,
Privolzhsk,RU,21,17864,
Chortiátis,GR,ESYE12,17862,Chortiatis
North Amityville,US,NY,17862,
Manchester City Centre,GB,ENG,17861,
Handiā,IN,36,17861,Handia
Msowero,TZ,10,17861,
Bondo,CD,13,17860,
Avalēpalli,IN,25,17859,Avalepalli
Narasimhanaickenpalayam,IN,25,17858,
Shibetsu,JP,12,17858,
Rozdilna,UA,17,17858,
Ourém,BR,16,17855,Ourem
Hidrolândia,BR,06,17855,Hidrolandia
Tarabya,TR,34,17852,
Zürich (Kreis 11) / Seebach,CH,ZH,17851,Zurich (Kreis 11) / Seebach
Osuna,ES,51,17851,
Adiyanuthu,IN,25,17851,
Pailin,KH,30,17850,
Sarāi Mīr,IN,36,17849,Sarai Mir
Thị Trấn Trùng Khánh,VN,04,17849,Thi Tran Trung Khanh
Porto Grande,BR,03,17848,
Tacony,US,PA,17846,
Tekwane,ZA,07,17846,
Wao,PH,14,17845,
Trāl,IN,12,17844,Tral
Arcata,US,CA,17843,
Sunnybank Hills,AU,04,17842,
Oria,ES,59,17842,
Amorebieta,ES,59,17842,
Itapiúna,BR,06,17841,Itapiuna
Reinheim,DE,05,17841,
Akalkuva,IN,16,17840,
Anamizu,JP,15,17840,
Hannibal,US,MO,17839,
Kurayyimah,JO,18,17837,
Kosaya Gora,RU,76,17836,
Westmead,AU,02,17835,
Major Isidoro,BR,02,17834,
Libiąż,PL,77,17834,Libiaz
Porciúncula,BR,21,17832,Porciuncula
Nishinoomote,JP,18,17832,
Nevel’,RU,60,17832,
Bastia umbra,IT,18,17831,
Pilar,PH,03,17831,
São José dos Quatro Marcos,BR,14,17830,Sao Jose dos Quatro Marcos
Zemio,CF,05,17829,
Acqui Terme,IT,12,17828,
Leer,SS,06,17827,
Salaspils,LV,C3,17826,
Glossop,GB,ENG,17825,
Bhīkhi,IN,23,17825,Bhikhi
Sīlappādi,IN,25,17824,Silappadi
Holzwickede,DE,07,17821,
Cercola,IT,04,17821,
Wahiawā,US,HI,17821,Wahiawa
Nima,CN,15,17820,
Colonial Heights,US,VA,17820,
Arheilgen,DE,05,17819,
Kulattuppālaiyam,IN,25,17819,Kulattuppalaiyam
Bambous,MU,12,17818,
Bohodukhiv,UA,07,17818,
Orsay,FR,11,17817,
Choi Hung Estate,HK,KWT,17817,
Itanhém,BR,05,17813,Itanhem
St. Andrew-Windfields,CA,08,17812,
Okpo,MM,17,17812,
Didam,NL,03,17812,
Raduzhnyy,RU,83,17811,
Rāmachettipālaiyam,IN,25,17809,Ramachettipalaiyam
Brakel,DE,07,17808,
Saint-Amand-les-Eaux,FR,32,17808,
Hlybokaye,BY,07,17807,
Teo,ES,58,17807,
Jobabo,CU,12,17804,
Seyah Cheshmeh,IR,01,17804,
Marion,US,IL,17803,
Weesp,NL,07,17802,
Çerkeş,TR,82,17802,Cerkes
Vobkent Shahri,UZ,02,17800,
Qo’shko’pir,UZ,05,17800,
Tshiame,ZA,03,17800,
Moita,PT,19,17795,
Colonia,US,NJ,17795,
Jucurutu,BR,22,17793,
Bexbach,DE,09,17793,
Logansport,US,IN,17793,
Eastwood,AU,02,17792,
Bilgi,IN,19,17792,
Taufkirchen,DE,02,17791,
Middelkerke,BE,VLG,17789,
Zapolyarnyy,RU,49,17789,
La Pomme,FR,93,17787,
Aïn Beni Mathar,MA,02,17787,Ain Beni Mathar
Oswego,US,NY,17787,
Le Pré-Saint-Gervais,FR,11,17786,Le Pre-Saint-Gervais
Santa Rosa,AR,17,17785,
Santa María Ajoloapan,MX,15,17784,Santa Maria Ajoloapan
Lasarte,ES,59,17782,
Mendefera,ER,02,17781,
Lucé,FR,24,17780,Luce
Otahuhu,NZ,E7,17780,
Aprelevka,RU,47,17780,
Domodossola,IT,12,17778,
Maïné Soroa,NE,02,17778,Maine Soroa
Kostrzyn nad Odrą,PL,76,17778,Kostrzyn nad Odra
Monthey,CH,VS,17777,
Braník,CZ,52,17777,Branik
Les Clayes-sous-Bois,FR,11,17776,
Nāgamangala,IN,19,17776,Nagamangala
El Doncello,CO,08,17775,
La Baule-Escoublac,FR,52,17775,
Dastgerd,IR,28,17775,
Dęblin,PL,75,17775,Deblin
Sa‘īr,PS,WE,17775,Sa‘ir
Ipinda,TZ,09,17775,
Kortenberg,BE,VLG,17774,
San Pa Tong,TH,02,17773,
Linda,US,CA,17773,
Tinton Falls,US,NJ,17772,
Rawa Mazowiecka,PL,74,17770,
Shāhpur,IN,34,17767,Shahpur
Spennymoor,GB,ENG,17766,
Dāmnagar,IN,09,17766,Damnagar
Kasterlee,BE,VLG,17765,
Laguilayan,PH,12,17764,
Youchou,CN,33,17763,
Arroyo de la Miel,ES,51,17763,
Yae,JP,11,17763,
Korsun-Shevchenkivskyi,UA,01,17763,
Seydi,TM,05,17762,
Saýat,TM,04,17762,Sayat
Cairu,BR,05,17761,
Arpino,IT,04,17760,
Shiraoi,JP,12,17759,
Godfrey,US,IL,17759,
Tunapuna,TT,TUP,17758,
Brookhaven-Amesbury,CA,08,17757,
Manalur,IN,13,17757,
Markova,RU,20,17756,
Portsmouth,US,RI,17756,
Māḩiş,JO,02,17754,Mahis
Mto wa Mbu,TZ,26,17754,
Ambaji,IN,09,17753,
Naaldwijk,NL,11,17753,
Los Toldos,AR,01,17752,
Kedrovka,RU,29,17752,
Dormentes,BR,30,17749,
Times Square,US,NY,17749,
Dorking,GB,ENG,17747,
Munster,DE,06,17746,
Heinola,FI,07,17746,
Lugu,TW,04,17746,
Gartenstadt,DE,08,17745,
Kannod,IN,35,17744,
Uchiza,PE,22,17742,
Usevia,TZ,29,17742,
West Garfield Park,US,IL,17742,
Toba,JP,23,17741,
Carmo,BR,21,17740,
Jagiroad,IN,03,17739,
Labattoir,YT,97608,17739,
La Unión,ES,31,17737,La Union
Willimantic,US,CT,17737,
Piazza Armerina,IT,15,17736,
Don Antonio,MX,13,17736,
Dniprorudne,UA,26,17736,
Kampung Jeli,MY,03,17734,
Liulin,CN,15,17731,
Kronberg,DE,05,17730,
Chaguaramas,VE,12,17728,
Bar,ME,02,17727,
Patdi,IN,09,17725,
Calverton,US,MD,17724,
Santuario,CO,02,17722,
Mahudha,IN,09,17722,
Oxon Hill,US,MD,17722,
Formosa da Serra Negra,BR,13,17719,
Amersham on the Hill,GB,ENG,17719,
Nässjö,SE,08,17719,Nassjo
Sacavém,PT,14,17718,Sacavem
Vrouo,CI,96,17716,
Pirapemas,BR,13,17714,
Takoma Park,US,MD,17713,
Baoutifla,CI,96,17712,
Wallingford,US,CT,17712,
Sycamore,US,IL,17712,
Makinsk,KZ,03,17711,
Cocoa,US,FL,17711,
Centre de Flacq,MU,13,17710,
Salpêtrière,FR,11,17708,Salpetriere
Arsanjān,IR,07,17706,Arsanjan
Jiuchi,CN,33,17705,
Kiyawa,NG,39,17704,
Bolotnoye,RU,53,17704,
Cronulla,AU,02,17703,
Mezőkövesd,HU,04,17701,Mezokovesd
Chettināyakkanpatti,IN,25,17701,Chettinayakkanpatti
Abbey Wood,GB,ENG,17700,
Gotan,IN,24,17700,
Volgorechensk,RU,37,17700,
Ngora,UG,E,17700,
Kisoro,UG,W,17700,
Martinsburg,US,WV,17700,
Diepenbeek,BE,VLG,17699,
Elias Fausto,BR,27,17699,
Gbabam,CI,76,17699,
Mangalam,IN,25,17699,
La Concepción,PA,02,17698,La Concepcion
Tharu Shah,PK,05,17698,
Espoonlahti,FI,01,17697,
Berezhany,UA,22,17697,
Babenhausen,DE,05,17695,
Akitsu,JP,40,17695,
Quisqueya,DO,24,17694,
La Breita,PE,20,17693,
Ingá,BR,17,17692,Inga
Marco Island,US,FL,17690,
Lessines,BE,WAL,17687,
Tiffin,US,OH,17687,
Flórina,GR,ESYE13,17686,Florina
Myślenice,PL,77,17686,Myslenice
Banté,BJ,11,17682,Bante
Sin-le-Noble,FR,32,17682,
Azamino,JP,19,17682,
Hunting Park,US,PA,17682,
Toul,FR,44,17680,
Killarney,BS,23,17679,
Peddanāyakkanpālaiyam,IN,25,17678,Peddanayakkanpalaiyam
Zimovniki,RU,61,17678,
Utebo,ES,52,17677,
Mairi,BR,05,17674,
Rutigliano,IT,13,17674,
Albert Lea,US,MN,17674,
Golden Triangle,US,DC,17674,
Reftinskiy,RU,71,17673,
Bad Aibling,DE,02,17672,
Deba,NG,55,17671,
Moreton,GB,ENG,17670,
Pozoblanco,ES,51,17669,
Biddulph,GB,ENG,17669,
San José del Quince,MX,14,17669,San Jose del Quince
Velp,NL,03,17669,
Fresno,CO,28,17668,
Baybay,PH,08,17668,
Paraibuna,BR,27,17667,
Bishopstoke,GB,ENG,17667,
Kongsberg,NO,04,17667,
Bairnsdale,AU,07,17666,
Harvestehude,DE,04,17666,
Igbor,NG,26,17666,
Bhuwāna,IN,24,17665,Bhuwana
Enem,RU,01,17665,
Ribera,IT,15,17664,
Eshowe,ZA,02,17663,
Güimar,ES,53,17662,Guimar
Kothanallur,IN,25,17662,
Svobody,RU,70,17661,
Correntes,BR,30,17660,
Dolný Kubín,SK,08,17660,Dolny Kubin
Jaguaripe,BR,05,17659,
Wakimachi,JP,39,17659,
Kobyłka,PL,78,17659,
Sint-Gillis-Waas,BE,VLG,17658,
Alto Araguaia,BR,14,17657,
Garching,DE,02,17656,
Esquimalt,CA,02,17655,
Jona,CH,SG,17655,
‘Eyn-e Do,IR,15,17653,
Wahroonga,AU,02,17652,
Terenos,BR,11,17652,
South Hadley,US,MA,17652,
Goražde,BA,01,17650,Gorazde
Halver,DE,07,17650,
Ferndown,GB,ENG,17650,
Atima,HN,16,17648,
Estreito,BR,13,17647,
Tai Shui Hang,HK,NST,17647,
Huercal-Overa,ES,51,17645,
Bālugān,IN,21,17645,Balugan
Juniata Park,US,PA,17643,
Hazorasp,UZ,05,17643,
Yachi,JP,44,17641,
‘Ar‘ara BaNegev,IL,01,17640,
Ixtapan de la Sal,MX,15,17640,
Pleszew,PL,86,17640,
Abaré,BR,05,17639,Abare
Shaw,US,DC,17639,
El Carmen de Chucurí,CO,26,17638,El Carmen de Chucuri
Ebino,JP,25,17638,
Ocean Springs,US,MS,17636,
Frankenberg,DE,05,17635,
Bellaria-Igea Marina,IT,05,17635,
Yongcheng,CN,33,17634,
Templin,DE,11,17634,
Kherli,IN,24,17634,
‘Anjarah,JO,20,17634,
Port Melbourne,AU,07,17633,
Rahimatpur,IN,16,17633,
Cariré,BR,06,17632,Carire
Parets del Vallès,ES,56,17632,Parets del Valles
Naushahro Firoz,PK,05,17631,
Candelaria,PR,137,17631,
Taradale,CA,01,17630,
Marseille 16,FR,93,17630,
Nangavaram,IN,25,17629,
Hinsdale,US,IL,17628,
Padmapur,IN,21,17625,
Yangjiaying,CN,24,17624,
Brightwood,US,DC,17624,
Ciénaga de Oro,CO,12,17623,Cienaga de Oro
Pipili,IN,21,17623,
Kotsyubynske,UA,13,17623,
Mühldorf,DE,02,17622,Muhldorf
Sigatoka,FJ,05,17622,
Santiago Momoxpan,MX,21,17622,
Tijucas do Sul,BR,18,17621,
New Castle,US,IN,17621,
Colbún,CL,11,17619,Colbun
São Francisco de Assis,BR,23,17618,Sao Francisco de Assis
Vittal,IN,19,17618,
Koratti,IN,13,17618,
Winthrop,US,MA,17618,
San Vito dei Normanni,IT,13,17617,
Altai,MN,10,17617,
Babana,NG,31,17617,
Äänekoski,FI,13,17614,Aanekoski
Pio IX,BR,20,17613,
Lindenwold,US,NJ,17613,
Jiayi,CN,13,17612,
Egbe,NG,41,17612,
Negotin,RS,SE,17612,
Restrepo,CO,19,17610,
Shirhatti,IN,19,17610,
Covilhã,PT,06,17610,Covilha
Scarborough,AU,08,17605,
Iati,BR,30,17605,
Devgarh,IN,24,17604,
Stowbtsy,BY,05,17603,
Akasaka,JP,40,17603,
Muroto-misakicho,JP,20,17601,
Kenwood,US,IL,17601,
Ashtarak,AM,01,17600,
Gobu,AZ,01,17600,
Zaysan,KZ,15,17600,
Istiqlol,TJ,03,17600,
Darnytsya Car Repair Plant Microdistrict,UA,12,17600,
Butunduzi,UG,W,17600,
Abejorral,CO,02,17599,
Dārzciems,LV,25,17599,Darzciems
Ararat,AM,02,17598,
Boqueirão,BR,17,17598,Boqueirao
Tapolca,HU,23,17598,
Bay City,US,TX,17598,Bay
Yondó,CO,02,17597,Yondo
Ubaitaba,BR,05,17596,
Schmelz,DE,09,17596,
Gjøvik,NO,34,17596,
Goris,AM,08,17592,
Earlwood,AU,02,17592,
Alumínio,BR,27,17591,Aluminio
Baoding,CN,33,17591,
Hopkins,US,MN,17591,
Bethnal Green,GB,ENG,17590,
Bargi,IN,35,17588,
Aci Castello,IT,15,17588,
Ad Dasmah,KW,02,17585,
Dunbage,CN,13,17579,
Mölnlycke,SE,28,17579,Molnlycke
Allendale,US,MI,17579,
Maharda,SY,10,17578,
University City,US,PA,17578,University
Paipu,CN,31,17577,
Ovrīn,IR,26,17577,Ovrin
Back Bay,US,MA,17577,
Fiddlesticks,CA,08,17576,
Ware,GB,ENG,17576,
Jarwal,IN,36,17576,
Villeneuve-le-Roi,FR,11,17575,
Água Branca,BR,20,17573,Agua Branca
Compostela,MX,18,17573,
Wo Che,HK,NST,17572,
Menasha,US,WI,17572,
Sagrada Familia,CL,11,17569,
Terra Boa,BR,18,17568,
Nichlaul,IN,36,17567,
Słubice,PL,76,17567,
Chon Daen,TH,14,17567,
Piritiba,BR,05,17566,
Százhalombatta,HU,16,17566,Szazhalombatta
Alipur,PK,08,17566,
Palos Hills,US,IL,17565,
Zeralda,DZ,01,17563,
Bianouan,CI,94,17561,
Salonta,RO,05,17561,
Haar,DE,02,17560,
Kānke,IN,38,17560,Kanke
Prunedale,US,CA,17560,
Vazhapadi,IN,25,17559,
Arroio Grande,BR,23,17558,
Chinde,MZ,09,17558,
Culpeper,US,VA,17557,
Stevenson Ranch,US,CA,17557,
Achhībal,IN,12,17556,Achhibal
Baffa,PK,03,17556,
La Paz,HN,12,17555,
São Miguel do Tapuio,BR,20,17554,Sao Miguel do Tapuio
Middelharnis,NL,11,17554,
Kronberg Tal,DE,05,17550,
Romano di Lombardia,IT,09,17549,
Papanasam,IN,25,17548,
Tai Mei Tuk,HK,NTP,17544,
South Houston,US,TX,17544,
Heroica Ciudad de Tlaxiaco,MX,20,17543,
Gadani,PK,02,17540,
Tebela,ET,56,17538,
Kobuleti,GE,04,17538,
Miramichi,CA,04,17537,
Raipur,IN,24,17537,
Kodoli,IN,16,17537,
Komagome,JP,40,17537,
Ramada,PT,14,17535,
Chaves,PT,21,17535,
Palo,PH,08,17534,
Esperanza,PH,05,17534,
Dursunbey,TR,10,17532,
Tājpur,IN,36,17529,Tajpur
Kampung Simpang Renggam,MY,01,17528,
Jaicós,BR,20,17527,Jaicos
Mazargues,FR,93,17527,
Kadogawa,JP,25,17526,
Nyborg,DK,21,17525,
Saint-Jean-de-la-Ruelle,FR,24,17522,
Bānki,IN,21,17521,Banki
Settiyārpatti,IN,25,17520,Settiyarpatti
Kirksville,US,MO,17520,
Batemans Bay,AU,02,17519,
Apicum-Açu,BR,13,17519,Apicum-Acu
Hopa,TR,08,17519,
Negotino,MK,B7,17518,
Zielonka,PL,78,17518,
Malacacheta,BR,15,17516,
Morlaix,FR,53,17516,
North Guwāhāti,IN,03,17516,North Guwahati
Vredefort,ZA,03,17515,
Maltby,GB,ENG,17513,
Ivanovka,KG,02,17513,
Tallmadge,US,OH,17512,
Presidente Sarney,BR,13,17511,
Niagara-on-the-Lake,CA,08,17511,
Victoria Village,CA,08,17510,
Madhuban,IN,34,17510,
North Babylon,US,NY,17509,
Adriano,IT,09,17508,
Axochiapan,MX,17,17508,
Lat Yao,TH,16,17506,
McKenzie Towne,CA,01,17505,
Liuyin,CN,33,17505,
Piratini,BR,23,17504,
Sigli,ID,01,17504,
Boujniba,MA,05,17504,
Thị Trấn Ba Chẽ,VN,22,17504,Thi Tran Ba Che
Kamigotō,JP,27,17503,Kamigoto
Montemurlo,IT,16,17502,
Walcourt,BE,WAL,17501,
Bayswater,GB,ENG,17500,
Laflèche,CA,10,17499,Lafleche
Jatāra,IN,35,17499,Jatara
Bānapur,IN,21,17499,Banapur
Al Mizhar First,AE,03,17498,
Villa del Rosario,AR,05,17496,
Brasnorte,BR,14,17496,
Aginskoye,RU,93,17496,
Mesquite,US,NV,17496,
Bendorf,DE,08,17495,
Carigara,PH,08,17495,
Denizciler,TR,31,17495,
Kholmskiy,RU,38,17494,
Palera,IN,35,17493,
Baymak,RU,08,17493,
Puerto Rico,AR,14,17491,
Ilām,NP,1,17491,Ilam
Taşköprü,TR,37,17491,Taskopru
Warminster,GB,ENG,17490,
Indri,IN,10,17487,
Ariccia,IT,07,17487,
Xiaba,CN,33,17486,
Progreso de Alvaro Obregon,MX,13,17486,
Gwadabawa,NG,51,17486,
Kalmthout,BE,VLG,17485,
Quillón,CL,18,17485,Quillon
Karukh,AF,11,17484,
Tuantian,CN,29,17484,
New Philadelphia,US,OH,17484,
Villa Sarmiento,AR,01,17481,
Croatá,BR,06,17481,Croata
Arbatache,DZ,40,17481,
Bodrī,IN,37,17481,Bodri
Pennāgaram,IN,25,17480,Pennagaram
Kallūr Tekkumuri,IN,13,17480,Kallur Tekkumuri
Urucuia,BR,15,17479,
Radlin,PL,83,17479,
Sylvan Lake,CA,01,17477,
Arta,DJ,08,17477,
Dharmapuram,IN,25,17476,
Porriño,ES,58,17475,Porrino
Ciudad de Huitzuco,MX,12,17475,
Bu’aale,SO,08,17475,
Depālpur,IN,35,17474,Depalpur
Nizhnyaya Salda,RU,71,17473,
Saint Matthews,US,KY,17472,
Valdebernardo,ES,29,17471,
Miharu,JP,08,17471,
Yovon,TJ,02,17471,
Umirim,BR,06,17470,
Corbélia,BR,18,17470,Corbelia
Nueva Granada,CO,38,17470,
Al-Minyā al-Jadīdah,EG,10,17470,Al-Minya al-Jadidah
Pocinhos,BR,17,17469,
Portogruaro,IT,20,17468,
Nanganga,TZ,11,17468,
Beli,NG,43,17467,
Cafarnaum,BR,05,17466,
Vysočany,CZ,52,17465,Vysocany
Mūndwa,IN,24,17465,Mundwa
Tembedgha,MR,01,17465,
Wijk bij Duurstede,NL,09,17465,
Saint-Lin-Laurentides,CA,10,17463,
Maitland,US,FL,17463,
Auhammadpur Mājri,IN,07,17462,Auhammadpur Majri
Tādigadapa,IN,02,17462,Tadigadapa
Illela,NG,51,17461,
Vovchansk,UA,07,17459,
Walton-on-the-Naze,GB,ENG,17458,
Montargis,FR,24,17457,
Tzaneen,ZA,09,17457,
Broken Hill,AU,02,17456,
Atuntaqui,EC,11,17456,
North Aurora,US,IL,17456,
Morningside,CA,08,17455,
Al ‘Ayzarīyah,PS,WE,17455,Al ‘Ayzariyah
Safety Harbor,US,FL,17454,
Fīrūzkūh,IR,26,17453,Firuzkuh
Skvyra,UA,13,17452,
Valley East,CA,08,17451,
Maliu,CN,33,17451,
Murcia,PH,06,17448,
Yorosso,ML,06,17447,
Peçanha,BR,15,17446,Pecanha
Calangute,IN,33,17446,
Akhaltsikhe,GE,72,17445,
Panórama,GR,ESYE12,17444,Panorama
Andahuaylas,PE,03,17444,
Rio Pomba,BR,15,17443,
Sarāi Ākil,IN,36,17443,Sarai Akil
Garba Tula,KE,18,17443,
Renningen,DE,01,17442,
Tanji,GM,05,17441,
Parit Raja,MY,01,17441,
North Canton,US,OH,17441,
Rosana,BR,27,17440,
Nalerigu,GH,15,17440,
Obispos,VE,05,17440,
Ciriè,IT,12,17439,Cirie
Nova Era,BR,15,17438,
Nīsang,IN,10,17438,Nisang
Panoor,IN,13,17438,
Soisy-sous-Montmorency,FR,11,17436,
Bad Tölz,DE,02,17434,Bad Tolz
Bischheim,FR,44,17434,
Amet,IN,24,17434,
Matões do Norte,BR,13,17432,Matoes do Norte
Bareta,IN,23,17432,
Le Roux,ZA,11,17432,
Flers,FR,28,17430,
Puthūr,IN,13,17430,Puthur
Kavisuryanagar,IN,21,17430,
San Pedro,BZ,01,17429,
Nordstadt,DE,06,17429,
Nümbrecht,DE,07,17427,Numbrecht
Pedregal,PA,02,17427,
Kadoorie,HK,KKC,17422,
Aoi,JP,40,17422,
Hāt Piplia,IN,35,17419,Hat Piplia
East Hemet,US,CA,17418,
Delcevo,MK,22,17415,
Viradouro,BR,27,17414,
Ban Phe,TH,47,17414,
Saraktash,RU,55,17413,
Ban Selaphum,TH,25,17412,
Bhundsi,IN,10,17410,
Hongguang Qidui,CN,21,17409,
Viljandi,EE,20,17407,
Oi Man Estate,HK,KKC,17407,
Zaïbo,CI,96,17406,Zaibo
Ranst,BE,VLG,17405,
Borda da Mata,BR,15,17404,
Marly-le-Roi,FR,11,17404,
Oerlinghausen,DE,07,17403,
Naregal,IN,19,17403,
White Oak,US,MD,17403,
Radford,US,VA,17403,
Deux-Montagnes,CA,10,17402,
San Rafael de Onoto,VE,18,17402,
Otrokovice,CZ,90,17401,
Bermo,IN,38,17401,
Shioiri,JP,17,17401,
Lyepyel’,BY,07,17400,
Khongapani,IN,37,17400,
Rakivka,UA,18,17400,
Huilango,MX,15,17399,
Lansdowne,ZA,11,17399,
Arele,CN,13,17398,
Tillmans Corner,US,AL,17398,
Les Coteaux,CA,10,17396,
Pādegān-e Manjīl,IR,08,17396,Padegan-e Manjil
Ducos,MQ,MQ,17394,
Maganoy,PH,14,17394,
São Domingos do Prata,BR,15,17392,Sao Domingos do Prata
Abelardo Luz,BR,26,17392,
Bukit Rambai,MY,04,17391,
Lattes,FR,76,17390,
Rejas,ES,29,17389,
El Asintal,GT,15,17388,
Joaquim Gomes,BR,02,17386,
Central Saanich,CA,02,17385,
Mareth,TN,29,17385,
Vila Bela da Santíssima Trindade,BR,14,17384,Vila Bela da Santissima Trindade
Louth,GB,ENG,17382,
Nicetown-Tioga,US,PA,17382,
Detroit-Shoreway,US,OH,17382,
Mirandola,IT,05,17380,
Bukit Gemuroh,MY,09,17379,
Chudovo,RU,52,17377,
Gelligaer,GB,WLS,17376,
Wamba,CD,16,17373,
Kralupy nad Vltavou,CZ,88,17373,
Lebbeke,BE,VLG,17372,
Bagdogra,IN,28,17372,
Indergarh,IN,36,17366,
Boksitogorsk,RU,42,17366,
Hummelsbüttel,DE,04,17365,Hummelsbuttel
Enkhuizen,NL,07,17365,
Moosburg,DE,02,17363,
Kantyshevo,RU,19,17363,
Wittstock,DE,11,17361,
Wilton,US,NY,17361,
Lāsalgaon,IN,16,17360,Lasalgaon
Pari,BR,27,17359,
Sleaford,GB,ENG,17359,
Yasnyy,RU,55,17359,
Houba,CN,33,17358,
San Giovanni in Fiore,IT,03,17358,
Kommunar,RU,42,17358,
Periyakottai,IN,25,17356,
Aileu,TL,AL,17356,
Pombal,PT,13,17355,
Mers El Kheir,MA,04,17352,
Huoshilafu,CN,13,17351,
Gavrilov-Yam,RU,88,17351,
Coventry Hills,CA,01,17350,
Qarqūzah,LY,68,17350,Qarquzah
Anoka,US,MN,17350,
Lilydale,AU,07,17348,
Bulgan,MN,21,17348,
Ezzouhour,TN,23,17348,
San Bonifacio,IT,20,17347,
Mehtar Lām,AF,35,17345,Mehtar Lam
Al Hilāliyya,SD,38,17345,Al Hilaliyya
East Cleveland,US,OH,17344,
Sudbury,US,MA,17343,
Ilongero,TZ,16,17342,
Bhopalwala,PK,04,17341,
Wervik,BE,VLG,17340,
Tonj,SS,08,17338,
Solrød Strand,DK,20,17337,
Saint-Cyr-sur-Loire,FR,24,17337,
Sanhe,CN,33,17335,
Phirangipuram,IN,02,17335,
Edakkazhiyūr,IN,13,17335,Edakkazhiyur
Agropoli,IT,04,17335,
Padre Paraíso,BR,15,17334,Padre Paraiso
Jianshan,CN,33,17334,
Munkkiniemi,FI,01,17334,
Coaraci,BR,05,17333,
Fontarrón,ES,29,17333,Fontarron
Haydock,GB,ENG,17333,
Rathfarnham,IE,L,17333,
Polyarnyy,RU,49,17332,
Hillside,AU,07,17331,
Ejea de los Caballeros,ES,52,17331,
Riva del Garda,IT,17,17331,
Nārsala,IN,16,17330,Narsala
Paolo VI,IT,13,17330,
Plainville,US,CT,17328,
Keezhkulam,IN,25,17327,
Germasógeia,CY,05,17325,Germasogeia
Meerane,DE,13,17325,
Discovery Park,HK,NTW,17325,
Jalalpore,IN,09,17325,
Sidi Allal El Bahraoui,MA,04,17325,
San Pietro a Patierno,IT,04,17324,
Kawasaki,JP,07,17324,
Media Legua,ES,29,17323,
Chhala,IN,09,17323,
Poptún,GT,12,17320,Poptun
Eman,CN,31,17317,
Fos-sur-Mer,FR,93,17317,
Mae Ramat,TH,08,17316,
Castelfranco Emilia,IT,05,17315,
Cham,DE,02,17314,
Otacílio Costa,BR,26,17312,Otacilio Costa
La Cruz,CL,01,17310,
Lom Sak,TH,14,17309,
Arcueil,FR,11,17308,
Oberasbach,DE,02,17306,
Sivagirippatti,IN,25,17306,
Mundo Novo,BR,05,17305,
Vilaseca,ES,56,17305,
La Pineda,ES,56,17305,
Valenza,IT,12,17305,
Āthagarh,IN,21,17304,Athagarh
Huimin,CN,29,17303,
Ada,US,OK,17303,
Middletown,US,RI,17303,
Onex,CH,GE,17302,
Lakhnādon,IN,35,17302,Lakhnadon
Hokmali,AZ,01,17300,
Kemer,TR,07,17300,
Namavundu,UG,E,17300,
Tres Valles,MX,30,17299,
Haukipudas,FI,17,17298,
Mountsorrel,GB,ENG,17297,
Lewes,GB,ENG,17297,
Erlang,CN,33,17295,
Thorne,GB,ENG,17295,
Tiszaújváros,HU,04,17295,Tiszaujvaros
Glassmanor,US,MD,17295,
South Orange,US,NJ,17295,
Stabroek,BE,VLG,17294,
Fortim,BR,06,17294,
Loikaw,MM,06,17293,
Fuyong,CN,30,17291,
Fomboni,KM,03,17291,
Zolder,BE,VLG,17289,
Idylwood,US,VA,17288,
Yabuki,JP,08,17287,
Seabrook,US,MD,17287,
Kouka,BF,05,17286,
Calceta,EC,14,17286,
Durant,US,OK,17286,
Santo Antônio do Amparo,BR,15,17285,Santo Antonio do Amparo
Talwandi Bhai,IN,23,17285,
Takhatgarh,IN,24,17285,
Benoy,TD,08,17285,
Lingolsheim,FR,44,17284,
Igusa,JP,40,17284,
Préveza,GR,ESYE21,17283,Preveza
Adam,OM,01,17283,
Killingly Center,US,CT,17282,
Kings Park,US,NY,17282,
Saint-Augustin-de-Desmaures,CA,10,17281,
Moïssala,TD,19,17281,Moissala
Michelstadt,DE,05,17279,
Haslemere,GB,ENG,17279,
Fornacelle,IT,16,17278,
Dadhar,PK,02,17276,
Calne,GB,ENG,17274,
Mūlki,IN,19,17274,Mulki
Arinos,BR,15,17272,
Wörth am Rhein,DE,08,17272,Worth am Rhein
Kāttatturai,IN,25,17271,Kattatturai
Canby,US,OR,17271,
Chiquinquirá,VE,23,17271,Chiquinquira
Sengés,BR,18,17270,Senges
San Cristobal,ES,29,17270,
Bhānpurī,IN,37,17270,Bhanpuri
Evington,GB,ENG,17268,
Kulasegaram,IN,25,17267,
Khabarābād,IR,26,17267,Khabarabad
Cassano d'Adda,IT,09,17267,
Vitré,FR,53,17266,Vitre
Poplar Bluff,US,MO,17266,
Deori,IN,37,17265,
Nilagiri,IN,21,17264,
Nhà Bè,VN,79,17264,Nha Be
Belem,GW,11,17263,
San Salvador El Seco,MX,21,17263,
Tui,ES,58,17262,
Casa Blanca,MX,21,17262,
Mannarai,IN,25,17261,
Suvorovskaya,RU,70,17261,
Schlüchtern,DE,05,17260,Schluchtern
Pollença,ES,07,17260,Pollenca
Glanerbrug,NL,15,17260,
Mala,PE,15,17260,
Ouaké,BJ,13,17259,Ouake
Maynooth,IE,L,17259,
Jagalūr,IN,19,17257,Jagalur
Ajara,IN,16,17257,
Bhikshāndārkovil,IN,25,17257,Bhikshandarkovil
Moraga,US,CA,17256,
Capistrano,BR,06,17254,
Quelfes,PT,09,17253,
Venturosa,BR,30,17251,
Vitry-le-François,FR,44,17250,Vitry-le-Francois
Friern Barnet,GB,ENG,17250,
Sonobe,JP,33,17250,
Kretinga,LT,58,17249,
Gongtan,CN,33,17248,
Palangarai,IN,25,17248,
Chenini Nahal,TN,29,17248,
Virajpet,IN,19,17246,
Pieksämäki,FI,10,17243,Pieksamaki
Arsk,RU,73,17243,
Əhmədbəyli,AZ,45,17242,
Nārnaund,IN,10,17242,Narnaund
Redland,US,MD,17242,
Zürich (Kreis 11) / Affoltern,CH,ZH,17241,Zurich (Kreis 11) / Affoltern
Tak Bai,TH,31,17241,
Cocal do Sul,BR,26,17240,
Pudūr,IN,25,17240,Pudur
Te Atatu South,NZ,E7,17240,
Lincoln,NZ,E7,17240,
Fada,TD,28,17240,
Rožnov pod Radhoštěm,CZ,90,17238,Roznov pod Radhostem
Bālugaon,IN,21,17238,Balugaon
Ílhavo,PT,02,17236,Ilhavo
Torvaianica,IT,07,17235,
Amarante,BR,20,17234,
Munder Buiten,SR,16,17234,
Jaguaretama,BR,06,17232,
Kangaba,ML,07,17232,
Massapequa Park,US,NY,17232,
Puerto Triunfo,CO,02,17231,
Elbeuf,FR,28,17231,
Irivēri,IN,13,17231,Iriveri
Cipó,BR,05,17230,Cipo
Heilbad Heiligenstadt,DE,15,17230,
Navalmoral de la Mata,ES,57,17228,
Bilthra,IN,36,17228,
Alnāvar,IN,19,17228,Alnavar
Resplendor,BR,15,17226,
Nantwich,GB,ENG,17226,
Tekkeköy,TR,55,17226,Tekkekoy
Kuna,US,ID,17226,
Khowa,ZA,05,17224,
Lima Duarte,BR,15,17221,
Tuchang,CN,33,17221,
Passagem Franca,BR,13,17220,
Iyesi,NG,16,17220,
Gribanovskiy,RU,86,17220,
Foley,US,AL,17218,
Lalla Mimouna,MA,04,17217,
Bahé-Blaon,CI,78,17216,Bahe-Blaon
Promyshlennaya,RU,29,17216,
Seaford,AU,07,17215,
Palmarito Tochapan,MX,21,17213,
Cambundi Catembo,AO,12,17212,
Cambundi,AO,12,17212,
Cambundi,AO,12,17212,
Sanxenxo,ES,58,17212,
Parede,PT,14,17212,
Kibara,TZ,08,17211,
Carnaubal,BR,06,17210,
Buritama,BR,27,17210,
Itacarambi,BR,15,17208,
Anaimalai,IN,25,17208,
Ruskin,US,FL,17208,
Sīmīn Shahr,IR,37,17205,Simin Shahr
Santa-Luzia,GW,11,17204,
Jamay,MX,14,17204,
Bossembélé,CF,17,17203,Bossembele
Hermiston,US,OR,17201,
Nehram,AZ,35,17200,
Siwei,CN,10,17200,
Sitangkai,PH,14,17200,
Laem Ngop,TH,49,17198,
Lérida,CO,28,17197,Lerida
Nederland,US,TX,17196,
Banabuiú,BR,06,17195,Banabuiu
Bramhall,GB,ENG,17195,
Guru Har Sahāi,IN,23,17192,Guru Har Sahai
Wolfratshausen,DE,02,17191,
Wudong,CN,33,17190,
Araruna,BR,17,17189,
Glen Parva,GB,ENG,17189,
Tsuiki,JP,07,17189,
Breyten,ZA,07,17189,
Petawawa,CA,08,17187,
Lospalos,TL,LA,17186,
Beekhuizen,SR,16,17185,
Greenfield,US,CA,17184,
Blomberg,DE,07,17183,
Tangla,IN,03,17183,
Ngerengere,TZ,10,17181,
Danforth East York,CA,08,17180,
Heishui,CN,33,17180,
Kochkor-Ata,KG,03,17177,
Korsholm,FI,15,17176,
Ashwaubenon,US,WI,17176,
Dolores,UY,17,17174,
Tena,EC,23,17172,
Santa Bárbara,GT,20,17172,Santa Barbara
Yirkā,IL,03,17171,Yirka
Falköping,SE,28,17170,Falkoping
Barrett Town,JM,12,17169,
Serinhisar,TR,20,17169,
Chisasa,ZM,06,17169,
Pebane,MZ,09,17167,
Radzionków,PL,83,17167,Radzionkow
Châtelineau,BE,WAL,17166,Chatelineau
Sumé,BR,17,17166,Sume
Zaslawye,BY,05,17166,
Mendarda,IN,09,17166,
Luduş,RO,27,17165,Ludus
Traiguén,CL,04,17164,Traiguen
Longshe,CN,33,17163,
Ermitagaña,ES,32,17163,Ermitagana
Massaranduba,BR,26,17162,
Harlesden,GB,ENG,17162,
Poção de Pedras,BR,13,17161,Pocao de Pedras
Romsey,GB,ENG,17161,
Primrose Place,GB,ENG,17161,
Berga,ES,56,17160,
Kanifing,GM,01,17159,
Tanque Novo,BR,05,17158,
Playa del Ingles,ES,53,17158,
Międzyrzec Podlaski,PL,75,17158,Miedzyrzec Podlaski
Live Oak,US,CA,17158,
Altinópolis,BR,27,17156,Altinopolis
Brockley,GB,ENG,17156,
Cássia,BR,15,17155,Cassia
Tejuçuoca,BR,06,17154,Tejucuoca
Juquiá,BR,27,17154,Juquia
Tradate,IT,09,17154,
São Paulo de Frades,PT,07,17154,Sao Paulo de Frades
Eiras,PT,07,17154,
Morocelí,HN,07,17153,Moroceli
Devínska Nová Ves,SK,02,17153,Devinska Nova Ves
Toay,AR,11,17151,
Perdizes,BR,15,17151,
Bom Sucesso,BR,15,17151,
Sake,CD,11,17151,
Castilleja de la Cuesta,ES,51,17150,
Monsenhor Tabosa,BR,06,17149,
Taleigao,IN,33,17148,
Albadéria,GN,F,17147,Albaderia
Balāţah,PS,WE,17146,Balatah
Veracruz,PA,13,17144,
Mahayag,PH,09,17144,
Říčany,CZ,88,17143,Ricany
Engadine,AU,02,17141,
Wanshui,CN,18,17141,
Bristol,US,VA,17141,
Pallasovka,RU,84,17139,
Novoul’yanovsk,RU,81,17139,
Derhachi,UA,07,17139,
Zossen,DE,11,17138,
Terzigno,IT,04,17138,
Steenwijk,NL,15,17138,
Ipaba,BR,15,17136,
Frankford,US,MD,17135,
Okolona,US,KY,17134,
Regeneração,BR,20,17133,Regeneracao
Selb,DE,02,17132,
Mboursou Léré,TD,20,17132,Mboursou Lere
Bayside,US,CA,17132,
Footscray,AU,07,17131,
Sa‘ādat Shahr,IR,07,17131,Sa‘adat Shahr
Kepala Batas,MY,09,17131,
Haaltert,BE,VLG,17129,
Jāwad,IN,35,17129,Jawad
Kamiōi,JP,19,17129,Kamioi
Dutse,NG,39,17129,
San Salvador Atenco,MX,15,17124,
Tirebolu,TR,28,17124,
Wyckoff,US,NJ,17124,
Pouso Redondo,BR,26,17123,
Kennedy Park,CA,08,17123,
Uttarkāshi,IN,39,17123,Uttarkashi
Basukinath,IN,38,17123,
San Salvo,IT,01,17123,
Gualaceo,EC,02,17122,
Al-'Alūaṣ,LY,82,17122,Al-'Aluas
Rožňava,SK,03,17122,Roznava
Phu Khiao,TH,26,17122,
Woodmere,US,NY,17121,
Wenjī,ET,51,17120,Wenji
Ciudad Guadalupe Victoria,MX,02,17119,
Kampung Bertam Ulu,MY,04,17119,
Gubadag,TM,03,17118,
Zürich (Kreis 10) / Höngg,CH,ZH,17117,Zurich (Kreis 10) / Hongg
Gescher,DE,07,17115,
Naarden,NL,07,17115,
Rotherbaum,DE,04,17114,
Rājgarh,IN,35,17113,Rajgarh
Ipueiras,BR,20,17111,
La Azulita,VE,14,17111,
Batalha,BR,02,17103,
Albenga,IT,08,17103,
Caconde,BR,27,17101,
Sashiōgi,JP,34,17101,Sashiogi
Cristinápolis,BR,28,17100,Cristinapolis
Ayyalur,IN,25,17100,
Hexing,CN,33,17098,
Elmschenhagen,DE,10,17097,
Cruz do Espírito Santo,BR,17,17095,Cruz do Espirito Santo
Kolaccheri,IN,13,17095,
Busko-Zdrój,PL,84,17095,Busko-Zdroj
Huntington,US,IN,17095,
Imperial,US,CA,17095,
Nāranammālpuram,IN,25,17094,Naranammalpuram
Marechal Thaumaturgo,BR,01,17093,
Sakassou,CI,90,17093,
Shajing Residential District,CN,30,17093,
Puma,TZ,16,17092,
Boumia,MA,05,17091,
Mata Roma,BR,13,17090,
San Esteban,CL,01,17090,
Blantyre,GB,SCT,17090,
Albolote,ES,51,17089,
Chālakilakākara,IN,13,17088,Chalakilakakara
Shaktinagar,IN,19,17088,
Pokachi,RU,32,17084,
Tensta,SE,26,17083,
Amroli,IN,09,17082,
Chalāla,IN,09,17081,Chalala
Wayne,US,MI,17081,
Banaz,TR,64,17080,
Pradópolis,BR,27,17078,Pradopolis
Ardea,IT,07,17078,
Condeixa-a-Nova,PT,07,17078,
White Settlement,US,TX,17077,
Jenipapo dos Vieiras,BR,13,17076,
Samālka,IN,07,17076,Samalka
Kozienice,PL,78,17075,
Sítio Novo,BR,13,17074,Sitio Novo
Vimodrone,IT,09,17072,
Guapiara,BR,27,17071,
Cidreira,BR,23,17071,
Xiulin,TW,04,17068,
Svalyava,UA,25,17068,
Ramsbottom,GB,ENG,17067,
Mēppādam,IN,13,17067,Meppadam
Horasan,TR,25,17067,
Serra Dourada,BR,05,17066,
Crixás,BR,29,17065,Crixas
Tangfang,CN,33,17065,
Minaminagareyama,JP,04,17064,
Mariakerke,BE,VLG,17062,
Indiara,BR,29,17061,
Mémót,KH,31,17061,Memot
Lutuhyne,UA,14,17061,
Takanini,NZ,E7,17060,
Kaouéni,YT,97611,17060,Kaoueni
Grand Gosier,HT,13,17059,
Eloy,US,AZ,17059,
Madambakkam,IN,25,17058,
Paulino Neves,BR,13,17056,
Coronel João Sá,BR,05,17056,Coronel Joao Sa
Trentola-Ducenta,IT,04,17056,
Beckley,US,WV,17056,
Nongpoh,IN,18,17055,
Visé,BE,WAL,17054,Vise
Souto Soares,BR,05,17054,
Condeúba,BR,05,17053,Condeuba
Conglin,CN,33,17053,
Itarantim,BR,05,17052,
Mahiari,IN,28,17051,
Porteiras,BR,06,17050,
Plast,RU,13,17050,
Naraina,IN,24,17048,
Kokōtamangalam South,IN,13,17047,Kokotamangalam South
Mentana,IT,07,17047,
Ilhota,BR,26,17046,
Castilla,ES,29,17046,
Alfragide,PT,14,17044,
Ouinhi,BJ,18,17043,
Gossau,CH,SG,17043,
Benešov,CZ,88,17043,Benesov
Monzón,ES,52,17042,Monzon
Mahébourg,MU,14,17042,Mahebourg
Broad Ripple,US,IN,17041,
Bredbury,GB,ENG,17040,
Teonthar,IN,35,17039,
Kiruna,SE,14,17037,
El Segundo,US,CA,17037,
Jigani,IN,19,17036,
Ribeirópolis,BR,28,17033,Ribeiropolis
Wakaf Baharu,MY,03,17033,
Solânea,BR,17,17030,Solanea
Nayāgarh,IN,21,17030,Nayagarh
Nerviano,IT,09,17030,
Kusum Pur,IN,07,17028,
Hochheim am Main,DE,05,17027,Hochheim
Mwingi,KE,27,17025,
São Simão,BR,29,17020,Sao Simao
Den Chai,TH,07,17019,
Piranga,BR,15,17018,
Poio,ES,58,17018,
Chisec,GT,01,17018,
Takatsukadai,JP,28,17018,
Río Blanco,NI,12,17018,Rio Blanco
Heysham,GB,ENG,17016,
Eravattūr,IN,13,17016,Eravattur
Holden,US,MA,17016,
Cariús,BR,06,17015,Carius
Taxkowrük,CN,13,17015,Taxkowruk
Nawābganj,IN,36,17015,Nawabganj
Karratha,AU,08,17013,
Villaquilambre,ES,55,17013,
Maghar,IN,36,17011,
São Pedro da Cova,PT,17,17011,Sao Pedro da Cova
Avenel,US,NJ,17011,
Manaquiri,BR,04,17009,
Ting Kau,HK,NTW,17009,
Maféré,CI,94,17008,Mafere
Varam,IN,13,17008,
Ryl’sk,RU,41,17007,
East Setauket,US,NY,17006,
Dulsberg,DE,04,17002,
San Fernando de Monte Cristi,DO,15,17001,
Vila Real,PT,21,17001,
Nong Kung Si,TH,23,17001,
Londuimbali,AO,08,17000,
Parvomay,BG,51,17000,
Kalodzishchy,BY,05,17000,
Vanier,CA,08,17000,
Tadó,CO,11,17000,Tado
Duayaw-Nkwanta,GH,12,17000,
Bechem,GH,12,17000,
Nīkshahr,IR,04,17000,Nikshahr
Banlung,KH,23,17000,
Sadabe,MG,11,17000,
Ambohitrolomahitsy,MG,11,17000,
Amboanjo,MG,26,17000,
Kudepsta,RU,38,17000,
Nevel’sk,RU,64,17000,
Scarborough,TT,11,17000,
Rakove,UA,09,17000,
Nyzhnya Telychka,UA,12,17000,
Kasanda,UG,C,17000,
Yangirabot,UZ,07,17000,
Bến Thủy,VN,40,17000,Ben Thuy
Zvečan,XK,10097358,17000,Zvecan
Ongallur-I,IN,13,16998,
Trung Phụng,VN,01,16998,Trung Phung
Pamiers,FR,76,16997,
Kaset Sombun,TH,26,16996,
Púchov,SK,06,16995,Puchov
Goodlettsville,US,TN,16994,
Montereau-Fault-Yonne,FR,11,16993,
Umm Lakhbā,QA,01,16993,Umm Lakhba
San Diego,CR,02,16991,
Hilvan,TR,63,16990,
Fayetteville,US,GA,16990,
Stekene,BE,VLG,16989,
Itajobi,BR,27,16989,
Westbury,GB,ENG,16989,
Chuk Yuen North Estate,HK,KWT,16989,
Miyazu,JP,22,16988,
Elmwood,US,PA,16988,
Bicholim,IN,33,16986,
Ermenek,TR,78,16986,
Colchester,US,VT,16986,
Horsham,AU,07,16985,
Hukumpeta,IN,02,16985,
Eutin,DE,10,16984,
Altoona,US,IA,16984,
Polo Nord,IT,12,16983,
Mabubas,AO,19,16981,
Piñas,EC,08,16981,Pinas
Terrell,US,TX,16981,
Ubrique,ES,51,16979,
Guisborough,GB,ENG,16979,
Point Breeze,US,PA,16977,
Fortuna,BR,13,16976,
Coronda,AR,21,16975,
Arai,JP,37,16975,
Saint-Joseph,MQ,MQ,16974,
Ayer Itam,MY,09,16974,
Dunaharaszti,HU,16,16973,
Palaú,MX,07,16970,Palau
Denderleeuw,BE,VLG,16969,
Ibititá,BR,05,16969,Ibitita
Tulle,FR,75,16969,
Bārah,SD,56,16969,Barah
L'Isle-sur-la-Sorgue,FR,93,16968,
El Quisco,CL,01,16967,
San Antonio Oeste,AR,16,16966,
Templestowe,AU,07,16966,
Bacabeira,BR,13,16966,
Valvachatottam,IN,25,16965,
Wath upon Dearne,GB,ENG,16964,
Bijaipur,IN,35,16964,
Sestri Levante,IT,08,16963,
Este,IT,20,16963,
Serafina Corrêa,BR,23,16961,Serafina Correa
Dukku,NG,55,16961,
Bhan,PK,05,16961,
Artesia,US,CA,16961,
Svilengrad,BG,43,16959,
Iwai,JP,40,16958,
Garhshankar,IN,23,16955,
Torremaggiore,IT,13,16955,
Žiar nad Hronom,SK,01,16955,Ziar nad Hronom
South Ogden,US,UT,16955,
Santana do Cariri,BR,06,16954,
Dzuunmod,MN,18,16953,
Zuunmod,MN,18,16953,
Kushk,AF,11,16952,
Dirba,IN,23,16952,
Huwei,CN,33,16951,
Bage'awati,CN,13,16951,
Octeville,FR,28,16951,
Katerynivka,UA,14,16948,
Isernia,IT,11,16945,
Kavalerovo,RU,59,16945,
Mostyska,UA,15,16945,
Rānpur,IN,09,16944,Ranpur
Mula,ES,31,16941,
Frinton-on-Sea,GB,ENG,16941,
Dukli,IN,26,16941,
Medvedovskaya,RU,38,16941,
Manjhanpur,IN,36,16939,
Bato,PH,05,16939,
La Sierpe,CU,14,16937,
Bermeo,ES,59,16937,
Willowdale West,CA,08,16936,
Puerto Aysén,CL,02,16936,Puerto Aysen
Wang Tau Hom,HK,KKC,16936,
Mihona,IN,35,16935,
Hillcrest Village,CA,08,16934,
Palmela,PT,19,16934,
Gothara,IN,24,16933,
Tezoyuca,MX,15,16933,
Novouzensk,RU,67,16932,
Sint-Oedenrode,NL,06,16931,
Teboulbou,TN,29,16931,
Tibau do Sul,BR,22,16929,
Olari,FI,01,16929,
Long’e,CN,18,16928,
Buulobarde,SO,07,16928,
Calamvale,AU,04,16927,
Muttenz,CH,BL,16927,
Dalain Hob,CN,20,16927,
Hausbruch,DE,04,16927,
Katsuura,JP,04,16927,
Barbastro,ES,52,16924,
Mākum,IN,03,16923,Makum
Okromodou,CI,76,16922,
Lakemba,AU,02,16921,
Shenzhenwan,CN,,16921,
La Vista,US,NE,16921,
University Endowment Lands,CA,02,16920,
Tassin-la-Demi-Lune,FR,84,16920,
Paya Lebar,SG,00,16920,
Castellana,ES,29,16919,
Kamenz,DE,13,16918,
Kalghatgi,IN,19,16917,
Dahlem,DE,16,16916,
Gemerek,TR,58,16916,
Malampaka,TZ,31,16916,
Governador Celso Ramos,BR,26,16915,
Glace Bay,CA,07,16915,
Ntungamo,UG,W,16915,
Trzcianka,PL,86,16914,
Tobré,BJ,08,16912,Tobre
Samobor,HR,20,16911,
Bad Reichenhall,DE,02,16910,
Owase,JP,23,16910,
Bodmin,GB,ENG,16909,
Zarumilla,PE,24,16907,
Al Khabrā’,SA,08,16906,Al Khabra’
Hanover,US,MA,16906,
Carlópolis,BR,18,16905,Carlopolis
Tanakpur,IN,39,16905,
Eruvatti,IN,13,16905,
Merta Road,IN,24,16905,
Piossasco,IT,12,16904,
Caulfield North,AU,07,16903,
Zé,BJ,09,16903,Ze
Undera,IN,09,16902,
Lugoba,TZ,02,16902,
Mifune,JP,21,16901,
Tanque Verde,US,AZ,16901,
San Miniato,IT,16,16900,
Hînceşti,MD,77,16900,Hincesti
Qalansuwa,IL,02,16898,
Glenvar Heights,US,FL,16898,
Madalena,BR,06,16896,
Pridonskoy,RU,86,16896,
Krasnoobsk,RU,53,16894,
Tupungato,AR,13,16893,
Khed,IN,16,16892,
Eğirdir,TR,33,16891,Egirdir
Ga-Malakhe,ZA,02,16891,
Torrox,ES,51,16890,
Ngara,TZ,19,16890,
São João do Soter,BR,13,16889,Sao Joao do Soter
Xiangshui,CN,33,16889,
Hayling Island,GB,ENG,16887,
Caldes de Montbui,ES,56,16885,
Vinateros,ES,29,16885,
Pendleton,US,OR,16881,
Dorchester,GB,ENG,16879,
Pozo Almonte,CL,15,16878,
Sultanpur,IN,23,16877,
Kutiyāna,IN,09,16877,Kutiyana
Råsunda,SE,26,16877,Rasunda
Centerville,US,UT,16877,
Đakovo,HR,10,16875,
Parkside,US,CA,16874,
San Jorge,AR,21,16873,
Boa Vista do Tupim,BR,05,16873,
Parafield Gardens,AU,05,16872,
Bonny,NG,50,16868,
Zandvoort,NL,07,16868,
Fafe,PT,04,16868,
Požega,HR,11,16867,Pozega
Ahor,IN,24,16867,
Monkey Bay,MW,S,16867,
Brzesko,PL,77,16866,
Sirālkoppa,IN,19,16864,Siralkoppa
Cariamanga,EC,12,16862,
Ra-ngae,TH,31,16862,
Bakhmach,UA,02,16862,
Winburg,ZA,03,16862,
Dour,BE,WAL,16861,
Sant Celoni,ES,56,16860,
Sithurajapuram,IN,25,16860,
Colwood,CA,02,16859,
Zhouxi,CN,18,16859,
Gilching,DE,02,16859,
Menzelinsk,RU,73,16858,
Wels,AT,04,16857,
Marche-en-Famenne,BE,WAL,16856,
Sibanicú,CU,05,16856,Sibanicu
Linnei,TW,04,16856,
La Libertad,SV,05,16855,
Bad Arolsen,DE,05,16854,
Destelbergen,BE,VLG,16853,
Janeng,BW,09,16853,
Sayville,US,NY,16853,
Vandalūr,IN,25,16852,Vandalur
Prosek,CZ,52,16850,
Frederikssund,DK,17,16850,
Braunstone,GB,ENG,16850,
Bayındır,TR,35,16850,
Pendino,IT,04,16848,
Moreh,IN,17,16847,
Clarksdale,US,MS,16847,
Eltville,DE,05,16845,
Stockach,DE,01,16844,
Chelamartam,IN,13,16844,
Malafede,IT,07,16844,
Pak Tin Estate,HK,KSS,16843,
Balaguer,ES,56,16841,
Challapalle,IN,02,16841,
Bang Rakam,TH,12,16841,
Helensvale,AU,04,16839,
Cafayate,AR,17,16836,
Sabana Grande de Boyá,DO,32,16834,Sabana Grande de Boya
Devizes,GB,ENG,16834,
Konārka,IN,21,16834,Konarka
La Magdalena Tlaltelulco,MX,29,16834,
Northallerton,GB,ENG,16832,
Bua Yai,TH,27,16832,
Boden,SE,14,16830,
Macatuba,BR,27,16829,
Leaside-Bennington,CA,08,16828,
Gandevi,IN,09,16827,
Fairview Heights,US,IL,16827,
Norwalk,US,OH,16827,
Tiwi,PH,05,16826,
Tuchkovo,RU,47,16826,
Huckarde,DE,07,16825,
Sawang Daen Din,TH,20,16825,
Bouguenais,FR,52,16824,
San Carlos Park,US,FL,16824,
Āchāripallam Vāniyakudi,IN,25,16822,Acharipallam Vaniyakudi
Mwandiga,TZ,05,16822,
Peralassery,IN,13,16821,
Salinas de Hidalgo,MX,24,16821,
Obrenovac,RS,SE,16821,
Dongjiang,CN,15,16816,
Saint Ives,GB,ENG,16815,
Bara Uchāna,IN,10,16815,Bara Uchana
Awendo,KE,36,16815,
Awendo,KE,17,16815,
Lede,BE,VLG,16813,
Liang,BN,01,16813,
Saoula,DZ,01,16812,
Tin Wan,HK,HSO,16811,
Yecapixtla,MX,17,16811,
Kāmākhyānagar,IN,21,16810,Kamakhyanagar
Arkalgūd,IN,19,16810,Arkalgud
Concord,US,MA,16810,
Nanaku,JP,03,16809,
Longfield,GB,ENG,16808,
Budhni,IN,35,16808,
Danilov,RU,88,16808,
Springfield,US,TN,16808,
Årsta,SE,26,16807,Arsta
Zeramedine,TN,16,16806,
Oshmyany,BY,03,16804,
Villanueva de la Cañada,ES,29,16804,Villanueva de la Canada
Pinarāyi,IN,13,16801,Pinarayi
Qormi,MT,43,16801,
New Milford,US,NJ,16801,
Zhuzilin,CN,30,16800,
Pailitas,CO,10,16800,
South Ruislip,GB,ENG,16800,
Bet She’an,IL,03,16800,
Savigliano,IT,12,16800,
Vasil’yevo,RU,73,16800,
Busolwe,UG,E,16800,
Nyamunuka,UG,W,16800,
Druzhba,UZ,05,16800,
Ehen Hudag,CN,20,16798,
Nyon,CH,VD,16797,
North Attleborough Center,US,MA,16796,
Mitcham,AU,07,16795,
Santo Antônio do Leverger,BR,14,16795,Santo Antonio do Leverger
Kukmor,RU,73,16795,
Country Club Hills,US,IL,16795,
Liangping,CN,33,16794,
Wang Tau Hom Estate,HK,KWT,16794,
Ma'rib,YE,14,16794,
Mocha,YE,25,16794,
Sasazuka,JP,40,16792,
Jędrzejów,PL,84,16792,Jedrzejow
Saalfelden am Steinernen Meer,AT,05,16790,
Sierre,CH,VS,16790,
Baitu,CN,33,16790,
Verneuil-sur-Seine,FR,11,16790,
Verrières-le-Buisson,FR,11,16789,Verrieres-le-Buisson
Pāchchal,IN,25,16789,Pachchal
Navalpattu,IN,25,16788,
Lemont,US,IL,16788,
Sartell,US,MN,16788,
Parkwood Manor,US,PA,16787,
São Paulo do Potengi,BR,22,16786,Sao Paulo do Potengi
Goth Radhan,PK,05,16786,
Bo Phloi,TH,50,16786,
Batuco,CL,12,16784,
Schneeberg,DE,13,16784,
Vathirairuppu,IN,25,16784,
Diepholz,DE,06,16783,
Dyersburg,US,TN,16781,
Anjala,FI,08,16779,
Sivagiri,IN,25,16779,
Achkhoy-Martan,RU,12,16779,
Solothurn,CH,SO,16777,
Bāwal,IN,10,16776,Bawal
Defiance,US,OH,16776,
Mount Pleasant East,CA,08,16775,
Shuangjiang,CN,18,16773,
Akkol’,KZ,03,16773,
El Harhoura,MA,04,16773,
Belyy Yar,RU,32,16772,
Beltsville,US,MD,16772,
Hanumana,IN,35,16771,
Vatomandry,MG,31,16771,
Holzkirchen,DE,02,16770,
Fót,HU,16,16770,Fot
Urziceni,RO,22,16770,
Porathissery,IN,13,16768,
Kwun Tong,HK,KKT,16766,
Thaba-Tseka,LS,19,16765,
Amaliáda,GR,ESYE23,16763,Amaliada
Plavsk,RU,76,16763,
Sainte-Catherine,CA,10,16762,
Floreşti,MD,75,16759,Floresti
Vallam,IN,25,16758,
Santa Maria,PH,11,16758,
Brighton East,AU,07,16757,
Adelfia,IT,13,16756,
Young,UY,12,16756,
Fudong,CN,29,16754,
Lixin,CN,15,16753,
Āmta,IN,28,16753,Amta
Serinyol,TR,31,16753,
Centralia,US,WA,16753,
Pontivy,FR,53,16752,
Zaragoza,MX,21,16752,
Caledon,ZA,11,16752,
Pitimbu,BR,17,16751,
Chalmette,US,LA,16751,
Vāda,IN,16,16750,Vada
Puerto Deseado,AR,20,16747,
Kadod,IN,09,16747,
La Providencia Siglo XXI,MX,13,16747,
Shorewood,US,IL,16747,
Wādī 'Utbah,LY,73,16746,Wadi 'Utbah
Baia Sprie,RO,25,16746,
Ferndale,US,MD,16746,
Valavanur,IN,25,16745,
Khapat,IN,09,16744,
Mount Vernon,US,OH,16742,
Água Clara,BR,11,16741,Agua Clara
Lillerød,DK,17,16741,
Bābai,IN,35,16741,Babai
Le Vésinet,FR,11,16740,Le Vesinet
Togoshi,JP,40,16740,
Nerang,AU,04,16739,
Rochford,GB,ENG,16739,
High Blantyre,GB,SCT,16739,
Zhaoxing,CN,18,16737,
Plumstead,GB,ENG,16736,
Harsūd,IN,35,16736,Harsud
Barra de Santo Antônio,BR,02,16735,Barra de Santo Antonio
Mizdah,LY,80,16735,
Greenfield Park,CA,10,16733,
Korgan,TR,52,16733,
Bousso,TD,15,16732,
Andada,IN,09,16730,
Westchester,US,IL,16729,
Shimobuchi,JP,28,16728,
Bluffton,US,SC,16728,
Beri Khās,IN,10,16727,Beri Khas
Chelak,UZ,10,16727,
Hermsdorf,DE,16,16726,
Boguszów-Gorce,PL,72,16726,Boguszow-Gorce
Sallanches,FR,84,16725,
Moussadou,GN,N,16725,
Dera Māndi,IN,07,16725,Dera Mandi
Laoang,PH,08,16725,
Tifton,US,GA,16725,
Scarborough Village,CA,08,16724,
Cobham,GB,ENG,16724,
Bytów,PL,82,16724,Bytow
Auburn,US,MA,16724,
Linhe,CN,21,16723,
Gryfice,PL,87,16720,
Cham,CH,ZG,16719,
Przasnysz,PL,78,16718,
Bad Langensalza,DE,15,16717,
Vári,GR,ESYE31,16717,Vari
Granville,AU,02,16716,
Marienberg,DE,13,16716,
Hale,GB,ENG,16715,
Ellinikó,GR,ESYE31,16715,Elliniko
Mungaa,TZ,16,16715,
Chanaje,IN,16,16714,
Nipomo,US,CA,16714,
Brocklehurst,CA,02,16713,
Media Luna,CU,09,16713,
Laurel,US,VA,16713,
Abreus,CU,08,16711,
Korrewegwijk,NL,04,16710,
Cabeceiras de Basto,PT,04,16710,
Bản Na Hỷ,VN,40,16710,Ban Na Hy
Sāmbūrvadakara,IN,25,16709,Samburvadakara
Qaşr Khiyār,LY,77,16708,Qasr Khiyar
Cucuyagua,HN,05,16707,
Melegnano,IT,09,16707,
Montivilliers,FR,28,16706,
Isogo,JP,19,16706,
Lakinsk,RU,83,16706,
Saint Pierre,MU,15,16704,
Nowogard,PL,87,16703,
San Felipe,MX,02,16702,
Taylor,US,TX,16702,
Bracken Ridge,AU,04,16701,
Penrith,GB,ENG,16700,
Thorapadi,IN,25,16700,
Ozumba de Alzate,MX,15,16700,
Atalaya,PE,25,16700,
Pacho,CO,33,16698,
North Decatur,US,GA,16698,
Türkmengala,TM,05,16696,Turkmengala
Vilshofen,DE,02,16695,
Tōbetsu,JP,12,16694,Tobetsu
Porto Acre,BR,01,16693,
Brixham,GB,ENG,16693,
Morganton,US,NC,16692,
Kam Ying,HK,NST,16691,
Karingal,IN,25,16691,
Santa Rosa Treinta,MX,17,16691,
Nal Khera,IN,35,16690,
Arcore,IT,09,16690,
Danville,US,KY,16690,
Frohnau,DE,16,16689,
Az Zuwāydah,PS,GZ,16688,Az Zuwaydah
Heidenau,DE,13,16686,
Buckingham,CA,10,16685,
Piriyāpatna,IN,19,16685,Piriyapatna
Merelbeke,BE,VLG,16684,
Touagui,CI,76,16684,
Domont,FR,11,16684,
Los Reyes de Juárez,MX,21,16683,Los Reyes de Juarez
Mount Druitt,AU,02,16682,
Bobingen,DE,02,16682,
Nohsa,IN,34,16680,
Jask,IR,11,16680,
Puerto López,CO,19,16678,Puerto Lopez
São Vicente Férrer,BR,30,16677,Sao Vicente Ferrer
Nambingué,CI,87,16677,Nambingue
Orta Nova,IT,13,16677,
Poronaysk,RU,64,16677,
Phaphūnd,IN,36,16675,Phaphund
Shpola,UA,01,16674,
Mulanje,MW,S,16672,
Kampung Teluk Kemang,MY,05,16672,
Sarangpore,IN,09,16671,
Nabunturan,PH,11,16671,
Alvarães,BR,04,16670,Alvaraes
Babrāla,IN,36,16670,Babrala
Denville,US,NJ,16669,
Barrington,US,RI,16669,
Ilanskiy,RU,91,16668,
Ushibukamachi,JP,21,16667,
São Caetano de Odivelas,BR,16,16666,Sao Caetano de Odivelas
Diourouzon,CI,78,16666,
Vīrnūr,IN,25,16665,Virnur
Washington,US,IL,16664,Washington D.C.|Washington DC
Kumla,SE,15,16663,
Losheim,DE,09,16660,
Phoenixville,US,PA,16658,
Mercedes,US,TX,16657,
Ajaigarh,IN,35,16656,
Center Point,US,AL,16655,
Cafelândia,BR,27,16654,Cafelandia
San Lorenzo,CO,20,16653,
Camoapa,NI,01,16653,
Islamgarh,PK,06,16651,
Baihar,IN,35,16650,
Navarro,AR,01,16649,
Malīhābād,IN,36,16649,Malihabad
Péruwelz,BE,WAL,16647,Peruwelz
Araçagi,BR,17,16646,Aracagi
Scordia,IT,15,16645,
Lemay,US,MO,16645,
Jhūsi,IN,36,16642,Jhusi
Gennep,NL,05,16642,
Ürgüp,TR,50,16642,Urgup
Fartura,BR,27,16641,
Wassenberg,DE,07,16641,
Natiaboani,BF,08,16640,
Wolcott,US,CT,16639,
Itapiranga,BR,26,16638,
Trajpar,IN,09,16637,
Suchiapa,MX,05,16637,
Blanquefort,FR,75,16636,
Vammala,FI,06,16635,
Norcross,US,GA,16634,
Salitre,BR,06,16633,
Río Ceballos,AR,05,16632,Rio Ceballos
Troutdale,US,OR,16631,
Maardu,EE,01,16630,
Santa Clara del Mar,AR,01,16629,
Pudusseri,IN,13,16629,
Gubin,PL,76,16629,
Oak Grove,US,OR,16629,
San Tin,HK,NST,16628,
Sun Tin Wai,HK,NST,16628,
Anáhuac,MX,19,16628,Anahuac
North Valley Stream,US,NY,16628,
Sacile,IT,06,16626,
Aimogasta,AR,12,16625,
Whickham,GB,ENG,16625,
Pattamadai,IN,25,16625,
Colle di Val d'Elsa,IT,16,16625,
Cuncolim,IN,33,16623,
Yajalón,MX,05,16622,Yajalon
Gadouan,CI,96,16620,
Mittweida,DE,13,16619,
Bode Saadu,NG,30,16619,
Roxas,PH,02,16618,
Balezino,RU,80,16618,
Itororó,BR,05,16617,Itororo
Minamichita,JP,01,16617,
Easton,US,MD,16617,
Piquet Carneiro,BR,06,16616,
Thap Than,TH,15,16615,
Kranzadougou,CI,78,16614,
Pathalgaon,IN,37,16613,
Rijau,NG,31,16613,
Baliguda,IN,21,16611,
Āsind,IN,24,16611,Asind
Easthampton,US,MA,16611,
Saffron Walden,GB,ENG,16610,
Osimo,IT,10,16610,
Ifanadiana,MG,27,16607,
Bothell West,US,WA,16607,
Al Baţţālīyah,SA,06,16606,Al Battaliyah
Pacific Pines,AU,04,16605,
Cajueiro,BR,02,16605,
Changlong,CN,33,16605,
Swift Current,CA,11,16604,
Vāghodia,IN,09,16604,Vaghodia
Mangueirinha,BR,18,16603,
Ibipeba,BR,05,16603,
Getúlio Vargas,BR,23,16602,Getulio Vargas
Venezuela,CU,07,16601,
Nauen,DE,11,16600,
Kanungu,UG,W,16600,
Gombe,UG,C,16600,
Kiryandongo Refugee Camp,UG,W,16600,
Yanqul,OM,09,16599,
Alpignano,IT,12,16598,
Kashin,RU,77,16598,
Tahlequah,US,OK,16598,
Yujing,TW,04,16597,
Sudak,UA,11,16597,
Hazel Park,US,MI,16597,
Cardedeu,ES,56,16596,
Ario de Rosales,MX,16,16595,
Saginomiya,JP,40,16593,
San Juan Bautista,PY,12,16593,
Muhe,CN,15,16592,
Sigmaringen,DE,01,16592,
Douglas,US,AZ,16592,
Opelousas,US,LA,16591,
Douarnenez,FR,53,16590,
Dabas,HU,16,16590,
Rypin,PL,73,16589,
Bang Ban,TH,36,16588,
Elmalı,TR,07,16587,
Huai Yot,TH,65,16586,
Le Camas,FR,93,16585,
Nazareth,IN,25,16584,
Grafton,US,MA,16583,
Samurou,IN,17,16582,
Sandalfoot Cove,US,FL,16582,
Peqin,AL,43,16580,
Edmundston,CA,04,16580,
Madhuban,IN,26,16579,
Bergschenhoek,NL,11,16579,
Brenham,US,TX,16579,
Tessenderlo,BE,VLG,16574,
Īlkhchī,IR,33,16574,Ilkhchi
Porto Empedocle,IT,15,16574,
Pelileo,EC,19,16572,
Cacahoatán,MX,05,16572,Cacahoatan
Popovo,BG,60,16571,
Roseau,DM,04,16571,
Suzzara,IT,09,16571,
San Felice A Cancello,IT,04,16571,
Severo-Zadonsk,RU,76,16569,
Hille,DE,07,16567,
Tadaoka-higashi,JP,32,16567,
Tanauan,PH,08,16567,
Opa-locka,US,FL,16565,
Shintomi,JP,25,16564,
Beaver Dam,US,WI,16564,
Coalinga,US,CA,16564,
Stockelsdorf,DE,10,16562,
Nochistlán de Mejía,MX,32,16562,Nochistlan de Mejia
Seymour,US,CT,16562,
Arfa Moussaïa,GN,F,16561,Arfa Moussaia
Lālpettai,IN,25,16561,Lalpettai
Plácido de Castro,BR,01,16560,Placido de Castro
Kiminini,KE,50,16560,
Cabaceiras do Paraguaçu,BR,05,16559,Cabaceiras do Paraguacu
Sālūmbar,IN,24,16557,Salumbar
Kumagunnam,NG,44,16557,
Trinity-Bellwoods,CA,08,16556,
Itaquitinga,BR,30,16554,
Knyahynyn,UA,06,16554,
Savanna-la-Mar,JM,16,16553,
Biggleswade,GB,ENG,16551,
Medvezh’yegorsk,RU,28,16551,
Clayton Park West,CA,07,16550,
Xigaoshan,CN,15,16550,
Malahide,IE,L,16550,
Indiaroba,BR,28,16549,
Bad Säckingen,DE,01,16549,Bad Sackingen
Santa Maria das Barreiras,BR,16,16548,
Guane,CU,01,16548,
’Aïn el Berd,DZ,30,16548,’Ain el Berd
Konstancin-Jeziorna,PL,78,16548,
Bareggio,IT,09,16546,
Belém,PT,14,16546,Belem
Santa María,AR,02,16545,Santa Maria
As Sallūm,EG,22,16545,As Sallum
Osny,FR,11,16545,
Sonkach,IN,35,16545,
Herve,BE,WAL,16544,
Filingué,NE,09,16544,Filingue
Hohenstein-Ernstthal,DE,13,16542,
Bovisio-Masciago,IT,09,16542,
Pelhřimov,CZ,80,16541,Pelhrimov
Hitoto,JP,15,16540,
Lidzbark Warmiński,PL,85,16540,Lidzbark Warminski
Eilenburg,DE,13,16539,
Tàrrega,ES,56,16539,Tarrega
Resen,MK,86,16539,
Cabayangan,PH,11,16539,
Roseto degli Abruzzi,IT,01,16538,
Madarounfa,NE,04,16538,
Jenison,US,MI,16538,
Cohoes,US,NY,16538,
Saluzzo,IT,12,16537,
Koppies,ZA,03,16537,
Ceglie Messapica,IT,13,16536,
Le Pecq,FR,11,16534,
Manzanares,CO,37,16532,
Las Tres Torres,ES,56,16532,
Segbwema,SL,01,16532,
Paralowie,AU,05,16530,
Zhongling,CN,33,16530,
Ijoko,NG,16,16529,
Anak Bukit,MY,02,16525,
Swansea,US,MA,16525,
Hidalgo,MX,19,16524,
Herzele,BE,VLG,16523,
Guérande,FR,52,16523,Guerande
Donna,US,TX,16523,
Illertissen,DE,02,16522,
Kensington,GB,ENG,16522,
Jāmbai,IN,25,16522,Jambai
Mucur,TR,40,16522,
Vienna,US,VA,16522,
Chicureo,CL,12,16520,
Pinewood,US,FL,16520,
Jiangjia,CN,33,16518,
San Estanislao,CO,35,16518,
South Norwood,GB,ENG,16518,
L'Ancienne-Lorette,CA,10,16516,
Vallensbæk,DK,17,16515,
Cổ Lóa,VN,01,16514,Co Loa
Caiapônia,BR,29,16513,Caiaponia
Lansdale,US,PA,16512,
Blanchardstown,IE,L,16511,
San Francisco Tlalcilalcalpan,MX,15,16509,
Vostryakovo,RU,47,16509,
Nyamuswa,TZ,08,16507,
Guadalupe Victoria,MX,10,16506,
Langru,CN,13,16505,
Kōtekāra,IN,19,16505,Kotekara
Tolentino,IT,10,16504,
Sekimachi-minami,JP,40,16504,
Armdale,CA,07,16502,
Cowley,GB,ENG,16500,
Harringay,GB,ENG,16500,
Desa Parkcity,MY,14,16500,
Merenwijk,NL,11,16500,
Harpen,DE,07,16498,
Floirac,FR,75,16497,
Chāndāmeta,IN,35,16497,Chandameta
Tafresh,IR,34,16493,
Eibergen,NL,03,16493,
Seka,TH,81,16493,
Turgutreis,TR,48,16490,
Zvenyhorodka,UA,01,16490,
Sevierville,US,TN,16490,
Saint Peter Port,GG,6417228,16488,
Chickasha,US,OK,16488,
Kiphire,IN,20,16487,
Kingsland,US,GA,16487,
Bobangui,CF,07,16486,
Bánovce nad Bebravou,SK,06,16486,Banovce nad Bebravou
Khātra,IN,28,16484,Khatra
Uthal,PK,02,16483,
Lower Moyamensing,US,PA,16481,
Zürich (Kreis 9) / Albisrieden,CH,ZH,16480,Zurich (Kreis 9) / Albisrieden
Phum Ânlŭng Vĭl,KH,29,16479,Phum Anlung Vil
Novoukrayinka,UA,10,16479,
Gunzenhausen,DE,02,16477,
Albignasego,IT,20,16477,
Norbury,GB,ENG,16476,
Uvalde,US,TX,16476,
Snuol,KH,09,16473,
Clanton Park,CA,08,16472,
Haselhorst,DE,16,16471,
Enfield Lock,GB,ENG,16469,
El Crucero,NI,10,16469,
Hillcrest Heights,US,MD,16469,
Novo Airão,BR,04,16467,Novo Airao
Hilchenbach,DE,07,16467,
Xangri-lá,BR,23,16463,Xangri-la
Yuxi,CN,33,16463,
Gorāya,IN,23,16462,Goraya
Stuart,US,FL,16462,
Ersheng,CN,33,16461,
La Esperanza,GT,13,16461,
Bogatynia,PL,72,16460,
Loma Plata,PY,24,16460,
Umm Suqaym,AE,03,16459,
Sundakkāmpālaiyam,IN,25,16459,Sundakkampalaiyam
Hondarribia,ES,59,16458,
Petitgoa I,CI,76,16457,
Tasbuget,KZ,14,16455,
Wadern,DE,09,16453,
Fairhaven,US,MA,16453,
Suurmetsä,FI,01,16452,Suurmetsa
Avon,US,IN,16451,
Innere Stadt,AT,09,16450,
Tita,BF,06,16450,
La Maná,EC,07,16450,La Mana
Lukut,MY,05,16450,
Tostado,AR,21,16448,
Zachary,US,LA,16448,
Wendelstein,DE,02,16446,
Kochenëvo,RU,53,16446,Kochenevo
Red Wing,US,MN,16445,
Bohnice,CZ,52,16444,
Hofgeismar,DE,05,16444,
San Antonio Acahualco,MX,15,16442,
Lapai,NG,31,16442,
Piancó,BR,17,16441,Pianco
Proletar,TJ,03,16441,
Santa Lucía,UY,02,16438,Santa Lucia
Sikeston,US,MO,16436,
Jasaan,PH,10,16435,
Sindkhed Raja,IN,16,16434,
Camaná,PE,04,16434,Camana
Łapy,PL,81,16434,
Gargždai,LT,58,16433,Gargzdai
Susner,IN,35,16432,
Pupiales,CO,20,16431,
Erba,IT,09,16431,
Bethpage,US,NY,16429,
Toyota,JP,03,16428,
Bilohirsk,UA,11,16428,
Erenhot,CN,20,16427,
Neratovice,CZ,88,16427,
Neópolis,BR,28,16426,Neopolis
Kindi,BF,06,16424,
Zafra,ES,57,16424,
Namponkoré,BF,08,16423,Namponkore
Sam Shing,HK,NTM,16423,
Concord,US,MO,16421,
Burgdorf,CH,BE,16420,
Andes,CO,02,16419,
Königslutter am Elm,DE,06,16419,Konigslutter am Elm
Flowing Wells,US,AZ,16419,
Kogarah,AU,02,16416,
‘Ewa Beach,US,HI,16415,
Umina Beach,AU,02,16413,
Kuoshi'airike,CN,13,16413,
Cajari,BR,13,16412,
Bharwāri,IN,36,16411,Bharwari
Petersberg,DE,05,16410,
Bad Salzungen,DE,15,16410,
Burutu,NG,36,16410,
Bridgeview,US,IL,16407,
Fairview Park,US,OH,16407,
Ilinden,MK,36,16406,
Laguna Woods,US,CA,16406,
Chendrappini,IN,13,16404,
Yemva,RU,34,16404,
Rāni Khera,IN,07,16402,Rani Khera
Midar,MA,02,16402,
Belém,BR,17,16401,Belem
Tønder,DK,21,16401,
Aabenraa,DK,21,16401,
Wu'erqi,CN,13,16400,
Nigg,GB,SCT,16400,
Bhainsdehi,IN,35,16400,
Bukomero,UG,C,16400,
Mount Clemens,US,MI,16400,
Cañon City,US,CO,16400,Canon|Canon City|Cañon
Sananduva,BR,23,16399,
Orizona,BR,29,16399,
Saint Michael,US,MN,16399,
South River,US,NJ,16399,
Dajabón,DO,04,16398,Dajabon
Kankauli,IN,16,16398,
Fort Thomas,US,KY,16398,
Tlaltenango de Sánchez Román,MX,32,16396,Tlaltenango de Sanchez Roman
Nampundwe,ZM,02,16396,
Santa Margarida,BR,15,16395,
Seeheim-Jugenheim,DE,05,16395,
Zvenigorod,RU,47,16395,
Kampung Tanjung Karang,MY,12,16393,
Stonebridge,CA,11,16392,
Alcañiz,ES,52,16392,Alcaniz
Poço Fundo,BR,15,16390,Poco Fundo
Jutou,CN,15,16390,
Faxinal,BR,18,16389,
Gokavaram,IN,02,16389,
Sunset,US,FL,16389,
Nova Resende,BR,15,16387,
Padampur,IN,21,16387,
Prospect Heights,US,IL,16386,
Curti,IN,33,16385,
Loxstedt,DE,06,16382,
Kirchhain,DE,05,16381,
San Ignacio de Sabaneta,DO,26,16380,
Las Cabezas de San Juan,ES,51,16379,
Nambiyūr,IN,25,16379,Nambiyur
Griffith,US,IN,16378,
Caridade,BR,06,16377,
Lochapada,IN,21,16377,
Caronno Pertusella,IT,09,16377,
Estelle,US,LA,16377,
Sulzbach,DE,09,16376,
Ywar Ma East,MM,17,16376,
Namysłów,PL,79,16376,Namysłow
Feira,PT,02,16376,
Butiama,TZ,08,16376,
Fazakerley,GB,ENG,16374,
The Gap,AU,04,16371,
Kishapu,TZ,15,16371,
Aki,JP,20,16370,
Schofield Barracks,US,HI,16370,
Hückeswagen,DE,07,16369,Huckeswagen
Las Gabias,ES,51,16369,
Búzi,MZ,05,16369,Buzi
Kamuhanda / Ruyenzi,RW,15,16369,
Tianjia,CN,33,16368,
Kladow,DE,16,16368,
Forssa,FI,05,16368,
Uherský Brod,CZ,90,16367,Uhersky Brod
Bargūr,IN,25,16366,Bargur
Bon Air,US,VA,16366,
Saint-Cyr-l'École,FR,11,16365,Saint-Cyr-l'Ecole
Yabase,JP,41,16365,
Ciudad Universitaria,ES,29,16364,
Xiaojia,CN,33,16363,
Ripon,GB,ENG,16363,
Dharampuri,IN,35,16363,
Matsushima,JP,24,16363,
Curundú,PA,08,16361,Curundu
Kaleke Mandi,PK,04,16361,
Shopian,IN,12,16360,
Oconomowoc,US,WI,16360,
Taree,AU,02,16359,
Ryōtsu-minato,JP,29,16359,Ryotsu-minato
Hough,US,OH,16359,
Vero Beach,US,FL,16358,
Oberwinterthur (Kreis 2),CH,ZH,16356,
Mūllānpur,IN,23,16356,Mullanpur
Moi‘s Bridge,KE,52,16355,
Jussara,BR,05,16354,
Ūttukuli,IN,25,16354,Uttukuli
San Pedro Carchá,GT,01,16353,San Pedro Carcha
Kandāri,IN,16,16353,Kandari
Demerval Lobão,BR,20,16352,Demerval Lobao
Ghedi,IT,09,16351,
Khada,IN,36,16350,
Bocşa,RO,12,16349,Bocsa
Central,BR,05,16348,
Großostheim,DE,02,16346,
Radviliskis,LT,61,16344,
Yorkton,CA,11,16343,
Nyangao,TZ,07,16343,
Abony,HU,16,16342,
Andé,CI,94,16341,Ande
Kirchlengern,DE,07,16338,
Kargil,IN,41,16338,
Jasidih,IN,38,16338,
Nzianouan,CI,82,16337,
Xinhua,CN,29,16336,
Lice,TR,21,16336,
Federal,AR,08,16333,
Kupino,RU,53,16333,
Zhushan,CN,33,16331,
Toukountouna,BJ,08,16330,
Guardamar del Segura,ES,60,16329,
Jičín,CZ,82,16328,Jicin
Shuzenji,JP,37,16328,
Kotapārh,IN,37,16326,Kotaparh
Sunnyside,US,WA,16325,
Lebanon,US,OR,16324,
Hünfeld,DE,05,16323,Hunfeld
Laxou,FR,44,16323,
Ishinari,JP,33,16323,
Bayshore Gardens,US,FL,16323,
Gbolouville,CI,82,16321,
Weilerswist,DE,07,16321,
Alto Paraíso,BR,24,16320,Alto Paraiso
Belpasso,IT,15,16319,
Tamuín,MX,24,16318,Tamuin
Hohenems,AT,08,16317,
Pantai Remis,MY,07,16317,
Fontenay-le-Comte,FR,52,16316,
Wong Chuk Hang,HK,HSO,16316,
Tingi,TZ,14,16315,
Nova Olímpia,BR,14,16314,Nova Olimpia
Tikri Kalān,IN,07,16313,Tikri Kalan
Lagoa da Confusão,BR,31,16312,Lagoa da Confusao
Loboc,PH,07,16312,
Streetsboro,US,OH,16312,
Lutes Mountain,CA,04,16311,
Johi,PK,05,16311,
Calhoun,US,GA,16309,
Fishtown,US,PA,16307,
Chākuliā,IN,38,16306,Chakulia
Morton,US,IL,16306,
Schiebroek,NL,11,16305,
Lędziny,PL,83,16305,Ledziny
Menomonie,US,WI,16305,
Longxi,CN,33,16304,
Atsabe,TL,ER,16304,
Gwarzo,NG,29,16303,
Hartley,GB,ENG,16302,
Ōkubo,JP,40,16302,Okubo
La Algaba,ES,51,16301,
Shāhgarh,IN,35,16300,Shahgarh
Maubara,TL,LI,16300,
Moroto,UG,N,16300,
Lyantonde,UG,C,16300,
Kyarusozi,UG,W,16300,
Wang Nam Yen,TH,80,16299,
Truckee,US,CA,16299,
Bayota,CI,95,16298,
Fremont,US,OH,16297,
Tremedal,BR,05,16296,
Bykhov,BY,06,16296,
Al Munayzilah,SA,06,16296,
Kadamakudi,IN,13,16295,
Lázaro Cárdenas,MX,02,16294,Lazaro Cardenas
Buckhall,US,VA,16293,
Stockerau,AT,03,16292,
Hochfeld,DE,07,16292,
Gainesville,US,TX,16292,
Bacuri,BR,13,16290,
Kloten,CH,ZH,16289,
Yaiza,ES,53,16289,
Annāmalainagar,IN,25,16289,Annamalainagar
São Francisco do Guaporé,BR,24,16286,Sao Francisco do Guapore
Āmbāsa,IN,26,16285,Ambasa
Arumanai,IN,25,16283,
Anandpur,IN,23,16282,
Remagen,DE,08,16280,
Raposos,BR,15,16279,
Kabo,CF,20,16279,
Omalur,IN,25,16279,
Zumarraga,PH,08,16279,
Hatti,IN,19,16278,
Fiorano,IT,05,16278,
Utinga,BR,05,16277,
Damiao,CN,33,16277,
Middelfart,DK,21,16277,
Aberdeen,US,WA,16276,
Puerto Santander,CO,21,16275,
Baychester,US,NY,16274,
Jifeng,CN,15,16273,
Casal Bertone,IT,07,16273,
Puchi,CN,15,16272,
Kyo Kone East,MM,17,16270,
Straßgang,AT,06,16268,
Chennimalai,IN,25,16268,
Centro Novo do Maranhão,BR,13,16267,Centro Novo do Maranhao
Brvenica,MK,12,16267,
Hopatcong Hills,US,NJ,16267,
Madukkūr,IN,25,16266,Madukkur
Uliastay,MN,09,16265,
Momil,CO,12,16264,
Bahula,IN,28,16264,
Mangla,PK,04,16264,
Kandıra,TR,41,16264,
Pully,CH,VD,16263,
Ayyampettāi,IN,25,16263,Ayyampettai
Shizukuishi,JP,16,16263,
Dhulikhel,NP,3,16263,
San Martín de Pangoa,PE,12,16262,San Martin de Pangoa
Waterville,US,ME,16261,
Nūh,IN,10,16260,Nuh
Naroli,IN,52,16260,
Oroville,US,CA,16260,
Moissy-Cramayel,FR,11,16259,
Roosevelt,US,NY,16258,
Mazeras,KE,28,16254,
Baeza,ES,51,16253,
Cumaru,BR,30,16252,
Ermua,ES,59,16252,
Ampliación San Mateo,MX,15,16250,Ampliacion San Mateo
Penonomé,PA,03,16250,Penonome
San Pedro de Lloc,PE,13,16250,
Ustka,PL,82,16250,
Llanquihue,CL,14,16249,
Baiersbronn,DE,01,16248,
Bikou,CN,15,16247,
Thimiri,IN,25,16246,
Ransiki,ID,39,16245,
Gernika-Lumo,ES,59,16244,
Ellakkudi,IN,25,16244,
Progreso,UY,02,16244,
Saran,FR,24,16243,
Kushimoto,JP,43,16243,
Teopisca,MX,05,16240,
Teolocholco,MX,29,16240,
Tooting,GB,ENG,16239,
Sparta,GR,ESYE25,16239,
Viveiro,ES,58,16238,
Stepney,GB,ENG,16238,
Montijo,ES,57,16236,
Yeung Uk Tsuen,HK,NTW,16236,
Minturno,IT,07,16236,
Padang Besar,MY,02,16235,
San Mateo,PH,02,16233,
Kumano,JP,23,16232,
Kitama,TZ,11,16232,
Seseña,ES,54,16231,Sesena
Rijen,NL,06,16230,
Palagonia,IT,15,16227,
Laconia,US,NH,16227,
Bry-sur-Marne,FR,11,16226,
Moonee Ponds,AU,07,16224,
Cesson-Sévigné,FR,53,16222,Cesson-Sevigne
Kamalganj,IN,36,16222,
Bétou,CG,06,16221,Betou
Orestiáda,GR,ESYE11,16221,Orestiada
Yunshan,CN,15,16220,
Vechelde,DE,06,16219,
Leopoldshöhe,DE,07,16219,Leopoldshohe
Bellmore,US,NY,16218,
Bhikangaon,IN,35,16217,
Stara Pazova,RS,VO,16217,
Arhavi,TR,08,16217,
Cotorra,CO,12,16215,
Boppard,DE,08,16215,
Surkhakhi,RU,19,16215,
Đại Lộc,VN,48,16215,Đai Loc
Magdalena,MX,14,16214,
Halstenbek,DE,10,16212,
Sa‘īdābād,IR,26,16212,Sa‘idabad
Sainte-Catherine,CA,10,16211,
Kalundborg,DK,20,16211,
Glinde,DE,10,16210,
Japaratuba,BR,28,16209,
Mungia,ES,59,16209,
Beerse,BE,VLG,16208,
Pantelimon,RO,43,16206,
Nuuanu - Punchbowl,US,HI,16205,
Hibbing,US,MN,16204,
Sudley,US,VA,16203,
Berezan,UA,13,16202,
Piaçabuçu,BR,02,16201,Piacabucu
Brak,LY,78,16200,
Svyatopetrivske,UA,13,16200,
Chunskiy,RU,20,16199,
Qingyang,CN,33,16197,
Neelagiri,IN,25,16197,
Dublin,US,GA,16197,
Izamal,MX,31,16195,
Kuliouou - Kalani Iki,US,HI,16195,
Frischgewaagd,ZA,02,16192,
Bassum,DE,06,16191,
Zīr Āb,IR,35,16191,Zir Ab
Kamyzyak,RU,07,16191,
Ar Radīsīyah Qiblī,EG,02,16190,Ar Radisiyah Qibli
Cattolica,IT,05,16189,
Tocantins,BR,15,16185,
Jalakandapuram,IN,25,16184,
Mullānwāla,IN,23,16183,Mullanwala
Bayt Jālā,PS,WE,16183,Bayt Jala
Stadt Winterthur (Kreis 1),CH,ZH,16182,
Le Pontet,FR,93,16182,
Tukums,LV,29,16182,
Coos Bay,US,OR,16182,
Mujia,CN,29,16180,
Thenia,DZ,40,16180,
San Miguel De Abona,ES,53,16179,
Kamabi,GN,B,16178,
Aurora,PH,40,16178,
Yeang,KH,24,16177,
Banbridge,GB,NIR,16173,
Huarmey,PE,02,16172,
Braemar Hill,HK,HEA,16171,
Manly,AU,02,16170,
Neuenhagen,DE,11,16170,
Krasnogvardeyskoye,RU,70,16169,
Pujilí,EC,07,16168,Pujili
Medina,MX,11,16166,
Shahr Sultan,PK,04,16166,
Pandaria,IN,37,16165,
Lansing-Westgate,CA,08,16164,
Montbrison,FR,84,16164,
Thiruvaiyaru,IN,25,16164,
Al Yāmūn,PS,WE,16164,Al Yamun
Faches-Thumesnil,FR,32,16163,
Hope Mills,US,NC,16163,
West Pennant Hills,AU,02,16162,
Iziaslav,UA,09,16162,
Bucerías,MX,18,16161,Bucerias
Cimarron Hills,US,CO,16161,
Zhongba,CN,15,16160,
Elandakuttai,IN,25,16160,
Shilovo,RU,62,16159,
Katy,US,TX,16158,
Brunswick,US,GA,16157,
Dazhuang,CN,15,16156,
Bačka Topola,RS,VO,16154,Backa Topola
Kosovo Polje,XK,10097360,16154,
Ít Ong,VN,14,16153,It Ong
San Francisco,SV,08,16152,
Clarksburg,US,WV,16152,
Ginosa,IT,13,16151,
Jollyville,US,TX,16151,
Caldera,CL,05,16150,
Dvůr Králové nad Labem,CZ,82,16150,Dvur Kralove nad Labem
Brake (Unterweser),DE,06,16150,
Penicuik,GB,SCT,16150,
Sānwer,IN,35,16150,Sanwer
Maaspoort,NL,06,16150,
Highland Village,US,TX,16149,
Itirapina,BR,27,16148,
Arsin,TR,61,16148,
Košíře,CZ,52,16145,Kosire
Svatove,UA,14,16145,
Schrobenhausen,DE,02,16143,
Lang Suan,TH,58,16142,
Ocean Acres,US,NJ,16142,
Linden-Nord,DE,06,16141,
Rahden,DE,07,16140,
Nallavila,IN,25,16138,
Viroflay,FR,11,16137,
Staszów,PL,84,16137,Staszow
Cerro Azul,BR,18,16134,
Kāmayakkavundanpatti,IN,25,16134,Kamayakkavundanpatti
Gryazovets,RU,85,16133,
Ugie,ZA,05,16133,
Río Colorado,AR,16,16132,Rio Colorado
Roehampton,GB,ENG,16132,
Wolf Trap,US,VA,16131,
Bījāpur,IN,37,16129,Bijapur
Yeni Suraxanı,AZ,09,16127,
Lohr am Main,DE,02,16127,Lohr
Madison,US,NJ,16126,
Kuthalam,IN,25,16125,
Nagasu,JP,21,16125,
Santa Ana Xalmimilulco,MX,21,16125,
Künzell,DE,05,16124,Kunzell
San Francisco de los Romo,MX,01,16124,
Bumpe,SL,03,16123,
Neerpelt,BE,VLG,16122,
Mariestad,SE,28,16122,
Littau,CH,LU,16121,
Maying,CN,15,16121,
Lindenholt,NL,03,16121,
Grangemouth,GB,SCT,16120,
Harlingen,NL,02,16119,
Al Quţayfah,SY,08,16118,Al Qutayfah
Morong,PH,03,16117,
San Vicente,PH,03,16116,
Portland,US,TX,16116,
Midway,US,FL,16115,
Ambarakaraka,MG,71,16114,
Cherukunnu,IN,13,16111,
Chengalam,IN,13,16111,
Phumĭ Âmpĭl Leu,KH,02,16110,Phumi Ampil Leu
Calatagan,PH,40,16110,
Scicli,IT,15,16109,
Kamiya,JP,40,16109,
Tarqui,CO,16,16108,
Kuda,IN,20,16108,
Logoualé,CI,78,16106,Logouale
Strzegom,PL,72,16106,
Canudos,BR,05,16105,
Brüggen,DE,07,16105,Bruggen
Les Sables-d'Olonne,FR,52,16105,
Shahrak-e Mohandesī-ye Zerā‘ī,IR,44,16104,Shahrak-e Mohandesi-ye Zera‘i
Ayang-ni,KP,06,16104,
Hualin,CN,15,16103,
Shiwan,CN,33,16103,
Leça do Bailio,PT,17,16103,Leca do Bailio
Valenzano,IT,13,16101,
Kilwinning,GB,SCT,16100,
Trubchevsk,RU,10,16100,
Sukhinichi,RU,25,16100,
Kybalchych,UA,12,16100,
El Dorado,VE,06,16100,
Nkhata Bay,MW,N,16099,
Sulphur Springs,US,TX,16098,
Jacupiranga,BR,27,16097,
Newtonbrook East,CA,08,16097,
Driouch,MA,02,16096,
Novaliches Proper,PH,NCR,16096,
Concordia,CO,02,16095,
Ubatã,BR,05,16094,Ubata
Cage Mazumbo,AO,19,16093,
Ryton,GB,ENG,16093,
Maryland City,US,MD,16093,Maryland
Manatí,PR,091,16092,Manati
Vialonga,PT,14,16088,
Pavlovsk,RU,66,16087,
Bagale,ZA,06,16087,
Chevvoor,IN,13,16086,
Vāniyamkulam,IN,13,16085,Vaniyamkulam
Tepatlaxco de Hidalgo,MX,21,16085,
Saint-Loup,FR,93,16084,
Upper Norwood,GB,ENG,16082,
Erwitte,DE,07,16081,
Buraca,PT,14,16081,
Hudiksvall,SE,03,16081,
Siloam Springs,US,AR,16081,
Pango Aluquém,AO,19,16080,Pango Aluquem
Drochia,MD,71,16080,
Penzberg,DE,02,16079,
Tevāram,IN,25,16079,Tevaram
Phu Kradueng,TH,18,16079,
Santiago Tulantepec,MX,13,16078,
Belidzhi,RU,17,16078,
Bembla et Mnara,TN,16,16078,
Kukawa,NG,27,16077,
Mwansabombwe,ZM,04,16077,
Saint-Leu-la-Forêt,FR,11,16075,Saint-Leu-la-Foret
Bhiloda,IN,09,16074,
Fraccionamiento Ciudad Olmeca,MX,30,16074,
Zürich (Kreis 2) / Wollishofen,CH,ZH,16073,Zurich (Kreis 2) / Wollishofen
Svitavy,CZ,86,16073,
Aguadilla,PR,005,16073,
Yulong,CN,33,16072,
Thị Trấn Việt Quang,VN,08,16072,Thi Tran Viet Quang
Xiaochangshan,CN,19,16071,
Hoi Lai Estate,HK,KSS,16071,
Sezze,IT,07,16071,
Radzyń Podlaski,PL,75,16071,Radzyn Podlaski
Seafair,CA,02,16070,
San Juan de Flores,HN,08,16070,
Castel Maggiore,IT,05,16068,
São Lourenço da Serra,BR,27,16067,Sao Lourenco da Serra
Laem Sing,TH,48,16066,
Paropo,ID,26,16065,
Cacimba de Dentro,BR,17,16064,
Shāhi,IN,36,16064,Shahi
Kasumi,JP,13,16064,
Ham Lake,US,MN,16062,
Chongoyape,PE,14,16061,
Fonte Boa,BR,04,16060,
La Roda,ES,54,16060,
West Columbia,US,SC,16060,
Frankfort,US,IN,16060,
Ardestān,IR,28,16058,Ardestan
Phanom Sarakham,TH,44,16057,
Siuna,NI,17,16056,
Golitsyno,RU,47,16056,
Carlton,AU,07,16055,
Witzenhausen,DE,05,16055,
Matsuzaki,JP,41,16055,
Petit Grabo,CI,76,16054,
Kedia,IN,38,16054,
Vatra Dornei,RO,34,16054,
Pohjois-Hervanta,FI,06,16053,
Saint-Fons,FR,84,16053,
Bad Segeberg,DE,10,16052,
Landerneau,FR,53,16052,
Rissen,DE,04,16051,
Mount Pleasant,US,TX,16051,
Dyer,US,IN,16051,
Horodok,UA,09,16046,
Rye,US,NY,16046,
Fort Hunt,US,VA,16045,
Nikolayevsk,RU,84,16044,
Alexandra Hills,AU,04,16043,
Ginsheim-Gustavsburg,DE,05,16043,
Hakurōmachi,JP,03,16042,Hakuromachi
Bulolo,PG,14,16042,
Leeudoringstad,ZA,10,16042,
Agudo,BR,23,16041,
Glenwood,AU,02,16040,
Ora-dong,KR,01,16037,
Weg naar Zee,SR,16,16037,
Tonga,CM,08,16036,
Đinh Văn,VN,68,16036,Đinh Van
Świerczewo,PL,87,16034,Swierczewo
Worcester Park,GB,ENG,16031,
Mount Davis,HK,HCW,16030,
Americus,US,GA,16028,
Hermitage,US,PA,16028,
Simga,IN,37,16027,
Tô,BF,06,16026,To
El Grao,ES,60,16026,
Ângk Tasaôm,KH,19,16026,Angk Tasaom
Buffalo,US,MN,16026,
Kandamkunnu,IN,13,16025,
Damme,DE,06,16024,
Crawfordsville,US,IN,16024,
Canovelles,ES,56,16023,
Qusar,AZ,44,16022,
Petershausen-West,DE,01,16021,
Juchitepec,MX,15,16021,
Osowa,PL,82,16021,
Lake Mary,US,FL,16021,
Viewpark,GB,SCT,16020,
Wardenburg,DE,06,16019,
Zherdevka,RU,72,16019,
Baibli,CI,78,16018,
Grefrath,DE,07,16016,
Kudāl,IN,16,16015,Kudal
Giruá,BR,23,16013,Girua
Monte-Carlo,MC,00,16012,
Duffel,BE,VLG,16011,
Pīshīn,IR,04,16011,Pishin
Bracebridge,CA,08,16010,
Othmarschen,DE,04,16009,
Sátiro Dias,BR,05,16008,Satiro Dias
Lembeni,TZ,06,16008,
Saint-Avertin,FR,24,16007,
Longsight,GB,ENG,16007,
Loboville,CI,76,16006,
Châteaudun,FR,24,16006,Chateaudun
Utnūr,IN,40,16005,Utnur
Republic,US,MO,16005,
Albemarle,US,NC,16003,
San Giovanni Valdarno,IT,16,16002,
Hindoria,IN,35,16001,
El Rosario,MX,25,16001,
Patos,AL,44,16000,
Muswellbrook,AU,02,16000,
Sint-Kruis,BE,VLG,16000,
Oschatz,DE,13,16000,
Basford,GB,ENG,16000,
Tongging,ID,26,16000,
Quartiere Otto,IT,09,16000,
Ankazondandy,MG,11,16000,
Alarobia,MG,11,16000,
Kampung Machap Baru,MY,04,16000,
Hoge Vucht,NL,06,16000,
Karimabad,PK,07,16000,
Tullinge,SE,26,16000,
Kafia Kingi,SS,09,16000,
Baukau,TL,BA,16000,
Venilale,TL,BA,16000,
Sarigerme,TR,48,16000,
Trudivskyi,UA,05,16000,
Kyazanga,UG,C,16000,
Buhesi,UG,W,16000,
Manafwa,UG,E,16000,
Cherry Hill,US,VA,16000,
Betma,IN,35,15999,
El Camino Real,US,CA,15999,
Vellakkinar,IN,25,15998,
Kappiyara,IN,25,15998,
San Rafael Tlanalapan,MX,21,15998,
Country Walk,US,FL,15997,
Makwassie,ZA,10,15996,
Janakkala,FI,05,15995,
Gemert,NL,06,15995,
Fléron,BE,WAL,15994,Fleron
Dianga,CN,15,15993,
Horodok,UA,15,15993,
Pasaia,ES,59,15990,
Püspökladány,HU,10,15990,Puspokladany
Riverdale,US,GA,15989,
Australind,AU,08,15988,
Torodi,NE,09,15988,
Brad,RO,21,15988,
Limehouse,GB,ENG,15986,
Mascot,AU,02,15985,
Akwanga,NG,56,15985,
Abington,US,MA,15985,
Issoire,FR,84,15984,
Beckingen,DE,09,15983,
Belén Gualcho,HN,14,15983,Belen Gualcho
Phú Đô,VN,01,15983,Phu Đo
Duncraig,AU,08,15982,
Balaungi,IN,23,15982,
Vicente Guerrero,MX,10,15982,
Balneário Rincão,BR,26,15981,Balneario Rincao
Dashan,CN,29,15980,
Cruz Machado,BR,18,15978,
Hājo,IN,03,15977,Hajo
Sodhri,PK,04,15977,
Biliri,NG,55,15976,
Kalabagh,PK,04,15976,
Thulamahashi,ZA,09,15974,
Broxburn,GB,SCT,15970,
Tsotsin-Yurt,RU,12,15970,
Forio,IT,04,15969,
Floral Park,US,NY,15969,
Seven Sisters,GB,ENG,15968,
Sangre Grande,TT,SGE,15968,
Shahrak,AF,09,15967,
Chertsey,GB,ENG,15967,
Nakaiburi,JP,43,15967,
Prosper,US,TX,15967,
Gien,FR,24,15966,
Walnut Park,US,CA,15966,
Kunda dya Baze,AO,12,15965,
Coorparoo,AU,04,15965,
Kippax,GB,ENG,15965,
Zola Predosa,IT,05,15965,
Karusi,BI,13,15964,
Māliya,IN,09,15964,Maliya
Gurun,MY,02,15964,
Ashton,ZA,11,15964,
Blankenburg,DE,14,15963,
Bayeux,FR,28,15963,
Pecan Grove,US,TX,15963,
Hövelhof,DE,07,15962,Hovelhof
Cordenons,IT,06,15962,
Machipanda,MZ,10,15962,
Kombai,IN,25,15960,
Asāra,IN,36,15959,Asara
Ban Mo,TH,37,15959,
Overland,US,MO,15959,
Gansbaai,ZA,11,15957,
Corvera de Asturias,ES,34,15955,
Hostafrancs,ES,56,15954,
Oyamazaki,JP,22,15953,
Grandville,US,MI,15953,
Uslar,DE,06,15951,
Konjic,BA,01,15950,
Colônia Leopoldina,BR,30,15949,Colonia Leopoldina
Hettstedt,DE,14,15949,
Candiac,CA,10,15947,
Starobilsk,UA,14,15947,
Four Corners,US,OR,15947,
Alsfeld,DE,05,15945,
Ealing Common,GB,ENG,15945,
Puurs,BE,VLG,15944,
Koothappar,IN,25,15943,
Sunland Park,US,NM,15940,
Gentilly,FR,11,15939,
Mangalmé,TD,05,15939,Mangalme
Château-Thierry,FR,32,15938,Chateau-Thierry
Barrio de Peral,ES,31,15937,
Kōge,JP,41,15937,Koge
River Atuwara,NG,16,15937,
Pangkham,MM,11,15936,
Campanha,BR,15,15935,
Cliffcrest,CA,08,15935,
Udalguri,IN,03,15935,
Iperu,NG,16,15935,
Port-de-Bouc,FR,93,15934,
Conisbrough,GB,ENG,15934,
Vaso,IN,09,15934,
Merke,KZ,17,15934,
Codru,MD,57,15934,
Shan Chaung,MM,17,15934,
Bodaybo,RU,20,15933,
Chānasma,IN,09,15932,Chanasma
Boothapandi,IN,25,15931,
North Liberty,US,IA,15931,
Sertanópolis,BR,18,15930,Sertanopolis
Neustadt in Holstein,DE,10,15930,
Johnstone,GB,SCT,15930,
Keflavík,IS,43,15930,Keflavik
Pèrèrè,BJ,10,15927,Perere
Grenchen,CH,SO,15927,
Burlington,US,KY,15926,
Västra Frölunda,SE,28,15924,Vastra Frolunda
Lijia,CN,33,15923,
Ciudad de Armería,MX,08,15923,Ciudad de Armeria
Olecko,PL,85,15923,
Aporá,BR,05,15922,Apora
Bharanikāvu Tekku,IN,13,15922,Bharanikavu Tekku
Baskil,TR,23,15922,
Parole,US,MD,15922,
Vincent,US,CA,15922,
Vincent,US,CA,15922,
Ratekau,DE,10,15921,
Southchase,US,FL,15921,
Lara,AU,07,15919,
Ebersbach an der Fils,DE,01,15919,
Senirkent,TR,33,15919,
Mirante do Paranapanema,BR,27,15917,
Csepel-Királyerdő,HU,05,15917,Csepel-Kiralyerdo
Ukiah,US,CA,15917,
Trento,PH,13,15916,
Dilijan,AM,09,15914,
Guadalupe,CO,16,15913,
Garwolin,PL,78,15912,
Tecámac de Felipe Villanueva,MX,15,15911,Tecamac de Felipe Villanueva
Quixelô,BR,06,15910,Quixelo
Gagny,CI,76,15910,
Assa,MA,10,15910,
Pestovo,RU,52,15910,
Pont-à-Celles,BE,WAL,15909,Pont-a-Celles
Freilassing,DE,02,15909,
Nakanobu,JP,40,15909,
Unterkrozingen,DE,01,15908,
Hayes,GB,ENG,15908,
Rura,IN,36,15908,
La Marque,US,TX,15908,
Messica,MZ,10,15907,
L'Assomption,CA,10,15906,
Pigüé,AR,01,15905,Pigue
Saint-Égrève,FR,84,15904,Saint-Egreve
North Arlington,US,NJ,15904,
La Palma,US,CA,15904,
Melenki,RU,83,15902,
Marmeleiro,BR,18,15901,
Kozanów,PL,72,15901,Kozanow
Carmen de Areco,AR,01,15900,
Embalse,AR,05,15900,
Mário Campos,BR,15,15900,Mario Campos
Kazo,UG,W,15900,
Kakumiro,UG,W,15900,
Villers-lès-Nancy,FR,44,15899,Villers-les-Nancy
Bunjwah,IN,12,15899,
Sava,IT,13,15898,
Nesvizh,BY,05,15897,
Isabela,PH,06,15897,
Villafranca di Verona,IT,20,15895,
Seagoville,US,TX,15894,
Atalaia do Norte,BR,04,15892,
Greater Napanee,CA,08,15892,
Brie-Comte-Robert,FR,11,15892,
Lebanon,US,IN,15892,
Barentu,ER,04,15891,
Chandia,IN,35,15891,
Cerejeiras,BR,24,15890,
Busembatia,UG,E,15889,
Vijayapuri North,IN,40,15887,
Mankayan,PH,15,15886,
Gentbrugge,BE,VLG,15885,
Clayton,US,MO,15884,
Tlokoeng,ZA,05,15884,
Cerveteri,IT,07,15883,
Mtsapéré,YT,97611,15880,Mtsapere
Mahires,TN,32,15878,
Boissy-Saint-Léger,FR,11,15877,Boissy-Saint-Leger
Khaniādhāna,IN,35,15877,Khaniadhana
Pearl River,US,NY,15876,
Thubelihle,ZA,07,15876,
Colima,CR,08,15875,
Zinapécuaro de Figueroa,MX,16,15875,Zinapecuaro de Figueroa
Conyers,US,GA,15875,
Göd,HU,16,15874,God
Bathurst Manor,CA,08,15873,
Zéaglo,CI,78,15873,Zeaglo
Rosso,MR,06,15870,
Myrtle Grove,US,FL,15870,
Tapejara,BR,18,15869,
Linxi,CN,33,15869,
Aldine,US,TX,15869,
Banora Point,AU,02,15868,
Kannampālaiyam,IN,25,15868,Kannampalaiyam
Bressanone,IT,17,15868,
Narragansett,US,RI,15868,
Einsiedeln,CH,SZ,15867,
Pokrov,RU,83,15867,
Petushki,RU,83,15866,
Wang Noi,TH,36,15865,
Sayō,JP,13,15863,Sayo
Mezgor'e,RU,08,15861,
Pipraich,IN,36,15856,
Beaufort,MY,16,15855,
Tupi Paulista,BR,27,15854,
Carmarthen,GB,WLS,15854,
Kaukauna,US,WI,15854,
les Escaldes,AD,08,15853,
Sankt Leonhard,AT,06,15853,
Guéret,FR,75,15853,Gueret
Inokashira,JP,40,15853,
Santiago Tlacotepec,MX,15,15853,
Okrouyo,CI,76,15852,
Toma,BF,01,15851,
Bruckmühl,DE,02,15851,Bruckmuhl
Akjoujt,MR,12,15851,
Albufeira,PT,09,15851,
Baguim do Monte,PT,17,15850,
Binyamina-Giv‘at ‘Ada,IL,04,15847,
Binyamina-Giv'at Ada,IL,04,15847,
Srivaikuntam,IN,25,15847,
Abhayāpuri,IN,03,15847,Abhayapuri
Azhatebage,CN,13,15846,
Port Washington,US,NY,15846,
Bonito,BR,05,15844,
Jataúba,BR,30,15843,Jatauba
Maraã,BR,04,15843,Maraa
Sanarate,GT,05,15843,
El Escorial,ES,29,15842,
Hoyland Nether,GB,ENG,15842,
New Port Richey,US,FL,15842,
Bédiondo,TD,19,15841,Bediondo
Sunel,IN,24,15840,
Arzgir,RU,70,15838,
Aurora,US,OH,15838,
Maillardville,CA,02,15837,
Unhel,IN,35,15837,
Sisauli,IN,36,15837,
Tadley,GB,ENG,15836,
Gnépasso,CI,76,15835,Gnepasso
Ivanovo,BY,01,15833,
Sagalo,ML,03,15830,
Adams Morgan,US,DC,15830,
Steinbach,CA,03,15829,
Surry Hills,AU,02,15828,
Apostolove,UA,04,15828,
Yakumo,JP,12,15826,
Slobozhanske,UA,07,15825,
Locarno,CH,TI,15824,
Rutland,US,VT,15824,
Balneário Arroio do Silva,BR,26,15820,Balneario Arroio do Silva
Ulongué,MZ,08,15820,Ulongue
Blerick,NL,05,15820,
Tammenga,SR,16,15819,
Tapiramutá,BR,05,15818,Tapiramuta
Pleasant View,CA,08,15818,
Asbury Park,US,NJ,15818,
Lake Country,CA,02,15817,
Pok Hong,HK,NST,15817,
Marattakara,IN,13,15817,
Yōga,JP,40,15817,Yoga
Kutchan,JP,12,15816,
Flakièdougou,CI,92,15815,Flakiedougou
San Nicandro Garganico,IT,13,15815,
San Clemente,PE,11,15815,
Makkasan,TH,40,15815,
Olsberg,DE,07,15814,
Lutherville-Timonium,US,MD,15814,
Sant Just Desvern,ES,56,15811,
Vadakkēkkād,IN,13,15811,Vadakkekkad
Boom,BE,VLG,15810,
Riemst,BE,VLG,15809,
Domchānch,IN,38,15809,Domchanch
UC Irvine,US,CA,15807,
Gwaram,NG,39,15806,
Przeworsk,PL,80,15805,
Haftkel,IR,15,15802,
Ashland,US,MA,15802,
Swanscombe,GB,ENG,15801,
Hybla Valley,US,VA,15801,
Saint-Henri,CA,10,15800,
Kallar Kahar,PK,04,15800,
Alcobaça,PT,13,15800,Alcobaca
Kyamahungu,UG,W,15800,
Lianhu,CN,33,15797,
Molakālumuru,IN,19,15797,Molakalumuru
Minamiminowa,JP,26,15797,
Ferreiros,BR,30,15794,
Conceição do Almeida,BR,05,15794,Conceicao do Almeida
Gaoulou,CI,76,15794,
Daggakraal,ZA,07,15793,
Chenôve,FR,27,15791,Chenove
Sinnai,IT,14,15791,
Jalda,IN,21,15789,
Bohuslav,UA,13,15789,
Žytkavičy,BY,02,15788,Zytkavicy
Jodiya Bandar,IN,09,15788,
Dera Colliery Township,IN,21,15787,
Ōarai,JP,14,15787,Oarai
Lourdes,FR,76,15786,
Ljungby,SE,12,15785,
Milanówek,PL,78,15784,Milanowek
Longmeadow,US,MA,15784,
Holalkere,IN,19,15783,
San Giovanni in Persiceto,IT,05,15783,
Rakovski,BG,51,15782,
Salgar,CO,02,15782,
Elkton,US,MD,15782,
Royston,GB,ENG,15781,
Schiffweiler,DE,09,15780,
Lubnjow,DE,11,15778,
Dumra,IN,34,15778,
Strawberry Mansion,US,PA,15778,
Benito Juárez,AR,01,15777,Benito Juarez
Yoro,HN,18,15774,
Kamiigusa,JP,40,15773,
Pudukkottai,IN,25,15769,
Preetz,DE,10,15768,
Mennānyam,IN,13,15768,Mennanyam
Sonpet,IN,16,15765,
Binika,IN,21,15765,
Staphorst,NL,15,15765,
Oderzo,IT,20,15764,
Vermoim,PT,17,15764,
Cala,ZA,05,15764,
Darien,CO,29,15763,
Wakuya,JP,24,15763,
Bahacheve,UA,01,15763,
Grosse Pointe Woods,US,MI,15762,
Dhārni,IN,35,15761,Dharni
Bāngarda,IN,35,15761,Bangarda
Santa Lucía,CO,04,15760,Santa Lucia
Warichaphum,TH,20,15760,
Alton,US,TX,15760,
Gračanica,BA,01,15758,Gracanica
Fort William,GB,SCT,15757,
New Cross,GB,ENG,15756,
Thandla,IN,35,15756,
Salsomaggiore Terme,IT,05,15754,
Nobres,BR,14,15753,
Pinehurst,US,NC,15752,
Ké-Macina,ML,05,15750,Ke-Macina
Groves,US,TX,15750,
Khuldābād,IN,16,15749,Khuldabad
Wittenheim,FR,44,15747,
Wang Saphung,TH,18,15747,
Iporã,BR,18,15746,Ipora
Elumalai,IN,25,15746,
Różanka-Polanka,PL,72,15746,Rozanka-Polanka
Herisau,CH,AR,15744,
Khetia,IN,16,15744,
Canapi,BR,02,15743,
Xinsheng,CN,33,15743,
Canteleu,FR,28,15742,
General Pinedo,AR,03,15741,
Ujar,AZ,59,15741,
West University Place,US,TX,15741,
Orient Heights,US,MA,15741,
Hunts Cross,GB,ENG,15740,
Bhudgaon,IN,16,15738,
Itatim,BR,05,15737,
Daigo,JP,14,15736,
Santa Juliana,BR,15,15734,
Mirangaba,BR,05,15734,
Ōgi,JP,40,15733,Ogi
Choszczno,PL,87,15733,
Svetogorsk,RU,42,15733,
Bad Essen,DE,06,15732,
Bugaragara,RW,11,15732,
Khusropur,IN,34,15731,
Wilkinsburg,US,PA,15731,
Persianovka,RU,61,15730,
Wendlingen am Neckar,DE,01,15728,
Gura Humorului,RO,34,15728,
Correia Pinto,BR,26,15727,
Yerkhera,IN,16,15727,
Manassas Park,US,VA,15726,
Willow Grove,US,PA,15726,
Świdwin,PL,87,15725,Swidwin
Gatesville,US,TX,15724,
Avon Center,US,OH,15724,
Campina da Lagoa,BR,18,15723,
Henry Farm,CA,08,15723,
Kelheim,DE,02,15723,
Koumpentoum,SN,05,15723,
La Grange,US,IL,15723,
Şimleu Silvaniei,RO,31,15721,Simleu Silvaniei
İstinye,TR,34,15721,Istinye
Mont-Saint-Hilaire,CA,10,15720,
Maruim,BR,28,15719,
Lido,IT,20,15719,
Zürich (Kreis 10) / Wipkingen,CH,ZH,15718,Zurich (Kreis 10) / Wipkingen
Weener,DE,06,15718,
Great Bend,US,KS,15717,
Kolia,CI,87,15716,
Kinarut,MY,16,15716,
Soba,NG,23,15715,
Khatīma,IN,39,15714,Khatima
Campinápolis,BR,14,15713,Campinapolis
Dāpoli,IN,16,15713,Dapoli
Bari Sādri,IN,24,15713,Bari Sadri
Shively,US,KY,15713,
Coelemu,CL,18,15711,
Highland Springs,US,VA,15711,
Baildon,GB,ENG,15710,
Hueytown,US,AL,15710,
Steffisburg,CH,BE,15709,
Eifuku,JP,40,15709,
Talladega,US,AL,15709,
New Haven,US,IN,15709,
Mill Creek East,US,WA,15709,
Āsmār,AF,34,15708,Asmar
Osmaneli,TR,11,15708,
Messias,BR,02,15707,
Marte,NG,27,15707,
Dunayivtsi,UA,09,15707,
Kumārapālaiyam,IN,25,15706,Kumarapalaiyam
Morges,CH,VD,15705,
Střížkov,CZ,52,15705,Strizkov
Estrela de Alagoas,BR,02,15701,
Kamachumu,TZ,19,15701,
Venëv,RU,76,15700,Venev
Divnoye,RU,70,15700,
Kasambya,UG,C,15700,
Kabilpor,IN,09,15699,
Galliate,IT,12,15699,
Kanō,JP,32,15697,Kano
Koolauloa,US,HI,15697,
Middleburg Heights,US,OH,15696,
Casula,AU,02,15695,
Jalpa de Méndez,MX,27,15695,Jalpa de Mendez
Mukingo,RW,13,15695,
Haubourdin,FR,32,15694,
Crépy-en-Valois,FR,32,15694,Crepy-en-Valois
Handlová,SK,06,15694,Handlova
Sinanju,KP,15,15693,
Stjørdalshalsen,NO,21,15693,
Fernie,ZA,07,15693,
Semender,RU,17,15691,
Sumidouro,BR,21,15690,
Periyapatti,IN,25,15690,
Yamjāl,IN,40,15689,Yamjal
Wetzelsdorf,AT,06,15687,
Ushitsu,JP,15,15687,
Amizmiz,MA,07,15685,
Ṭinṭâne,MR,02,15684,Tintane
Taylor-Massey,CA,08,15683,
Rakovník,CZ,88,15682,Rakovnik
Ostrov,CZ,81,15681,
Sashiki,JP,21,15681,
Carterton,GB,ENG,15680,
Zeulenroda-Triebes,DE,15,15677,
Ezine,TR,17,15677,
Rāhon,IN,23,15676,Rahon
Berck-Plage,FR,32,15675,
Santa Cruz de la Palma,ES,53,15674,
Los Alcázares,ES,31,15674,Los Alcazares
Vadakāncheri,IN,13,15674,Vadakancheri
Pacific Grove,US,CA,15674,
Al Safa,AE,03,15672,
Porthcawl,GB,WLS,15672,
Dhanot,PK,04,15672,
Bagar,IN,24,15670,
Kodinsk,RU,91,15670,
Balneário Gaivota,BR,26,15669,Balneario Gaivota
Tieshan,CN,33,15669,
Aguazul,CO,32,15669,
Harnoli,PK,04,15669,
Mitchell,US,SD,15669,
Gornyak,RU,04,15668,
Stará Ľubovňa,SK,05,15667,Stara Lubovna
Manaveli,IN,22,15666,
Humble,US,TX,15665,
Les Herbiers,FR,52,15664,
Ponders End,GB,ENG,15664,
Colorado do Oeste,BR,24,15663,
Greenwood Village,US,CO,15663,
Le Hochet,MU,16,15662,
Peniche,PT,13,15662,
Königstein im Taunus,DE,05,15661,Konigstein im Taunus
Manthani,IN,40,15661,
Yumare,VE,22,15661,
Gradačac,BA,01,15659,Gradacac
Yutz,FR,44,15659,
Malamulele,ZA,09,15659,
Ouessé,BJ,11,15658,Ouesse
Ban Kèngkok,LA,20,15658,Ban Kengkok
Frecheirinha,BR,06,15657,
Hale,GB,ENG,15657,
La Cruz,MX,25,15657,
Fu Cheong Estate,HK,KSS,15655,
Al Bawīţī,EG,08,15653,Al Bawiti
Tarancón,ES,54,15651,Tarancon
Siderno,IT,03,15651,
Mount Eden,NZ,E7,15650,
Cranebrook,AU,02,15649,
Outreau,FR,32,15648,
Żabbar,MT,64,15648,Zabbar
Riegelsberg,DE,09,15647,
To Kwa Wan,HK,KKC,15646,
Mvurwi,ZW,03,15646,
Bryn Mawr-Skyway,US,WA,15645,
Vidyavihar,IN,24,15644,
Zelenogradsk,RU,23,15644,
Klingenstein,DE,01,15643,
Neb Sarai,IN,07,15640,
El Tejar,GT,03,15639,
Ustroń,PL,83,15637,Ustron
Uzhur,RU,91,15637,
Yarraville,AU,07,15636,
Manūjān,IR,29,15634,Manujan
les Roquetes,ES,56,15633,
Erandique,HN,13,15633,
Lakhipur,IN,03,15633,
San Antonio,PE,18,15633,
Abuyog,PH,08,15632,
Sarai Sidhu,PK,04,15632,
Sim,RU,13,15632,
Candelaria,CO,04,15631,
Panangad,IN,13,15630,
Manjīl,IR,08,15630,Manjil
Karabash,RU,13,15630,
Gossas Village,SN,09,15630,
Cunco,CL,04,15628,
Orimattila,FI,07,15628,
Aboka,CI,96,15627,
Palmitos,BR,26,15626,
Spenge,DE,07,15625,
Elland,GB,ENG,15625,
Chokkanāthapuram,IN,25,15625,Chokkanathapuram
Eberbach,DE,01,15624,
Vohipeno,MG,26,15622,
Dignago,CI,95,15621,
Lee On,HK,NST,15621,
Ar Rayna,IL,03,15621,
Rakhiv,UA,25,15621,
Kamatgi,IN,16,15620,
Carcarañá,AR,21,15619,Carcarana
Odenthal,DE,07,15619,
Kataysk,RU,40,15619,
‘Uyūn al Jiwā’,SA,08,15619,‘Uyun al Jiwa’
Perry Vale,GB,ENG,15618,
Khūtār,IN,36,15618,Khutar
Tilst,DK,18,15617,
Sātalkheri,IN,24,15617,Satalkheri
Bradley,US,IL,15617,
Kara-Kulja,KG,08,15616,
Bang Mun Nak,TH,13,15616,
Karabanovo,RU,83,15615,
Klosterneuburg,AT,03,15614,
Namwala,ZM,07,15614,
Belle Vale,GB,ENG,15613,
Toyoyama,JP,01,15613,
Yùmén,CN,15,15612,Yumen
Maval,IN,16,15612,
McKinley Park,US,IL,15612,
Kasāra,IN,16,15611,Kasara
Nārāyankher,IN,40,15610,Narayankher
Agaram,IN,25,15610,
Baben,IN,09,15610,
Berck,FR,32,15609,
Salangaippālaiyam,IN,25,15609,Salangaippalaiyam
Füssen,DE,02,15608,Fussen
Vitória do Xingu,BR,16,15607,Vitoria do Xingu
Baberu,IN,36,15607,
Pa Sang,TH,05,15607,
San Javier,AR,21,15606,
Terra Preta,BR,27,15605,
Saint-Basile-le-Grand,CA,10,15605,
Marbach am Neckar,DE,01,15604,
Anadyr,RU,15,15604,
Calumpang,PH,NCR,15602,
Ikalamavony,MG,21,15601,
Govlar,AZ,58,15600,
Chislehurst,GB,ENG,15600,
Baykal’sk,RU,20,15600,
Bilopillia,UA,21,15600,
Beylagan,AZ,12,15599,
Queenstown,GB,ENG,15599,
Tullamore,IE,L,15598,
Northam,ZA,09,15598,
Old Swan,GB,ENG,15596,
Nikel,RU,49,15596,
Désarmes,HT,06,15594,Desarmes
Danta,IN,24,15594,
Sakai,JP,40,15594,
Bādshāhpur,IN,10,15593,Badshahpur
Elkridge,US,MD,15593,
Zinacatepec,MX,21,15592,
Ţūbās,PS,WE,15591,Tubas
Haripād,IN,13,15588,Haripad
Chengala,IN,13,15588,
Gulgam,IN,12,15587,
Kbombole,SN,07,15587,
Khánh Hải,VN,56,15585,Khanh Hai
Tulantongo,MX,15,15584,
Mayenne,FR,52,15583,
Shimo’ochiai,JP,40,15583,
Forest Heights,CA,08,15581,
Malaba,KE,13,15581,
Talacogon,PH,13,15581,
Maullín,CL,14,15580,Maullin
Kanegasaki,JP,16,15580,
Dan Khun Thot,TH,27,15580,
Aberdeen,US,MD,15580,
Puerto Esperanza,AR,14,15579,
North Myrtle Beach,US,SC,15579,
São Pedro do Sul,BR,23,15577,Sao Pedro do Sul
Audincourt,FR,27,15577,
Sabanitas,PA,04,15577,
Kuchinda,IN,21,15576,
Mlalo,TZ,18,15576,
Esparza,CR,07,15575,
Kompalli,IN,40,15575,
Husainpur,IN,23,15575,
Chamgordān,IR,28,15574,Chamgordan
Lagoa Nova,BR,22,15573,
Kalher,IN,16,15573,
Nisko,PL,80,15573,
Vallcarca,ES,56,15571,
Correggio,IT,05,15571,
Nakanojō,JP,10,15571,Nakanojo
Ait Yazza,MA,09,15570,
Ben Taieb,MA,02,15568,
Hude,DE,06,15567,
Tachiarai,JP,07,15567,
Diadi,PH,02,15567,
Williamstown,US,NJ,15567,
Saltash,GB,ENG,15566,
Ibeto,NG,31,15565,
Złotoryja,PL,72,15564,
Prakhon Chai,TH,28,15564,
Earlsfield,GB,ENG,15562,
Miyota,JP,26,15562,
Leduc,CA,01,15561,
Malango,SB,06,15560,
Amstetten,AT,03,15559,
Little Portugal,CA,08,15559,
Toshām,IN,10,15559,Tosham
Porto San Giorgio,IT,10,15558,
Çat,TR,25,15556,Cat
Harare Western Suburbs,ZW,05,15556,
Baituo,CN,15,15555,
Long Beach,US,MS,15555,
el Turó de la Peira,ES,56,15554,el Turo de la Peira
Ponmana,IN,25,15554,
Balma,FR,76,15553,
Wimborne Minster,GB,ENG,15552,
Pimentel,PE,14,15552,
Peer,BE,VLG,15551,
West Ham,GB,ENG,15551,
Otsego,US,MN,15551,
Boulder City,US,NV,15551,Boulder
Natividade,BR,21,15550,
Magog,CA,10,15550,
Higashigotanda,JP,40,15550,
Wujia,CN,16,15549,
Fillmore,US,CA,15548,
Montalvo,EC,13,15547,
Toneri,JP,40,15547,
Santa Cecília,BR,26,15546,Santa Cecilia
Humbermede,CA,08,15545,
Sanjan,IN,09,15544,
Fouriesburg,ZA,03,15544,
El Torno,BO,08,15543,
Logoysk,BY,05,15543,
Chiari,IT,09,15541,
Lake Wales,US,FL,15541,
Hautmont,FR,32,15540,
Allerton,GB,ENG,15540,
Bukuru,NG,49,15540,
Bilsanda,IN,36,15538,
Venceremos,MX,22,15538,
Anchau,NG,23,15538,
Bou Izakarn,MA,10,15536,
Libres,MX,21,15536,
Alum Rock,US,CA,15536,
Charqueada,BR,27,15535,
Edenbridge-Humber Valley,CA,08,15535,
Bituruna,BR,18,15533,
Albany Creek,AU,04,15532,
Monte Plata,DO,32,15532,
Anār,IR,29,15532,Anar
Satipo,PE,12,15532,
Mizil,RO,30,15532,
Erskine,GB,SCT,15530,
Çağlayancerit,TR,46,15530,Caglayancerit
Colonia Wanda,AR,14,15529,
Razumnoye,RU,09,15529,
Itariri,BR,27,15528,
Łęczyca,PL,74,15528,Łeczyca
Thap Khlo,TH,13,15528,
Igaporã,BR,05,15527,Igapora
Zengfu,CN,33,15527,
Carlet,ES,60,15527,
Pedregulho,BR,27,15525,
Glória,BR,05,15524,Gloria
La Solana,ES,54,15523,
Gaogu,CN,33,15522,
Zürich (Kreis 8),CH,ZH,15519,Zurich (Kreis 8)
Lognes,FR,11,15519,
Leteri,IN,35,15519,
Wombwell,GB,ENG,15518,
Addison,US,TX,15518,
Fengling,CN,33,15517,
Makuyuni,TZ,18,15516,
Diksmuide,BE,VLG,15515,
Diapaga,BF,08,15515,
Passa Quatro,BR,15,15515,
Campo Grande,PT,14,15514,
Usagara,TZ,12,15514,
Ahualulco de Mercado,MX,14,15512,
Kirundo,BI,16,15511,
Sant Carles de la Ràpita,ES,56,15511,Sant Carles de la Rapita
Sassenheim,NL,11,15510,
Montornès del Vallès,ES,56,15509,Montornes del Valles
Bin Jawwād,LY,76,15509,Bin Jawwad
East Riverdale,US,MD,15509,
Bad Bentheim,DE,06,15508,
San Pablo Oztotepec,MX,09,15507,
Laurinburg,US,NC,15507,
Vettavalam,IN,25,15506,
Morteẕá Gerd,IR,26,15506,Morteza Gerd
Teodoro Schmidt,CL,04,15504,
Furzedown,GB,ENG,15504,
Leixlip,IE,L,15504,
Shushary,RU,66,15503,
Hernando,US,MS,15503,
Hayange,FR,44,15501,
Kellabine,TN,32,15501,
Hurricane,US,UT,15501,
Giv`at H̱ananya,IL,06,15500,Giv`at Hananya
Ban Houakhoua,LA,22,15500,
Bortnychi,UA,12,15500,
Väståboland,FI,02,15498,Vastaboland
Plainfield,US,CT,15498,
Fengping,CN,33,15497,
Kampung Ayer Molek,MY,04,15497,
Venustiano Carranza,MX,05,15496,
Hanover,US,PA,15496,
Docklands,AU,07,15495,
Pengerang,MY,01,15494,
Huanuni,BO,05,15492,
Oulad Tayeb,MA,03,15491,
Mile 91,SL,02,15491,
Lithia Springs,US,GA,15491,
Titirangi,NZ,E7,15490,
Boroon,PH,10,15490,
Mani Mājra,IN,10,15489,Mani Majra
Butterfly,HK,NTM,15488,
Nova Pazova,RS,VO,15488,
Niederkrüchten,DE,07,15487,Niederkruchten
Kurwai,IN,35,15487,
Frattaminore,IT,04,15487,
Las Delicias,MX,02,15486,
Aleksandrovsk,RU,90,15486,
South Hayling,GB,ENG,15485,
Fazhanhe,CN,29,15483,
Strunino,RU,83,15483,
Prince Edward,HK,KKC,15481,
Taranagar,IN,26,15481,
Farmingville,US,NY,15481,
Mastic,US,NY,15481,
Central Coquitlam,CA,02,15480,
Aguelmous,MA,05,15480,
Elghabra,MR,03,15480,
Bilicenii Vechi,MD,85,15479,
Minas de Marcona,PE,11,15478,
Verkhnodniprovsk,UA,04,15477,
Setauket-East Setauket,US,NY,15477,
Les Moulins,FR,93,15476,
Blackwood,GB,WLS,15476,
Schwarzenberg,DE,13,15475,
Tergnier,FR,32,15475,
Karankasso,BF,09,15474,
Harrison,US,NJ,15474,
Martha Lake,US,WA,15473,
Çaşgyn,TM,05,15470,Casgyn
Port Richmond,US,NY,15470,
San Juan de Dios,CR,08,15469,
Cárdenas,MX,24,15469,Cardenas
Donskoye,RU,70,15469,
Chai Nat,TH,32,15469,
Indianola,US,IA,15467,
Lille,BE,VLG,15466,
Daxie,CN,33,15466,
Malnate,IT,09,15466,
Skalica,SK,07,15466,
Carrières-sous-Poissy,FR,11,15465,Carrieres-sous-Poissy
Mid Levels,HK,HCW,15464,
Fortress Hill,HK,HEA,15464,
Pakan,MY,11,15462,
Aşkale,TR,25,15462,Askale
Al Hilāl al Gharbīyah,QA,01,15461,Al Hilal al Gharbiyah
Al Hilāl ash Sharqīyah,QA,01,15461,Al Hilal ash Sharqiyah
Santiago Tuxtla,MX,30,15459,
Illzach,FR,44,15457,
Perry,US,GA,15457,
Marsella,CO,24,15455,
Majd el Kurūm,IL,03,15455,Majd el Kurum
Kosigi,IN,02,15455,
Atwater Village,US,CA,15455,
Winnie Mandela,ZA,03,15454,
Angermünde,DE,11,15453,Angermunde
Brāhmanān di Bāri,IN,12,15453,Brahmanan di Bari
Zhen’an,CN,33,15452,
Wangjia,CN,33,15451,
Jasper,US,IN,15451,
Kamigōri,JP,13,15448,Kamigori
Kuala Lipis,MY,06,15448,
Madera,MX,06,15447,
Ilovays’k,UA,05,15447,
Winder,US,GA,15447,
Clive,US,IA,15447,
Mamafubedu,ZA,03,15447,
Magṭa‘ Laḥjar,MR,05,15446,Magta‘ Lahjar
Sonzacate,SV,13,15446,
Clemson,US,SC,15446,
Santa Barbara,PH,01,15445,
Kestel,TR,07,15445,
Recoletos,ES,29,15444,
Amlash,IR,08,15444,
Albal,ES,60,15443,
Ado-Odo,NG,16,15442,
Tung Tau Estate,HK,KWT,15440,
Tindal,IN,25,15440,
Beni Khalled,TN,19,15439,
Capua,IT,04,15438,
Rockdale,AU,02,15436,
Apostol Santiago,ES,29,15435,
Moskovskiy,RU,48,15435,
Seen (Kreis 3),CH,ZH,15434,
Bad Neustadt an der Saale,DE,02,15434,
Peribán de Ramos,MX,16,15434,Periban de Ramos
Juan Aldama,MX,32,15431,
Béré,TD,14,15431,Bere
Greenwood,US,MS,15431,
Bilderstöckchen,DE,07,15430,Bilderstockchen
Santafé,ES,51,15430,Santafe
Tavares,US,FL,15430,
Obock,DJ,04,15429,
Mayma,RU,03,15428,
Moorreesburg,ZA,11,15428,
Awuliya,CN,13,15427,
Great Falls,US,VA,15427,
Ala-Buka,KG,03,15426,
Kalugumalai,IN,25,15423,
Tīrthahalli,IN,19,15422,Tirthahalli
Jamestown,US,ND,15422,
Siemiatycze,PL,81,15421,
Terrace Heights,US,NY,15421,
Heusy,BE,WAL,15420,
Velserbroek,NL,07,15420,
Taylors Hill,AU,07,15419,
Carindale,AU,04,15418,
Phước Hòa,VN,75,15418,Phuoc Hoa
Inhapi,BR,02,15417,
Efkarpía,GR,ESYE12,15416,Efkarpia
Ajeetgarh,IN,24,15414,
Turaru,BR,06,15412,
Emerson Hill,US,NY,15412,
Pont-à-Mousson,FR,44,15411,Pont-a-Mousson
Agios Ioannis Rentis,GR,ESYE31,15411,
Avocado Heights,US,CA,15411,
Santa Cruz,PH,03,15408,
Kapolei Villages,US,HI,15408,
Bo,VN,25,15408,
City One,HK,NST,15407,
Borovskiy,RU,78,15406,
Parvatsar,IN,24,15405,
Carate Brianza,IT,09,15404,
Chełmża,PL,73,15403,Chełmza
Eden,US,NC,15403,
Bay Village,US,OH,15402,
Landsdale,AU,08,15401,
Bijelo Polje,ME,04,15400,
Lake Butler,US,FL,15400,
Nova Olinda,BR,06,15399,
Atarfe,ES,51,15399,
Malhada,BR,05,15398,
Yulong,CN,15,15397,
Ban Phra,TH,74,15396,
North Melbourne,AU,07,15395,
Ochër,RU,90,15395,Ocher
Cugnaux,FR,76,15393,
Paso de Carrasco,UY,02,15393,
Kan Nar Middle,MM,17,15390,
San Mateo Huitzilzingo,MX,15,15389,
Palagiano,IT,13,15388,
Naciria,DZ,40,15387,
Magtymguly,TM,02,15386,
Éragny,FR,11,15385,Eragny
Somotillo,NI,03,15385,
Noci,IT,13,15383,
Makakilo City,US,HI,15383,Makakilo
Kachhwa,IN,36,15381,
Rāmachandrapuran,IN,40,15381,Ramachandrapuran
Warwick,AU,04,15380,
Donghui,CN,29,15380,
Karori,NZ,G2,15380,
Rāmpur,IN,21,15379,Rampur
Westbury,US,NY,15379,
Bostonia,US,CA,15379,
Sang-e Chārak,AF,33,15377,Sang-e Charak
Sāyla,IN,09,15376,Sayla
Kamenjane,MK,C7,15376,
Zoukougbeu,CI,96,15375,
Ylivieska,FI,17,15375,
Mechelen-aan-de-Maas,BE,VLG,15374,
Staffanstorp,SE,27,15373,
Christopher-Champlain,CA,08,15372,
Djambala,CG,08,15372,
Kawaminami,JP,25,15372,
Llandudno,GB,WLS,15371,
Seoni Chhapāra,IN,35,15371,Seoni Chhapara
Mikuriya,JP,41,15370,
Ayutla de los Libres,MX,12,15370,
Unquillo,AR,05,15369,
Iona,US,FL,15369,
Carugate,IT,09,15368,
Ober-Ramstadt,DE,05,15367,
Purushottampur,IN,21,15366,
Suzun,RU,53,15365,
Eight Mile Plains,AU,04,15364,
Cruzília,BR,15,15362,Cruzilia
Piera,ES,56,15362,
Noisiel,FR,11,15362,
Putaendo,CL,01,15361,
Nerchinsk,RU,93,15360,
Bāh,IN,36,15359,Bah
Dickson,US,TN,15359,
Latchmere,GB,ENG,15358,
Slobozia,MD,58,15356,
Urandi,BR,05,15355,
Tocancipá,CO,33,15355,Tocancipa
Newport,US,KY,15354,
Simití,CO,35,15353,Simiti
Kanhirode,IN,13,15353,
Neston,GB,ENG,15352,
Ban Huai Thalaeng,TH,27,15352,
Ou Bei Choan,KH,25,15351,
Dornakal,IN,40,15350,
Davorlim,IN,33,15350,
Cullman,US,AL,15350,
Vişeu de Sus,RO,25,15349,Viseu de Sus
Bürstadt,DE,05,15348,Burstadt
San Luis del Palmar,AR,06,15347,
Morampudi,IN,02,15346,
Live Oak,US,TX,15346,
Bochum-Werne,DE,07,15345,
Clausthal-Zellerfeld,DE,06,15345,
Tordera,ES,56,15345,
Todi,IT,18,15345,
Kulunda,RU,04,15345,
Roanoke Rapids,US,NC,15345,
Payson,US,AZ,15345,
Storrs,US,CT,15344,
Ấp Bình Châu,VN,79,15344,Ap Binh Chau
Taka-Töölö,FI,01,15343,Taka-Toolo
Sárvár,HU,22,15343,Sarvar
Penha de França,IN,33,15342,Penha de Franca
Ea T’ling,VN,68,15342,
Kanchanpur,IN,26,15341,
Tsimlyansk,RU,61,15341,
Fukawa,JP,14,15340,
Jelcz Laskowice,PL,72,15340,
Loyang,SG,00,15340,
Kampong Loyang,SG,00,15340,
The Dalles,US,OR,15340,
Dzaoudzi,YT,97608,15339,
Magdalena,AR,01,15338,
Kingsford,AU,02,15338,
Houshan,CN,33,15338,
Badgām,IN,12,15338,Badgam
Bar,UA,23,15337,
Gomboussougou,BF,07,15336,
Pālaiyam,IN,25,15336,Palaiyam
Pappinivattom,IN,13,15336,
Los Lunas,US,NM,15336,
Kouibly,CI,78,15335,
Qinglong,CN,33,15335,
Mīrganj,IN,36,15335,Mirganj
West Bay,KY,10375968,15335,
Coogee,AU,02,15333,
Ribnitz-Damgarten,DE,12,15333,
Julau,MY,11,15333,
Teolândia,BR,05,15332,Teolandia
Ovruch,UA,27,15332,
Jupi,BR,30,15329,
Kushālnagar,IN,19,15326,Kushalnagar
Dārāsuram,IN,25,15326,Darasuram
Straelen,DE,07,15325,
Ḩattā,AE,03,15324,Hatta
Sayan,IN,09,15324,
Pèkon,MM,11,15323,Pekon
Uchiko,JP,05,15322,
Katangi,IN,35,15321,
Santo Cristo,BR,23,15320,
Bandar-e Khamīr,IR,11,15320,Bandar-e Khamir
Junín,PE,12,15320,Junin
Mabama,TZ,17,15320,
Santomera,ES,31,15319,
Dixon,US,IL,15319,
Manor Park,GB,ENG,15318,
Boshrūyeh,IR,41,15318,Boshruyeh
Bellevue,US,WI,15317,
Miguelturra,ES,54,15316,
Romblon,PH,41,15316,
Ocna Mureş,RO,01,15316,Ocna Mures
Sunland,US,CA,15316,
São João Evangelista,BR,15,15315,Sao Joao Evangelista
Łomianki,PL,78,15315,
São Martinho do Bispo,PT,07,15315,Sao Martinho do Bispo
Ribeira de Frades,PT,07,15315,
Millbrook,US,AL,15314,
Nicoya,CR,03,15313,
Benetússer,ES,60,15313,Benetusser
Bang Racham,TH,33,15313,
Brownsville,US,FL,15313,
Wailuku,US,HI,15313,
Rockingham,AU,08,15312,
Prestons,AU,02,15312,
Altdorf bei Nürnberg,DE,02,15312,Altdorf bei Nurnberg
Bhauri,IN,24,15312,
Veys,IR,15,15312,
Bevere,BE,VLG,15311,
Kāthor,IN,09,15311,Kathor
Warren Township,US,NJ,15311,
Itagibá,BR,05,15310,Itagiba
Jelcz,PL,72,15308,
Arenys de Mar,ES,56,15307,
La Carolina,ES,51,15306,
Villukuri,IN,25,15304,
Horní Měcholupy,CZ,52,15303,Horni Mecholupy
Solhan,TR,12,15303,
Tuzantla,MX,16,15302,
Hizan,TR,13,15302,
Baie du Tombeau,MU,16,15301,
Kadınhanı,TR,71,15301,
Lougheed,CA,02,15300,
Houhai,CN,30,15300,
Bāonlī,IN,24,15300,Baonli
Hamilton East,NZ,G1,15300,
Belëv,RU,76,15300,Belev
Bagayevskaya,RU,61,15300,
Donaghmede,IE,L,15299,
Port Hedland,AU,08,15298,
Orange Walk,BZ,04,15298,
Villa Independencia,MX,30,15297,
Guamaré,BR,22,15295,Guamare
Arbutus Ridge,CA,02,15295,
Degtyarsk,RU,71,15294,
Seaford,US,NY,15294,
Borotou-Koro,CI,97,15293,
La Blancarde,FR,93,15292,
Tagas,PH,05,15292,
Bāntva,IN,09,15291,Bantva
Nizahon II,CI,78,15290,
Shāl,IR,38,15290,Shal
Chimbel,IN,33,15289,
Sashalom,HU,05,15288,
Washougal,US,WA,15288,
Changba,CN,33,15286,
Oyten,DE,06,15286,
Sucre,EC,14,15286,
Saint-Charles-Borromée,CA,10,15285,Saint-Charles-Borromee
Dalkola,IN,28,15285,
Saint-Pierre-des-Corps,FR,24,15284,
Bognonzra,CI,96,15282,
Srīvardhan,IN,16,15279,Srivardhan
Ropczyce,PL,80,15279,
Popeşti-Leordeni,RO,43,15279,Popesti-Leordeni
Uarini,BR,04,15278,
Lauda-Königshofen,DE,01,15278,Lauda-Konigshofen
Bandar Tenggara,MY,01,15278,
Vilattikulam,IN,25,15277,
Galanta,SK,07,15277,
Dallas,US,OR,15277,
Putte,BE,VLG,15276,
Guochuan,CN,15,15276,
Neu-Anspach,DE,05,15276,
Zamora,EC,20,15276,
Bà Nà,VN,48,15276,Ba Na
Alquízar,CU,AR,15275,Alquizar
Leuwiliang,ID,30,15275,
Pereiro,BR,06,15274,
Coulommiers,FR,11,15274,
Tapurah,BR,14,15272,
Karlstadt,DE,02,15272,
Torredembarra,ES,56,15272,
Graniteville,US,NY,15272,
Kežmarok,SK,05,15271,Kezmarok
Henderson,US,NC,15271,
Pátapo,PE,14,15270,Patapo
Stallings,US,NC,15270,
Lucan,IE,L,15269,
River Falls,US,WI,15269,
Baraguá,CU,07,15268,Baragua
Berkley,US,MI,15268,
Mardakan,AZ,09,15267,
Corupá,BR,26,15267,Corupa
Aykhal,RU,63,15267,
Beverungen,DE,07,15266,
Udachny,RU,63,15266,
Astraviec,BY,03,15265,
Koratagere,IN,19,15265,
Lancenigo-Villorba,IT,20,15265,
Sofrino,RU,47,15265,
Kong,CI,87,15262,
Tanjia,CN,33,15261,
Chernyanka,RU,09,15261,
Drensteinfurt,DE,07,15260,
Thekkumkara,IN,13,15258,
Damascus,US,MD,15257,
Montesson,FR,11,15256,
Saint John West,CA,04,15255,
Bommasandra Industrial Area,IN,19,15254,
Moritake,JP,02,15254,
Diéhiba,CI,78,15253,Diehiba
Dure,CN,13,15253,
Râşnov,RO,09,15253,Rasnov
Shelbyville,US,KY,15253,
Coscomatepec de Bravo,MX,30,15252,
Radomyshl,UA,27,15252,
Kennedy Street,US,DC,15251,
Sayama,JP,22,15250,
Vanier,CA,08,15249,
Loimaa,FI,02,15248,
Orpington,GB,ENG,15248,
Roxbury Crossing,US,MA,15248,
Vyazemskiy,RU,30,15247,
Susanville,US,CA,15247,
Lilio,PH,40,15246,
Ludvika,SE,10,15245,
Pataskala,US,OH,15245,
Cândido de Abreu,BR,18,15244,Candido de Abreu
Tepeapulco,MX,13,15244,
Tecámac,MX,15,15244,Tecamac
Kanel,SN,15,15244,
Trairão,BR,16,15242,Trairao
Roxas,PH,41,15242,
Yeşilova,TR,81,15242,Yesilova
Bigadiç,TR,10,15242,Bigadic
Novosilikatnyy,RU,04,15241,
Deutz,DE,07,15238,
Brusciano,IT,04,15238,
Soumagne,BE,WAL,15237,
Aramil,RU,71,15237,
Santa Cruz,AW,00,15236,
Rosário Oeste,BR,14,15236,Rosario Oeste
Itanhandu,BR,15,15236,
Kudali,IN,13,15236,
Asso,JP,43,15236,
Freiberg am Neckar,DE,01,15235,
Alborada Jaltenco,MX,15,15235,
Wurzen,DE,13,15233,
Zigon,MM,16,15233,
Conchas,BR,27,15232,
Poděbrady,CZ,88,15232,Podebrady
Yadagirigutta,IN,40,15232,
Much,DE,07,15231,
Bellavista,PE,22,15231,
Adliswil,CH,ZH,15230,
Mijdrecht,NL,09,15230,
Telfs,AT,07,15229,
Zimnicea,RO,35,15228,
Sereď,SK,07,15228,Sered
Alsterdorf,DE,04,15227,
Edgemont,CA,01,15225,
Wickede,DE,07,15225,
Saint-Maximin-la-Sainte-Baume,FR,93,15225,
Pinhalzinho,BR,27,15224,
Salto do Lontra,BR,18,15223,
Mūlanūr,IN,25,15223,Mulanur
Boskoop,NL,11,15222,
Ichhāwar,IN,35,15221,Ichhawar
Tepalcatepec,MX,16,15221,
Wanmu,CN,33,15220,
Charām,IR,05,15218,Charam
Voznesenivka,UA,14,15218,
Traverse City,US,MI,15218,Traverse
Muhoroni,KE,26,15217,
Dubovka,RU,84,15217,
South Yuba City,US,CA,15217,South Yuba
Corio,AU,07,15215,
Ogawa,JP,38,15215,
Vakhsh,TJ,02,15215,
Daru,PG,06,15214,
Santa Teresita,AR,01,15213,
Yongxi,CN,33,15213,
la Barceloneta,ES,56,15212,
City Garden,HK,HEA,15212,
Sāram,IN,38,15212,Saram
Merrifield,US,VA,15212,
Ledyard,US,CT,15212,
Alfena,PT,17,15211,
Massamagrell,ES,60,15210,
Soma,GM,02,15210,
Jugiāl,IN,23,15210,Jugial
Goniāna Mandi,IN,23,15208,Goniana Mandi
Phon Charoen,TH,17,15208,
Palm Beach,AU,04,15205,
Shihui,CN,33,15205,
Magarao,PH,05,15205,
Haslingden,GB,ENG,15204,
Nizhnesortymskiy,RU,32,15204,
Barrocas,BR,05,15203,
Salesópolis,BR,27,15202,Salesopolis
Gangolli,IN,19,15200,
Safi,JO,09,15200,
Te Atatu Peninsula,NZ,E7,15200,
Kalisizo,UG,C,15200,
Ahram,IR,22,15198,
Akhisar,TR,16,15198,
Ascot Vale,AU,07,15197,
R.S. Pora,IN,12,15197,
Yashkino,RU,29,15197,
Athiémé,BJ,15,15195,Athieme
Yamada,JP,16,15195,
Punata,BO,02,15194,
São Félix do Coribe,BR,05,15194,Sao Felix do Coribe
Saint-Vincent-de-Paul,CA,10,15194,
Gyomaendrőd,HU,03,15194,Gyomaendrod
Bosanska Krupa,BA,01,15193,
Cambridge,NZ,G1,15192,
Mangilao Village,GU,MA,15191,
Sinazongwe,ZM,07,15191,
Astara,AZ,08,15190,
Eggenstein-Leopoldshafen,DE,01,15189,
Niz-Hajo,IN,03,15188,
Sankt Peter,AT,06,15187,
Oymak,CN,13,15187,
Fords,US,NJ,15187,
New Territory,US,TX,15186,
Kapolei,US,HI,15186,
Kīlattingal,IN,13,15185,Kilattingal
Bad Laasphe,DE,07,15184,
Ascheberg,DE,07,15184,
Khao Wong,TH,23,15184,
Taşucu,TR,32,15184,Tasucu
Villa Hidalgo,MX,14,15182,
Clearlake,US,CA,15182,
Schwyz,CH,SZ,15181,
Les Olives,FR,93,15181,
Pointe-à-Pitre,GP,GP,15181,Pointe-a-Pitre
Yelan’,RU,84,15181,
Tipasa,DZ,55,15180,
Lawrence Park South,CA,08,15179,
Nowy Tomyśl,PL,86,15179,Nowy Tomysl
Ganye,NG,35,15178,
Adjud,RO,40,15178,
Viikki,FI,01,15177,
Kangeyanallur,IN,25,15177,
Minami-aoyama,JP,40,15177,
McKinleyville,US,CA,15177,
Buguda,IN,21,15176,
Gwoza,NG,27,15176,
Bad Lippspringe,DE,07,15175,
Khāpa,IN,16,15175,Khapa
Novhorod-Siverskyi,UA,02,15175,
Brunswick,US,ME,15175,
Taylors Lakes,AU,07,15174,
Petlāwad,IN,35,15174,Petlawad
Soalala,MG,41,15174,
Espumoso,BR,23,15173,
Belén,AR,02,15172,Belen
Mahabalipuram,IN,25,15172,
Pa,BF,01,15170,
Gayéri,BF,08,15170,Gayeri
Bussolengo,IT,20,15170,
Catriel,AR,16,15169,
West Ealing,GB,ENG,15169,
Ghantapada,IN,21,15169,
Giaginskaya,RU,01,15169,
Dieburg,DE,05,15168,
Puebla,MX,02,15168,
Mlangali,TZ,30,15168,
El Palmar,GT,13,15167,
Leninsk,RU,84,15167,
Highview,US,KY,15167,
Bogovinje,MK,C7,15166,
Xiping,CN,15,15165,
Chiengi,ZM,04,15165,
Gorjī-ye Soflá,IR,42,15163,Gorji-ye Sofla
Trbovlje,SI,D3,15163,
Palmers Green,GB,ENG,15162,
Ciénega de Flores,MX,19,15162,Cienega de Flores
Tetla,MX,29,15161,
Sultan Pur,IN,07,15160,
Bennekom,NL,03,15160,
Kenmore,US,NY,15160,
Totteridge,GB,ENG,15159,
Rondebosch,ZA,11,15158,
Meruoca,BR,06,15157,
Rabinal,GT,02,15157,
Lormi,IN,37,15156,
Blaydon-on-Tyne,GB,ENG,15155,
Marchienne-au-Pont,BE,WAL,15154,
Elwood,AU,07,15153,
Ottakkadai,IN,25,15152,
Belvedere Park,US,GA,15152,
Ústí nad Orlicí,CZ,86,15151,Usti nad Orlici
Ripon,US,CA,15151,
Burwood,AU,07,15147,
la Guineueta,ES,56,15147,
Rossville,US,MD,15147,
Biritinga,BR,05,15146,
Depew,US,NY,15146,
Ajaokuta,NG,41,15144,
Ad Dindar,SD,58,15144,
Seven Oaks,US,SC,15144,
Chom Bueng,TH,52,15143,
Mirano,IT,20,15139,
Noyon,FR,32,15138,
Wilmington Island,US,GA,15138,
Parlier,US,CA,15138,
Gates-North Gates,US,NY,15138,
América Dourada,BR,05,15137,America Dourada
Cetinje,ME,06,15137,
Lüderitz,NA,31,15137,Luderitz
Erawan,TH,18,15137,
Sant Agustí,ES,07,15136,Sant Agusti
Korwai,IN,35,15136,
Corigliano Scalo,IT,03,15136,
Julianadorp,NL,07,15135,
East Rancho Dominguez,US,CA,15135,
Al Qawāsim,LY,80,15134,Al Qawasim
Kora,RW,14,15134,
Bang Saphan,TH,57,15134,
Khāsh,AF,19,15133,Khash
Tavira,PT,09,15133,
Sarykemer,KZ,17,15132,
Kenda,IN,28,15131,
Presidente Dutra,BR,05,15130,
Crucecita,MX,20,15130,
Pupri,IN,34,15129,
Āyikudi,IN,25,15129,Ayikudi
Karamuck,IN,13,15129,
Southwest Waterfront,US,DC,15129,
Sinfin,GB,ENG,15128,
Dologon,PH,10,15128,
Natchez,US,MS,15128,
Shchuchyn,BY,03,15127,
Bella Vista,AR,24,15126,
Cloverly,US,MD,15126,
Kōzan,JP,11,15125,Kozan
Solec Kujawski,PL,73,15125,
Newton,US,IA,15125,
Shrivardhan,IN,16,15123,
Saligram,IN,19,15123,
Toyoda,JP,23,15123,
Jaguapitã,BR,18,15122,Jaguapita
Garot,IN,35,15122,
Głuchołazy,PL,79,15120,
Tiong Bahru Estate,SG,01,15120,
Lamont,US,CA,15120,
Santa Bárbara,HN,16,15119,Santa Barbara
Técpan de Galeana,MX,12,15119,Tecpan de Galeana
Paraty,BR,21,15118,
Phek,IN,17,15118,
Uchkeken,RU,27,15118,
Sorada,IN,21,15117,
Villanova,IT,07,15117,
Kizhariyūr,IN,13,15116,Kizhariyur
Paris 01 Louvre,FR,11,15114,
East Brainerd,US,TN,15114,
La Falda,AR,05,15112,
Vidigal,BR,21,15112,
Ebisu,JP,40,15112,
Miranda,AU,02,15111,
Setsan,MM,17,15111,
Shadwell,GB,ENG,15110,
Chirpan,BG,59,15109,
Piratininga,BR,27,15108,
Humboldtkolonie,DE,07,15108,
Domalanoan,PH,01,15108,
Vandalia,US,OH,15106,
Rio Linda,US,CA,15106,
Głowno,PL,74,15103,
Bludenz,AT,08,15102,
Pokola,CG,10,15102,
East Longmeadow,US,MA,15102,
Ramsey,US,NJ,15102,
General Acha,AR,11,15101,
Trindade,BR,26,15100,
Pochep,RU,10,15100,
Lwengo,UG,C,15100,
Phú Lộc,VN,92,15099,Phu Loc
Markaz-e Woluswalī-ye Āchīn,AF,18,15098,Markaz-e Woluswali-ye Achin
Betulia,CO,02,15097,
Doma,NG,56,15097,
West Park,US,FL,15097,
Kenora,CA,08,15096,
Imerimandroso,MG,33,15095,
Holambra,BR,27,15094,
Alta,NO,05,15094,
Greeneville,US,TN,15094,
Niño Jesús,ES,29,15093,Nino Jesus
Kontiolahti,FI,12,15092,
Polyarnyye Zori,RU,49,15092,
Kiskőrös,HU,01,15091,Kiskoros
Ōno,JP,16,15091,Ono
Sanyang,GM,05,15090,
Villanueva del Pardillo,ES,29,15087,
Kharhiāl,IN,21,15087,Kharhial
Isanlu-Itedoijowa,NG,41,15087,
Mount Vernon,US,IL,15087,
Sooke,CA,02,15086,
Adelphi,US,MD,15086,
Brackenheim,DE,01,15083,
Coishco,PE,02,15083,
Tirunāgeswaram,IN,25,15082,Tirunageswaram
Springfield Lakes,AU,04,15081,
Guéyo,CI,76,15080,Gueyo
Inokura,JP,07,15080,
Badhoevedorp,NL,07,15080,
Mexborough,GB,ENG,15079,
Keilor East,AU,07,15078,
Čakovec,HR,09,15078,Cakovec
Naraini,IN,35,15077,
Lālpur,IN,09,15076,Lalpur
Kocaali,TR,54,15076,
Kyzyl-Suu,KG,07,15075,
San Andrés Xecul,GT,21,15074,San Andres Xecul
Rochedale South,AU,04,15073,
Amīngarh,IN,19,15073,Amingarh
Hatton,LK,29,15073,
Clevelândia,BR,18,15070,Clevelandia
Cambuci,BR,21,15070,
Slaný,CZ,88,15070,Slany
Künzelsau,DE,01,15070,Kunzelsau
Panth Pīplia,IN,35,15070,Panth Piplia
Front Royal,US,VA,15070,
Weston,US,WI,15069,
Kabompo,ZM,06,15069,
Capela,BR,02,15068,
Usehat,IN,36,15068,
Bange,JP,08,15068,
Tangancícuaro de Arista,MX,16,15068,Tangancicuaro de Arista
Newport Pagnell,GB,ENG,15067,
Paradise,TT,TUP,15067,
Mani,BF,08,15066,
Kauhava,FI,14,15066,
Ramos,PH,03,15066,
Babo-Pangulo,PH,03,15066,
Neston,GB,ENG,15064,
Tottenham Hale,GB,ENG,15064,
Spanish Springs,US,NV,15064,
Porte Saint-Denis,FR,11,15063,
Ālūr,IN,25,15063,Alur
Cajueiro,BR,02,15062,
Eppan,IT,17,15062,
Vicaria,IT,04,15062,
La Unión,CO,20,15061,La Union
Yiu Tung Estate,HK,HEA,15061,
Fort Leonard Wood,US,MO,15061,
Sabou,BF,06,15060,
Alvinópolis,BR,15,15059,Alvinopolis
Duxbury,US,MA,15059,
Espiye,TR,28,15058,
Sterling,US,IL,15057,
Echuca,AU,07,15056,
Pachperwa,IN,36,15056,
Jebel,TM,02,15056,
Capitol Hill,US,DC,15056,
Williamsburg,US,VA,15052,
San Rafael Arriba,CR,08,15051,
Boguchar,RU,86,15048,
Somerton,US,AZ,15048,
Perchtoldsdorf,AT,03,15047,
Three Lakes,US,FL,15047,
Thilogne,SN,15,15044,
Vilnyansk,UA,26,15044,
Bolhrad,UA,17,15044,
Xalatlaco,MX,15,15043,
Cisnădie,RO,33,15042,Cisnadie
Piovera,ES,29,15041,
Sumbal,IN,12,15041,
Tamaru,JP,23,15041,
Trossingen,DE,01,15040,
La Trinité,MQ,MQ,15040,La Trinite
Makindu,KE,32,15038,
Bruntál,CZ,85,15037,Bruntal
Găeşti,RO,16,15037,Gaesti
Rocca di Papa,IT,07,15036,
Berja,ES,51,15035,
Auburndale,US,FL,15035,
Frutillar,CL,14,15034,
Jabal os Saraj,AF,40,15032,
Santiago de María,SV,14,15032,Santiago de Maria
Ar Rayāyinah,LY,80,15031,Ar Rayayinah
Engkilili,MY,11,15031,
Tucumã,BR,16,15030,Tucuma
Ighram,DZ,18,15030,
Larkhall,GB,SCT,15030,
Montichiari,IT,09,15030,
Dysselsdorp,ZA,11,15029,
Berkovitsa,BG,47,15027,
Brignoles,FR,93,15027,
Sakaki,JP,26,15025,
Kompienga,BF,08,15024,
Gloversville,US,NY,15023,
Cehegín,ES,31,15022,Cehegin
Kensington,AU,02,15021,
Hereford,US,TX,15021,
Brasilândia de Minas,BR,15,15020,Brasilandia de Minas
Shanto,ET,56,15020,
Cēsis,LV,05,15020,Cesis
Puerto Salgar,CO,33,15019,
Khamaria,IN,35,15019,
Suluktu,KG,09,15019,
Kinna,SE,28,15019,
Eggertsville,US,NY,15019,
Qarqīn,AF,31,15018,Qarqin
Farato,GM,04,15017,
Ocotlán de Morelos,MX,20,15016,Ocotlan de Morelos
Guareí,BR,27,15013,Guarei
Andorinha,BR,05,15012,
Alto Lucero,MX,30,15011,
Tulchyn,UA,23,15011,
Česká Třebová,CZ,86,15010,Ceska Trebova
Batavia,US,NY,15010,
Avon,FR,11,15009,
Mahanje,TZ,14,15009,
Dionísio Cerqueira,BR,26,15008,Dionisio Cerqueira
Nakhon Luang,TH,36,15008,
Empuluzu,ZA,07,15008,
Rotselaar,BE,VLG,15007,
Béjar,ES,55,15007,Bejar
Ūn,IN,36,15007,Un
Misrikh,IN,36,15007,
Campo de Criptana,ES,54,15006,
Kāveripatnam,IN,25,15006,Kaveripatnam
Wallan,AU,07,15004,
Ahwa,IN,09,15004,
Ząbkowice Śląskie,PL,72,15004,Zabkowice Slaskie
Weißwasser,DE,13,15002,
Kartuzy,PL,82,15002,
Torres Novas,PT,18,15002,
Dumas,US,TX,15001,
Nuuk,GL,07,14798,
Belmopan,BZ,02,13381,
Avarua,CK,11695425,13373,
Tórshavn,FO,ST,13200,Torshavn
Basseterre,KN,03,12920,
Pago Pago,AS,010,11500,
Basse-Terre,GP,GP,11472,
Mariehamn,AX,211,10682,
Kralendijk,BQ,BO,10620,
Harewood,CA,02,8769,
Road Town,VG,00,8449,
Saint George's,GD,03,7500,
Palikir,FM,02,6942,
Valletta,MT,60,6794,
Funafuti,TV,FUN,6320,
Saint-Pierre,PM,97502,6200,
Gustavia,BL,00,5988,
Marigot,MF,00,5700,
Vaduz,LI,11,5197,
Lobamba,SZ,01,4557,
San Marino,SM,07,4500,
Cockburn Town,TC,00,3720,
Longyearbyen,SJ,21,2368,
Stanley,FK,00,2213,
The Valley,AI,11205396,2035,
Ciudad de la Paz,GQ,10,2000,
Philipsburg,SX,,1400,
Mata-Utu,WF,98613,1200,
Yaren,NR,14,1100,
Hagåtña,GU,AN,1051,Hagatna
Brades,MS,03,1000,
Hamilton,BM,03,902,
Kingston,NF,00,880,
Vatican City,VA,,829,Vatican
Jamestown,SH,02,637,
Alofi,NU,00,624,
Flying Fish Cove,CX,00,500,
West Island,CC,,120,
Liberpolis,HR,10,63,
Adamstown,PN,,46,
Port-aux-Français,TF,03,45,Port-aux-Francais
Grytviken,GS,00,2,
Thomas Magena home,KE,25,0,
Plymouth,MS,01,0,
Ngerulmud,PW,07,0,
